row_id,codepoint,char
0,U+3400,㐀
1,U+3402,㐂
2,U+3403,㐃
3,U+3407,㐇
4,U+3408,㐈
5,U+3409,㐉
6,U+340A,㐊
7,U+340B,㐋
8,U+340C,㐌
9,U+340D,㐍
10,U+340E,㐎
11,U+340F,㐏
12,U+3410,㐐
13,U+3411,㐑
14,U+3412,㐒
15,U+3413,㐓
16,U+3414,㐔
17,U+3415,㐕
18,U+3416,㐖
19,U+3417,㐗
20,U+3418,㐘
21,U+3419,㐙
22,U+341A,㐚
23,U+341B,㐛
24,U+341C,㐜
25,U+341D,㐝
26,U+341E,㐞
27,U+341F,㐟
28,U+3420,㐠
29,U+3421,㐡
30,U+3422,㐢
31,U+3423,㐣
32,U+3424,㐤
33,U+3425,㐥
34,U+3426,㐦
35,U+3428,㐨
36,U+3429,㐩
37,U+342A,㐪
38,U+342B,㐫
39,U+342D,㐭
40,U+342E,㐮
41,U+342F,㐯
42,U+3430,㐰
43,U+3431,㐱
44,U+3432,㐲
45,U+3433,㐳
46,U+3434,㐴
47,U+3435,㐵
48,U+3436,㐶
49,U+3437,㐷
50,U+3438,㐸
51,U+3439,㐹
52,U+343A,㐺
53,U+343B,㐻
54,U+343C,㐼
55,U+343D,㐽
56,U+343E,㐾
57,U+343F,㐿
58,U+3440,㑀
59,U+3441,㑁
60,U+3442,㑂
61,U+3443,㑃
62,U+3444,㑄
63,U+3445,㑅
64,U+3446,㑆
65,U+3447,㑇
66,U+3448,㑈
67,U+3449,㑉
68,U+344A,㑊
69,U+344B,㑋
70,U+344C,㑌
71,U+344D,㑍
72,U+344E,㑎
73,U+344F,㑏
74,U+3450,㑐
75,U+3451,㑑
76,U+3452,㑒
77,U+3453,㑓
78,U+3454,㑔
79,U+3455,㑕
80,U+3456,㑖
81,U+3457,㑗
82,U+3458,㑘
83,U+3459,㑙
84,U+345A,㑚
85,U+345B,㑛
86,U+345C,㑜
87,U+345D,㑝
88,U+345E,㑞
89,U+345F,㑟
90,U+3460,㑠
91,U+3461,㑡
92,U+3462,㑢
93,U+3463,㑣
94,U+3464,㑤
95,U+3465,㑥
96,U+3466,㑦
97,U+3467,㑧
98,U+3468,㑨
99,U+3469,㑩
100,U+346A,㑪
101,U+346B,㑫
102,U+346C,㑬
103,U+346D,㑭
104,U+346E,㑮
105,U+346F,㑯
106,U+3470,㑰
107,U+3471,㑱
108,U+3472,㑲
109,U+3473,㑳
110,U+3474,㑴
111,U+3475,㑵
112,U+3476,㑶
113,U+3477,㑷
114,U+3478,㑸
115,U+3479,㑹
116,U+347A,㑺
117,U+347B,㑻
118,U+347C,㑼
119,U+347D,㑽
120,U+347E,㑾
121,U+347F,㑿
122,U+3480,㒀
123,U+3481,㒁
124,U+3482,㒂
125,U+3483,㒃
126,U+3484,㒄
127,U+3485,㒅
128,U+3486,㒆
129,U+3487,㒇
130,U+3488,㒈
131,U+3489,㒉
132,U+348A,㒊
133,U+348B,㒋
134,U+348C,㒌
135,U+348D,㒍
136,U+348E,㒎
137,U+348F,㒏
138,U+3490,㒐
139,U+3491,㒑
140,U+3492,㒒
141,U+3493,㒓
142,U+3494,㒔
143,U+3495,㒕
144,U+3496,㒖
145,U+3497,㒗
146,U+3498,㒘
147,U+3499,㒙
148,U+349A,㒚
149,U+349B,㒛
150,U+349C,㒜
151,U+349D,㒝
152,U+349E,㒞
153,U+349F,㒟
154,U+34A0,㒠
155,U+34A1,㒡
156,U+34A2,㒢
157,U+34A3,㒣
158,U+34A4,㒤
159,U+34A5,㒥
160,U+34A6,㒦
161,U+34A7,㒧
162,U+34A8,㒨
163,U+34A9,㒩
164,U+34AA,㒪
165,U+34AB,㒫
166,U+34AC,㒬
167,U+34AD,㒭
168,U+34AE,㒮
169,U+34AF,㒯
170,U+34B0,㒰
171,U+34B1,㒱
172,U+34B2,㒲
173,U+34B3,㒳
174,U+34B4,㒴
175,U+34B5,㒵
176,U+34B6,㒶
177,U+34B7,㒷
178,U+34B8,㒸
179,U+34B9,㒹
180,U+34BA,㒺
181,U+34BB,㒻
182,U+34BC,㒼
183,U+34BD,㒽
184,U+34BE,㒾
185,U+34BF,㒿
186,U+34C0,㓀
187,U+34C1,㓁
188,U+34C2,㓂
189,U+34C3,㓃
190,U+34C4,㓄
191,U+34C5,㓅
192,U+34C6,㓆
193,U+34C7,㓇
194,U+34C8,㓈
195,U+34C9,㓉
196,U+34CA,㓊
197,U+34CB,㓋
198,U+34CC,㓌
199,U+34CD,㓍
200,U+34CE,㓎
201,U+34CF,㓏
202,U+34D0,㓐
203,U+34D1,㓑
204,U+34D2,㓒
205,U+34D3,㓓
206,U+34D4,㓔
207,U+34D5,㓕
208,U+34D6,㓖
209,U+34D7,㓗
210,U+34D8,㓘
211,U+34D9,㓙
212,U+34DA,㓚
213,U+34DB,㓛
214,U+34DC,㓜
215,U+34DD,㓝
216,U+34DE,㓞
217,U+34DF,㓟
218,U+34E0,㓠
219,U+34E1,㓡
220,U+34E2,㓢
221,U+34E3,㓣
222,U+34E4,㓤
223,U+34E5,㓥
224,U+34E6,㓦
225,U+34E7,㓧
226,U+34E8,㓨
227,U+34E9,㓩
228,U+34EA,㓪
229,U+34EB,㓫
230,U+34EC,㓬
231,U+34ED,㓭
232,U+34EE,㓮
233,U+34EF,㓯
234,U+34F0,㓰
235,U+34F1,㓱
236,U+34F2,㓲
237,U+34F3,㓳
238,U+34F4,㓴
239,U+34F5,㓵
240,U+34F6,㓶
241,U+34F7,㓷
242,U+34F8,㓸
243,U+34F9,㓹
244,U+34FA,㓺
245,U+34FB,㓻
246,U+34FC,㓼
247,U+34FD,㓽
248,U+34FE,㓾
249,U+34FF,㓿
250,U+3500,㔀
251,U+3501,㔁
252,U+3502,㔂
253,U+3503,㔃
254,U+3504,㔄
255,U+3505,㔅
256,U+3506,㔆
257,U+3507,㔇
258,U+3508,㔈
259,U+3509,㔉
260,U+350A,㔊
261,U+350B,㔋
262,U+350C,㔌
263,U+350D,㔍
264,U+350E,㔎
265,U+350F,㔏
266,U+3510,㔐
267,U+3511,㔑
268,U+3512,㔒
269,U+3513,㔓
270,U+3514,㔔
271,U+3515,㔕
272,U+3516,㔖
273,U+3517,㔗
274,U+3518,㔘
275,U+3519,㔙
276,U+351A,㔚
277,U+351B,㔛
278,U+351C,㔜
279,U+351D,㔝
280,U+351E,㔞
281,U+351F,㔟
282,U+3520,㔠
283,U+3521,㔡
284,U+3522,㔢
285,U+3523,㔣
286,U+3524,㔤
287,U+3525,㔥
288,U+3526,㔦
289,U+3527,㔧
290,U+3528,㔨
291,U+3529,㔩
292,U+352A,㔪
293,U+352B,㔫
294,U+352C,㔬
295,U+352D,㔭
296,U+352E,㔮
297,U+352F,㔯
298,U+3530,㔰
299,U+3531,㔱
300,U+3532,㔲
301,U+3533,㔳
302,U+3534,㔴
303,U+3535,㔵
304,U+3536,㔶
305,U+3537,㔷
306,U+3538,㔸
307,U+3539,㔹
308,U+353A,㔺
309,U+353B,㔻
310,U+353C,㔼
311,U+353D,㔽
312,U+353F,㔿
313,U+3540,㕀
314,U+3541,㕁
315,U+3542,㕂
316,U+3543,㕃
317,U+3544,㕄
318,U+3545,㕅
319,U+3546,㕆
320,U+3547,㕇
321,U+3548,㕈
322,U+3549,㕉
323,U+354A,㕊
324,U+354B,㕋
325,U+354C,㕌
326,U+354D,㕍
327,U+354E,㕎
328,U+354F,㕏
329,U+3550,㕐
330,U+3551,㕑
331,U+3552,㕒
332,U+3553,㕓
333,U+3554,㕔
334,U+3555,㕕
335,U+3556,㕖
336,U+3557,㕗
337,U+3558,㕘
338,U+3559,㕙
339,U+355A,㕚
340,U+355B,㕛
341,U+355C,㕜
342,U+355D,㕝
343,U+355E,㕞
344,U+355F,㕟
345,U+3560,㕠
346,U+3561,㕡
347,U+3562,㕢
348,U+3563,㕣
349,U+3564,㕤
350,U+3565,㕥
351,U+3566,㕦
352,U+3567,㕧
353,U+3568,㕨
354,U+3569,㕩
355,U+356A,㕪
356,U+356B,㕫
357,U+356C,㕬
358,U+356D,㕭
359,U+356E,㕮
360,U+356F,㕯
361,U+3570,㕰
362,U+3571,㕱
363,U+3572,㕲
364,U+3573,㕳
365,U+3574,㕴
366,U+3575,㕵
367,U+3576,㕶
368,U+3577,㕷
369,U+3578,㕸
370,U+3579,㕹
371,U+357A,㕺
372,U+357B,㕻
373,U+357C,㕼
374,U+357D,㕽
375,U+357E,㕾
376,U+357F,㕿
377,U+3580,㖀
378,U+3581,㖁
379,U+3582,㖂
380,U+3583,㖃
381,U+3584,㖄
382,U+3585,㖅
383,U+3586,㖆
384,U+3587,㖇
385,U+3588,㖈
386,U+3589,㖉
387,U+358A,㖊
388,U+358B,㖋
389,U+358C,㖌
390,U+358D,㖍
391,U+358E,㖎
392,U+358F,㖏
393,U+3590,㖐
394,U+3591,㖑
395,U+3592,㖒
396,U+3593,㖓
397,U+3594,㖔
398,U+3595,㖕
399,U+3596,㖖
400,U+3597,㖗
401,U+3598,㖘
402,U+3599,㖙
403,U+359A,㖚
404,U+359B,㖛
405,U+359C,㖜
406,U+359D,㖝
407,U+359E,㖞
408,U+359F,㖟
409,U+35A0,㖠
410,U+35A1,㖡
411,U+35A2,㖢
412,U+35A3,㖣
413,U+35A4,㖤
414,U+35A5,㖥
415,U+35A6,㖦
416,U+35A7,㖧
417,U+35A8,㖨
418,U+35A9,㖩
419,U+35AA,㖪
420,U+35AB,㖫
421,U+35AC,㖬
422,U+35AD,㖭
423,U+35AE,㖮
424,U+35AF,㖯
425,U+35B0,㖰
426,U+35B1,㖱
427,U+35B2,㖲
428,U+35B3,㖳
429,U+35B4,㖴
430,U+35B5,㖵
431,U+35B6,㖶
432,U+35B7,㖷
433,U+35B8,㖸
434,U+35B9,㖹
435,U+35BA,㖺
436,U+35BB,㖻
437,U+35BC,㖼
438,U+35BD,㖽
439,U+35BE,㖾
440,U+35BF,㖿
441,U+35C0,㗀
442,U+35C1,㗁
443,U+35C2,㗂
444,U+35C3,㗃
445,U+35C4,㗄
446,U+35C5,㗅
447,U+35C6,㗆
448,U+35C7,㗇
449,U+35C8,㗈
450,U+35C9,㗉
451,U+35CA,㗊
452,U+35CB,㗋
453,U+35CC,㗌
454,U+35CD,㗍
455,U+35CE,㗎
456,U+35CF,㗏
457,U+35D0,㗐
458,U+35D1,㗑
459,U+35D2,㗒
460,U+35D3,㗓
461,U+35D4,㗔
462,U+35D5,㗕
463,U+35D6,㗖
464,U+35D7,㗗
465,U+35D8,㗘
466,U+35D9,㗙
467,U+35DA,㗚
468,U+35DB,㗛
469,U+35DC,㗜
470,U+35DD,㗝
471,U+35DE,㗞
472,U+35DF,㗟
473,U+35E0,㗠
474,U+35E1,㗡
475,U+35E2,㗢
476,U+35E3,㗣
477,U+35E4,㗤
478,U+35E5,㗥
479,U+35E6,㗦
480,U+35E7,㗧
481,U+35E8,㗨
482,U+35E9,㗩
483,U+35EA,㗪
484,U+35EB,㗫
485,U+35EC,㗬
486,U+35ED,㗭
487,U+35EE,㗮
488,U+35EF,㗯
489,U+35F0,㗰
490,U+35F1,㗱
491,U+35F2,㗲
492,U+35F3,㗳
493,U+35F4,㗴
494,U+35F5,㗵
495,U+35F6,㗶
496,U+35F7,㗷
497,U+35F8,㗸
498,U+35F9,㗹
499,U+35FA,㗺
500,U+35FB,㗻
501,U+35FC,㗼
502,U+35FD,㗽
503,U+35FE,㗾
504,U+35FF,㗿
505,U+3600,㘀
506,U+3601,㘁
507,U+3602,㘂
508,U+3603,㘃
509,U+3604,㘄
510,U+3605,㘅
511,U+3606,㘆
512,U+3607,㘇
513,U+3608,㘈
514,U+3609,㘉
515,U+360A,㘊
516,U+360B,㘋
517,U+360C,㘌
518,U+360D,㘍
519,U+360E,㘎
520,U+360F,㘏
521,U+3610,㘐
522,U+3611,㘑
523,U+3612,㘒
524,U+3613,㘓
525,U+3614,㘔
526,U+3615,㘕
527,U+3616,㘖
528,U+3617,㘗
529,U+3618,㘘
530,U+3619,㘙
531,U+361A,㘚
532,U+361B,㘛
533,U+361C,㘜
534,U+361D,㘝
535,U+361E,㘞
536,U+361F,㘟
537,U+3620,㘠
538,U+3621,㘡
539,U+3622,㘢
540,U+3623,㘣
541,U+3624,㘤
542,U+3625,㘥
543,U+3626,㘦
544,U+3627,㘧
545,U+3628,㘨
546,U+3629,㘩
547,U+362A,㘪
548,U+362B,㘫
549,U+362C,㘬
550,U+362D,㘭
551,U+362E,㘮
552,U+362F,㘯
553,U+3630,㘰
554,U+3631,㘱
555,U+3632,㘲
556,U+3633,㘳
557,U+3634,㘴
558,U+3635,㘵
559,U+3636,㘶
560,U+3637,㘷
561,U+3638,㘸
562,U+3639,㘹
563,U+363A,㘺
564,U+363B,㘻
565,U+363C,㘼
566,U+363D,㘽
567,U+363E,㘾
568,U+363F,㘿
569,U+3640,㙀
570,U+3641,㙁
571,U+3642,㙂
572,U+3643,㙃
573,U+3644,㙄
574,U+3645,㙅
575,U+3646,㙆
576,U+3647,㙇
577,U+3648,㙈
578,U+3649,㙉
579,U+364A,㙊
580,U+364B,㙋
581,U+364C,㙌
582,U+364D,㙍
583,U+364E,㙎
584,U+364F,㙏
585,U+3650,㙐
586,U+3651,㙑
587,U+3652,㙒
588,U+3653,㙓
589,U+3654,㙔
590,U+3655,㙕
591,U+3656,㙖
592,U+3657,㙗
593,U+3658,㙘
594,U+3659,㙙
595,U+365A,㙚
596,U+365B,㙛
597,U+365C,㙜
598,U+365D,㙝
599,U+365E,㙞
600,U+365F,㙟
601,U+3660,㙠
602,U+3661,㙡
603,U+3662,㙢
604,U+3663,㙣
605,U+3664,㙤
606,U+3665,㙥
607,U+3666,㙦
608,U+3667,㙧
609,U+3668,㙨
610,U+3669,㙩
611,U+366A,㙪
612,U+366B,㙫
613,U+366C,㙬
614,U+366D,㙭
615,U+366E,㙮
616,U+366F,㙯
617,U+3670,㙰
618,U+3671,㙱
619,U+3672,㙲
620,U+3673,㙳
621,U+3674,㙴
622,U+3675,㙵
623,U+3676,㙶
624,U+3677,㙷
625,U+3678,㙸
626,U+3679,㙹
627,U+367A,㙺
628,U+367B,㙻
629,U+367C,㙼
630,U+367D,㙽
631,U+367E,㙾
632,U+367F,㙿
633,U+3680,㚀
634,U+3681,㚁
635,U+3682,㚂
636,U+3683,㚃
637,U+3684,㚄
638,U+3685,㚅
639,U+3686,㚆
640,U+3687,㚇
641,U+3688,㚈
642,U+3689,㚉
643,U+368A,㚊
644,U+368B,㚋
645,U+368C,㚌
646,U+368D,㚍
647,U+368E,㚎
648,U+368F,㚏
649,U+3690,㚐
650,U+3691,㚑
651,U+3692,㚒
652,U+3693,㚓
653,U+3694,㚔
654,U+3695,㚕
655,U+3696,㚖
656,U+3697,㚗
657,U+3698,㚘
658,U+3699,㚙
659,U+369A,㚚
660,U+369B,㚛
661,U+369C,㚜
662,U+369D,㚝
663,U+369E,㚞
664,U+369F,㚟
665,U+36A0,㚠
666,U+36A1,㚡
667,U+36A2,㚢
668,U+36A3,㚣
669,U+36A4,㚤
670,U+36A5,㚥
671,U+36A6,㚦
672,U+36A7,㚧
673,U+36A8,㚨
674,U+36A9,㚩
675,U+36AA,㚪
676,U+36AB,㚫
677,U+36AC,㚬
678,U+36AD,㚭
679,U+36AE,㚮
680,U+36AF,㚯
681,U+36B0,㚰
682,U+36B1,㚱
683,U+36B2,㚲
684,U+36B3,㚳
685,U+36B4,㚴
686,U+36B5,㚵
687,U+36B6,㚶
688,U+36B7,㚷
689,U+36B8,㚸
690,U+36B9,㚹
691,U+36BA,㚺
692,U+36BB,㚻
693,U+36BC,㚼
694,U+36BD,㚽
695,U+36BE,㚾
696,U+36BF,㚿
697,U+36C0,㛀
698,U+36C1,㛁
699,U+36C2,㛂
700,U+36C3,㛃
701,U+36C4,㛄
702,U+36C5,㛅
703,U+36C6,㛆
704,U+36C7,㛇
705,U+36C8,㛈
706,U+36C9,㛉
707,U+36CA,㛊
708,U+36CB,㛋
709,U+36CC,㛌
710,U+36CD,㛍
711,U+36CE,㛎
712,U+36CF,㛏
713,U+36D0,㛐
714,U+36D1,㛑
715,U+36D2,㛒
716,U+36D3,㛓
717,U+36D4,㛔
718,U+36D5,㛕
719,U+36D6,㛖
720,U+36D7,㛗
721,U+36D8,㛘
722,U+36D9,㛙
723,U+36DA,㛚
724,U+36DB,㛛
725,U+36DC,㛜
726,U+36DD,㛝
727,U+36DE,㛞
728,U+36DF,㛟
729,U+36E0,㛠
730,U+36E1,㛡
731,U+36E2,㛢
732,U+36E3,㛣
733,U+36E4,㛤
734,U+36E5,㛥
735,U+36E6,㛦
736,U+36E7,㛧
737,U+36E8,㛨
738,U+36E9,㛩
739,U+36EA,㛪
740,U+36EB,㛫
741,U+36EC,㛬
742,U+36ED,㛭
743,U+36EE,㛮
744,U+36EF,㛯
745,U+36F0,㛰
746,U+36F1,㛱
747,U+36F2,㛲
748,U+36F3,㛳
749,U+36F4,㛴
750,U+36F5,㛵
751,U+36F6,㛶
752,U+36F7,㛷
753,U+36F8,㛸
754,U+36F9,㛹
755,U+36FA,㛺
756,U+36FB,㛻
757,U+36FC,㛼
758,U+36FD,㛽
759,U+36FE,㛾
760,U+36FF,㛿
761,U+3700,㜀
762,U+3701,㜁
763,U+3702,㜂
764,U+3703,㜃
765,U+3704,㜄
766,U+3705,㜅
767,U+3706,㜆
768,U+3707,㜇
769,U+3708,㜈
770,U+3709,㜉
771,U+370A,㜊
772,U+370B,㜋
773,U+370C,㜌
774,U+370D,㜍
775,U+370E,㜎
776,U+370F,㜏
777,U+3710,㜐
778,U+3711,㜑
779,U+3712,㜒
780,U+3713,㜓
781,U+3714,㜔
782,U+3715,㜕
783,U+3716,㜖
784,U+3717,㜗
785,U+3718,㜘
786,U+3719,㜙
787,U+371A,㜚
788,U+371B,㜛
789,U+371C,㜜
790,U+371D,㜝
791,U+371E,㜞
792,U+371F,㜟
793,U+3720,㜠
794,U+3721,㜡
795,U+3722,㜢
796,U+3723,㜣
797,U+3724,㜤
798,U+3725,㜥
799,U+3726,㜦
800,U+3727,㜧
801,U+3728,㜨
802,U+3729,㜩
803,U+372A,㜪
804,U+372B,㜫
805,U+372C,㜬
806,U+372D,㜭
807,U+372E,㜮
808,U+372F,㜯
809,U+3730,㜰
810,U+3731,㜱
811,U+3732,㜲
812,U+3733,㜳
813,U+3734,㜴
814,U+3735,㜵
815,U+3736,㜶
816,U+3737,㜷
817,U+3738,㜸
818,U+3739,㜹
819,U+373A,㜺
820,U+373B,㜻
821,U+373C,㜼
822,U+373D,㜽
823,U+373E,㜾
824,U+373F,㜿
825,U+3740,㝀
826,U+3741,㝁
827,U+3742,㝂
828,U+3743,㝃
829,U+3744,㝄
830,U+3745,㝅
831,U+3746,㝆
832,U+3747,㝇
833,U+3748,㝈
834,U+3749,㝉
835,U+374A,㝊
836,U+374B,㝋
837,U+374C,㝌
838,U+374D,㝍
839,U+374E,㝎
840,U+374F,㝏
841,U+3750,㝐
842,U+3751,㝑
843,U+3752,㝒
844,U+3753,㝓
845,U+3754,㝔
846,U+3755,㝕
847,U+3756,㝖
848,U+3757,㝗
849,U+3758,㝘
850,U+3759,㝙
851,U+375A,㝚
852,U+375B,㝛
853,U+375C,㝜
854,U+375D,㝝
855,U+375E,㝞
856,U+375F,㝟
857,U+3760,㝠
858,U+3761,㝡
859,U+3762,㝢
860,U+3763,㝣
861,U+3764,㝤
862,U+3765,㝥
863,U+3766,㝦
864,U+3767,㝧
865,U+3768,㝨
866,U+3769,㝩
867,U+376A,㝪
868,U+376B,㝫
869,U+376C,㝬
870,U+376D,㝭
871,U+376E,㝮
872,U+376F,㝯
873,U+3770,㝰
874,U+3771,㝱
875,U+3772,㝲
876,U+3773,㝳
877,U+3774,㝴
878,U+3775,㝵
879,U+3776,㝶
880,U+3777,㝷
881,U+3778,㝸
882,U+3779,㝹
883,U+377A,㝺
884,U+377B,㝻
885,U+377C,㝼
886,U+377D,㝽
887,U+377E,㝾
888,U+377F,㝿
889,U+3780,㞀
890,U+3781,㞁
891,U+3782,㞂
892,U+3783,㞃
893,U+3784,㞄
894,U+3785,㞅
895,U+3786,㞆
896,U+3787,㞇
897,U+3788,㞈
898,U+3789,㞉
899,U+378A,㞊
900,U+378B,㞋
901,U+378C,㞌
902,U+378D,㞍
903,U+378E,㞎
904,U+378F,㞏
905,U+3790,㞐
906,U+3791,㞑
907,U+3792,㞒
908,U+3793,㞓
909,U+3794,㞔
910,U+3795,㞕
911,U+3796,㞖
912,U+3797,㞗
913,U+3798,㞘
914,U+3799,㞙
915,U+379A,㞚
916,U+379B,㞛
917,U+379C,㞜
918,U+379D,㞝
919,U+379E,㞞
920,U+379F,㞟
921,U+37A0,㞠
922,U+37A1,㞡
923,U+37A2,㞢
924,U+37A3,㞣
925,U+37A4,㞤
926,U+37A5,㞥
927,U+37A6,㞦
928,U+37A7,㞧
929,U+37A8,㞨
930,U+37A9,㞩
931,U+37AA,㞪
932,U+37AB,㞫
933,U+37AC,㞬
934,U+37AD,㞭
935,U+37AE,㞮
936,U+37AF,㞯
937,U+37B0,㞰
938,U+37B1,㞱
939,U+37B2,㞲
940,U+37B3,㞳
941,U+37B4,㞴
942,U+37B5,㞵
943,U+37B6,㞶
944,U+37B7,㞷
945,U+37B8,㞸
946,U+37B9,㞹
947,U+37BA,㞺
948,U+37BB,㞻
949,U+37BC,㞼
950,U+37BD,㞽
951,U+37BE,㞾
952,U+37BF,㞿
953,U+37C0,㟀
954,U+37C1,㟁
955,U+37C2,㟂
956,U+37C3,㟃
957,U+37C4,㟄
958,U+37C5,㟅
959,U+37C6,㟆
960,U+37C7,㟇
961,U+37C8,㟈
962,U+37C9,㟉
963,U+37CA,㟊
964,U+37CB,㟋
965,U+37CC,㟌
966,U+37CD,㟍
967,U+37CE,㟎
968,U+37CF,㟏
969,U+37D0,㟐
970,U+37D1,㟑
971,U+37D2,㟒
972,U+37D3,㟓
973,U+37D4,㟔
974,U+37D5,㟕
975,U+37D6,㟖
976,U+37D7,㟗
977,U+37D8,㟘
978,U+37D9,㟙
979,U+37DA,㟚
980,U+37DB,㟛
981,U+37DC,㟜
982,U+37DD,㟝
983,U+37DE,㟞
984,U+37DF,㟟
985,U+37E0,㟠
986,U+37E1,㟡
987,U+37E2,㟢
988,U+37E3,㟣
989,U+37E4,㟤
990,U+37E5,㟥
991,U+37E6,㟦
992,U+37E7,㟧
993,U+37E8,㟨
994,U+37E9,㟩
995,U+37EA,㟪
996,U+37EB,㟫
997,U+37EC,㟬
998,U+37ED,㟭
999,U+37EE,㟮
1000,U+37EF,㟯
1001,U+37F0,㟰
1002,U+37F1,㟱
1003,U+37F2,㟲
1004,U+37F3,㟳
1005,U+37F4,㟴
1006,U+37F5,㟵
1007,U+37F6,㟶
1008,U+37F7,㟷
1009,U+37F8,㟸
1010,U+37F9,㟹
1011,U+37FA,㟺
1012,U+37FB,㟻
1013,U+37FC,㟼
1014,U+37FD,㟽
1015,U+37FE,㟾
1016,U+37FF,㟿
1017,U+3800,㠀
1018,U+3801,㠁
1019,U+3802,㠂
1020,U+3803,㠃
1021,U+3804,㠄
1022,U+3805,㠅
1023,U+3806,㠆
1024,U+3807,㠇
1025,U+3808,㠈
1026,U+3809,㠉
1027,U+380A,㠊
1028,U+380B,㠋
1029,U+380C,㠌
1030,U+380D,㠍
1031,U+380E,㠎
1032,U+380F,㠏
1033,U+3810,㠐
1034,U+3811,㠑
1035,U+3812,㠒
1036,U+3813,㠓
1037,U+3814,㠔
1038,U+3815,㠕
1039,U+3816,㠖
1040,U+3817,㠗
1041,U+3818,㠘
1042,U+3819,㠙
1043,U+381A,㠚
1044,U+381B,㠛
1045,U+381C,㠜
1046,U+381D,㠝
1047,U+381E,㠞
1048,U+381F,㠟
1049,U+3820,㠠
1050,U+3821,㠡
1051,U+3822,㠢
1052,U+3823,㠣
1053,U+3824,㠤
1054,U+3825,㠥
1055,U+3826,㠦
1056,U+3827,㠧
1057,U+3828,㠨
1058,U+3829,㠩
1059,U+382A,㠪
1060,U+382B,㠫
1061,U+382C,㠬
1062,U+382D,㠭
1063,U+382E,㠮
1064,U+3830,㠰
1065,U+3831,㠱
1066,U+3832,㠲
1067,U+3833,㠳
1068,U+3834,㠴
1069,U+3835,㠵
1070,U+3836,㠶
1071,U+3837,㠷
1072,U+3838,㠸
1073,U+3839,㠹
1074,U+383A,㠺
1075,U+383B,㠻
1076,U+383C,㠼
1077,U+383D,㠽
1078,U+383E,㠾
1079,U+383F,㠿
1080,U+3840,㡀
1081,U+3841,㡁
1082,U+3842,㡂
1083,U+3843,㡃
1084,U+3844,㡄
1085,U+3845,㡅
1086,U+3846,㡆
1087,U+3847,㡇
1088,U+3848,㡈
1089,U+3849,㡉
1090,U+384A,㡊
1091,U+384B,㡋
1092,U+384C,㡌
1093,U+384D,㡍
1094,U+384E,㡎
1095,U+384F,㡏
1096,U+3850,㡐
1097,U+3851,㡑
1098,U+3852,㡒
1099,U+3853,㡓
1100,U+3854,㡔
1101,U+3855,㡕
1102,U+3856,㡖
1103,U+3857,㡗
1104,U+3858,㡘
1105,U+3859,㡙
1106,U+385A,㡚
1107,U+385B,㡛
1108,U+385C,㡜
1109,U+385D,㡝
1110,U+385E,㡞
1111,U+385F,㡟
1112,U+3860,㡠
1113,U+3861,㡡
1114,U+3862,㡢
1115,U+3863,㡣
1116,U+3864,㡤
1117,U+3865,㡥
1118,U+3866,㡦
1119,U+3867,㡧
1120,U+3868,㡨
1121,U+3869,㡩
1122,U+386A,㡪
1123,U+386B,㡫
1124,U+386C,㡬
1125,U+386E,㡮
1126,U+386F,㡯
1127,U+3870,㡰
1128,U+3871,㡱
1129,U+3872,㡲
1130,U+3873,㡳
1131,U+3874,㡴
1132,U+3875,㡵
1133,U+3876,㡶
1134,U+3877,㡷
1135,U+3878,㡸
1136,U+3879,㡹
1137,U+387A,㡺
1138,U+387B,㡻
1139,U+387C,㡼
1140,U+387D,㡽
1141,U+387E,㡾
1142,U+387F,㡿
1143,U+3880,㢀
1144,U+3881,㢁
1145,U+3882,㢂
1146,U+3883,㢃
1147,U+3884,㢄
1148,U+3885,㢅
1149,U+3886,㢆
1150,U+3887,㢇
1151,U+3888,㢈
1152,U+3889,㢉
1153,U+388A,㢊
1154,U+388B,㢋
1155,U+388C,㢌
1156,U+388D,㢍
1157,U+388E,㢎
1158,U+388F,㢏
1159,U+3890,㢐
1160,U+3891,㢑
1161,U+3892,㢒
1162,U+3893,㢓
1163,U+3894,㢔
1164,U+3895,㢕
1165,U+3896,㢖
1166,U+3897,㢗
1167,U+3898,㢘
1168,U+3899,㢙
1169,U+389A,㢚
1170,U+389B,㢛
1171,U+389C,㢜
1172,U+389D,㢝
1173,U+389E,㢞
1174,U+389F,㢟
1175,U+38A0,㢠
1176,U+38A1,㢡
1177,U+38A2,㢢
1178,U+38A3,㢣
1179,U+38A4,㢤
1180,U+38A5,㢥
1181,U+38A6,㢦
1182,U+38A7,㢧
1183,U+38A8,㢨
1184,U+38A9,㢩
1185,U+38AA,㢪
1186,U+38AB,㢫
1187,U+38AC,㢬
1188,U+38AD,㢭
1189,U+38AE,㢮
1190,U+38AF,㢯
1191,U+38B0,㢰
1192,U+38B1,㢱
1193,U+38B2,㢲
1194,U+38B3,㢳
1195,U+38B4,㢴
1196,U+38B5,㢵
1197,U+38B6,㢶
1198,U+38B7,㢷
1199,U+38B8,㢸
1200,U+38B9,㢹
1201,U+38BA,㢺
1202,U+38BB,㢻
1203,U+38BC,㢼
1204,U+38BD,㢽
1205,U+38BE,㢾
1206,U+38BF,㢿
1207,U+38C0,㣀
1208,U+38C1,㣁
1209,U+38C2,㣂
1210,U+38C3,㣃
1211,U+38C4,㣄
1212,U+38C5,㣅
1213,U+38C6,㣆
1214,U+38C7,㣇
1215,U+38C8,㣈
1216,U+38C9,㣉
1217,U+38CA,㣊
1218,U+38CB,㣋
1219,U+38CC,㣌
1220,U+38CD,㣍
1221,U+38CE,㣎
1222,U+38CF,㣏
1223,U+38D0,㣐
1224,U+38D1,㣑
1225,U+38D2,㣒
1226,U+38D3,㣓
1227,U+38D4,㣔
1228,U+38D5,㣕
1229,U+38D6,㣖
1230,U+38D7,㣗
1231,U+38D8,㣘
1232,U+38D9,㣙
1233,U+38DA,㣚
1234,U+38DB,㣛
1235,U+38DC,㣜
1236,U+38DD,㣝
1237,U+38DE,㣞
1238,U+38DF,㣟
1239,U+38E0,㣠
1240,U+38E1,㣡
1241,U+38E2,㣢
1242,U+38E3,㣣
1243,U+38E4,㣤
1244,U+38E5,㣥
1245,U+38E6,㣦
1246,U+38E7,㣧
1247,U+38E8,㣨
1248,U+38E9,㣩
1249,U+38EA,㣪
1250,U+38EB,㣫
1251,U+38EC,㣬
1252,U+38ED,㣭
1253,U+38EE,㣮
1254,U+38EF,㣯
1255,U+38F0,㣰
1256,U+38F1,㣱
1257,U+38F2,㣲
1258,U+38F3,㣳
1259,U+38F4,㣴
1260,U+38F5,㣵
1261,U+38F6,㣶
1262,U+38F7,㣷
1263,U+38F8,㣸
1264,U+38F9,㣹
1265,U+38FA,㣺
1266,U+38FB,㣻
1267,U+38FC,㣼
1268,U+38FD,㣽
1269,U+38FE,㣾
1270,U+38FF,㣿
1271,U+3900,㤀
1272,U+3901,㤁
1273,U+3902,㤂
1274,U+3903,㤃
1275,U+3904,㤄
1276,U+3905,㤅
1277,U+3906,㤆
1278,U+3907,㤇
1279,U+3908,㤈
1280,U+3909,㤉
1281,U+390A,㤊
1282,U+390B,㤋
1283,U+390C,㤌
1284,U+390D,㤍
1285,U+390E,㤎
1286,U+390F,㤏
1287,U+3910,㤐
1288,U+3911,㤑
1289,U+3912,㤒
1290,U+3913,㤓
1291,U+3914,㤔
1292,U+3915,㤕
1293,U+3916,㤖
1294,U+3917,㤗
1295,U+3918,㤘
1296,U+3919,㤙
1297,U+391A,㤚
1298,U+391B,㤛
1299,U+391C,㤜
1300,U+391D,㤝
1301,U+391E,㤞
1302,U+391F,㤟
1303,U+3920,㤠
1304,U+3921,㤡
1305,U+3922,㤢
1306,U+3923,㤣
1307,U+3924,㤤
1308,U+3925,㤥
1309,U+3926,㤦
1310,U+3927,㤧
1311,U+3928,㤨
1312,U+3929,㤩
1313,U+392A,㤪
1314,U+392B,㤫
1315,U+392C,㤬
1316,U+392D,㤭
1317,U+392E,㤮
1318,U+392F,㤯
1319,U+3930,㤰
1320,U+3931,㤱
1321,U+3932,㤲
1322,U+3933,㤳
1323,U+3934,㤴
1324,U+3935,㤵
1325,U+3936,㤶
1326,U+3937,㤷
1327,U+3938,㤸
1328,U+3939,㤹
1329,U+393A,㤺
1330,U+393B,㤻
1331,U+393C,㤼
1332,U+393D,㤽
1333,U+393E,㤾
1334,U+393F,㤿
1335,U+3940,㥀
1336,U+3941,㥁
1337,U+3942,㥂
1338,U+3943,㥃
1339,U+3944,㥄
1340,U+3945,㥅
1341,U+3946,㥆
1342,U+3947,㥇
1343,U+3948,㥈
1344,U+3949,㥉
1345,U+394A,㥊
1346,U+394B,㥋
1347,U+394C,㥌
1348,U+394D,㥍
1349,U+394E,㥎
1350,U+394F,㥏
1351,U+3950,㥐
1352,U+3951,㥑
1353,U+3952,㥒
1354,U+3953,㥓
1355,U+3954,㥔
1356,U+3955,㥕
1357,U+3956,㥖
1358,U+3957,㥗
1359,U+3958,㥘
1360,U+3959,㥙
1361,U+395A,㥚
1362,U+395B,㥛
1363,U+395C,㥜
1364,U+395D,㥝
1365,U+395E,㥞
1366,U+395F,㥟
1367,U+3960,㥠
1368,U+3961,㥡
1369,U+3962,㥢
1370,U+3963,㥣
1371,U+3964,㥤
1372,U+3965,㥥
1373,U+3966,㥦
1374,U+3967,㥧
1375,U+3968,㥨
1376,U+3969,㥩
1377,U+396A,㥪
1378,U+396B,㥫
1379,U+396C,㥬
1380,U+396D,㥭
1381,U+396E,㥮
1382,U+396F,㥯
1383,U+3970,㥰
1384,U+3971,㥱
1385,U+3972,㥲
1386,U+3973,㥳
1387,U+3974,㥴
1388,U+3975,㥵
1389,U+3976,㥶
1390,U+3977,㥷
1391,U+3978,㥸
1392,U+3979,㥹
1393,U+397A,㥺
1394,U+397B,㥻
1395,U+397C,㥼
1396,U+397D,㥽
1397,U+397E,㥾
1398,U+397F,㥿
1399,U+3980,㦀
1400,U+3981,㦁
1401,U+3982,㦂
1402,U+3983,㦃
1403,U+3984,㦄
1404,U+3985,㦅
1405,U+3986,㦆
1406,U+3987,㦇
1407,U+3988,㦈
1408,U+3989,㦉
1409,U+398A,㦊
1410,U+398B,㦋
1411,U+398C,㦌
1412,U+398D,㦍
1413,U+398E,㦎
1414,U+398F,㦏
1415,U+3990,㦐
1416,U+3991,㦑
1417,U+3992,㦒
1418,U+3993,㦓
1419,U+3994,㦔
1420,U+3995,㦕
1421,U+3996,㦖
1422,U+3997,㦗
1423,U+3998,㦘
1424,U+3999,㦙
1425,U+399A,㦚
1426,U+399B,㦛
1427,U+399C,㦜
1428,U+399D,㦝
1429,U+399E,㦞
1430,U+399F,㦟
1431,U+39A0,㦠
1432,U+39A1,㦡
1433,U+39A2,㦢
1434,U+39A3,㦣
1435,U+39A4,㦤
1436,U+39A5,㦥
1437,U+39A6,㦦
1438,U+39A7,㦧
1439,U+39A8,㦨
1440,U+39A9,㦩
1441,U+39AA,㦪
1442,U+39AB,㦫
1443,U+39AC,㦬
1444,U+39AD,㦭
1445,U+39AE,㦮
1446,U+39AF,㦯
1447,U+39B0,㦰
1448,U+39B1,㦱
1449,U+39B2,㦲
1450,U+39B3,㦳
1451,U+39B4,㦴
1452,U+39B5,㦵
1453,U+39B6,㦶
1454,U+39B7,㦷
1455,U+39B8,㦸
1456,U+39B9,㦹
1457,U+39BA,㦺
1458,U+39BB,㦻
1459,U+39BC,㦼
1460,U+39BD,㦽
1461,U+39BE,㦾
1462,U+39BF,㦿
1463,U+39C0,㧀
1464,U+39C1,㧁
1465,U+39C2,㧂
1466,U+39C3,㧃
1467,U+39C4,㧄
1468,U+39C5,㧅
1469,U+39C6,㧆
1470,U+39C7,㧇
1471,U+39C8,㧈
1472,U+39C9,㧉
1473,U+39CA,㧊
1474,U+39CB,㧋
1475,U+39CC,㧌
1476,U+39CD,㧍
1477,U+39CE,㧎
1478,U+39CF,㧏
1479,U+39D0,㧐
1480,U+39D1,㧑
1481,U+39D2,㧒
1482,U+39D3,㧓
1483,U+39D4,㧔
1484,U+39D5,㧕
1485,U+39D6,㧖
1486,U+39D7,㧗
1487,U+39D8,㧘
1488,U+39D9,㧙
1489,U+39DA,㧚
1490,U+39DB,㧛
1491,U+39DC,㧜
1492,U+39DD,㧝
1493,U+39DE,㧞
1494,U+39DF,㧟
1495,U+39E0,㧠
1496,U+39E1,㧡
1497,U+39E2,㧢
1498,U+39E3,㧣
1499,U+39E4,㧤
1500,U+39E5,㧥
1501,U+39E6,㧦
1502,U+39E7,㧧
1503,U+39E8,㧨
1504,U+39E9,㧩
1505,U+39EA,㧪
1506,U+39EB,㧫
1507,U+39EC,㧬
1508,U+39ED,㧭
1509,U+39EE,㧮
1510,U+39EF,㧯
1511,U+39F0,㧰
1512,U+39F1,㧱
1513,U+39F2,㧲
1514,U+39F3,㧳
1515,U+39F4,㧴
1516,U+39F5,㧵
1517,U+39F6,㧶
1518,U+39F7,㧷
1519,U+39F8,㧸
1520,U+39F9,㧹
1521,U+39FA,㧺
1522,U+39FB,㧻
1523,U+39FC,㧼
1524,U+39FD,㧽
1525,U+39FE,㧾
1526,U+39FF,㧿
1527,U+3A00,㨀
1528,U+3A01,㨁
1529,U+3A02,㨂
1530,U+3A03,㨃
1531,U+3A04,㨄
1532,U+3A05,㨅
1533,U+3A06,㨆
1534,U+3A07,㨇
1535,U+3A08,㨈
1536,U+3A09,㨉
1537,U+3A0A,㨊
1538,U+3A0B,㨋
1539,U+3A0C,㨌
1540,U+3A0D,㨍
1541,U+3A0E,㨎
1542,U+3A0F,㨏
1543,U+3A10,㨐
1544,U+3A11,㨑
1545,U+3A12,㨒
1546,U+3A13,㨓
1547,U+3A14,㨔
1548,U+3A15,㨕
1549,U+3A16,㨖
1550,U+3A17,㨗
1551,U+3A18,㨘
1552,U+3A19,㨙
1553,U+3A1A,㨚
1554,U+3A1B,㨛
1555,U+3A1C,㨜
1556,U+3A1D,㨝
1557,U+3A1E,㨞
1558,U+3A1F,㨟
1559,U+3A20,㨠
1560,U+3A21,㨡
1561,U+3A22,㨢
1562,U+3A23,㨣
1563,U+3A24,㨤
1564,U+3A25,㨥
1565,U+3A26,㨦
1566,U+3A27,㨧
1567,U+3A28,㨨
1568,U+3A29,㨩
1569,U+3A2A,㨪
1570,U+3A2B,㨫
1571,U+3A2C,㨬
1572,U+3A2D,㨭
1573,U+3A2E,㨮
1574,U+3A2F,㨯
1575,U+3A30,㨰
1576,U+3A31,㨱
1577,U+3A32,㨲
1578,U+3A33,㨳
1579,U+3A34,㨴
1580,U+3A35,㨵
1581,U+3A36,㨶
1582,U+3A37,㨷
1583,U+3A38,㨸
1584,U+3A39,㨹
1585,U+3A3A,㨺
1586,U+3A3B,㨻
1587,U+3A3C,㨼
1588,U+3A3D,㨽
1589,U+3A3E,㨾
1590,U+3A3F,㨿
1591,U+3A40,㩀
1592,U+3A41,㩁
1593,U+3A42,㩂
1594,U+3A43,㩃
1595,U+3A44,㩄
1596,U+3A45,㩅
1597,U+3A46,㩆
1598,U+3A47,㩇
1599,U+3A48,㩈
1600,U+3A49,㩉
1601,U+3A4A,㩊
1602,U+3A4B,㩋
1603,U+3A4C,㩌
1604,U+3A4D,㩍
1605,U+3A4E,㩎
1606,U+3A4F,㩏
1607,U+3A50,㩐
1608,U+3A51,㩑
1609,U+3A52,㩒
1610,U+3A53,㩓
1611,U+3A54,㩔
1612,U+3A55,㩕
1613,U+3A56,㩖
1614,U+3A57,㩗
1615,U+3A58,㩘
1616,U+3A59,㩙
1617,U+3A5A,㩚
1618,U+3A5B,㩛
1619,U+3A5C,㩜
1620,U+3A5D,㩝
1621,U+3A5E,㩞
1622,U+3A5F,㩟
1623,U+3A60,㩠
1624,U+3A61,㩡
1625,U+3A62,㩢
1626,U+3A63,㩣
1627,U+3A64,㩤
1628,U+3A65,㩥
1629,U+3A66,㩦
1630,U+3A67,㩧
1631,U+3A68,㩨
1632,U+3A69,㩩
1633,U+3A6A,㩪
1634,U+3A6B,㩫
1635,U+3A6C,㩬
1636,U+3A6D,㩭
1637,U+3A6E,㩮
1638,U+3A6F,㩯
1639,U+3A70,㩰
1640,U+3A71,㩱
1641,U+3A72,㩲
1642,U+3A73,㩳
1643,U+3A74,㩴
1644,U+3A75,㩵
1645,U+3A76,㩶
1646,U+3A77,㩷
1647,U+3A78,㩸
1648,U+3A79,㩹
1649,U+3A7A,㩺
1650,U+3A7B,㩻
1651,U+3A7C,㩼
1652,U+3A7D,㩽
1653,U+3A7E,㩾
1654,U+3A7F,㩿
1655,U+3A80,㪀
1656,U+3A81,㪁
1657,U+3A82,㪂
1658,U+3A83,㪃
1659,U+3A84,㪄
1660,U+3A85,㪅
1661,U+3A86,㪆
1662,U+3A87,㪇
1663,U+3A88,㪈
1664,U+3A89,㪉
1665,U+3A8A,㪊
1666,U+3A8B,㪋
1667,U+3A8C,㪌
1668,U+3A8D,㪍
1669,U+3A8E,㪎
1670,U+3A8F,㪏
1671,U+3A90,㪐
1672,U+3A91,㪑
1673,U+3A92,㪒
1674,U+3A93,㪓
1675,U+3A94,㪔
1676,U+3A95,㪕
1677,U+3A96,㪖
1678,U+3A97,㪗
1679,U+3A98,㪘
1680,U+3A99,㪙
1681,U+3A9A,㪚
1682,U+3A9B,㪛
1683,U+3A9C,㪜
1684,U+3A9D,㪝
1685,U+3A9E,㪞
1686,U+3A9F,㪟
1687,U+3AA0,㪠
1688,U+3AA1,㪡
1689,U+3AA2,㪢
1690,U+3AA3,㪣
1691,U+3AA4,㪤
1692,U+3AA5,㪥
1693,U+3AA6,㪦
1694,U+3AA7,㪧
1695,U+3AA8,㪨
1696,U+3AA9,㪩
1697,U+3AAA,㪪
1698,U+3AAB,㪫
1699,U+3AAC,㪬
1700,U+3AAD,㪭
1701,U+3AAE,㪮
1702,U+3AAF,㪯
1703,U+3AB0,㪰
1704,U+3AB1,㪱
1705,U+3AB2,㪲
1706,U+3AB3,㪳
1707,U+3AB4,㪴
1708,U+3AB5,㪵
1709,U+3AB6,㪶
1710,U+3AB7,㪷
1711,U+3AB8,㪸
1712,U+3AB9,㪹
1713,U+3ABA,㪺
1714,U+3ABB,㪻
1715,U+3ABC,㪼
1716,U+3ABD,㪽
1717,U+3ABE,㪾
1718,U+3ABF,㪿
1719,U+3AC0,㫀
1720,U+3AC1,㫁
1721,U+3AC2,㫂
1722,U+3AC3,㫃
1723,U+3AC4,㫄
1724,U+3AC5,㫅
1725,U+3AC6,㫆
1726,U+3AC7,㫇
1727,U+3AC8,㫈
1728,U+3AC9,㫉
1729,U+3ACA,㫊
1730,U+3ACB,㫋
1731,U+3ACC,㫌
1732,U+3ACD,㫍
1733,U+3ACE,㫎
1734,U+3ACF,㫏
1735,U+3AD0,㫐
1736,U+3AD1,㫑
1737,U+3AD2,㫒
1738,U+3AD3,㫓
1739,U+3AD4,㫔
1740,U+3AD5,㫕
1741,U+3AD6,㫖
1742,U+3AD7,㫗
1743,U+3AD8,㫘
1744,U+3AD9,㫙
1745,U+3ADA,㫚
1746,U+3ADB,㫛
1747,U+3ADC,㫜
1748,U+3ADD,㫝
1749,U+3ADE,㫞
1750,U+3ADF,㫟
1751,U+3AE0,㫠
1752,U+3AE1,㫡
1753,U+3AE2,㫢
1754,U+3AE3,㫣
1755,U+3AE4,㫤
1756,U+3AE5,㫥
1757,U+3AE6,㫦
1758,U+3AE7,㫧
1759,U+3AE8,㫨
1760,U+3AE9,㫩
1761,U+3AEA,㫪
1762,U+3AEB,㫫
1763,U+3AEC,㫬
1764,U+3AED,㫭
1765,U+3AEE,㫮
1766,U+3AEF,㫯
1767,U+3AF0,㫰
1768,U+3AF1,㫱
1769,U+3AF2,㫲
1770,U+3AF3,㫳
1771,U+3AF4,㫴
1772,U+3AF5,㫵
1773,U+3AF6,㫶
1774,U+3AF7,㫷
1775,U+3AF8,㫸
1776,U+3AF9,㫹
1777,U+3AFA,㫺
1778,U+3AFB,㫻
1779,U+3AFC,㫼
1780,U+3AFD,㫽
1781,U+3AFE,㫾
1782,U+3AFF,㫿
1783,U+3B00,㬀
1784,U+3B01,㬁
1785,U+3B02,㬂
1786,U+3B03,㬃
1787,U+3B04,㬄
1788,U+3B05,㬅
1789,U+3B06,㬆
1790,U+3B07,㬇
1791,U+3B08,㬈
1792,U+3B09,㬉
1793,U+3B0A,㬊
1794,U+3B0B,㬋
1795,U+3B0C,㬌
1796,U+3B0D,㬍
1797,U+3B0E,㬎
1798,U+3B0F,㬏
1799,U+3B10,㬐
1800,U+3B11,㬑
1801,U+3B12,㬒
1802,U+3B13,㬓
1803,U+3B14,㬔
1804,U+3B15,㬕
1805,U+3B16,㬖
1806,U+3B17,㬗
1807,U+3B18,㬘
1808,U+3B19,㬙
1809,U+3B1A,㬚
1810,U+3B1B,㬛
1811,U+3B1C,㬜
1812,U+3B1D,㬝
1813,U+3B1E,㬞
1814,U+3B1F,㬟
1815,U+3B20,㬠
1816,U+3B21,㬡
1817,U+3B22,㬢
1818,U+3B23,㬣
1819,U+3B24,㬤
1820,U+3B25,㬥
1821,U+3B26,㬦
1822,U+3B27,㬧
1823,U+3B28,㬨
1824,U+3B29,㬩
1825,U+3B2A,㬪
1826,U+3B2B,㬫
1827,U+3B2C,㬬
1828,U+3B2D,㬭
1829,U+3B2E,㬮
1830,U+3B2F,㬯
1831,U+3B30,㬰
1832,U+3B31,㬱
1833,U+3B32,㬲
1834,U+3B33,㬳
1835,U+3B34,㬴
1836,U+3B35,㬵
1837,U+3B36,㬶
1838,U+3B37,㬷
1839,U+3B38,㬸
1840,U+3B39,㬹
1841,U+3B3A,㬺
1842,U+3B3B,㬻
1843,U+3B3C,㬼
1844,U+3B3D,㬽
1845,U+3B3E,㬾
1846,U+3B3F,㬿
1847,U+3B40,㭀
1848,U+3B41,㭁
1849,U+3B42,㭂
1850,U+3B43,㭃
1851,U+3B44,㭄
1852,U+3B45,㭅
1853,U+3B46,㭆
1854,U+3B47,㭇
1855,U+3B48,㭈
1856,U+3B49,㭉
1857,U+3B4A,㭊
1858,U+3B4B,㭋
1859,U+3B4C,㭌
1860,U+3B4D,㭍
1861,U+3B4E,㭎
1862,U+3B4F,㭏
1863,U+3B50,㭐
1864,U+3B51,㭑
1865,U+3B52,㭒
1866,U+3B53,㭓
1867,U+3B54,㭔
1868,U+3B55,㭕
1869,U+3B56,㭖
1870,U+3B57,㭗
1871,U+3B58,㭘
1872,U+3B59,㭙
1873,U+3B5A,㭚
1874,U+3B5B,㭛
1875,U+3B5C,㭜
1876,U+3B5D,㭝
1877,U+3B5E,㭞
1878,U+3B5F,㭟
1879,U+3B60,㭠
1880,U+3B61,㭡
1881,U+3B62,㭢
1882,U+3B63,㭣
1883,U+3B64,㭤
1884,U+3B65,㭥
1885,U+3B66,㭦
1886,U+3B67,㭧
1887,U+3B68,㭨
1888,U+3B69,㭩
1889,U+3B6A,㭪
1890,U+3B6B,㭫
1891,U+3B6C,㭬
1892,U+3B6D,㭭
1893,U+3B6E,㭮
1894,U+3B6F,㭯
1895,U+3B70,㭰
1896,U+3B71,㭱
1897,U+3B72,㭲
1898,U+3B73,㭳
1899,U+3B74,㭴
1900,U+3B75,㭵
1901,U+3B76,㭶
1902,U+3B77,㭷
1903,U+3B78,㭸
1904,U+3B79,㭹
1905,U+3B7A,㭺
1906,U+3B7B,㭻
1907,U+3B7C,㭼
1908,U+3B7D,㭽
1909,U+3B7E,㭾
1910,U+3B7F,㭿
1911,U+3B80,㮀
1912,U+3B81,㮁
1913,U+3B82,㮂
1914,U+3B83,㮃
1915,U+3B84,㮄
1916,U+3B85,㮅
1917,U+3B86,㮆
1918,U+3B87,㮇
1919,U+3B88,㮈
1920,U+3B89,㮉
1921,U+3B8A,㮊
1922,U+3B8B,㮋
1923,U+3B8C,㮌
1924,U+3B8D,㮍
1925,U+3B8E,㮎
1926,U+3B8F,㮏
1927,U+3B90,㮐
1928,U+3B91,㮑
1929,U+3B92,㮒
1930,U+3B93,㮓
1931,U+3B94,㮔
1932,U+3B95,㮕
1933,U+3B96,㮖
1934,U+3B97,㮗
1935,U+3B98,㮘
1936,U+3B99,㮙
1937,U+3B9A,㮚
1938,U+3B9B,㮛
1939,U+3B9C,㮜
1940,U+3B9D,㮝
1941,U+3B9E,㮞
1942,U+3B9F,㮟
1943,U+3BA0,㮠
1944,U+3BA1,㮡
1945,U+3BA2,㮢
1946,U+3BA3,㮣
1947,U+3BA4,㮤
1948,U+3BA5,㮥
1949,U+3BA6,㮦
1950,U+3BA7,㮧
1951,U+3BA8,㮨
1952,U+3BA9,㮩
1953,U+3BAA,㮪
1954,U+3BAB,㮫
1955,U+3BAC,㮬
1956,U+3BAD,㮭
1957,U+3BAE,㮮
1958,U+3BAF,㮯
1959,U+3BB0,㮰
1960,U+3BB1,㮱
1961,U+3BB2,㮲
1962,U+3BB3,㮳
1963,U+3BB4,㮴
1964,U+3BB5,㮵
1965,U+3BB6,㮶
1966,U+3BB7,㮷
1967,U+3BB8,㮸
1968,U+3BB9,㮹
1969,U+3BBA,㮺
1970,U+3BBB,㮻
1971,U+3BBC,㮼
1972,U+3BBD,㮽
1973,U+3BBE,㮾
1974,U+3BBF,㮿
1975,U+3BC0,㯀
1976,U+3BC1,㯁
1977,U+3BC2,㯂
1978,U+3BC3,㯃
1979,U+3BC4,㯄
1980,U+3BC5,㯅
1981,U+3BC6,㯆
1982,U+3BC7,㯇
1983,U+3BC8,㯈
1984,U+3BC9,㯉
1985,U+3BCA,㯊
1986,U+3BCB,㯋
1987,U+3BCC,㯌
1988,U+3BCD,㯍
1989,U+3BCE,㯎
1990,U+3BCF,㯏
1991,U+3BD0,㯐
1992,U+3BD1,㯑
1993,U+3BD2,㯒
1994,U+3BD3,㯓
1995,U+3BD4,㯔
1996,U+3BD5,㯕
1997,U+3BD6,㯖
1998,U+3BD7,㯗
1999,U+3BD8,㯘
2000,U+3BD9,㯙
2001,U+3BDA,㯚
2002,U+3BDB,㯛
2003,U+3BDC,㯜
2004,U+3BDD,㯝
2005,U+3BDE,㯞
2006,U+3BDF,㯟
2007,U+3BE0,㯠
2008,U+3BE1,㯡
2009,U+3BE2,㯢
2010,U+3BE3,㯣
2011,U+3BE4,㯤
2012,U+3BE5,㯥
2013,U+3BE6,㯦
2014,U+3BE7,㯧
2015,U+3BE8,㯨
2016,U+3BE9,㯩
2017,U+3BEA,㯪
2018,U+3BEB,㯫
2019,U+3BEC,㯬
2020,U+3BED,㯭
2021,U+3BEE,㯮
2022,U+3BEF,㯯
2023,U+3BF0,㯰
2024,U+3BF1,㯱
2025,U+3BF2,㯲
2026,U+3BF3,㯳
2027,U+3BF4,㯴
2028,U+3BF5,㯵
2029,U+3BF6,㯶
2030,U+3BF7,㯷
2031,U+3BF8,㯸
2032,U+3BF9,㯹
2033,U+3BFA,㯺
2034,U+3BFB,㯻
2035,U+3BFC,㯼
2036,U+3BFD,㯽
2037,U+3BFE,㯾
2038,U+3BFF,㯿
2039,U+3C00,㰀
2040,U+3C01,㰁
2041,U+3C02,㰂
2042,U+3C03,㰃
2043,U+3C04,㰄
2044,U+3C05,㰅
2045,U+3C06,㰆
2046,U+3C07,㰇
2047,U+3C08,㰈
2048,U+3C09,㰉
2049,U+3C0A,㰊
2050,U+3C0B,㰋
2051,U+3C0C,㰌
2052,U+3C0D,㰍
2053,U+3C0E,㰎
2054,U+3C0F,㰏
2055,U+3C10,㰐
2056,U+3C11,㰑
2057,U+3C12,㰒
2058,U+3C13,㰓
2059,U+3C14,㰔
2060,U+3C15,㰕
2061,U+3C16,㰖
2062,U+3C17,㰗
2063,U+3C18,㰘
2064,U+3C19,㰙
2065,U+3C1A,㰚
2066,U+3C1B,㰛
2067,U+3C1C,㰜
2068,U+3C1D,㰝
2069,U+3C1E,㰞
2070,U+3C1F,㰟
2071,U+3C20,㰠
2072,U+3C21,㰡
2073,U+3C22,㰢
2074,U+3C23,㰣
2075,U+3C24,㰤
2076,U+3C25,㰥
2077,U+3C26,㰦
2078,U+3C27,㰧
2079,U+3C28,㰨
2080,U+3C29,㰩
2081,U+3C2A,㰪
2082,U+3C2B,㰫
2083,U+3C2C,㰬
2084,U+3C2D,㰭
2085,U+3C2E,㰮
2086,U+3C2F,㰯
2087,U+3C30,㰰
2088,U+3C31,㰱
2089,U+3C32,㰲
2090,U+3C33,㰳
2091,U+3C34,㰴
2092,U+3C35,㰵
2093,U+3C36,㰶
2094,U+3C37,㰷
2095,U+3C38,㰸
2096,U+3C39,㰹
2097,U+3C3A,㰺
2098,U+3C3B,㰻
2099,U+3C3C,㰼
2100,U+3C3D,㰽
2101,U+3C3E,㰾
2102,U+3C3F,㰿
2103,U+3C40,㱀
2104,U+3C41,㱁
2105,U+3C42,㱂
2106,U+3C43,㱃
2107,U+3C44,㱄
2108,U+3C45,㱅
2109,U+3C46,㱆
2110,U+3C47,㱇
2111,U+3C48,㱈
2112,U+3C49,㱉
2113,U+3C4A,㱊
2114,U+3C4B,㱋
2115,U+3C4C,㱌
2116,U+3C4D,㱍
2117,U+3C4E,㱎
2118,U+3C4F,㱏
2119,U+3C51,㱑
2120,U+3C52,㱒
2121,U+3C53,㱓
2122,U+3C54,㱔
2123,U+3C55,㱕
2124,U+3C56,㱖
2125,U+3C57,㱗
2126,U+3C58,㱘
2127,U+3C59,㱙
2128,U+3C5A,㱚
2129,U+3C5B,㱛
2130,U+3C5C,㱜
2131,U+3C5D,㱝
2132,U+3C5E,㱞
2133,U+3C5F,㱟
2134,U+3C60,㱠
2135,U+3C61,㱡
2136,U+3C62,㱢
2137,U+3C63,㱣
2138,U+3C64,㱤
2139,U+3C65,㱥
2140,U+3C66,㱦
2141,U+3C67,㱧
2142,U+3C68,㱨
2143,U+3C69,㱩
2144,U+3C6A,㱪
2145,U+3C6B,㱫
2146,U+3C6C,㱬
2147,U+3C6D,㱭
2148,U+3C6E,㱮
2149,U+3C6F,㱯
2150,U+3C70,㱰
2151,U+3C71,㱱
2152,U+3C72,㱲
2153,U+3C73,㱳
2154,U+3C74,㱴
2155,U+3C75,㱵
2156,U+3C76,㱶
2157,U+3C77,㱷
2158,U+3C78,㱸
2159,U+3C79,㱹
2160,U+3C7A,㱺
2161,U+3C7B,㱻
2162,U+3C7C,㱼
2163,U+3C7D,㱽
2164,U+3C7E,㱾
2165,U+3C7F,㱿
2166,U+3C80,㲀
2167,U+3C81,㲁
2168,U+3C82,㲂
2169,U+3C83,㲃
2170,U+3C84,㲄
2171,U+3C85,㲅
2172,U+3C86,㲆
2173,U+3C87,㲇
2174,U+3C88,㲈
2175,U+3C89,㲉
2176,U+3C8A,㲊
2177,U+3C8B,㲋
2178,U+3C8C,㲌
2179,U+3C8D,㲍
2180,U+3C8E,㲎
2181,U+3C8F,㲏
2182,U+3C90,㲐
2183,U+3C91,㲑
2184,U+3C92,㲒
2185,U+3C93,㲓
2186,U+3C94,㲔
2187,U+3C95,㲕
2188,U+3C96,㲖
2189,U+3C97,㲗
2190,U+3C98,㲘
2191,U+3C99,㲙
2192,U+3C9A,㲚
2193,U+3C9B,㲛
2194,U+3C9C,㲜
2195,U+3C9D,㲝
2196,U+3C9E,㲞
2197,U+3C9F,㲟
2198,U+3CA0,㲠
2199,U+3CA1,㲡
2200,U+3CA2,㲢
2201,U+3CA3,㲣
2202,U+3CA4,㲤
2203,U+3CA5,㲥
2204,U+3CA6,㲦
2205,U+3CA7,㲧
2206,U+3CA8,㲨
2207,U+3CA9,㲩
2208,U+3CAA,㲪
2209,U+3CAB,㲫
2210,U+3CAC,㲬
2211,U+3CAD,㲭
2212,U+3CAE,㲮
2213,U+3CAF,㲯
2214,U+3CB0,㲰
2215,U+3CB1,㲱
2216,U+3CB2,㲲
2217,U+3CB3,㲳
2218,U+3CB4,㲴
2219,U+3CB5,㲵
2220,U+3CB6,㲶
2221,U+3CB7,㲷
2222,U+3CB8,㲸
2223,U+3CB9,㲹
2224,U+3CBA,㲺
2225,U+3CBB,㲻
2226,U+3CBC,㲼
2227,U+3CBD,㲽
2228,U+3CBE,㲾
2229,U+3CBF,㲿
2230,U+3CC0,㳀
2231,U+3CC1,㳁
2232,U+3CC2,㳂
2233,U+3CC3,㳃
2234,U+3CC4,㳄
2235,U+3CC5,㳅
2236,U+3CC6,㳆
2237,U+3CC7,㳇
2238,U+3CC8,㳈
2239,U+3CC9,㳉
2240,U+3CCA,㳊
2241,U+3CCB,㳋
2242,U+3CCC,㳌
2243,U+3CCD,㳍
2244,U+3CCE,㳎
2245,U+3CCF,㳏
2246,U+3CD0,㳐
2247,U+3CD1,㳑
2248,U+3CD2,㳒
2249,U+3CD3,㳓
2250,U+3CD4,㳔
2251,U+3CD5,㳕
2252,U+3CD6,㳖
2253,U+3CD7,㳗
2254,U+3CD8,㳘
2255,U+3CD9,㳙
2256,U+3CDA,㳚
2257,U+3CDB,㳛
2258,U+3CDC,㳜
2259,U+3CDD,㳝
2260,U+3CDE,㳞
2261,U+3CDF,㳟
2262,U+3CE0,㳠
2263,U+3CE1,㳡
2264,U+3CE2,㳢
2265,U+3CE3,㳣
2266,U+3CE4,㳤
2267,U+3CE5,㳥
2268,U+3CE6,㳦
2269,U+3CE7,㳧
2270,U+3CE8,㳨
2271,U+3CE9,㳩
2272,U+3CEA,㳪
2273,U+3CEB,㳫
2274,U+3CEC,㳬
2275,U+3CED,㳭
2276,U+3CEE,㳮
2277,U+3CEF,㳯
2278,U+3CF0,㳰
2279,U+3CF1,㳱
2280,U+3CF2,㳲
2281,U+3CF3,㳳
2282,U+3CF4,㳴
2283,U+3CF5,㳵
2284,U+3CF6,㳶
2285,U+3CF7,㳷
2286,U+3CF8,㳸
2287,U+3CF9,㳹
2288,U+3CFA,㳺
2289,U+3CFB,㳻
2290,U+3CFC,㳼
2291,U+3CFD,㳽
2292,U+3CFE,㳾
2293,U+3CFF,㳿
2294,U+3D00,㴀
2295,U+3D01,㴁
2296,U+3D02,㴂
2297,U+3D03,㴃
2298,U+3D04,㴄
2299,U+3D05,㴅
2300,U+3D06,㴆
2301,U+3D07,㴇
2302,U+3D08,㴈
2303,U+3D09,㴉
2304,U+3D0A,㴊
2305,U+3D0B,㴋
2306,U+3D0C,㴌
2307,U+3D0D,㴍
2308,U+3D0E,㴎
2309,U+3D0F,㴏
2310,U+3D10,㴐
2311,U+3D11,㴑
2312,U+3D12,㴒
2313,U+3D13,㴓
2314,U+3D14,㴔
2315,U+3D15,㴕
2316,U+3D16,㴖
2317,U+3D17,㴗
2318,U+3D18,㴘
2319,U+3D19,㴙
2320,U+3D1A,㴚
2321,U+3D1B,㴛
2322,U+3D1C,㴜
2323,U+3D1D,㴝
2324,U+3D1E,㴞
2325,U+3D1F,㴟
2326,U+3D20,㴠
2327,U+3D21,㴡
2328,U+3D22,㴢
2329,U+3D23,㴣
2330,U+3D24,㴤
2331,U+3D25,㴥
2332,U+3D26,㴦
2333,U+3D27,㴧
2334,U+3D28,㴨
2335,U+3D29,㴩
2336,U+3D2A,㴪
2337,U+3D2B,㴫
2338,U+3D2C,㴬
2339,U+3D2D,㴭
2340,U+3D2E,㴮
2341,U+3D2F,㴯
2342,U+3D30,㴰
2343,U+3D31,㴱
2344,U+3D32,㴲
2345,U+3D33,㴳
2346,U+3D34,㴴
2347,U+3D35,㴵
2348,U+3D36,㴶
2349,U+3D37,㴷
2350,U+3D38,㴸
2351,U+3D39,㴹
2352,U+3D3A,㴺
2353,U+3D3B,㴻
2354,U+3D3C,㴼
2355,U+3D3D,㴽
2356,U+3D3E,㴾
2357,U+3D3F,㴿
2358,U+3D40,㵀
2359,U+3D41,㵁
2360,U+3D42,㵂
2361,U+3D43,㵃
2362,U+3D44,㵄
2363,U+3D45,㵅
2364,U+3D46,㵆
2365,U+3D47,㵇
2366,U+3D48,㵈
2367,U+3D49,㵉
2368,U+3D4A,㵊
2369,U+3D4B,㵋
2370,U+3D4C,㵌
2371,U+3D4D,㵍
2372,U+3D4E,㵎
2373,U+3D4F,㵏
2374,U+3D50,㵐
2375,U+3D51,㵑
2376,U+3D52,㵒
2377,U+3D53,㵓
2378,U+3D54,㵔
2379,U+3D55,㵕
2380,U+3D56,㵖
2381,U+3D57,㵗
2382,U+3D58,㵘
2383,U+3D59,㵙
2384,U+3D5A,㵚
2385,U+3D5B,㵛
2386,U+3D5C,㵜
2387,U+3D5D,㵝
2388,U+3D5E,㵞
2389,U+3D5F,㵟
2390,U+3D60,㵠
2391,U+3D61,㵡
2392,U+3D62,㵢
2393,U+3D63,㵣
2394,U+3D64,㵤
2395,U+3D65,㵥
2396,U+3D66,㵦
2397,U+3D67,㵧
2398,U+3D68,㵨
2399,U+3D69,㵩
2400,U+3D6A,㵪
2401,U+3D6B,㵫
2402,U+3D6C,㵬
2403,U+3D6D,㵭
2404,U+3D6E,㵮
2405,U+3D6F,㵯
2406,U+3D70,㵰
2407,U+3D71,㵱
2408,U+3D72,㵲
2409,U+3D73,㵳
2410,U+3D74,㵴
2411,U+3D75,㵵
2412,U+3D76,㵶
2413,U+3D77,㵷
2414,U+3D78,㵸
2415,U+3D79,㵹
2416,U+3D7A,㵺
2417,U+3D7B,㵻
2418,U+3D7C,㵼
2419,U+3D7D,㵽
2420,U+3D7E,㵾
2421,U+3D7F,㵿
2422,U+3D80,㶀
2423,U+3D81,㶁
2424,U+3D82,㶂
2425,U+3D83,㶃
2426,U+3D84,㶄
2427,U+3D85,㶅
2428,U+3D86,㶆
2429,U+3D87,㶇
2430,U+3D88,㶈
2431,U+3D89,㶉
2432,U+3D8A,㶊
2433,U+3D8B,㶋
2434,U+3D8C,㶌
2435,U+3D8D,㶍
2436,U+3D8E,㶎
2437,U+3D8F,㶏
2438,U+3D90,㶐
2439,U+3D91,㶑
2440,U+3D92,㶒
2441,U+3D93,㶓
2442,U+3D94,㶔
2443,U+3D95,㶕
2444,U+3D96,㶖
2445,U+3D97,㶗
2446,U+3D98,㶘
2447,U+3D99,㶙
2448,U+3D9A,㶚
2449,U+3D9B,㶛
2450,U+3D9D,㶝
2451,U+3D9E,㶞
2452,U+3D9F,㶟
2453,U+3DA0,㶠
2454,U+3DA1,㶡
2455,U+3DA2,㶢
2456,U+3DA3,㶣
2457,U+3DA4,㶤
2458,U+3DA5,㶥
2459,U+3DA6,㶦
2460,U+3DA7,㶧
2461,U+3DA8,㶨
2462,U+3DA9,㶩
2463,U+3DAA,㶪
2464,U+3DAB,㶫
2465,U+3DAC,㶬
2466,U+3DAD,㶭
2467,U+3DAE,㶮
2468,U+3DAF,㶯
2469,U+3DB0,㶰
2470,U+3DB1,㶱
2471,U+3DB2,㶲
2472,U+3DB3,㶳
2473,U+3DB4,㶴
2474,U+3DB5,㶵
2475,U+3DB6,㶶
2476,U+3DB7,㶷
2477,U+3DB8,㶸
2478,U+3DB9,㶹
2479,U+3DBA,㶺
2480,U+3DBB,㶻
2481,U+3DBC,㶼
2482,U+3DBD,㶽
2483,U+3DBE,㶾
2484,U+3DBF,㶿
2485,U+3DC0,㷀
2486,U+3DC1,㷁
2487,U+3DC2,㷂
2488,U+3DC3,㷃
2489,U+3DC4,㷄
2490,U+3DC5,㷅
2491,U+3DC6,㷆
2492,U+3DC7,㷇
2493,U+3DC8,㷈
2494,U+3DC9,㷉
2495,U+3DCA,㷊
2496,U+3DCB,㷋
2497,U+3DCC,㷌
2498,U+3DCD,㷍
2499,U+3DCE,㷎
2500,U+3DCF,㷏
2501,U+3DD0,㷐
2502,U+3DD1,㷑
2503,U+3DD2,㷒
2504,U+3DD3,㷓
2505,U+3DD4,㷔
2506,U+3DD5,㷕
2507,U+3DD6,㷖
2508,U+3DD7,㷗
2509,U+3DD8,㷘
2510,U+3DD9,㷙
2511,U+3DDA,㷚
2512,U+3DDB,㷛
2513,U+3DDC,㷜
2514,U+3DDD,㷝
2515,U+3DDE,㷞
2516,U+3DDF,㷟
2517,U+3DE0,㷠
2518,U+3DE1,㷡
2519,U+3DE2,㷢
2520,U+3DE3,㷣
2521,U+3DE4,㷤
2522,U+3DE5,㷥
2523,U+3DE6,㷦
2524,U+3DE7,㷧
2525,U+3DE8,㷨
2526,U+3DE9,㷩
2527,U+3DEA,㷪
2528,U+3DEB,㷫
2529,U+3DEC,㷬
2530,U+3DED,㷭
2531,U+3DEE,㷮
2532,U+3DEF,㷯
2533,U+3DF0,㷰
2534,U+3DF1,㷱
2535,U+3DF2,㷲
2536,U+3DF3,㷳
2537,U+3DF4,㷴
2538,U+3DF5,㷵
2539,U+3DF6,㷶
2540,U+3DF7,㷷
2541,U+3DF8,㷸
2542,U+3DF9,㷹
2543,U+3DFA,㷺
2544,U+3DFB,㷻
2545,U+3DFC,㷼
2546,U+3DFD,㷽
2547,U+3DFE,㷾
2548,U+3DFF,㷿
2549,U+3E00,㸀
2550,U+3E01,㸁
2551,U+3E02,㸂
2552,U+3E03,㸃
2553,U+3E04,㸄
2554,U+3E05,㸅
2555,U+3E06,㸆
2556,U+3E07,㸇
2557,U+3E08,㸈
2558,U+3E09,㸉
2559,U+3E0A,㸊
2560,U+3E0B,㸋
2561,U+3E0C,㸌
2562,U+3E0D,㸍
2563,U+3E0E,㸎
2564,U+3E0F,㸏
2565,U+3E10,㸐
2566,U+3E11,㸑
2567,U+3E12,㸒
2568,U+3E13,㸓
2569,U+3E14,㸔
2570,U+3E15,㸕
2571,U+3E16,㸖
2572,U+3E17,㸗
2573,U+3E18,㸘
2574,U+3E19,㸙
2575,U+3E1A,㸚
2576,U+3E1B,㸛
2577,U+3E1C,㸜
2578,U+3E1D,㸝
2579,U+3E1E,㸞
2580,U+3E1F,㸟
2581,U+3E20,㸠
2582,U+3E21,㸡
2583,U+3E22,㸢
2584,U+3E23,㸣
2585,U+3E24,㸤
2586,U+3E25,㸥
2587,U+3E27,㸧
2588,U+3E28,㸨
2589,U+3E29,㸩
2590,U+3E2A,㸪
2591,U+3E2B,㸫
2592,U+3E2C,㸬
2593,U+3E2D,㸭
2594,U+3E2E,㸮
2595,U+3E2F,㸯
2596,U+3E30,㸰
2597,U+3E31,㸱
2598,U+3E32,㸲
2599,U+3E33,㸳
2600,U+3E34,㸴
2601,U+3E35,㸵
2602,U+3E36,㸶
2603,U+3E37,㸷
2604,U+3E38,㸸
2605,U+3E39,㸹
2606,U+3E3A,㸺
2607,U+3E3B,㸻
2608,U+3E3C,㸼
2609,U+3E3D,㸽
2610,U+3E3E,㸾
2611,U+3E3F,㸿
2612,U+3E40,㹀
2613,U+3E41,㹁
2614,U+3E42,㹂
2615,U+3E43,㹃
2616,U+3E44,㹄
2617,U+3E45,㹅
2618,U+3E46,㹆
2619,U+3E47,㹇
2620,U+3E48,㹈
2621,U+3E49,㹉
2622,U+3E4A,㹊
2623,U+3E4B,㹋
2624,U+3E4C,㹌
2625,U+3E4D,㹍
2626,U+3E4E,㹎
2627,U+3E4F,㹏
2628,U+3E50,㹐
2629,U+3E51,㹑
2630,U+3E52,㹒
2631,U+3E53,㹓
2632,U+3E54,㹔
2633,U+3E55,㹕
2634,U+3E56,㹖
2635,U+3E57,㹗
2636,U+3E58,㹘
2637,U+3E59,㹙
2638,U+3E5A,㹚
2639,U+3E5B,㹛
2640,U+3E5C,㹜
2641,U+3E5D,㹝
2642,U+3E5E,㹞
2643,U+3E5F,㹟
2644,U+3E60,㹠
2645,U+3E61,㹡
2646,U+3E62,㹢
2647,U+3E63,㹣
2648,U+3E64,㹤
2649,U+3E65,㹥
2650,U+3E66,㹦
2651,U+3E67,㹧
2652,U+3E68,㹨
2653,U+3E69,㹩
2654,U+3E6A,㹪
2655,U+3E6B,㹫
2656,U+3E6C,㹬
2657,U+3E6D,㹭
2658,U+3E6E,㹮
2659,U+3E6F,㹯
2660,U+3E70,㹰
2661,U+3E71,㹱
2662,U+3E72,㹲
2663,U+3E73,㹳
2664,U+3E74,㹴
2665,U+3E75,㹵
2666,U+3E76,㹶
2667,U+3E77,㹷
2668,U+3E78,㹸
2669,U+3E79,㹹
2670,U+3E7A,㹺
2671,U+3E7B,㹻
2672,U+3E7C,㹼
2673,U+3E7D,㹽
2674,U+3E7E,㹾
2675,U+3E7F,㹿
2676,U+3E80,㺀
2677,U+3E81,㺁
2678,U+3E82,㺂
2679,U+3E83,㺃
2680,U+3E84,㺄
2681,U+3E85,㺅
2682,U+3E86,㺆
2683,U+3E87,㺇
2684,U+3E88,㺈
2685,U+3E89,㺉
2686,U+3E8A,㺊
2687,U+3E8B,㺋
2688,U+3E8C,㺌
2689,U+3E8D,㺍
2690,U+3E8E,㺎
2691,U+3E8F,㺏
2692,U+3E90,㺐
2693,U+3E91,㺑
2694,U+3E92,㺒
2695,U+3E93,㺓
2696,U+3E94,㺔
2697,U+3E95,㺕
2698,U+3E96,㺖
2699,U+3E97,㺗
2700,U+3E98,㺘
2701,U+3E99,㺙
2702,U+3E9A,㺚
2703,U+3E9B,㺛
2704,U+3E9C,㺜
2705,U+3E9D,㺝
2706,U+3E9E,㺞
2707,U+3E9F,㺟
2708,U+3EA0,㺠
2709,U+3EA1,㺡
2710,U+3EA2,㺢
2711,U+3EA3,㺣
2712,U+3EA4,㺤
2713,U+3EA5,㺥
2714,U+3EA6,㺦
2715,U+3EA7,㺧
2716,U+3EA8,㺨
2717,U+3EA9,㺩
2718,U+3EAA,㺪
2719,U+3EAB,㺫
2720,U+3EAC,㺬
2721,U+3EAD,㺭
2722,U+3EAE,㺮
2723,U+3EAF,㺯
2724,U+3EB0,㺰
2725,U+3EB1,㺱
2726,U+3EB2,㺲
2727,U+3EB3,㺳
2728,U+3EB4,㺴
2729,U+3EB5,㺵
2730,U+3EB6,㺶
2731,U+3EB7,㺷
2732,U+3EB8,㺸
2733,U+3EB9,㺹
2734,U+3EBA,㺺
2735,U+3EBB,㺻
2736,U+3EBC,㺼
2737,U+3EBD,㺽
2738,U+3EBE,㺾
2739,U+3EBF,㺿
2740,U+3EC0,㻀
2741,U+3EC1,㻁
2742,U+3EC2,㻂
2743,U+3EC3,㻃
2744,U+3EC4,㻄
2745,U+3EC5,㻅
2746,U+3EC6,㻆
2747,U+3EC7,㻇
2748,U+3EC8,㻈
2749,U+3EC9,㻉
2750,U+3ECA,㻊
2751,U+3ECB,㻋
2752,U+3ECC,㻌
2753,U+3ECD,㻍
2754,U+3ECE,㻎
2755,U+3ECF,㻏
2756,U+3ED0,㻐
2757,U+3ED1,㻑
2758,U+3ED2,㻒
2759,U+3ED3,㻓
2760,U+3ED4,㻔
2761,U+3ED5,㻕
2762,U+3ED6,㻖
2763,U+3ED7,㻗
2764,U+3ED8,㻘
2765,U+3ED9,㻙
2766,U+3EDA,㻚
2767,U+3EDB,㻛
2768,U+3EDC,㻜
2769,U+3EDD,㻝
2770,U+3EDE,㻞
2771,U+3EDF,㻟
2772,U+3EE0,㻠
2773,U+3EE1,㻡
2774,U+3EE2,㻢
2775,U+3EE3,㻣
2776,U+3EE4,㻤
2777,U+3EE5,㻥
2778,U+3EE6,㻦
2779,U+3EE7,㻧
2780,U+3EE8,㻨
2781,U+3EE9,㻩
2782,U+3EEA,㻪
2783,U+3EEB,㻫
2784,U+3EEC,㻬
2785,U+3EED,㻭
2786,U+3EEE,㻮
2787,U+3EEF,㻯
2788,U+3EF0,㻰
2789,U+3EF1,㻱
2790,U+3EF2,㻲
2791,U+3EF3,㻳
2792,U+3EF4,㻴
2793,U+3EF5,㻵
2794,U+3EF6,㻶
2795,U+3EF7,㻷
2796,U+3EF8,㻸
2797,U+3EF9,㻹
2798,U+3EFA,㻺
2799,U+3EFB,㻻
2800,U+3EFC,㻼
2801,U+3EFD,㻽
2802,U+3EFE,㻾
2803,U+3EFF,㻿
2804,U+3F00,㼀
2805,U+3F01,㼁
2806,U+3F02,㼂
2807,U+3F03,㼃
2808,U+3F04,㼄
2809,U+3F05,㼅
2810,U+3F06,㼆
2811,U+3F07,㼇
2812,U+3F08,㼈
2813,U+3F09,㼉
2814,U+3F0A,㼊
2815,U+3F0B,㼋
2816,U+3F0C,㼌
2817,U+3F0D,㼍
2818,U+3F0E,㼎
2819,U+3F0F,㼏
2820,U+3F10,㼐
2821,U+3F11,㼑
2822,U+3F12,㼒
2823,U+3F13,㼓
2824,U+3F14,㼔
2825,U+3F15,㼕
2826,U+3F16,㼖
2827,U+3F17,㼗
2828,U+3F18,㼘
2829,U+3F19,㼙
2830,U+3F1A,㼚
2831,U+3F1B,㼛
2832,U+3F1C,㼜
2833,U+3F1D,㼝
2834,U+3F1E,㼞
2835,U+3F1F,㼟
2836,U+3F20,㼠
2837,U+3F21,㼡
2838,U+3F22,㼢
2839,U+3F23,㼣
2840,U+3F24,㼤
2841,U+3F25,㼥
2842,U+3F26,㼦
2843,U+3F27,㼧
2844,U+3F28,㼨
2845,U+3F29,㼩
2846,U+3F2A,㼪
2847,U+3F2B,㼫
2848,U+3F2C,㼬
2849,U+3F2D,㼭
2850,U+3F2E,㼮
2851,U+3F2F,㼯
2852,U+3F30,㼰
2853,U+3F31,㼱
2854,U+3F32,㼲
2855,U+3F33,㼳
2856,U+3F34,㼴
2857,U+3F35,㼵
2858,U+3F36,㼶
2859,U+3F37,㼷
2860,U+3F38,㼸
2861,U+3F39,㼹
2862,U+3F3A,㼺
2863,U+3F3B,㼻
2864,U+3F3C,㼼
2865,U+3F3D,㼽
2866,U+3F3E,㼾
2867,U+3F3F,㼿
2868,U+3F40,㽀
2869,U+3F41,㽁
2870,U+3F42,㽂
2871,U+3F43,㽃
2872,U+3F44,㽄
2873,U+3F45,㽅
2874,U+3F46,㽆
2875,U+3F47,㽇
2876,U+3F48,㽈
2877,U+3F49,㽉
2878,U+3F4A,㽊
2879,U+3F4B,㽋
2880,U+3F4C,㽌
2881,U+3F4D,㽍
2882,U+3F4E,㽎
2883,U+3F4F,㽏
2884,U+3F50,㽐
2885,U+3F51,㽑
2886,U+3F52,㽒
2887,U+3F53,㽓
2888,U+3F54,㽔
2889,U+3F55,㽕
2890,U+3F56,㽖
2891,U+3F57,㽗
2892,U+3F58,㽘
2893,U+3F59,㽙
2894,U+3F5A,㽚
2895,U+3F5B,㽛
2896,U+3F5C,㽜
2897,U+3F5D,㽝
2898,U+3F5E,㽞
2899,U+3F5F,㽟
2900,U+3F60,㽠
2901,U+3F61,㽡
2902,U+3F62,㽢
2903,U+3F63,㽣
2904,U+3F64,㽤
2905,U+3F65,㽥
2906,U+3F66,㽦
2907,U+3F67,㽧
2908,U+3F68,㽨
2909,U+3F69,㽩
2910,U+3F6A,㽪
2911,U+3F6B,㽫
2912,U+3F6C,㽬
2913,U+3F6D,㽭
2914,U+3F6E,㽮
2915,U+3F6F,㽯
2916,U+3F70,㽰
2917,U+3F71,㽱
2918,U+3F72,㽲
2919,U+3F73,㽳
2920,U+3F74,㽴
2921,U+3F75,㽵
2922,U+3F76,㽶
2923,U+3F77,㽷
2924,U+3F78,㽸
2925,U+3F79,㽹
2926,U+3F7A,㽺
2927,U+3F7B,㽻
2928,U+3F7C,㽼
2929,U+3F7D,㽽
2930,U+3F7E,㽾
2931,U+3F7F,㽿
2932,U+3F80,㾀
2933,U+3F81,㾁
2934,U+3F82,㾂
2935,U+3F83,㾃
2936,U+3F84,㾄
2937,U+3F85,㾅
2938,U+3F86,㾆
2939,U+3F87,㾇
2940,U+3F88,㾈
2941,U+3F89,㾉
2942,U+3F8A,㾊
2943,U+3F8B,㾋
2944,U+3F8C,㾌
2945,U+3F8D,㾍
2946,U+3F8E,㾎
2947,U+3F8F,㾏
2948,U+3F90,㾐
2949,U+3F91,㾑
2950,U+3F92,㾒
2951,U+3F93,㾓
2952,U+3F94,㾔
2953,U+3F95,㾕
2954,U+3F96,㾖
2955,U+3F97,㾗
2956,U+3F98,㾘
2957,U+3F99,㾙
2958,U+3F9A,㾚
2959,U+3F9B,㾛
2960,U+3F9C,㾜
2961,U+3F9D,㾝
2962,U+3F9E,㾞
2963,U+3F9F,㾟
2964,U+3FA0,㾠
2965,U+3FA1,㾡
2966,U+3FA2,㾢
2967,U+3FA3,㾣
2968,U+3FA4,㾤
2969,U+3FA5,㾥
2970,U+3FA6,㾦
2971,U+3FA7,㾧
2972,U+3FA8,㾨
2973,U+3FA9,㾩
2974,U+3FAA,㾪
2975,U+3FAB,㾫
2976,U+3FAC,㾬
2977,U+3FAD,㾭
2978,U+3FAE,㾮
2979,U+3FAF,㾯
2980,U+3FB0,㾰
2981,U+3FB1,㾱
2982,U+3FB2,㾲
2983,U+3FB3,㾳
2984,U+3FB4,㾴
2985,U+3FB5,㾵
2986,U+3FB6,㾶
2987,U+3FB7,㾷
2988,U+3FB8,㾸
2989,U+3FB9,㾹
2990,U+3FBA,㾺
2991,U+3FBB,㾻
2992,U+3FBC,㾼
2993,U+3FBD,㾽
2994,U+3FBE,㾾
2995,U+3FBF,㾿
2996,U+3FC0,㿀
2997,U+3FC1,㿁
2998,U+3FC2,㿂
2999,U+3FC3,㿃
3000,U+3FC4,㿄
3001,U+3FC5,㿅
3002,U+3FC6,㿆
3003,U+3FC7,㿇
3004,U+3FC8,㿈
3005,U+3FC9,㿉
3006,U+3FCA,㿊
3007,U+3FCB,㿋
3008,U+3FCC,㿌
3009,U+3FCD,㿍
3010,U+3FCE,㿎
3011,U+3FCF,㿏
3012,U+3FD0,㿐
3013,U+3FD1,㿑
3014,U+3FD2,㿒
3015,U+3FD3,㿓
3016,U+3FD4,㿔
3017,U+3FD5,㿕
3018,U+3FD6,㿖
3019,U+3FD7,㿗
3020,U+3FD8,㿘
3021,U+3FD9,㿙
3022,U+3FDA,㿚
3023,U+3FDB,㿛
3024,U+3FDC,㿜
3025,U+3FDD,㿝
3026,U+3FDE,㿞
3027,U+3FDF,㿟
3028,U+3FE0,㿠
3029,U+3FE1,㿡
3030,U+3FE2,㿢
3031,U+3FE3,㿣
3032,U+3FE4,㿤
3033,U+3FE5,㿥
3034,U+3FE6,㿦
3035,U+3FE7,㿧
3036,U+3FE8,㿨
3037,U+3FE9,㿩
3038,U+3FEA,㿪
3039,U+3FEB,㿫
3040,U+3FEC,㿬
3041,U+3FED,㿭
3042,U+3FEE,㿮
3043,U+3FEF,㿯
3044,U+3FF0,㿰
3045,U+3FF1,㿱
3046,U+3FF2,㿲
3047,U+3FF3,㿳
3048,U+3FF4,㿴
3049,U+3FF5,㿵
3050,U+3FF6,㿶
3051,U+3FF7,㿷
3052,U+3FF8,㿸
3053,U+3FF9,㿹
3054,U+3FFA,㿺
3055,U+3FFB,㿻
3056,U+3FFC,㿼
3057,U+3FFD,㿽
3058,U+3FFE,㿾
3059,U+3FFF,㿿
3060,U+4000,䀀
3061,U+4001,䀁
3062,U+4002,䀂
3063,U+4003,䀃
3064,U+4004,䀄
3065,U+4005,䀅
3066,U+4006,䀆
3067,U+4007,䀇
3068,U+4008,䀈
3069,U+4009,䀉
3070,U+400A,䀊
3071,U+400B,䀋
3072,U+400C,䀌
3073,U+400D,䀍
3074,U+400E,䀎
3075,U+400F,䀏
3076,U+4010,䀐
3077,U+4011,䀑
3078,U+4012,䀒
3079,U+4013,䀓
3080,U+4014,䀔
3081,U+4015,䀕
3082,U+4016,䀖
3083,U+4017,䀗
3084,U+4018,䀘
3085,U+4019,䀙
3086,U+401A,䀚
3087,U+401B,䀛
3088,U+401C,䀜
3089,U+401D,䀝
3090,U+401E,䀞
3091,U+401F,䀟
3092,U+4020,䀠
3093,U+4021,䀡
3094,U+4022,䀢
3095,U+4023,䀣
3096,U+4024,䀤
3097,U+4025,䀥
3098,U+4026,䀦
3099,U+4027,䀧
3100,U+4028,䀨
3101,U+4029,䀩
3102,U+402A,䀪
3103,U+402B,䀫
3104,U+402C,䀬
3105,U+402D,䀭
3106,U+402E,䀮
3107,U+402F,䀯
3108,U+4030,䀰
3109,U+4031,䀱
3110,U+4032,䀲
3111,U+4033,䀳
3112,U+4034,䀴
3113,U+4035,䀵
3114,U+4036,䀶
3115,U+4037,䀷
3116,U+4038,䀸
3117,U+4039,䀹
3118,U+403A,䀺
3119,U+403B,䀻
3120,U+403C,䀼
3121,U+403D,䀽
3122,U+403E,䀾
3123,U+403F,䀿
3124,U+4040,䁀
3125,U+4041,䁁
3126,U+4042,䁂
3127,U+4043,䁃
3128,U+4044,䁄
3129,U+4045,䁅
3130,U+4046,䁆
3131,U+4047,䁇
3132,U+4048,䁈
3133,U+4049,䁉
3134,U+404A,䁊
3135,U+404B,䁋
3136,U+404C,䁌
3137,U+404D,䁍
3138,U+404E,䁎
3139,U+404F,䁏
3140,U+4050,䁐
3141,U+4051,䁑
3142,U+4052,䁒
3143,U+4053,䁓
3144,U+4054,䁔
3145,U+4055,䁕
3146,U+4056,䁖
3147,U+4057,䁗
3148,U+4058,䁘
3149,U+4059,䁙
3150,U+405A,䁚
3151,U+405B,䁛
3152,U+405C,䁜
3153,U+405D,䁝
3154,U+405E,䁞
3155,U+405F,䁟
3156,U+4060,䁠
3157,U+4061,䁡
3158,U+4062,䁢
3159,U+4063,䁣
3160,U+4064,䁤
3161,U+4065,䁥
3162,U+4066,䁦
3163,U+4067,䁧
3164,U+4068,䁨
3165,U+4069,䁩
3166,U+406A,䁪
3167,U+406B,䁫
3168,U+406C,䁬
3169,U+406D,䁭
3170,U+406E,䁮
3171,U+406F,䁯
3172,U+4070,䁰
3173,U+4071,䁱
3174,U+4072,䁲
3175,U+4073,䁳
3176,U+4074,䁴
3177,U+4075,䁵
3178,U+4076,䁶
3179,U+4077,䁷
3180,U+4078,䁸
3181,U+4079,䁹
3182,U+407A,䁺
3183,U+407B,䁻
3184,U+407C,䁼
3185,U+407D,䁽
3186,U+407E,䁾
3187,U+407F,䁿
3188,U+4080,䂀
3189,U+4081,䂁
3190,U+4082,䂂
3191,U+4083,䂃
3192,U+4084,䂄
3193,U+4085,䂅
3194,U+4086,䂆
3195,U+4087,䂇
3196,U+4088,䂈
3197,U+4089,䂉
3198,U+408A,䂊
3199,U+408B,䂋
3200,U+408C,䂌
3201,U+408D,䂍
3202,U+408E,䂎
3203,U+408F,䂏
3204,U+4090,䂐
3205,U+4091,䂑
3206,U+4092,䂒
3207,U+4093,䂓
3208,U+4094,䂔
3209,U+4095,䂕
3210,U+4096,䂖
3211,U+4097,䂗
3212,U+4098,䂘
3213,U+4099,䂙
3214,U+409A,䂚
3215,U+409B,䂛
3216,U+409C,䂜
3217,U+409D,䂝
3218,U+409E,䂞
3219,U+409F,䂟
3220,U+40A0,䂠
3221,U+40A1,䂡
3222,U+40A2,䂢
3223,U+40A3,䂣
3224,U+40A4,䂤
3225,U+40A5,䂥
3226,U+40A6,䂦
3227,U+40A7,䂧
3228,U+40A8,䂨
3229,U+40A9,䂩
3230,U+40AA,䂪
3231,U+40AB,䂫
3232,U+40AC,䂬
3233,U+40AD,䂭
3234,U+40AE,䂮
3235,U+40AF,䂯
3236,U+40B0,䂰
3237,U+40B1,䂱
3238,U+40B2,䂲
3239,U+40B3,䂳
3240,U+40B4,䂴
3241,U+40B5,䂵
3242,U+40B6,䂶
3243,U+40B7,䂷
3244,U+40B8,䂸
3245,U+40B9,䂹
3246,U+40BA,䂺
3247,U+40BB,䂻
3248,U+40BC,䂼
3249,U+40BD,䂽
3250,U+40BE,䂾
3251,U+40BF,䂿
3252,U+40C0,䃀
3253,U+40C1,䃁
3254,U+40C2,䃂
3255,U+40C3,䃃
3256,U+40C4,䃄
3257,U+40C5,䃅
3258,U+40C6,䃆
3259,U+40C7,䃇
3260,U+40C8,䃈
3261,U+40C9,䃉
3262,U+40CA,䃊
3263,U+40CB,䃋
3264,U+40CC,䃌
3265,U+40CD,䃍
3266,U+40CE,䃎
3267,U+40CF,䃏
3268,U+40D0,䃐
3269,U+40D1,䃑
3270,U+40D2,䃒
3271,U+40D3,䃓
3272,U+40D4,䃔
3273,U+40D5,䃕
3274,U+40D6,䃖
3275,U+40D7,䃗
3276,U+40D8,䃘
3277,U+40D9,䃙
3278,U+40DA,䃚
3279,U+40DB,䃛
3280,U+40DC,䃜
3281,U+40DD,䃝
3282,U+40DE,䃞
3283,U+40DF,䃟
3284,U+40E0,䃠
3285,U+40E1,䃡
3286,U+40E2,䃢
3287,U+40E3,䃣
3288,U+40E4,䃤
3289,U+40E5,䃥
3290,U+40E6,䃦
3291,U+40E7,䃧
3292,U+40E8,䃨
3293,U+40E9,䃩
3294,U+40EA,䃪
3295,U+40EB,䃫
3296,U+40EC,䃬
3297,U+40ED,䃭
3298,U+40EE,䃮
3299,U+40EF,䃯
3300,U+40F0,䃰
3301,U+40F1,䃱
3302,U+40F2,䃲
3303,U+40F3,䃳
3304,U+40F4,䃴
3305,U+40F5,䃵
3306,U+40F6,䃶
3307,U+40F7,䃷
3308,U+40F8,䃸
3309,U+40F9,䃹
3310,U+40FA,䃺
3311,U+40FB,䃻
3312,U+40FC,䃼
3313,U+40FD,䃽
3314,U+40FE,䃾
3315,U+40FF,䃿
3316,U+4100,䄀
3317,U+4101,䄁
3318,U+4102,䄂
3319,U+4103,䄃
3320,U+4104,䄄
3321,U+4105,䄅
3322,U+4106,䄆
3323,U+4107,䄇
3324,U+4108,䄈
3325,U+4109,䄉
3326,U+410A,䄊
3327,U+410B,䄋
3328,U+410C,䄌
3329,U+410D,䄍
3330,U+410E,䄎
3331,U+410F,䄏
3332,U+4110,䄐
3333,U+4111,䄑
3334,U+4112,䄒
3335,U+4113,䄓
3336,U+4114,䄔
3337,U+4115,䄕
3338,U+4116,䄖
3339,U+4117,䄗
3340,U+4118,䄘
3341,U+4119,䄙
3342,U+411A,䄚
3343,U+411B,䄛
3344,U+411C,䄜
3345,U+411D,䄝
3346,U+411E,䄞
3347,U+411F,䄟
3348,U+4120,䄠
3349,U+4121,䄡
3350,U+4122,䄢
3351,U+4123,䄣
3352,U+4124,䄤
3353,U+4125,䄥
3354,U+4126,䄦
3355,U+4127,䄧
3356,U+4128,䄨
3357,U+4129,䄩
3358,U+412A,䄪
3359,U+412B,䄫
3360,U+412C,䄬
3361,U+412D,䄭
3362,U+412E,䄮
3363,U+412F,䄯
3364,U+4130,䄰
3365,U+4131,䄱
3366,U+4132,䄲
3367,U+4133,䄳
3368,U+4134,䄴
3369,U+4135,䄵
3370,U+4136,䄶
3371,U+4137,䄷
3372,U+4138,䄸
3373,U+4139,䄹
3374,U+413A,䄺
3375,U+413B,䄻
3376,U+413C,䄼
3377,U+413D,䄽
3378,U+413E,䄾
3379,U+413F,䄿
3380,U+4140,䅀
3381,U+4141,䅁
3382,U+4142,䅂
3383,U+4143,䅃
3384,U+4144,䅄
3385,U+4145,䅅
3386,U+4146,䅆
3387,U+4147,䅇
3388,U+4148,䅈
3389,U+4149,䅉
3390,U+414A,䅊
3391,U+414B,䅋
3392,U+414C,䅌
3393,U+414D,䅍
3394,U+414E,䅎
3395,U+414F,䅏
3396,U+4150,䅐
3397,U+4151,䅑
3398,U+4152,䅒
3399,U+4153,䅓
3400,U+4154,䅔
3401,U+4155,䅕
3402,U+4156,䅖
3403,U+4157,䅗
3404,U+4158,䅘
3405,U+4159,䅙
3406,U+415A,䅚
3407,U+415B,䅛
3408,U+415C,䅜
3409,U+415D,䅝
3410,U+415E,䅞
3411,U+415F,䅟
3412,U+4160,䅠
3413,U+4161,䅡
3414,U+4162,䅢
3415,U+4163,䅣
3416,U+4164,䅤
3417,U+4165,䅥
3418,U+4166,䅦
3419,U+4167,䅧
3420,U+4168,䅨
3421,U+4169,䅩
3422,U+416A,䅪
3423,U+416B,䅫
3424,U+416C,䅬
3425,U+416D,䅭
3426,U+416E,䅮
3427,U+416F,䅯
3428,U+4170,䅰
3429,U+4171,䅱
3430,U+4172,䅲
3431,U+4173,䅳
3432,U+4174,䅴
3433,U+4175,䅵
3434,U+4176,䅶
3435,U+4177,䅷
3436,U+4178,䅸
3437,U+4179,䅹
3438,U+417A,䅺
3439,U+417B,䅻
3440,U+417C,䅼
3441,U+417D,䅽
3442,U+417E,䅾
3443,U+417F,䅿
3444,U+4180,䆀
3445,U+4181,䆁
3446,U+4182,䆂
3447,U+4183,䆃
3448,U+4184,䆄
3449,U+4185,䆅
3450,U+4186,䆆
3451,U+4187,䆇
3452,U+4188,䆈
3453,U+4189,䆉
3454,U+418A,䆊
3455,U+418B,䆋
3456,U+418C,䆌
3457,U+418D,䆍
3458,U+418E,䆎
3459,U+418F,䆏
3460,U+4190,䆐
3461,U+4191,䆑
3462,U+4192,䆒
3463,U+4193,䆓
3464,U+4194,䆔
3465,U+4195,䆕
3466,U+4196,䆖
3467,U+4197,䆗
3468,U+4198,䆘
3469,U+4199,䆙
3470,U+419A,䆚
3471,U+419B,䆛
3472,U+419C,䆜
3473,U+419D,䆝
3474,U+419E,䆞
3475,U+419F,䆟
3476,U+41A0,䆠
3477,U+41A1,䆡
3478,U+41A2,䆢
3479,U+41A3,䆣
3480,U+41A4,䆤
3481,U+41A5,䆥
3482,U+41A6,䆦
3483,U+41A7,䆧
3484,U+41A8,䆨
3485,U+41A9,䆩
3486,U+41AA,䆪
3487,U+41AB,䆫
3488,U+41AC,䆬
3489,U+41AD,䆭
3490,U+41AE,䆮
3491,U+41AF,䆯
3492,U+41B0,䆰
3493,U+41B1,䆱
3494,U+41B2,䆲
3495,U+41B3,䆳
3496,U+41B4,䆴
3497,U+41B5,䆵
3498,U+41B6,䆶
3499,U+41B7,䆷
3500,U+41B8,䆸
3501,U+41B9,䆹
3502,U+41BA,䆺
3503,U+41BB,䆻
3504,U+41BC,䆼
3505,U+41BD,䆽
3506,U+41BE,䆾
3507,U+41BF,䆿
3508,U+41C0,䇀
3509,U+41C1,䇁
3510,U+41C2,䇂
3511,U+41C3,䇃
3512,U+41C4,䇄
3513,U+41C5,䇅
3514,U+41C6,䇆
3515,U+41C7,䇇
3516,U+41C8,䇈
3517,U+41C9,䇉
3518,U+41CA,䇊
3519,U+41CB,䇋
3520,U+41CC,䇌
3521,U+41CD,䇍
3522,U+41CE,䇎
3523,U+41CF,䇏
3524,U+41D0,䇐
3525,U+41D1,䇑
3526,U+41D2,䇒
3527,U+41D3,䇓
3528,U+41D4,䇔
3529,U+41D5,䇕
3530,U+41D6,䇖
3531,U+41D7,䇗
3532,U+41D8,䇘
3533,U+41D9,䇙
3534,U+41DA,䇚
3535,U+41DB,䇛
3536,U+41DC,䇜
3537,U+41DD,䇝
3538,U+41DE,䇞
3539,U+41DF,䇟
3540,U+41E0,䇠
3541,U+41E1,䇡
3542,U+41E2,䇢
3543,U+41E3,䇣
3544,U+41E4,䇤
3545,U+41E5,䇥
3546,U+41E6,䇦
3547,U+41E7,䇧
3548,U+41E8,䇨
3549,U+41E9,䇩
3550,U+41EA,䇪
3551,U+41EB,䇫
3552,U+41EC,䇬
3553,U+41ED,䇭
3554,U+41EE,䇮
3555,U+41EF,䇯
3556,U+41F0,䇰
3557,U+41F1,䇱
3558,U+41F2,䇲
3559,U+41F3,䇳
3560,U+41F4,䇴
3561,U+41F5,䇵
3562,U+41F6,䇶
3563,U+41F7,䇷
3564,U+41F8,䇸
3565,U+41F9,䇹
3566,U+41FA,䇺
3567,U+41FB,䇻
3568,U+41FC,䇼
3569,U+41FD,䇽
3570,U+41FE,䇾
3571,U+41FF,䇿
3572,U+4200,䈀
3573,U+4201,䈁
3574,U+4202,䈂
3575,U+4203,䈃
3576,U+4204,䈄
3577,U+4205,䈅
3578,U+4206,䈆
3579,U+4207,䈇
3580,U+4208,䈈
3581,U+4209,䈉
3582,U+420A,䈊
3583,U+420B,䈋
3584,U+420C,䈌
3585,U+420D,䈍
3586,U+420E,䈎
3587,U+420F,䈏
3588,U+4210,䈐
3589,U+4211,䈑
3590,U+4212,䈒
3591,U+4213,䈓
3592,U+4214,䈔
3593,U+4215,䈕
3594,U+4216,䈖
3595,U+4217,䈗
3596,U+4218,䈘
3597,U+4219,䈙
3598,U+421A,䈚
3599,U+421B,䈛
3600,U+421C,䈜
3601,U+421D,䈝
3602,U+421E,䈞
3603,U+421F,䈟
3604,U+4220,䈠
3605,U+4221,䈡
3606,U+4222,䈢
3607,U+4223,䈣
3608,U+4224,䈤
3609,U+4225,䈥
3610,U+4226,䈦
3611,U+4227,䈧
3612,U+4228,䈨
3613,U+4229,䈩
3614,U+422A,䈪
3615,U+422B,䈫
3616,U+422C,䈬
3617,U+422D,䈭
3618,U+422E,䈮
3619,U+422F,䈯
3620,U+4230,䈰
3621,U+4231,䈱
3622,U+4232,䈲
3623,U+4233,䈳
3624,U+4234,䈴
3625,U+4235,䈵
3626,U+4236,䈶
3627,U+4237,䈷
3628,U+4238,䈸
3629,U+4239,䈹
3630,U+423A,䈺
3631,U+423B,䈻
3632,U+423C,䈼
3633,U+423D,䈽
3634,U+423E,䈾
3635,U+423F,䈿
3636,U+4240,䉀
3637,U+4241,䉁
3638,U+4242,䉂
3639,U+4243,䉃
3640,U+4244,䉄
3641,U+4245,䉅
3642,U+4246,䉆
3643,U+4247,䉇
3644,U+4248,䉈
3645,U+4249,䉉
3646,U+424A,䉊
3647,U+424B,䉋
3648,U+424C,䉌
3649,U+424D,䉍
3650,U+424E,䉎
3651,U+424F,䉏
3652,U+4250,䉐
3653,U+4251,䉑
3654,U+4252,䉒
3655,U+4253,䉓
3656,U+4254,䉔
3657,U+4255,䉕
3658,U+4256,䉖
3659,U+4257,䉗
3660,U+4258,䉘
3661,U+4259,䉙
3662,U+425A,䉚
3663,U+425B,䉛
3664,U+425C,䉜
3665,U+425D,䉝
3666,U+425E,䉞
3667,U+425F,䉟
3668,U+4260,䉠
3669,U+4261,䉡
3670,U+4262,䉢
3671,U+4263,䉣
3672,U+4264,䉤
3673,U+4265,䉥
3674,U+4266,䉦
3675,U+4267,䉧
3676,U+4268,䉨
3677,U+4269,䉩
3678,U+426A,䉪
3679,U+426B,䉫
3680,U+426C,䉬
3681,U+426D,䉭
3682,U+426E,䉮
3683,U+426F,䉯
3684,U+4270,䉰
3685,U+4271,䉱
3686,U+4272,䉲
3687,U+4273,䉳
3688,U+4274,䉴
3689,U+4275,䉵
3690,U+4276,䉶
3691,U+4277,䉷
3692,U+4278,䉸
3693,U+4279,䉹
3694,U+427A,䉺
3695,U+427B,䉻
3696,U+427C,䉼
3697,U+427D,䉽
3698,U+427E,䉾
3699,U+427F,䉿
3700,U+4280,䊀
3701,U+4281,䊁
3702,U+4282,䊂
3703,U+4283,䊃
3704,U+4284,䊄
3705,U+4285,䊅
3706,U+4286,䊆
3707,U+4287,䊇
3708,U+4288,䊈
3709,U+4289,䊉
3710,U+428A,䊊
3711,U+428B,䊋
3712,U+428C,䊌
3713,U+428D,䊍
3714,U+428E,䊎
3715,U+428F,䊏
3716,U+4290,䊐
3717,U+4291,䊑
3718,U+4292,䊒
3719,U+4293,䊓
3720,U+4294,䊔
3721,U+4295,䊕
3722,U+4296,䊖
3723,U+4297,䊗
3724,U+4298,䊘
3725,U+4299,䊙
3726,U+429A,䊚
3727,U+429B,䊛
3728,U+429C,䊜
3729,U+429D,䊝
3730,U+429E,䊞
3731,U+429F,䊟
3732,U+42A0,䊠
3733,U+42A1,䊡
3734,U+42A2,䊢
3735,U+42A3,䊣
3736,U+42A4,䊤
3737,U+42A5,䊥
3738,U+42A6,䊦
3739,U+42A7,䊧
3740,U+42A8,䊨
3741,U+42A9,䊩
3742,U+42AA,䊪
3743,U+42AB,䊫
3744,U+42AC,䊬
3745,U+42AD,䊭
3746,U+42AE,䊮
3747,U+42AF,䊯
3748,U+42B0,䊰
3749,U+42B1,䊱
3750,U+42B2,䊲
3751,U+42B3,䊳
3752,U+42B4,䊴
3753,U+42B5,䊵
3754,U+42B6,䊶
3755,U+42B7,䊷
3756,U+42B8,䊸
3757,U+42B9,䊹
3758,U+42BA,䊺
3759,U+42BB,䊻
3760,U+42BC,䊼
3761,U+42BD,䊽
3762,U+42BE,䊾
3763,U+42BF,䊿
3764,U+42C0,䋀
3765,U+42C1,䋁
3766,U+42C2,䋂
3767,U+42C3,䋃
3768,U+42C4,䋄
3769,U+42C5,䋅
3770,U+42C6,䋆
3771,U+42C7,䋇
3772,U+42C8,䋈
3773,U+42C9,䋉
3774,U+42CA,䋊
3775,U+42CB,䋋
3776,U+42CC,䋌
3777,U+42CD,䋍
3778,U+42CE,䋎
3779,U+42CF,䋏
3780,U+42D0,䋐
3781,U+42D1,䋑
3782,U+42D2,䋒
3783,U+42D3,䋓
3784,U+42D4,䋔
3785,U+42D5,䋕
3786,U+42D6,䋖
3787,U+42D7,䋗
3788,U+42D8,䋘
3789,U+42D9,䋙
3790,U+42DA,䋚
3791,U+42DB,䋛
3792,U+42DC,䋜
3793,U+42DD,䋝
3794,U+42DE,䋞
3795,U+42DF,䋟
3796,U+42E0,䋠
3797,U+42E1,䋡
3798,U+42E2,䋢
3799,U+42E3,䋣
3800,U+42E4,䋤
3801,U+42E5,䋥
3802,U+42E6,䋦
3803,U+42E7,䋧
3804,U+42E8,䋨
3805,U+42E9,䋩
3806,U+42EA,䋪
3807,U+42EB,䋫
3808,U+42EC,䋬
3809,U+42ED,䋭
3810,U+42EE,䋮
3811,U+42EF,䋯
3812,U+42F0,䋰
3813,U+42F1,䋱
3814,U+42F2,䋲
3815,U+42F3,䋳
3816,U+42F4,䋴
3817,U+42F5,䋵
3818,U+42F6,䋶
3819,U+42F7,䋷
3820,U+42F8,䋸
3821,U+42F9,䋹
3822,U+42FA,䋺
3823,U+42FB,䋻
3824,U+42FC,䋼
3825,U+42FD,䋽
3826,U+42FE,䋾
3827,U+42FF,䋿
3828,U+4300,䌀
3829,U+4301,䌁
3830,U+4302,䌂
3831,U+4303,䌃
3832,U+4304,䌄
3833,U+4305,䌅
3834,U+4306,䌆
3835,U+4307,䌇
3836,U+4308,䌈
3837,U+4309,䌉
3838,U+430A,䌊
3839,U+430B,䌋
3840,U+430C,䌌
3841,U+430D,䌍
3842,U+430E,䌎
3843,U+430F,䌏
3844,U+4310,䌐
3845,U+4311,䌑
3846,U+4312,䌒
3847,U+4313,䌓
3848,U+4314,䌔
3849,U+4315,䌕
3850,U+4316,䌖
3851,U+4317,䌗
3852,U+4318,䌘
3853,U+4319,䌙
3854,U+431A,䌚
3855,U+431B,䌛
3856,U+431C,䌜
3857,U+431D,䌝
3858,U+431E,䌞
3859,U+431F,䌟
3860,U+4320,䌠
3861,U+4321,䌡
3862,U+4322,䌢
3863,U+4323,䌣
3864,U+4324,䌤
3865,U+4325,䌥
3866,U+4326,䌦
3867,U+4327,䌧
3868,U+4328,䌨
3869,U+4329,䌩
3870,U+432A,䌪
3871,U+432B,䌫
3872,U+432C,䌬
3873,U+432D,䌭
3874,U+432E,䌮
3875,U+432F,䌯
3876,U+4330,䌰
3877,U+4331,䌱
3878,U+4332,䌲
3879,U+4333,䌳
3880,U+4334,䌴
3881,U+4335,䌵
3882,U+4336,䌶
3883,U+4337,䌷
3884,U+4338,䌸
3885,U+4339,䌹
3886,U+433A,䌺
3887,U+433B,䌻
3888,U+433C,䌼
3889,U+433D,䌽
3890,U+433E,䌾
3891,U+433F,䌿
3892,U+4340,䍀
3893,U+4341,䍁
3894,U+4342,䍂
3895,U+4343,䍃
3896,U+4344,䍄
3897,U+4345,䍅
3898,U+4346,䍆
3899,U+4347,䍇
3900,U+4348,䍈
3901,U+4349,䍉
3902,U+434A,䍊
3903,U+434B,䍋
3904,U+434C,䍌
3905,U+434D,䍍
3906,U+434E,䍎
3907,U+4350,䍐
3908,U+4351,䍑
3909,U+4352,䍒
3910,U+4353,䍓
3911,U+4354,䍔
3912,U+4355,䍕
3913,U+4356,䍖
3914,U+4357,䍗
3915,U+4358,䍘
3916,U+4359,䍙
3917,U+435A,䍚
3918,U+435B,䍛
3919,U+435C,䍜
3920,U+435D,䍝
3921,U+435E,䍞
3922,U+435F,䍟
3923,U+4360,䍠
3924,U+4361,䍡
3925,U+4362,䍢
3926,U+4363,䍣
3927,U+4364,䍤
3928,U+4365,䍥
3929,U+4366,䍦
3930,U+4367,䍧
3931,U+4368,䍨
3932,U+4369,䍩
3933,U+436A,䍪
3934,U+436B,䍫
3935,U+436C,䍬
3936,U+436D,䍭
3937,U+436E,䍮
3938,U+436F,䍯
3939,U+4370,䍰
3940,U+4371,䍱
3941,U+4372,䍲
3942,U+4373,䍳
3943,U+4374,䍴
3944,U+4375,䍵
3945,U+4376,䍶
3946,U+4377,䍷
3947,U+4378,䍸
3948,U+4379,䍹
3949,U+437A,䍺
3950,U+437B,䍻
3951,U+437C,䍼
3952,U+437D,䍽
3953,U+437E,䍾
3954,U+437F,䍿
3955,U+4380,䎀
3956,U+4381,䎁
3957,U+4382,䎂
3958,U+4383,䎃
3959,U+4384,䎄
3960,U+4385,䎅
3961,U+4386,䎆
3962,U+4387,䎇
3963,U+4388,䎈
3964,U+4389,䎉
3965,U+438A,䎊
3966,U+438B,䎋
3967,U+438C,䎌
3968,U+438D,䎍
3969,U+438E,䎎
3970,U+438F,䎏
3971,U+4390,䎐
3972,U+4391,䎑
3973,U+4392,䎒
3974,U+4393,䎓
3975,U+4394,䎔
3976,U+4395,䎕
3977,U+4396,䎖
3978,U+4397,䎗
3979,U+4398,䎘
3980,U+4399,䎙
3981,U+439A,䎚
3982,U+439B,䎛
3983,U+439C,䎜
3984,U+439D,䎝
3985,U+439E,䎞
3986,U+439F,䎟
3987,U+43A0,䎠
3988,U+43A1,䎡
3989,U+43A2,䎢
3990,U+43A3,䎣
3991,U+43A4,䎤
3992,U+43A5,䎥
3993,U+43A6,䎦
3994,U+43A7,䎧
3995,U+43A8,䎨
3996,U+43A9,䎩
3997,U+43AA,䎪
3998,U+43AB,䎫
3999,U+43AC,䎬
4000,U+43AD,䎭
4001,U+43AE,䎮
4002,U+43AF,䎯
4003,U+43B0,䎰
4004,U+43B1,䎱
4005,U+43B2,䎲
4006,U+43B3,䎳
4007,U+43B4,䎴
4008,U+43B5,䎵
4009,U+43B6,䎶
4010,U+43B7,䎷
4011,U+43B8,䎸
4012,U+43B9,䎹
4013,U+43BA,䎺
4014,U+43BB,䎻
4015,U+43BC,䎼
4016,U+43BD,䎽
4017,U+43BE,䎾
4018,U+43BF,䎿
4019,U+43C0,䏀
4020,U+43C1,䏁
4021,U+43C2,䏂
4022,U+43C3,䏃
4023,U+43C4,䏄
4024,U+43C5,䏅
4025,U+43C6,䏆
4026,U+43C7,䏇
4027,U+43C8,䏈
4028,U+43C9,䏉
4029,U+43CA,䏊
4030,U+43CB,䏋
4031,U+43CC,䏌
4032,U+43CD,䏍
4033,U+43CE,䏎
4034,U+43CF,䏏
4035,U+43D0,䏐
4036,U+43D1,䏑
4037,U+43D2,䏒
4038,U+43D3,䏓
4039,U+43D4,䏔
4040,U+43D5,䏕
4041,U+43D6,䏖
4042,U+43D7,䏗
4043,U+43D8,䏘
4044,U+43D9,䏙
4045,U+43DA,䏚
4046,U+43DB,䏛
4047,U+43DC,䏜
4048,U+43DD,䏝
4049,U+43DE,䏞
4050,U+43DF,䏟
4051,U+43E0,䏠
4052,U+43E1,䏡
4053,U+43E2,䏢
4054,U+43E3,䏣
4055,U+43E5,䏥
4056,U+43E6,䏦
4057,U+43E7,䏧
4058,U+43E8,䏨
4059,U+43E9,䏩
4060,U+43EA,䏪
4061,U+43EB,䏫
4062,U+43EC,䏬
4063,U+43ED,䏭
4064,U+43EE,䏮
4065,U+43EF,䏯
4066,U+43F0,䏰
4067,U+43F1,䏱
4068,U+43F2,䏲
4069,U+43F3,䏳
4070,U+43F4,䏴
4071,U+43F5,䏵
4072,U+43F6,䏶
4073,U+43F7,䏷
4074,U+43F8,䏸
4075,U+43F9,䏹
4076,U+43FA,䏺
4077,U+43FB,䏻
4078,U+43FC,䏼
4079,U+43FD,䏽
4080,U+43FE,䏾
4081,U+43FF,䏿
4082,U+4400,䐀
4083,U+4401,䐁
4084,U+4402,䐂
4085,U+4403,䐃
4086,U+4404,䐄
4087,U+4405,䐅
4088,U+4406,䐆
4089,U+4407,䐇
4090,U+4408,䐈
4091,U+4409,䐉
4092,U+440A,䐊
4093,U+440B,䐋
4094,U+440C,䐌
4095,U+440D,䐍
4096,U+440E,䐎
4097,U+440F,䐏
4098,U+4410,䐐
4099,U+4411,䐑
4100,U+4412,䐒
4101,U+4413,䐓
4102,U+4414,䐔
4103,U+4415,䐕
4104,U+4416,䐖
4105,U+4417,䐗
4106,U+4418,䐘
4107,U+4419,䐙
4108,U+441A,䐚
4109,U+441B,䐛
4110,U+441C,䐜
4111,U+441D,䐝
4112,U+441E,䐞
4113,U+441F,䐟
4114,U+4420,䐠
4115,U+4421,䐡
4116,U+4422,䐢
4117,U+4423,䐣
4118,U+4424,䐤
4119,U+4425,䐥
4120,U+4426,䐦
4121,U+4427,䐧
4122,U+4428,䐨
4123,U+4429,䐩
4124,U+442A,䐪
4125,U+442B,䐫
4126,U+442C,䐬
4127,U+442D,䐭
4128,U+442E,䐮
4129,U+442F,䐯
4130,U+4430,䐰
4131,U+4431,䐱
4132,U+4432,䐲
4133,U+4433,䐳
4134,U+4434,䐴
4135,U+4435,䐵
4136,U+4436,䐶
4137,U+4437,䐷
4138,U+4438,䐸
4139,U+4439,䐹
4140,U+443A,䐺
4141,U+443B,䐻
4142,U+443C,䐼
4143,U+443D,䐽
4144,U+443E,䐾
4145,U+443F,䐿
4146,U+4440,䑀
4147,U+4441,䑁
4148,U+4442,䑂
4149,U+4443,䑃
4150,U+4444,䑄
4151,U+4445,䑅
4152,U+4446,䑆
4153,U+4447,䑇
4154,U+4448,䑈
4155,U+4449,䑉
4156,U+444A,䑊
4157,U+444B,䑋
4158,U+444C,䑌
4159,U+444D,䑍
4160,U+444E,䑎
4161,U+444F,䑏
4162,U+4450,䑐
4163,U+4451,䑑
4164,U+4452,䑒
4165,U+4453,䑓
4166,U+4454,䑔
4167,U+4455,䑕
4168,U+4456,䑖
4169,U+4457,䑗
4170,U+4458,䑘
4171,U+4459,䑙
4172,U+445A,䑚
4173,U+445B,䑛
4174,U+445C,䑜
4175,U+445D,䑝
4176,U+445E,䑞
4177,U+445F,䑟
4178,U+4460,䑠
4179,U+4461,䑡
4180,U+4462,䑢
4181,U+4463,䑣
4182,U+4464,䑤
4183,U+4465,䑥
4184,U+4466,䑦
4185,U+4467,䑧
4186,U+4468,䑨
4187,U+4469,䑩
4188,U+446A,䑪
4189,U+446B,䑫
4190,U+446C,䑬
4191,U+446D,䑭
4192,U+446E,䑮
4193,U+446F,䑯
4194,U+4470,䑰
4195,U+4471,䑱
4196,U+4472,䑲
4197,U+4473,䑳
4198,U+4474,䑴
4199,U+4475,䑵
4200,U+4476,䑶
4201,U+4477,䑷
4202,U+4478,䑸
4203,U+4479,䑹
4204,U+447A,䑺
4205,U+447B,䑻
4206,U+447C,䑼
4207,U+447D,䑽
4208,U+447E,䑾
4209,U+447F,䑿
4210,U+4480,䒀
4211,U+4481,䒁
4212,U+4482,䒂
4213,U+4483,䒃
4214,U+4484,䒄
4215,U+4485,䒅
4216,U+4486,䒆
4217,U+4487,䒇
4218,U+4488,䒈
4219,U+4489,䒉
4220,U+448A,䒊
4221,U+448B,䒋
4222,U+448C,䒌
4223,U+448D,䒍
4224,U+448E,䒎
4225,U+448F,䒏
4226,U+4490,䒐
4227,U+4491,䒑
4228,U+4492,䒒
4229,U+4493,䒓
4230,U+4494,䒔
4231,U+4495,䒕
4232,U+4496,䒖
4233,U+4497,䒗
4234,U+4498,䒘
4235,U+4499,䒙
4236,U+449A,䒚
4237,U+449B,䒛
4238,U+449C,䒜
4239,U+449D,䒝
4240,U+449E,䒞
4241,U+449F,䒟
4242,U+44A0,䒠
4243,U+44A1,䒡
4244,U+44A2,䒢
4245,U+44A3,䒣
4246,U+44A4,䒤
4247,U+44A5,䒥
4248,U+44A6,䒦
4249,U+44A7,䒧
4250,U+44A8,䒨
4251,U+44A9,䒩
4252,U+44AA,䒪
4253,U+44AB,䒫
4254,U+44AC,䒬
4255,U+44AD,䒭
4256,U+44AE,䒮
4257,U+44AF,䒯
4258,U+44B0,䒰
4259,U+44B1,䒱
4260,U+44B2,䒲
4261,U+44B3,䒳
4262,U+44B4,䒴
4263,U+44B5,䒵
4264,U+44B6,䒶
4265,U+44B7,䒷
4266,U+44B8,䒸
4267,U+44B9,䒹
4268,U+44BA,䒺
4269,U+44BB,䒻
4270,U+44BC,䒼
4271,U+44BD,䒽
4272,U+44BE,䒾
4273,U+44BF,䒿
4274,U+44C0,䓀
4275,U+44C1,䓁
4276,U+44C2,䓂
4277,U+44C3,䓃
4278,U+44C4,䓄
4279,U+44C5,䓅
4280,U+44C6,䓆
4281,U+44C7,䓇
4282,U+44C8,䓈
4283,U+44C9,䓉
4284,U+44CA,䓊
4285,U+44CB,䓋
4286,U+44CC,䓌
4287,U+44CD,䓍
4288,U+44CE,䓎
4289,U+44CF,䓏
4290,U+44D0,䓐
4291,U+44D1,䓑
4292,U+44D2,䓒
4293,U+44D3,䓓
4294,U+44D4,䓔
4295,U+44D5,䓕
4296,U+44D6,䓖
4297,U+44D7,䓗
4298,U+44D8,䓘
4299,U+44D9,䓙
4300,U+44DA,䓚
4301,U+44DB,䓛
4302,U+44DC,䓜
4303,U+44DD,䓝
4304,U+44DE,䓞
4305,U+44DF,䓟
4306,U+44E0,䓠
4307,U+44E1,䓡
4308,U+44E2,䓢
4309,U+44E3,䓣
4310,U+44E4,䓤
4311,U+44E5,䓥
4312,U+44E6,䓦
4313,U+44E7,䓧
4314,U+44E8,䓨
4315,U+44E9,䓩
4316,U+44EA,䓪
4317,U+44EB,䓫
4318,U+44EC,䓬
4319,U+44ED,䓭
4320,U+44EE,䓮
4321,U+44EF,䓯
4322,U+44F0,䓰
4323,U+44F1,䓱
4324,U+44F2,䓲
4325,U+44F3,䓳
4326,U+44F4,䓴
4327,U+44F5,䓵
4328,U+44F6,䓶
4329,U+44F7,䓷
4330,U+44F8,䓸
4331,U+44F9,䓹
4332,U+44FA,䓺
4333,U+44FB,䓻
4334,U+44FC,䓼
4335,U+44FD,䓽
4336,U+44FE,䓾
4337,U+44FF,䓿
4338,U+4500,䔀
4339,U+4501,䔁
4340,U+4502,䔂
4341,U+4503,䔃
4342,U+4504,䔄
4343,U+4505,䔅
4344,U+4506,䔆
4345,U+4507,䔇
4346,U+4508,䔈
4347,U+4509,䔉
4348,U+450A,䔊
4349,U+450B,䔋
4350,U+450C,䔌
4351,U+450D,䔍
4352,U+450E,䔎
4353,U+450F,䔏
4354,U+4510,䔐
4355,U+4511,䔑
4356,U+4512,䔒
4357,U+4513,䔓
4358,U+4514,䔔
4359,U+4515,䔕
4360,U+4516,䔖
4361,U+4517,䔗
4362,U+4518,䔘
4363,U+4519,䔙
4364,U+451A,䔚
4365,U+451B,䔛
4366,U+451C,䔜
4367,U+451D,䔝
4368,U+451E,䔞
4369,U+451F,䔟
4370,U+4520,䔠
4371,U+4521,䔡
4372,U+4522,䔢
4373,U+4523,䔣
4374,U+4524,䔤
4375,U+4525,䔥
4376,U+4526,䔦
4377,U+4527,䔧
4378,U+4528,䔨
4379,U+4529,䔩
4380,U+452A,䔪
4381,U+452B,䔫
4382,U+452C,䔬
4383,U+452D,䔭
4384,U+452E,䔮
4385,U+452F,䔯
4386,U+4530,䔰
4387,U+4531,䔱
4388,U+4532,䔲
4389,U+4533,䔳
4390,U+4534,䔴
4391,U+4535,䔵
4392,U+4536,䔶
4393,U+4537,䔷
4394,U+4538,䔸
4395,U+4539,䔹
4396,U+453A,䔺
4397,U+453B,䔻
4398,U+453C,䔼
4399,U+453D,䔽
4400,U+453E,䔾
4401,U+453F,䔿
4402,U+4540,䕀
4403,U+4541,䕁
4404,U+4542,䕂
4405,U+4543,䕃
4406,U+4544,䕄
4407,U+4545,䕅
4408,U+4546,䕆
4409,U+4547,䕇
4410,U+4548,䕈
4411,U+4549,䕉
4412,U+454A,䕊
4413,U+454B,䕋
4414,U+454C,䕌
4415,U+454D,䕍
4416,U+454E,䕎
4417,U+454F,䕏
4418,U+4550,䕐
4419,U+4551,䕑
4420,U+4552,䕒
4421,U+4553,䕓
4422,U+4554,䕔
4423,U+4555,䕕
4424,U+4556,䕖
4425,U+4557,䕗
4426,U+4558,䕘
4427,U+4559,䕙
4428,U+455A,䕚
4429,U+455B,䕛
4430,U+455C,䕜
4431,U+455D,䕝
4432,U+455E,䕞
4433,U+455F,䕟
4434,U+4560,䕠
4435,U+4561,䕡
4436,U+4562,䕢
4437,U+4563,䕣
4438,U+4564,䕤
4439,U+4565,䕥
4440,U+4566,䕦
4441,U+4567,䕧
4442,U+4568,䕨
4443,U+4569,䕩
4444,U+456A,䕪
4445,U+456B,䕫
4446,U+456C,䕬
4447,U+456D,䕭
4448,U+456E,䕮
4449,U+456F,䕯
4450,U+4570,䕰
4451,U+4571,䕱
4452,U+4572,䕲
4453,U+4573,䕳
4454,U+4574,䕴
4455,U+4575,䕵
4456,U+4576,䕶
4457,U+4577,䕷
4458,U+4578,䕸
4459,U+4579,䕹
4460,U+457A,䕺
4461,U+457B,䕻
4462,U+457C,䕼
4463,U+457D,䕽
4464,U+457E,䕾
4465,U+457F,䕿
4466,U+4580,䖀
4467,U+4581,䖁
4468,U+4582,䖂
4469,U+4583,䖃
4470,U+4584,䖄
4471,U+4585,䖅
4472,U+4586,䖆
4473,U+4587,䖇
4474,U+4588,䖈
4475,U+4589,䖉
4476,U+458A,䖊
4477,U+458B,䖋
4478,U+458C,䖌
4479,U+458D,䖍
4480,U+458E,䖎
4481,U+458F,䖏
4482,U+4590,䖐
4483,U+4591,䖑
4484,U+4592,䖒
4485,U+4593,䖓
4486,U+4594,䖔
4487,U+4595,䖕
4488,U+4596,䖖
4489,U+4597,䖗
4490,U+4598,䖘
4491,U+4599,䖙
4492,U+459A,䖚
4493,U+459B,䖛
4494,U+459C,䖜
4495,U+459D,䖝
4496,U+459E,䖞
4497,U+459F,䖟
4498,U+45A0,䖠
4499,U+45A1,䖡
4500,U+45A2,䖢
4501,U+45A3,䖣
4502,U+45A4,䖤
4503,U+45A5,䖥
4504,U+45A6,䖦
4505,U+45A7,䖧
4506,U+45A8,䖨
4507,U+45A9,䖩
4508,U+45AA,䖪
4509,U+45AB,䖫
4510,U+45AC,䖬
4511,U+45AD,䖭
4512,U+45AE,䖮
4513,U+45AF,䖯
4514,U+45B0,䖰
4515,U+45B1,䖱
4516,U+45B2,䖲
4517,U+45B3,䖳
4518,U+45B4,䖴
4519,U+45B5,䖵
4520,U+45B6,䖶
4521,U+45B7,䖷
4522,U+45B8,䖸
4523,U+45B9,䖹
4524,U+45BA,䖺
4525,U+45BB,䖻
4526,U+45BC,䖼
4527,U+45BD,䖽
4528,U+45BE,䖾
4529,U+45BF,䖿
4530,U+45C0,䗀
4531,U+45C1,䗁
4532,U+45C2,䗂
4533,U+45C3,䗃
4534,U+45C4,䗄
4535,U+45C5,䗅
4536,U+45C6,䗆
4537,U+45C7,䗇
4538,U+45C8,䗈
4539,U+45C9,䗉
4540,U+45CA,䗊
4541,U+45CB,䗋
4542,U+45CC,䗌
4543,U+45CD,䗍
4544,U+45CE,䗎
4545,U+45CF,䗏
4546,U+45D0,䗐
4547,U+45D1,䗑
4548,U+45D2,䗒
4549,U+45D3,䗓
4550,U+45D4,䗔
4551,U+45D5,䗕
4552,U+45D6,䗖
4553,U+45D7,䗗
4554,U+45D8,䗘
4555,U+45D9,䗙
4556,U+45DA,䗚
4557,U+45DB,䗛
4558,U+45DC,䗜
4559,U+45DD,䗝
4560,U+45DE,䗞
4561,U+45DF,䗟
4562,U+45E0,䗠
4563,U+45E1,䗡
4564,U+45E2,䗢
4565,U+45E3,䗣
4566,U+45E4,䗤
4567,U+45E5,䗥
4568,U+45E6,䗦
4569,U+45E7,䗧
4570,U+45E8,䗨
4571,U+45E9,䗩
4572,U+45EA,䗪
4573,U+45EB,䗫
4574,U+45EC,䗬
4575,U+45ED,䗭
4576,U+45EE,䗮
4577,U+45EF,䗯
4578,U+45F0,䗰
4579,U+45F1,䗱
4580,U+45F2,䗲
4581,U+45F3,䗳
4582,U+45F4,䗴
4583,U+45F5,䗵
4584,U+45F6,䗶
4585,U+45F7,䗷
4586,U+45F8,䗸
4587,U+45F9,䗹
4588,U+45FA,䗺
4589,U+45FB,䗻
4590,U+45FC,䗼
4591,U+45FD,䗽
4592,U+45FE,䗾
4593,U+45FF,䗿
4594,U+4600,䘀
4595,U+4601,䘁
4596,U+4602,䘂
4597,U+4603,䘃
4598,U+4604,䘄
4599,U+4605,䘅
4600,U+4606,䘆
4601,U+4607,䘇
4602,U+4608,䘈
4603,U+4609,䘉
4604,U+460A,䘊
4605,U+460B,䘋
4606,U+460C,䘌
4607,U+460D,䘍
4608,U+460E,䘎
4609,U+460F,䘏
4610,U+4610,䘐
4611,U+4611,䘑
4612,U+4612,䘒
4613,U+4613,䘓
4614,U+4614,䘔
4615,U+4615,䘕
4616,U+4616,䘖
4617,U+4617,䘗
4618,U+4618,䘘
4619,U+4619,䘙
4620,U+461A,䘚
4621,U+461B,䘛
4622,U+461C,䘜
4623,U+461D,䘝
4624,U+461E,䘞
4625,U+461F,䘟
4626,U+4620,䘠
4627,U+4621,䘡
4628,U+4622,䘢
4629,U+4623,䘣
4630,U+4624,䘤
4631,U+4625,䘥
4632,U+4626,䘦
4633,U+4627,䘧
4634,U+4628,䘨
4635,U+4629,䘩
4636,U+462A,䘪
4637,U+462B,䘫
4638,U+462C,䘬
4639,U+462D,䘭
4640,U+462E,䘮
4641,U+462F,䘯
4642,U+4630,䘰
4643,U+4631,䘱
4644,U+4632,䘲
4645,U+4633,䘳
4646,U+4634,䘴
4647,U+4635,䘵
4648,U+4636,䘶
4649,U+4637,䘷
4650,U+4638,䘸
4651,U+4639,䘹
4652,U+463A,䘺
4653,U+463B,䘻
4654,U+463C,䘼
4655,U+463D,䘽
4656,U+463E,䘾
4657,U+463F,䘿
4658,U+4640,䙀
4659,U+4641,䙁
4660,U+4642,䙂
4661,U+4643,䙃
4662,U+4644,䙄
4663,U+4645,䙅
4664,U+4646,䙆
4665,U+4647,䙇
4666,U+4648,䙈
4667,U+4649,䙉
4668,U+464A,䙊
4669,U+464B,䙋
4670,U+464C,䙌
4671,U+464D,䙍
4672,U+464E,䙎
4673,U+464F,䙏
4674,U+4650,䙐
4675,U+4651,䙑
4676,U+4652,䙒
4677,U+4653,䙓
4678,U+4654,䙔
4679,U+4655,䙕
4680,U+4656,䙖
4681,U+4657,䙗
4682,U+4658,䙘
4683,U+4659,䙙
4684,U+465A,䙚
4685,U+465B,䙛
4686,U+465C,䙜
4687,U+465D,䙝
4688,U+465E,䙞
4689,U+465F,䙟
4690,U+4660,䙠
4691,U+4661,䙡
4692,U+4662,䙢
4693,U+4663,䙣
4694,U+4664,䙤
4695,U+4665,䙥
4696,U+4666,䙦
4697,U+4667,䙧
4698,U+4668,䙨
4699,U+4669,䙩
4700,U+466A,䙪
4701,U+466B,䙫
4702,U+466C,䙬
4703,U+466D,䙭
4704,U+466E,䙮
4705,U+466F,䙯
4706,U+4670,䙰
4707,U+4671,䙱
4708,U+4672,䙲
4709,U+4673,䙳
4710,U+4674,䙴
4711,U+4675,䙵
4712,U+4676,䙶
4713,U+4677,䙷
4714,U+4678,䙸
4715,U+4679,䙹
4716,U+467A,䙺
4717,U+467B,䙻
4718,U+467C,䙼
4719,U+467D,䙽
4720,U+467E,䙾
4721,U+467F,䙿
4722,U+4680,䚀
4723,U+4681,䚁
4724,U+4682,䚂
4725,U+4683,䚃
4726,U+4684,䚄
4727,U+4685,䚅
4728,U+4686,䚆
4729,U+4687,䚇
4730,U+4688,䚈
4731,U+4689,䚉
4732,U+468A,䚊
4733,U+468B,䚋
4734,U+468C,䚌
4735,U+468D,䚍
4736,U+468E,䚎
4737,U+468F,䚏
4738,U+4690,䚐
4739,U+4691,䚑
4740,U+4692,䚒
4741,U+4693,䚓
4742,U+4694,䚔
4743,U+4695,䚕
4744,U+4696,䚖
4745,U+4697,䚗
4746,U+4698,䚘
4747,U+4699,䚙
4748,U+469A,䚚
4749,U+469B,䚛
4750,U+469C,䚜
4751,U+469D,䚝
4752,U+469E,䚞
4753,U+469F,䚟
4754,U+46A0,䚠
4755,U+46A1,䚡
4756,U+46A2,䚢
4757,U+46A3,䚣
4758,U+46A4,䚤
4759,U+46A5,䚥
4760,U+46A6,䚦
4761,U+46A7,䚧
4762,U+46A8,䚨
4763,U+46A9,䚩
4764,U+46AA,䚪
4765,U+46AB,䚫
4766,U+46AC,䚬
4767,U+46AD,䚭
4768,U+46AE,䚮
4769,U+46AF,䚯
4770,U+46B0,䚰
4771,U+46B1,䚱
4772,U+46B2,䚲
4773,U+46B3,䚳
4774,U+46B4,䚴
4775,U+46B5,䚵
4776,U+46B6,䚶
4777,U+46B7,䚷
4778,U+46B8,䚸
4779,U+46B9,䚹
4780,U+46BA,䚺
4781,U+46BB,䚻
4782,U+46BC,䚼
4783,U+46BD,䚽
4784,U+46BE,䚾
4785,U+46BF,䚿
4786,U+46C0,䛀
4787,U+46C1,䛁
4788,U+46C2,䛂
4789,U+46C3,䛃
4790,U+46C4,䛄
4791,U+46C5,䛅
4792,U+46C6,䛆
4793,U+46C7,䛇
4794,U+46C8,䛈
4795,U+46C9,䛉
4796,U+46CA,䛊
4797,U+46CB,䛋
4798,U+46CC,䛌
4799,U+46CD,䛍
4800,U+46CE,䛎
4801,U+46CF,䛏
4802,U+46D0,䛐
4803,U+46D1,䛑
4804,U+46D2,䛒
4805,U+46D3,䛓
4806,U+46D4,䛔
4807,U+46D5,䛕
4808,U+46D6,䛖
4809,U+46D7,䛗
4810,U+46D8,䛘
4811,U+46D9,䛙
4812,U+46DA,䛚
4813,U+46DB,䛛
4814,U+46DC,䛜
4815,U+46DD,䛝
4816,U+46DE,䛞
4817,U+46DF,䛟
4818,U+46E0,䛠
4819,U+46E1,䛡
4820,U+46E2,䛢
4821,U+46E3,䛣
4822,U+46E4,䛤
4823,U+46E5,䛥
4824,U+46E6,䛦
4825,U+46E7,䛧
4826,U+46E8,䛨
4827,U+46E9,䛩
4828,U+46EA,䛪
4829,U+46EB,䛫
4830,U+46EC,䛬
4831,U+46ED,䛭
4832,U+46EE,䛮
4833,U+46EF,䛯
4834,U+46F0,䛰
4835,U+46F1,䛱
4836,U+46F2,䛲
4837,U+46F3,䛳
4838,U+46F4,䛴
4839,U+46F5,䛵
4840,U+46F6,䛶
4841,U+46F7,䛷
4842,U+46F8,䛸
4843,U+46F9,䛹
4844,U+46FA,䛺
4845,U+46FB,䛻
4846,U+46FC,䛼
4847,U+46FD,䛽
4848,U+46FE,䛾
4849,U+46FF,䛿
4850,U+4700,䜀
4851,U+4701,䜁
4852,U+4702,䜂
4853,U+4703,䜃
4854,U+4704,䜄
4855,U+4705,䜅
4856,U+4706,䜆
4857,U+4707,䜇
4858,U+4708,䜈
4859,U+4709,䜉
4860,U+470A,䜊
4861,U+470B,䜋
4862,U+470C,䜌
4863,U+470D,䜍
4864,U+470E,䜎
4865,U+470F,䜏
4866,U+4710,䜐
4867,U+4711,䜑
4868,U+4712,䜒
4869,U+4713,䜓
4870,U+4714,䜔
4871,U+4715,䜕
4872,U+4716,䜖
4873,U+4717,䜗
4874,U+4718,䜘
4875,U+4719,䜙
4876,U+471A,䜚
4877,U+471B,䜛
4878,U+471C,䜜
4879,U+471D,䜝
4880,U+471E,䜞
4881,U+471F,䜟
4882,U+4720,䜠
4883,U+4721,䜡
4884,U+4722,䜢
4885,U+4723,䜣
4886,U+4724,䜤
4887,U+4725,䜥
4888,U+4726,䜦
4889,U+4727,䜧
4890,U+4728,䜨
4891,U+4729,䜩
4892,U+472A,䜪
4893,U+472B,䜫
4894,U+472C,䜬
4895,U+472D,䜭
4896,U+472E,䜮
4897,U+472F,䜯
4898,U+4730,䜰
4899,U+4731,䜱
4900,U+4732,䜲
4901,U+4733,䜳
4902,U+4734,䜴
4903,U+4735,䜵
4904,U+4736,䜶
4905,U+4737,䜷
4906,U+4738,䜸
4907,U+4739,䜹
4908,U+473A,䜺
4909,U+473B,䜻
4910,U+473C,䜼
4911,U+473D,䜽
4912,U+473E,䜾
4913,U+473F,䜿
4914,U+4740,䝀
4915,U+4741,䝁
4916,U+4742,䝂
4917,U+4743,䝃
4918,U+4744,䝄
4919,U+4745,䝅
4920,U+4746,䝆
4921,U+4747,䝇
4922,U+4748,䝈
4923,U+4749,䝉
4924,U+474A,䝊
4925,U+474B,䝋
4926,U+474C,䝌
4927,U+474D,䝍
4928,U+474E,䝎
4929,U+474F,䝏
4930,U+4750,䝐
4931,U+4751,䝑
4932,U+4752,䝒
4933,U+4753,䝓
4934,U+4754,䝔
4935,U+4755,䝕
4936,U+4756,䝖
4937,U+4757,䝗
4938,U+4758,䝘
4939,U+4759,䝙
4940,U+475A,䝚
4941,U+475B,䝛
4942,U+475C,䝜
4943,U+475D,䝝
4944,U+475E,䝞
4945,U+475F,䝟
4946,U+4760,䝠
4947,U+4761,䝡
4948,U+4762,䝢
4949,U+4763,䝣
4950,U+4764,䝤
4951,U+4765,䝥
4952,U+4766,䝦
4953,U+4767,䝧
4954,U+4768,䝨
4955,U+4769,䝩
4956,U+476A,䝪
4957,U+476B,䝫
4958,U+476C,䝬
4959,U+476D,䝭
4960,U+476E,䝮
4961,U+476F,䝯
4962,U+4770,䝰
4963,U+4771,䝱
4964,U+4772,䝲
4965,U+4773,䝳
4966,U+4774,䝴
4967,U+4775,䝵
4968,U+4776,䝶
4969,U+4777,䝷
4970,U+4778,䝸
4971,U+4779,䝹
4972,U+477A,䝺
4973,U+477B,䝻
4974,U+477C,䝼
4975,U+477D,䝽
4976,U+477E,䝾
4977,U+477F,䝿
4978,U+4780,䞀
4979,U+4781,䞁
4980,U+4782,䞂
4981,U+4783,䞃
4982,U+4784,䞄
4983,U+4785,䞅
4984,U+4786,䞆
4985,U+4787,䞇
4986,U+4788,䞈
4987,U+4789,䞉
4988,U+478A,䞊
4989,U+478B,䞋
4990,U+478C,䞌
4991,U+478D,䞍
4992,U+478E,䞎
4993,U+478F,䞏
4994,U+4790,䞐
4995,U+4791,䞑
4996,U+4792,䞒
4997,U+4793,䞓
4998,U+4794,䞔
4999,U+4795,䞕
5000,U+4796,䞖
5001,U+4797,䞗
5002,U+4798,䞘
5003,U+4799,䞙
5004,U+479A,䞚
5005,U+479B,䞛
5006,U+479C,䞜
5007,U+479D,䞝
5008,U+479E,䞞
5009,U+479F,䞟
5010,U+47A0,䞠
5011,U+47A1,䞡
5012,U+47A2,䞢
5013,U+47A3,䞣
5014,U+47A4,䞤
5015,U+47A5,䞥
5016,U+47A6,䞦
5017,U+47A7,䞧
5018,U+47A8,䞨
5019,U+47A9,䞩
5020,U+47AA,䞪
5021,U+47AB,䞫
5022,U+47AC,䞬
5023,U+47AD,䞭
5024,U+47AE,䞮
5025,U+47AF,䞯
5026,U+47B0,䞰
5027,U+47B1,䞱
5028,U+47B2,䞲
5029,U+47B3,䞳
5030,U+47B4,䞴
5031,U+47B5,䞵
5032,U+47B6,䞶
5033,U+47B7,䞷
5034,U+47B8,䞸
5035,U+47B9,䞹
5036,U+47BA,䞺
5037,U+47BB,䞻
5038,U+47BC,䞼
5039,U+47BD,䞽
5040,U+47BE,䞾
5041,U+47BF,䞿
5042,U+47C0,䟀
5043,U+47C1,䟁
5044,U+47C2,䟂
5045,U+47C3,䟃
5046,U+47C4,䟄
5047,U+47C5,䟅
5048,U+47C6,䟆
5049,U+47C7,䟇
5050,U+47C8,䟈
5051,U+47C9,䟉
5052,U+47CA,䟊
5053,U+47CB,䟋
5054,U+47CC,䟌
5055,U+47CD,䟍
5056,U+47CE,䟎
5057,U+47CF,䟏
5058,U+47D0,䟐
5059,U+47D1,䟑
5060,U+47D2,䟒
5061,U+47D3,䟓
5062,U+47D4,䟔
5063,U+47D5,䟕
5064,U+47D6,䟖
5065,U+47D7,䟗
5066,U+47D8,䟘
5067,U+47D9,䟙
5068,U+47DA,䟚
5069,U+47DB,䟛
5070,U+47DC,䟜
5071,U+47DD,䟝
5072,U+47DE,䟞
5073,U+47DF,䟟
5074,U+47E0,䟠
5075,U+47E1,䟡
5076,U+47E2,䟢
5077,U+47E3,䟣
5078,U+47E4,䟤
5079,U+47E5,䟥
5080,U+47E6,䟦
5081,U+47E7,䟧
5082,U+47E8,䟨
5083,U+47E9,䟩
5084,U+47EA,䟪
5085,U+47EB,䟫
5086,U+47EC,䟬
5087,U+47ED,䟭
5088,U+47EE,䟮
5089,U+47EF,䟯
5090,U+47F0,䟰
5091,U+47F1,䟱
5092,U+47F2,䟲
5093,U+47F3,䟳
5094,U+47F4,䟴
5095,U+47F5,䟵
5096,U+47F6,䟶
5097,U+47F7,䟷
5098,U+47F8,䟸
5099,U+47F9,䟹
5100,U+47FA,䟺
5101,U+47FB,䟻
5102,U+47FC,䟼
5103,U+47FD,䟽
5104,U+47FE,䟾
5105,U+47FF,䟿
5106,U+4800,䠀
5107,U+4801,䠁
5108,U+4802,䠂
5109,U+4803,䠃
5110,U+4804,䠄
5111,U+4805,䠅
5112,U+4806,䠆
5113,U+4807,䠇
5114,U+4808,䠈
5115,U+4809,䠉
5116,U+480A,䠊
5117,U+480B,䠋
5118,U+480C,䠌
5119,U+480D,䠍
5120,U+480E,䠎
5121,U+480F,䠏
5122,U+4810,䠐
5123,U+4811,䠑
5124,U+4812,䠒
5125,U+4813,䠓
5126,U+4814,䠔
5127,U+4815,䠕
5128,U+4816,䠖
5129,U+4817,䠗
5130,U+4818,䠘
5131,U+4819,䠙
5132,U+481A,䠚
5133,U+481B,䠛
5134,U+481C,䠜
5135,U+481D,䠝
5136,U+481E,䠞
5137,U+481F,䠟
5138,U+4820,䠠
5139,U+4821,䠡
5140,U+4822,䠢
5141,U+4823,䠣
5142,U+4824,䠤
5143,U+4825,䠥
5144,U+4826,䠦
5145,U+4827,䠧
5146,U+4828,䠨
5147,U+4829,䠩
5148,U+482A,䠪
5149,U+482B,䠫
5150,U+482C,䠬
5151,U+482D,䠭
5152,U+482E,䠮
5153,U+482F,䠯
5154,U+4830,䠰
5155,U+4831,䠱
5156,U+4832,䠲
5157,U+4833,䠳
5158,U+4834,䠴
5159,U+4835,䠵
5160,U+4836,䠶
5161,U+4837,䠷
5162,U+4838,䠸
5163,U+4839,䠹
5164,U+483A,䠺
5165,U+483B,䠻
5166,U+483C,䠼
5167,U+483D,䠽
5168,U+483E,䠾
5169,U+483F,䠿
5170,U+4840,䡀
5171,U+4841,䡁
5172,U+4842,䡂
5173,U+4843,䡃
5174,U+4844,䡄
5175,U+4845,䡅
5176,U+4846,䡆
5177,U+4847,䡇
5178,U+4848,䡈
5179,U+4849,䡉
5180,U+484A,䡊
5181,U+484B,䡋
5182,U+484C,䡌
5183,U+484D,䡍
5184,U+484E,䡎
5185,U+484F,䡏
5186,U+4850,䡐
5187,U+4851,䡑
5188,U+4852,䡒
5189,U+4853,䡓
5190,U+4854,䡔
5191,U+4855,䡕
5192,U+4856,䡖
5193,U+4857,䡗
5194,U+4858,䡘
5195,U+4859,䡙
5196,U+485A,䡚
5197,U+485B,䡛
5198,U+485C,䡜
5199,U+485D,䡝
5200,U+485E,䡞
5201,U+485F,䡟
5202,U+4860,䡠
5203,U+4861,䡡
5204,U+4862,䡢
5205,U+4863,䡣
5206,U+4864,䡤
5207,U+4865,䡥
5208,U+4866,䡦
5209,U+4867,䡧
5210,U+4868,䡨
5211,U+4869,䡩
5212,U+486A,䡪
5213,U+486B,䡫
5214,U+486C,䡬
5215,U+486D,䡭
5216,U+486E,䡮
5217,U+486F,䡯
5218,U+4870,䡰
5219,U+4871,䡱
5220,U+4872,䡲
5221,U+4873,䡳
5222,U+4874,䡴
5223,U+4875,䡵
5224,U+4876,䡶
5225,U+4877,䡷
5226,U+4878,䡸
5227,U+4879,䡹
5228,U+487A,䡺
5229,U+487B,䡻
5230,U+487C,䡼
5231,U+487D,䡽
5232,U+487E,䡾
5233,U+487F,䡿
5234,U+4880,䢀
5235,U+4881,䢁
5236,U+4882,䢂
5237,U+4883,䢃
5238,U+4884,䢄
5239,U+4885,䢅
5240,U+4886,䢆
5241,U+4887,䢇
5242,U+4888,䢈
5243,U+4889,䢉
5244,U+488A,䢊
5245,U+488B,䢋
5246,U+488C,䢌
5247,U+488D,䢍
5248,U+488E,䢎
5249,U+488F,䢏
5250,U+4890,䢐
5251,U+4891,䢑
5252,U+4892,䢒
5253,U+4893,䢓
5254,U+4894,䢔
5255,U+4895,䢕
5256,U+4896,䢖
5257,U+4897,䢗
5258,U+4898,䢘
5259,U+4899,䢙
5260,U+489A,䢚
5261,U+489B,䢛
5262,U+489C,䢜
5263,U+489D,䢝
5264,U+489E,䢞
5265,U+489F,䢟
5266,U+48A0,䢠
5267,U+48A1,䢡
5268,U+48A2,䢢
5269,U+48A3,䢣
5270,U+48A4,䢤
5271,U+48A5,䢥
5272,U+48A6,䢦
5273,U+48A7,䢧
5274,U+48A8,䢨
5275,U+48A9,䢩
5276,U+48AA,䢪
5277,U+48AB,䢫
5278,U+48AC,䢬
5279,U+48AD,䢭
5280,U+48AE,䢮
5281,U+48AF,䢯
5282,U+48B0,䢰
5283,U+48B1,䢱
5284,U+48B2,䢲
5285,U+48B3,䢳
5286,U+48B4,䢴
5287,U+48B5,䢵
5288,U+48B6,䢶
5289,U+48B7,䢷
5290,U+48B8,䢸
5291,U+48B9,䢹
5292,U+48BA,䢺
5293,U+48BB,䢻
5294,U+48BC,䢼
5295,U+48BD,䢽
5296,U+48BE,䢾
5297,U+48BF,䢿
5298,U+48C0,䣀
5299,U+48C1,䣁
5300,U+48C2,䣂
5301,U+48C3,䣃
5302,U+48C4,䣄
5303,U+48C5,䣅
5304,U+48C6,䣆
5305,U+48C7,䣇
5306,U+48C8,䣈
5307,U+48C9,䣉
5308,U+48CA,䣊
5309,U+48CB,䣋
5310,U+48CC,䣌
5311,U+48CD,䣍
5312,U+48CE,䣎
5313,U+48CF,䣏
5314,U+48D0,䣐
5315,U+48D1,䣑
5316,U+48D2,䣒
5317,U+48D3,䣓
5318,U+48D4,䣔
5319,U+48D5,䣕
5320,U+48D6,䣖
5321,U+48D7,䣗
5322,U+48D8,䣘
5323,U+48D9,䣙
5324,U+48DA,䣚
5325,U+48DB,䣛
5326,U+48DC,䣜
5327,U+48DD,䣝
5328,U+48DE,䣞
5329,U+48DF,䣟
5330,U+48E0,䣠
5331,U+48E1,䣡
5332,U+48E2,䣢
5333,U+48E3,䣣
5334,U+48E4,䣤
5335,U+48E5,䣥
5336,U+48E6,䣦
5337,U+48E7,䣧
5338,U+48E8,䣨
5339,U+48E9,䣩
5340,U+48EA,䣪
5341,U+48EB,䣫
5342,U+48EC,䣬
5343,U+48ED,䣭
5344,U+48EE,䣮
5345,U+48EF,䣯
5346,U+48F0,䣰
5347,U+48F1,䣱
5348,U+48F2,䣲
5349,U+48F3,䣳
5350,U+48F4,䣴
5351,U+48F5,䣵
5352,U+48F6,䣶
5353,U+48F7,䣷
5354,U+48F8,䣸
5355,U+48F9,䣹
5356,U+48FA,䣺
5357,U+48FB,䣻
5358,U+48FC,䣼
5359,U+48FD,䣽
5360,U+48FE,䣾
5361,U+48FF,䣿
5362,U+4900,䤀
5363,U+4901,䤁
5364,U+4902,䤂
5365,U+4903,䤃
5366,U+4904,䤄
5367,U+4905,䤅
5368,U+4906,䤆
5369,U+4907,䤇
5370,U+4908,䤈
5371,U+4909,䤉
5372,U+490A,䤊
5373,U+490B,䤋
5374,U+490C,䤌
5375,U+490D,䤍
5376,U+490E,䤎
5377,U+490F,䤏
5378,U+4910,䤐
5379,U+4911,䤑
5380,U+4912,䤒
5381,U+4913,䤓
5382,U+4914,䤔
5383,U+4915,䤕
5384,U+4916,䤖
5385,U+4917,䤗
5386,U+4918,䤘
5387,U+4919,䤙
5388,U+491A,䤚
5389,U+491B,䤛
5390,U+491C,䤜
5391,U+491D,䤝
5392,U+491E,䤞
5393,U+491F,䤟
5394,U+4920,䤠
5395,U+4921,䤡
5396,U+4922,䤢
5397,U+4923,䤣
5398,U+4924,䤤
5399,U+4925,䤥
5400,U+4926,䤦
5401,U+4927,䤧
5402,U+4928,䤨
5403,U+4929,䤩
5404,U+492A,䤪
5405,U+492B,䤫
5406,U+492C,䤬
5407,U+492D,䤭
5408,U+492E,䤮
5409,U+492F,䤯
5410,U+4930,䤰
5411,U+4931,䤱
5412,U+4932,䤲
5413,U+4933,䤳
5414,U+4934,䤴
5415,U+4935,䤵
5416,U+4936,䤶
5417,U+4937,䤷
5418,U+4938,䤸
5419,U+4939,䤹
5420,U+493A,䤺
5421,U+493B,䤻
5422,U+493C,䤼
5423,U+493D,䤽
5424,U+493E,䤾
5425,U+493F,䤿
5426,U+4940,䥀
5427,U+4941,䥁
5428,U+4942,䥂
5429,U+4943,䥃
5430,U+4944,䥄
5431,U+4945,䥅
5432,U+4946,䥆
5433,U+4947,䥇
5434,U+4948,䥈
5435,U+4949,䥉
5436,U+494A,䥊
5437,U+494B,䥋
5438,U+494C,䥌
5439,U+494D,䥍
5440,U+494E,䥎
5441,U+494F,䥏
5442,U+4950,䥐
5443,U+4951,䥑
5444,U+4952,䥒
5445,U+4953,䥓
5446,U+4954,䥔
5447,U+4955,䥕
5448,U+4956,䥖
5449,U+4957,䥗
5450,U+4958,䥘
5451,U+4959,䥙
5452,U+495A,䥚
5453,U+495B,䥛
5454,U+495C,䥜
5455,U+495D,䥝
5456,U+495E,䥞
5457,U+495F,䥟
5458,U+4960,䥠
5459,U+4961,䥡
5460,U+4962,䥢
5461,U+4963,䥣
5462,U+4964,䥤
5463,U+4965,䥥
5464,U+4966,䥦
5465,U+4967,䥧
5466,U+4968,䥨
5467,U+4969,䥩
5468,U+496A,䥪
5469,U+496B,䥫
5470,U+496C,䥬
5471,U+496D,䥭
5472,U+496E,䥮
5473,U+496F,䥯
5474,U+4970,䥰
5475,U+4971,䥱
5476,U+4972,䥲
5477,U+4973,䥳
5478,U+4974,䥴
5479,U+4975,䥵
5480,U+4976,䥶
5481,U+4977,䥷
5482,U+4978,䥸
5483,U+4979,䥹
5484,U+497A,䥺
5485,U+497B,䥻
5486,U+497C,䥼
5487,U+497D,䥽
5488,U+497E,䥾
5489,U+497F,䥿
5490,U+4980,䦀
5491,U+4981,䦁
5492,U+4982,䦂
5493,U+4983,䦃
5494,U+4984,䦄
5495,U+4985,䦅
5496,U+4986,䦆
5497,U+4987,䦇
5498,U+4988,䦈
5499,U+4989,䦉
5500,U+498A,䦊
5501,U+498B,䦋
5502,U+498C,䦌
5503,U+498D,䦍
5504,U+498E,䦎
5505,U+498F,䦏
5506,U+4990,䦐
5507,U+4991,䦑
5508,U+4992,䦒
5509,U+4993,䦓
5510,U+4994,䦔
5511,U+4995,䦕
5512,U+4996,䦖
5513,U+4997,䦗
5514,U+4998,䦘
5515,U+4999,䦙
5516,U+499A,䦚
5517,U+499B,䦛
5518,U+499C,䦜
5519,U+499D,䦝
5520,U+499E,䦞
5521,U+499F,䦟
5522,U+49A0,䦠
5523,U+49A1,䦡
5524,U+49A2,䦢
5525,U+49A3,䦣
5526,U+49A4,䦤
5527,U+49A5,䦥
5528,U+49A6,䦦
5529,U+49A7,䦧
5530,U+49A8,䦨
5531,U+49A9,䦩
5532,U+49AA,䦪
5533,U+49AB,䦫
5534,U+49AC,䦬
5535,U+49AD,䦭
5536,U+49AE,䦮
5537,U+49AF,䦯
5538,U+49B0,䦰
5539,U+49B1,䦱
5540,U+49B2,䦲
5541,U+49B3,䦳
5542,U+49B4,䦴
5543,U+49B5,䦵
5544,U+49B6,䦶
5545,U+49B7,䦷
5546,U+49B8,䦸
5547,U+49B9,䦹
5548,U+49BA,䦺
5549,U+49BB,䦻
5550,U+49BC,䦼
5551,U+49BD,䦽
5552,U+49BE,䦾
5553,U+49BF,䦿
5554,U+49C0,䧀
5555,U+49C1,䧁
5556,U+49C2,䧂
5557,U+49C3,䧃
5558,U+49C4,䧄
5559,U+49C5,䧅
5560,U+49C6,䧆
5561,U+49C7,䧇
5562,U+49C8,䧈
5563,U+49C9,䧉
5564,U+49CA,䧊
5565,U+49CB,䧋
5566,U+49CC,䧌
5567,U+49CD,䧍
5568,U+49CE,䧎
5569,U+49CF,䧏
5570,U+49D0,䧐
5571,U+49D1,䧑
5572,U+49D2,䧒
5573,U+49D3,䧓
5574,U+49D4,䧔
5575,U+49D5,䧕
5576,U+49D6,䧖
5577,U+49D7,䧗
5578,U+49D8,䧘
5579,U+49D9,䧙
5580,U+49DA,䧚
5581,U+49DB,䧛
5582,U+49DC,䧜
5583,U+49DD,䧝
5584,U+49DE,䧞
5585,U+49DF,䧟
5586,U+49E0,䧠
5587,U+49E1,䧡
5588,U+49E2,䧢
5589,U+49E3,䧣
5590,U+49E4,䧤
5591,U+49E5,䧥
5592,U+49E6,䧦
5593,U+49E7,䧧
5594,U+49E8,䧨
5595,U+49E9,䧩
5596,U+49EA,䧪
5597,U+49EB,䧫
5598,U+49EC,䧬
5599,U+49ED,䧭
5600,U+49EE,䧮
5601,U+49EF,䧯
5602,U+49F0,䧰
5603,U+49F1,䧱
5604,U+49F2,䧲
5605,U+49F3,䧳
5606,U+49F4,䧴
5607,U+49F5,䧵
5608,U+49F6,䧶
5609,U+49F7,䧷
5610,U+49F8,䧸
5611,U+49F9,䧹
5612,U+49FA,䧺
5613,U+49FB,䧻
5614,U+49FC,䧼
5615,U+49FD,䧽
5616,U+49FE,䧾
5617,U+49FF,䧿
5618,U+4A00,䨀
5619,U+4A01,䨁
5620,U+4A02,䨂
5621,U+4A03,䨃
5622,U+4A04,䨄
5623,U+4A05,䨅
5624,U+4A06,䨆
5625,U+4A07,䨇
5626,U+4A08,䨈
5627,U+4A09,䨉
5628,U+4A0A,䨊
5629,U+4A0B,䨋
5630,U+4A0C,䨌
5631,U+4A0D,䨍
5632,U+4A0E,䨎
5633,U+4A0F,䨏
5634,U+4A10,䨐
5635,U+4A11,䨑
5636,U+4A12,䨒
5637,U+4A13,䨓
5638,U+4A14,䨔
5639,U+4A15,䨕
5640,U+4A16,䨖
5641,U+4A17,䨗
5642,U+4A18,䨘
5643,U+4A19,䨙
5644,U+4A1A,䨚
5645,U+4A1B,䨛
5646,U+4A1C,䨜
5647,U+4A1D,䨝
5648,U+4A1E,䨞
5649,U+4A1F,䨟
5650,U+4A20,䨠
5651,U+4A21,䨡
5652,U+4A22,䨢
5653,U+4A23,䨣
5654,U+4A24,䨤
5655,U+4A25,䨥
5656,U+4A26,䨦
5657,U+4A27,䨧
5658,U+4A28,䨨
5659,U+4A29,䨩
5660,U+4A2A,䨪
5661,U+4A2B,䨫
5662,U+4A2C,䨬
5663,U+4A2D,䨭
5664,U+4A2E,䨮
5665,U+4A2F,䨯
5666,U+4A30,䨰
5667,U+4A31,䨱
5668,U+4A32,䨲
5669,U+4A33,䨳
5670,U+4A34,䨴
5671,U+4A35,䨵
5672,U+4A36,䨶
5673,U+4A37,䨷
5674,U+4A38,䨸
5675,U+4A39,䨹
5676,U+4A3A,䨺
5677,U+4A3B,䨻
5678,U+4A3C,䨼
5679,U+4A3D,䨽
5680,U+4A3E,䨾
5681,U+4A3F,䨿
5682,U+4A40,䩀
5683,U+4A41,䩁
5684,U+4A42,䩂
5685,U+4A43,䩃
5686,U+4A44,䩄
5687,U+4A45,䩅
5688,U+4A46,䩆
5689,U+4A47,䩇
5690,U+4A48,䩈
5691,U+4A49,䩉
5692,U+4A4A,䩊
5693,U+4A4B,䩋
5694,U+4A4C,䩌
5695,U+4A4D,䩍
5696,U+4A4E,䩎
5697,U+4A4F,䩏
5698,U+4A50,䩐
5699,U+4A51,䩑
5700,U+4A52,䩒
5701,U+4A53,䩓
5702,U+4A54,䩔
5703,U+4A55,䩕
5704,U+4A56,䩖
5705,U+4A57,䩗
5706,U+4A58,䩘
5707,U+4A59,䩙
5708,U+4A5A,䩚
5709,U+4A5B,䩛
5710,U+4A5C,䩜
5711,U+4A5D,䩝
5712,U+4A5E,䩞
5713,U+4A5F,䩟
5714,U+4A60,䩠
5715,U+4A61,䩡
5716,U+4A62,䩢
5717,U+4A63,䩣
5718,U+4A64,䩤
5719,U+4A65,䩥
5720,U+4A66,䩦
5721,U+4A67,䩧
5722,U+4A68,䩨
5723,U+4A69,䩩
5724,U+4A6A,䩪
5725,U+4A6B,䩫
5726,U+4A6C,䩬
5727,U+4A6D,䩭
5728,U+4A6E,䩮
5729,U+4A6F,䩯
5730,U+4A70,䩰
5731,U+4A71,䩱
5732,U+4A72,䩲
5733,U+4A73,䩳
5734,U+4A74,䩴
5735,U+4A75,䩵
5736,U+4A76,䩶
5737,U+4A77,䩷
5738,U+4A78,䩸
5739,U+4A79,䩹
5740,U+4A7A,䩺
5741,U+4A7B,䩻
5742,U+4A7C,䩼
5743,U+4A7D,䩽
5744,U+4A7E,䩾
5745,U+4A7F,䩿
5746,U+4A80,䪀
5747,U+4A81,䪁
5748,U+4A82,䪂
5749,U+4A83,䪃
5750,U+4A84,䪄
5751,U+4A85,䪅
5752,U+4A86,䪆
5753,U+4A87,䪇
5754,U+4A88,䪈
5755,U+4A89,䪉
5756,U+4A8A,䪊
5757,U+4A8B,䪋
5758,U+4A8C,䪌
5759,U+4A8D,䪍
5760,U+4A8E,䪎
5761,U+4A8F,䪏
5762,U+4A90,䪐
5763,U+4A91,䪑
5764,U+4A92,䪒
5765,U+4A93,䪓
5766,U+4A94,䪔
5767,U+4A95,䪕
5768,U+4A96,䪖
5769,U+4A97,䪗
5770,U+4A98,䪘
5771,U+4A99,䪙
5772,U+4A9A,䪚
5773,U+4A9B,䪛
5774,U+4A9C,䪜
5775,U+4A9D,䪝
5776,U+4A9E,䪞
5777,U+4A9F,䪟
5778,U+4AA0,䪠
5779,U+4AA1,䪡
5780,U+4AA2,䪢
5781,U+4AA3,䪣
5782,U+4AA4,䪤
5783,U+4AA5,䪥
5784,U+4AA6,䪦
5785,U+4AA7,䪧
5786,U+4AA8,䪨
5787,U+4AA9,䪩
5788,U+4AAA,䪪
5789,U+4AAB,䪫
5790,U+4AAC,䪬
5791,U+4AAD,䪭
5792,U+4AAE,䪮
5793,U+4AAF,䪯
5794,U+4AB0,䪰
5795,U+4AB1,䪱
5796,U+4AB2,䪲
5797,U+4AB3,䪳
5798,U+4AB4,䪴
5799,U+4AB5,䪵
5800,U+4AB6,䪶
5801,U+4AB7,䪷
5802,U+4AB8,䪸
5803,U+4AB9,䪹
5804,U+4ABA,䪺
5805,U+4ABB,䪻
5806,U+4ABC,䪼
5807,U+4ABD,䪽
5808,U+4ABE,䪾
5809,U+4ABF,䪿
5810,U+4AC0,䫀
5811,U+4AC1,䫁
5812,U+4AC2,䫂
5813,U+4AC3,䫃
5814,U+4AC4,䫄
5815,U+4AC5,䫅
5816,U+4AC6,䫆
5817,U+4AC7,䫇
5818,U+4AC8,䫈
5819,U+4AC9,䫉
5820,U+4ACA,䫊
5821,U+4ACB,䫋
5822,U+4ACC,䫌
5823,U+4ACD,䫍
5824,U+4ACE,䫎
5825,U+4ACF,䫏
5826,U+4AD0,䫐
5827,U+4AD1,䫑
5828,U+4AD2,䫒
5829,U+4AD3,䫓
5830,U+4AD4,䫔
5831,U+4AD5,䫕
5832,U+4AD6,䫖
5833,U+4AD7,䫗
5834,U+4AD8,䫘
5835,U+4AD9,䫙
5836,U+4ADA,䫚
5837,U+4ADB,䫛
5838,U+4ADC,䫜
5839,U+4ADD,䫝
5840,U+4ADE,䫞
5841,U+4ADF,䫟
5842,U+4AE0,䫠
5843,U+4AE1,䫡
5844,U+4AE2,䫢
5845,U+4AE3,䫣
5846,U+4AE4,䫤
5847,U+4AE5,䫥
5848,U+4AE6,䫦
5849,U+4AE7,䫧
5850,U+4AE8,䫨
5851,U+4AE9,䫩
5852,U+4AEA,䫪
5853,U+4AEB,䫫
5854,U+4AEC,䫬
5855,U+4AED,䫭
5856,U+4AEE,䫮
5857,U+4AEF,䫯
5858,U+4AF0,䫰
5859,U+4AF1,䫱
5860,U+4AF2,䫲
5861,U+4AF3,䫳
5862,U+4AF4,䫴
5863,U+4AF5,䫵
5864,U+4AF6,䫶
5865,U+4AF7,䫷
5866,U+4AF8,䫸
5867,U+4AF9,䫹
5868,U+4AFA,䫺
5869,U+4AFB,䫻
5870,U+4AFC,䫼
5871,U+4AFD,䫽
5872,U+4AFE,䫾
5873,U+4AFF,䫿
5874,U+4B00,䬀
5875,U+4B01,䬁
5876,U+4B02,䬂
5877,U+4B03,䬃
5878,U+4B04,䬄
5879,U+4B05,䬅
5880,U+4B06,䬆
5881,U+4B07,䬇
5882,U+4B08,䬈
5883,U+4B09,䬉
5884,U+4B0A,䬊
5885,U+4B0B,䬋
5886,U+4B0C,䬌
5887,U+4B0D,䬍
5888,U+4B0E,䬎
5889,U+4B0F,䬏
5890,U+4B10,䬐
5891,U+4B11,䬑
5892,U+4B12,䬒
5893,U+4B13,䬓
5894,U+4B14,䬔
5895,U+4B15,䬕
5896,U+4B16,䬖
5897,U+4B17,䬗
5898,U+4B18,䬘
5899,U+4B19,䬙
5900,U+4B1A,䬚
5901,U+4B1B,䬛
5902,U+4B1C,䬜
5903,U+4B1D,䬝
5904,U+4B1E,䬞
5905,U+4B1F,䬟
5906,U+4B20,䬠
5907,U+4B21,䬡
5908,U+4B22,䬢
5909,U+4B23,䬣
5910,U+4B24,䬤
5911,U+4B25,䬥
5912,U+4B26,䬦
5913,U+4B27,䬧
5914,U+4B28,䬨
5915,U+4B29,䬩
5916,U+4B2A,䬪
5917,U+4B2B,䬫
5918,U+4B2C,䬬
5919,U+4B2D,䬭
5920,U+4B2E,䬮
5921,U+4B2F,䬯
5922,U+4B30,䬰
5923,U+4B31,䬱
5924,U+4B32,䬲
5925,U+4B33,䬳
5926,U+4B34,䬴
5927,U+4B35,䬵
5928,U+4B36,䬶
5929,U+4B37,䬷
5930,U+4B38,䬸
5931,U+4B39,䬹
5932,U+4B3A,䬺
5933,U+4B3B,䬻
5934,U+4B3C,䬼
5935,U+4B3D,䬽
5936,U+4B3E,䬾
5937,U+4B3F,䬿
5938,U+4B40,䭀
5939,U+4B41,䭁
5940,U+4B42,䭂
5941,U+4B43,䭃
5942,U+4B44,䭄
5943,U+4B45,䭅
5944,U+4B46,䭆
5945,U+4B47,䭇
5946,U+4B48,䭈
5947,U+4B49,䭉
5948,U+4B4A,䭊
5949,U+4B4B,䭋
5950,U+4B4C,䭌
5951,U+4B4D,䭍
5952,U+4B4E,䭎
5953,U+4B4F,䭏
5954,U+4B50,䭐
5955,U+4B51,䭑
5956,U+4B52,䭒
5957,U+4B53,䭓
5958,U+4B54,䭔
5959,U+4B55,䭕
5960,U+4B56,䭖
5961,U+4B57,䭗
5962,U+4B58,䭘
5963,U+4B59,䭙
5964,U+4B5A,䭚
5965,U+4B5B,䭛
5966,U+4B5C,䭜
5967,U+4B5D,䭝
5968,U+4B5E,䭞
5969,U+4B5F,䭟
5970,U+4B60,䭠
5971,U+4B61,䭡
5972,U+4B62,䭢
5973,U+4B63,䭣
5974,U+4B64,䭤
5975,U+4B65,䭥
5976,U+4B66,䭦
5977,U+4B67,䭧
5978,U+4B68,䭨
5979,U+4B69,䭩
5980,U+4B6A,䭪
5981,U+4B6B,䭫
5982,U+4B6C,䭬
5983,U+4B6D,䭭
5984,U+4B6E,䭮
5985,U+4B6F,䭯
5986,U+4B70,䭰
5987,U+4B71,䭱
5988,U+4B72,䭲
5989,U+4B73,䭳
5990,U+4B74,䭴
5991,U+4B75,䭵
5992,U+4B76,䭶
5993,U+4B77,䭷
5994,U+4B78,䭸
5995,U+4B79,䭹
5996,U+4B7A,䭺
5997,U+4B7B,䭻
5998,U+4B7C,䭼
5999,U+4B7D,䭽
6000,U+4B7E,䭾
6001,U+4B7F,䭿
6002,U+4B80,䮀
6003,U+4B81,䮁
6004,U+4B82,䮂
6005,U+4B83,䮃
6006,U+4B84,䮄
6007,U+4B85,䮅
6008,U+4B86,䮆
6009,U+4B87,䮇
6010,U+4B88,䮈
6011,U+4B89,䮉
6012,U+4B8A,䮊
6013,U+4B8B,䮋
6014,U+4B8C,䮌
6015,U+4B8D,䮍
6016,U+4B8E,䮎
6017,U+4B8F,䮏
6018,U+4B90,䮐
6019,U+4B91,䮑
6020,U+4B92,䮒
6021,U+4B93,䮓
6022,U+4B94,䮔
6023,U+4B95,䮕
6024,U+4B96,䮖
6025,U+4B97,䮗
6026,U+4B98,䮘
6027,U+4B99,䮙
6028,U+4B9A,䮚
6029,U+4B9B,䮛
6030,U+4B9C,䮜
6031,U+4B9D,䮝
6032,U+4B9E,䮞
6033,U+4B9F,䮟
6034,U+4BA0,䮠
6035,U+4BA1,䮡
6036,U+4BA2,䮢
6037,U+4BA3,䮣
6038,U+4BA4,䮤
6039,U+4BA5,䮥
6040,U+4BA6,䮦
6041,U+4BA7,䮧
6042,U+4BA8,䮨
6043,U+4BA9,䮩
6044,U+4BAA,䮪
6045,U+4BAB,䮫
6046,U+4BAC,䮬
6047,U+4BAD,䮭
6048,U+4BAE,䮮
6049,U+4BAF,䮯
6050,U+4BB0,䮰
6051,U+4BB1,䮱
6052,U+4BB2,䮲
6053,U+4BB3,䮳
6054,U+4BB4,䮴
6055,U+4BB5,䮵
6056,U+4BB6,䮶
6057,U+4BB7,䮷
6058,U+4BB8,䮸
6059,U+4BB9,䮹
6060,U+4BBA,䮺
6061,U+4BBB,䮻
6062,U+4BBC,䮼
6063,U+4BBD,䮽
6064,U+4BBE,䮾
6065,U+4BBF,䮿
6066,U+4BC0,䯀
6067,U+4BC1,䯁
6068,U+4BC2,䯂
6069,U+4BC3,䯃
6070,U+4BC4,䯄
6071,U+4BC5,䯅
6072,U+4BC6,䯆
6073,U+4BC7,䯇
6074,U+4BC8,䯈
6075,U+4BC9,䯉
6076,U+4BCA,䯊
6077,U+4BCB,䯋
6078,U+4BCC,䯌
6079,U+4BCD,䯍
6080,U+4BCE,䯎
6081,U+4BCF,䯏
6082,U+4BD0,䯐
6083,U+4BD1,䯑
6084,U+4BD2,䯒
6085,U+4BD3,䯓
6086,U+4BD4,䯔
6087,U+4BD5,䯕
6088,U+4BD6,䯖
6089,U+4BD7,䯗
6090,U+4BD8,䯘
6091,U+4BD9,䯙
6092,U+4BDA,䯚
6093,U+4BDB,䯛
6094,U+4BDC,䯜
6095,U+4BDD,䯝
6096,U+4BDE,䯞
6097,U+4BDF,䯟
6098,U+4BE0,䯠
6099,U+4BE1,䯡
6100,U+4BE2,䯢
6101,U+4BE3,䯣
6102,U+4BE4,䯤
6103,U+4BE5,䯥
6104,U+4BE6,䯦
6105,U+4BE7,䯧
6106,U+4BE8,䯨
6107,U+4BE9,䯩
6108,U+4BEA,䯪
6109,U+4BEB,䯫
6110,U+4BEC,䯬
6111,U+4BED,䯭
6112,U+4BEE,䯮
6113,U+4BEF,䯯
6114,U+4BF0,䯰
6115,U+4BF1,䯱
6116,U+4BF2,䯲
6117,U+4BF3,䯳
6118,U+4BF4,䯴
6119,U+4BF5,䯵
6120,U+4BF6,䯶
6121,U+4BF7,䯷
6122,U+4BF8,䯸
6123,U+4BF9,䯹
6124,U+4BFA,䯺
6125,U+4BFB,䯻
6126,U+4BFC,䯼
6127,U+4BFD,䯽
6128,U+4BFE,䯾
6129,U+4BFF,䯿
6130,U+4C00,䰀
6131,U+4C01,䰁
6132,U+4C02,䰂
6133,U+4C03,䰃
6134,U+4C04,䰄
6135,U+4C05,䰅
6136,U+4C06,䰆
6137,U+4C07,䰇
6138,U+4C08,䰈
6139,U+4C09,䰉
6140,U+4C0A,䰊
6141,U+4C0B,䰋
6142,U+4C0C,䰌
6143,U+4C0D,䰍
6144,U+4C0E,䰎
6145,U+4C0F,䰏
6146,U+4C10,䰐
6147,U+4C11,䰑
6148,U+4C12,䰒
6149,U+4C13,䰓
6150,U+4C14,䰔
6151,U+4C15,䰕
6152,U+4C16,䰖
6153,U+4C17,䰗
6154,U+4C18,䰘
6155,U+4C19,䰙
6156,U+4C1A,䰚
6157,U+4C1B,䰛
6158,U+4C1C,䰜
6159,U+4C1D,䰝
6160,U+4C1E,䰞
6161,U+4C1F,䰟
6162,U+4C20,䰠
6163,U+4C21,䰡
6164,U+4C22,䰢
6165,U+4C23,䰣
6166,U+4C24,䰤
6167,U+4C25,䰥
6168,U+4C26,䰦
6169,U+4C27,䰧
6170,U+4C28,䰨
6171,U+4C29,䰩
6172,U+4C2A,䰪
6173,U+4C2B,䰫
6174,U+4C2C,䰬
6175,U+4C2D,䰭
6176,U+4C2E,䰮
6177,U+4C2F,䰯
6178,U+4C30,䰰
6179,U+4C31,䰱
6180,U+4C32,䰲
6181,U+4C33,䰳
6182,U+4C34,䰴
6183,U+4C35,䰵
6184,U+4C36,䰶
6185,U+4C37,䰷
6186,U+4C38,䰸
6187,U+4C39,䰹
6188,U+4C3A,䰺
6189,U+4C3B,䰻
6190,U+4C3C,䰼
6191,U+4C3D,䰽
6192,U+4C3E,䰾
6193,U+4C3F,䰿
6194,U+4C40,䱀
6195,U+4C41,䱁
6196,U+4C42,䱂
6197,U+4C43,䱃
6198,U+4C44,䱄
6199,U+4C45,䱅
6200,U+4C46,䱆
6201,U+4C47,䱇
6202,U+4C48,䱈
6203,U+4C49,䱉
6204,U+4C4A,䱊
6205,U+4C4B,䱋
6206,U+4C4C,䱌
6207,U+4C4D,䱍
6208,U+4C4E,䱎
6209,U+4C4F,䱏
6210,U+4C50,䱐
6211,U+4C51,䱑
6212,U+4C52,䱒
6213,U+4C53,䱓
6214,U+4C54,䱔
6215,U+4C55,䱕
6216,U+4C56,䱖
6217,U+4C57,䱗
6218,U+4C58,䱘
6219,U+4C59,䱙
6220,U+4C5A,䱚
6221,U+4C5B,䱛
6222,U+4C5C,䱜
6223,U+4C5D,䱝
6224,U+4C5E,䱞
6225,U+4C5F,䱟
6226,U+4C60,䱠
6227,U+4C61,䱡
6228,U+4C62,䱢
6229,U+4C63,䱣
6230,U+4C64,䱤
6231,U+4C65,䱥
6232,U+4C66,䱦
6233,U+4C67,䱧
6234,U+4C68,䱨
6235,U+4C69,䱩
6236,U+4C6A,䱪
6237,U+4C6B,䱫
6238,U+4C6C,䱬
6239,U+4C6D,䱭
6240,U+4C6E,䱮
6241,U+4C6F,䱯
6242,U+4C70,䱰
6243,U+4C71,䱱
6244,U+4C72,䱲
6245,U+4C73,䱳
6246,U+4C74,䱴
6247,U+4C75,䱵
6248,U+4C76,䱶
6249,U+4C77,䱷
6250,U+4C78,䱸
6251,U+4C79,䱹
6252,U+4C7A,䱺
6253,U+4C7B,䱻
6254,U+4C7C,䱼
6255,U+4C7D,䱽
6256,U+4C7E,䱾
6257,U+4C7F,䱿
6258,U+4C80,䲀
6259,U+4C81,䲁
6260,U+4C82,䲂
6261,U+4C83,䲃
6262,U+4C84,䲄
6263,U+4C85,䲅
6264,U+4C86,䲆
6265,U+4C87,䲇
6266,U+4C88,䲈
6267,U+4C89,䲉
6268,U+4C8A,䲊
6269,U+4C8B,䲋
6270,U+4C8C,䲌
6271,U+4C8D,䲍
6272,U+4C8E,䲎
6273,U+4C8F,䲏
6274,U+4C90,䲐
6275,U+4C91,䲑
6276,U+4C92,䲒
6277,U+4C93,䲓
6278,U+4C94,䲔
6279,U+4C95,䲕
6280,U+4C96,䲖
6281,U+4C97,䲗
6282,U+4C98,䲘
6283,U+4C99,䲙
6284,U+4C9A,䲚
6285,U+4C9B,䲛
6286,U+4C9D,䲝
6287,U+4C9E,䲞
6288,U+4C9F,䲟
6289,U+4CA0,䲠
6290,U+4CA1,䲡
6291,U+4CA2,䲢
6292,U+4CA3,䲣
6293,U+4CA4,䲤
6294,U+4CA5,䲥
6295,U+4CA6,䲦
6296,U+4CA7,䲧
6297,U+4CA8,䲨
6298,U+4CA9,䲩
6299,U+4CAA,䲪
6300,U+4CAB,䲫
6301,U+4CAC,䲬
6302,U+4CAD,䲭
6303,U+4CAE,䲮
6304,U+4CAF,䲯
6305,U+4CB0,䲰
6306,U+4CB1,䲱
6307,U+4CB2,䲲
6308,U+4CB3,䲳
6309,U+4CB4,䲴
6310,U+4CB5,䲵
6311,U+4CB6,䲶
6312,U+4CB7,䲷
6313,U+4CB8,䲸
6314,U+4CB9,䲹
6315,U+4CBA,䲺
6316,U+4CBB,䲻
6317,U+4CBC,䲼
6318,U+4CBD,䲽
6319,U+4CBE,䲾
6320,U+4CBF,䲿
6321,U+4CC0,䳀
6322,U+4CC1,䳁
6323,U+4CC2,䳂
6324,U+4CC3,䳃
6325,U+4CC4,䳄
6326,U+4CC5,䳅
6327,U+4CC6,䳆
6328,U+4CC7,䳇
6329,U+4CC8,䳈
6330,U+4CC9,䳉
6331,U+4CCA,䳊
6332,U+4CCB,䳋
6333,U+4CCC,䳌
6334,U+4CCD,䳍
6335,U+4CCE,䳎
6336,U+4CCF,䳏
6337,U+4CD0,䳐
6338,U+4CD1,䳑
6339,U+4CD2,䳒
6340,U+4CD3,䳓
6341,U+4CD4,䳔
6342,U+4CD5,䳕
6343,U+4CD6,䳖
6344,U+4CD7,䳗
6345,U+4CD8,䳘
6346,U+4CD9,䳙
6347,U+4CDA,䳚
6348,U+4CDB,䳛
6349,U+4CDC,䳜
6350,U+4CDD,䳝
6351,U+4CDE,䳞
6352,U+4CDF,䳟
6353,U+4CE0,䳠
6354,U+4CE1,䳡
6355,U+4CE2,䳢
6356,U+4CE3,䳣
6357,U+4CE4,䳤
6358,U+4CE5,䳥
6359,U+4CE6,䳦
6360,U+4CE7,䳧
6361,U+4CE8,䳨
6362,U+4CE9,䳩
6363,U+4CEA,䳪
6364,U+4CEB,䳫
6365,U+4CEC,䳬
6366,U+4CED,䳭
6367,U+4CEE,䳮
6368,U+4CEF,䳯
6369,U+4CF0,䳰
6370,U+4CF1,䳱
6371,U+4CF2,䳲
6372,U+4CF3,䳳
6373,U+4CF4,䳴
6374,U+4CF5,䳵
6375,U+4CF6,䳶
6376,U+4CF7,䳷
6377,U+4CF8,䳸
6378,U+4CF9,䳹
6379,U+4CFA,䳺
6380,U+4CFB,䳻
6381,U+4CFC,䳼
6382,U+4CFD,䳽
6383,U+4CFE,䳾
6384,U+4CFF,䳿
6385,U+4D00,䴀
6386,U+4D01,䴁
6387,U+4D02,䴂
6388,U+4D03,䴃
6389,U+4D04,䴄
6390,U+4D05,䴅
6391,U+4D06,䴆
6392,U+4D07,䴇
6393,U+4D08,䴈
6394,U+4D09,䴉
6395,U+4D0A,䴊
6396,U+4D0B,䴋
6397,U+4D0C,䴌
6398,U+4D0D,䴍
6399,U+4D0E,䴎
6400,U+4D0F,䴏
6401,U+4D10,䴐
6402,U+4D11,䴑
6403,U+4D12,䴒
6404,U+4D13,䴓
6405,U+4D14,䴔
6406,U+4D15,䴕
6407,U+4D16,䴖
6408,U+4D17,䴗
6409,U+4D18,䴘
6410,U+4D19,䴙
6411,U+4D1A,䴚
6412,U+4D1B,䴛
6413,U+4D1C,䴜
6414,U+4D1D,䴝
6415,U+4D1E,䴞
6416,U+4D1F,䴟
6417,U+4D20,䴠
6418,U+4D21,䴡
6419,U+4D22,䴢
6420,U+4D23,䴣
6421,U+4D24,䴤
6422,U+4D25,䴥
6423,U+4D26,䴦
6424,U+4D27,䴧
6425,U+4D28,䴨
6426,U+4D29,䴩
6427,U+4D2A,䴪
6428,U+4D2B,䴫
6429,U+4D2C,䴬
6430,U+4D2D,䴭
6431,U+4D2E,䴮
6432,U+4D2F,䴯
6433,U+4D30,䴰
6434,U+4D31,䴱
6435,U+4D32,䴲
6436,U+4D33,䴳
6437,U+4D34,䴴
6438,U+4D35,䴵
6439,U+4D36,䴶
6440,U+4D37,䴷
6441,U+4D38,䴸
6442,U+4D39,䴹
6443,U+4D3A,䴺
6444,U+4D3B,䴻
6445,U+4D3C,䴼
6446,U+4D3D,䴽
6447,U+4D3E,䴾
6448,U+4D3F,䴿
6449,U+4D40,䵀
6450,U+4D41,䵁
6451,U+4D42,䵂
6452,U+4D43,䵃
6453,U+4D44,䵄
6454,U+4D45,䵅
6455,U+4D46,䵆
6456,U+4D47,䵇
6457,U+4D48,䵈
6458,U+4D49,䵉
6459,U+4D4A,䵊
6460,U+4D4B,䵋
6461,U+4D4C,䵌
6462,U+4D4D,䵍
6463,U+4D4E,䵎
6464,U+4D4F,䵏
6465,U+4D50,䵐
6466,U+4D51,䵑
6467,U+4D52,䵒
6468,U+4D53,䵓
6469,U+4D54,䵔
6470,U+4D55,䵕
6471,U+4D56,䵖
6472,U+4D57,䵗
6473,U+4D58,䵘
6474,U+4D59,䵙
6475,U+4D5A,䵚
6476,U+4D5B,䵛
6477,U+4D5C,䵜
6478,U+4D5D,䵝
6479,U+4D5E,䵞
6480,U+4D5F,䵟
6481,U+4D60,䵠
6482,U+4D61,䵡
6483,U+4D62,䵢
6484,U+4D63,䵣
6485,U+4D64,䵤
6486,U+4D65,䵥
6487,U+4D66,䵦
6488,U+4D67,䵧
6489,U+4D68,䵨
6490,U+4D69,䵩
6491,U+4D6A,䵪
6492,U+4D6B,䵫
6493,U+4D6C,䵬
6494,U+4D6D,䵭
6495,U+4D6E,䵮
6496,U+4D6F,䵯
6497,U+4D70,䵰
6498,U+4D71,䵱
6499,U+4D72,䵲
6500,U+4D73,䵳
6501,U+4D74,䵴
6502,U+4D75,䵵
6503,U+4D76,䵶
6504,U+4D77,䵷
6505,U+4D78,䵸
6506,U+4D79,䵹
6507,U+4D7A,䵺
6508,U+4D7B,䵻
6509,U+4D7C,䵼
6510,U+4D7D,䵽
6511,U+4D7E,䵾
6512,U+4D7F,䵿
6513,U+4D80,䶀
6514,U+4D81,䶁
6515,U+4D82,䶂
6516,U+4D83,䶃
6517,U+4D84,䶄
6518,U+4D85,䶅
6519,U+4D86,䶆
6520,U+4D87,䶇
6521,U+4D88,䶈
6522,U+4D89,䶉
6523,U+4D8A,䶊
6524,U+4D8B,䶋
6525,U+4D8C,䶌
6526,U+4D8D,䶍
6527,U+4D8E,䶎
6528,U+4D8F,䶏
6529,U+4D90,䶐
6530,U+4D91,䶑
6531,U+4D92,䶒
6532,U+4D93,䶓
6533,U+4D94,䶔
6534,U+4D95,䶕
6535,U+4D96,䶖
6536,U+4D97,䶗
6537,U+4D98,䶘
6538,U+4D99,䶙
6539,U+4D9A,䶚
6540,U+4D9B,䶛
6541,U+4D9C,䶜
6542,U+4D9D,䶝
6543,U+4D9E,䶞
6544,U+4D9F,䶟
6545,U+4DA0,䶠
6546,U+4DA1,䶡
6547,U+4DA2,䶢
6548,U+4DA3,䶣
6549,U+4DA4,䶤
6550,U+4DA5,䶥
6551,U+4DA6,䶦
6552,U+4DA7,䶧
6553,U+4DA8,䶨
6554,U+4DA9,䶩
6555,U+4DAA,䶪
6556,U+4DAB,䶫
6557,U+4DAC,䶬
6558,U+4DAD,䶭
6559,U+4DAE,䶮
6560,U+4DAF,䶯
6561,U+4DB0,䶰
6562,U+4DB1,䶱
6563,U+4DB2,䶲
6564,U+4DB3,䶳
6565,U+4DB4,䶴
6566,U+4DB5,䶵
6567,U+4E00,一
6568,U+4E01,丁
6569,U+4E02,丂
6570,U+4E03,七
6571,U+4E04,丄
6572,U+4E05,丅
6573,U+4E06,丆
6574,U+4E07,万
6575,U+4E09,三
6576,U+4E0A,上
6577,U+4E0B,下
6578,U+4E0C,丌
6579,U+4E0D,不
6580,U+4E0E,与
6581,U+4E12,丒
6582,U+4E15,丕
6583,U+4E17,丗
6584,U+4E19,丙
6585,U+4E1A,业
6586,U+4E1B,丛
6587,U+4E1D,丝
6588,U+4E1E,丞
6589,U+4E1F,丟
6590,U+4E20,丠
6591,U+4E21,両
6592,U+4E22,丢
6593,U+4E24,两
6594,U+4E25,严
6595,U+4E26,並
6596,U+4E27,丧
6597,U+4E28,丨
6598,U+4E2A,个
6599,U+4E2B,丫
6600,U+4E2D,中
6601,U+4E2E,丮
6602,U+4E2F,丯
6603,U+4E30,丰
6604,U+4E32,串
6605,U+4E33,丳
6606,U+4E34,临
6607,U+4E35,丵
6608,U+4E36,丶
6609,U+4E37,丷
6610,U+4E38,丸
6611,U+4E3B,主
6612,U+4E3C,丼
6613,U+4E3D,丽
6614,U+4E3E,举
6615,U+4E3F,丿
6616,U+4E42,乂
6617,U+4E43,乃
6618,U+4E46,乆
6619,U+4E47,乇
6620,U+4E48,么
6621,U+4E49,义
6622,U+4E4A,乊
6623,U+4E4B,之
6624,U+4E4C,乌
6625,U+4E4F,乏
6626,U+4E52,乒
6627,U+4E53,乓
6628,U+4E54,乔
6629,U+4E55,乕
6630,U+4E56,乖
6631,U+4E58,乘
6632,U+4E59,乙
6633,U+4E5E,乞
6634,U+4E60,习
6635,U+4E62,乢
6636,U+4E63,乣
6637,U+4E64,乤
6638,U+4E65,乥
6639,U+4E67,乧
6640,U+4E68,乨
6641,U+4E69,乩
6642,U+4E6A,乪
6643,U+4E6B,乫
6644,U+4E6C,乬
6645,U+4E6D,乭
6646,U+4E6E,乮
6647,U+4E6F,乯
6648,U+4E70,买
6649,U+4E71,乱
6650,U+4E72,乲
6651,U+4E73,乳
6652,U+4E74,乴
6653,U+4E75,乵
6654,U+4E76,乶
6655,U+4E77,乷
6656,U+4E78,乸
6657,U+4E79,乹
6658,U+4E7A,乺
6659,U+4E7B,乻
6660,U+4E7C,乼
6661,U+4E7D,乽
6662,U+4E7E,乾
6663,U+4E7F,乿
6664,U+4E80,亀
6665,U+4E81,亁
6666,U+4E82,亂
6667,U+4E83,亃
6668,U+4E84,亄
6669,U+4E85,亅
6670,U+4E86,了
6671,U+4E87,亇
6672,U+4E88,予
6673,U+4E89,争
6674,U+4E8C,二
6675,U+4E8D,亍
6676,U+4E8F,亏
6677,U+4E90,亐
6678,U+4E91,云
6679,U+4E92,互
6680,U+4E93,亓
6681,U+4E94,五
6682,U+4E96,亖
6683,U+4E97,亗
6684,U+4E98,亘
6685,U+4E99,亙
6686,U+4E9A,亚
6687,U+4E9B,些
6688,U+4E9D,亝
6689,U+4E9E,亞
6690,U+4E9F,亟
6691,U+4EA0,亠
6692,U+4EA1,亡
6693,U+4EA2,亢
6694,U+4EA3,亣
6695,U+4EA4,交
6696,U+4EA5,亥
6697,U+4EA6,亦
6698,U+4EA7,产
6699,U+4EA8,亨
6700,U+4EA9,亩
6701,U+4EAA,亪
6702,U+4EAB,享
6703,U+4EAC,京
6704,U+4EAD,亭
6705,U+4EAE,亮
6706,U+4EAF,亯
6707,U+4EB0,亰
6708,U+4EB1,亱
6709,U+4EB2,亲
6710,U+4EB3,亳
6711,U+4EB4,亴
6712,U+4EB5,亵
6713,U+4EB6,亶
6714,U+4EB7,亷
6715,U+4EB8,亸
6716,U+4EB9,亹
6717,U+4EBA,人
6718,U+4EBB,亻
6719,U+4EBC,亼
6720,U+4EBD,亽
6721,U+4EBE,亾
6722,U+4EBF,亿
6723,U+4EC0,什
6724,U+4EC1,仁
6725,U+4EC2,仂
6726,U+4EC3,仃
6727,U+4EC4,仄
6728,U+4EC5,仅
6729,U+4EC6,仆
6730,U+4EC7,仇
6731,U+4EC8,仈
6732,U+4EC9,仉
6733,U+4ECA,今
6734,U+4ECB,介
6735,U+4ECC,仌
6736,U+4ECD,仍
6737,U+4ECE,从
6738,U+4ECF,仏
6739,U+4ED0,仐
6740,U+4ED1,仑
6741,U+4ED2,仒
6742,U+4ED3,仓
6743,U+4ED4,仔
6744,U+4ED5,仕
6745,U+4ED6,他
6746,U+4ED7,仗
6747,U+4ED8,付
6748,U+4ED9,仙
6749,U+4EDA,仚
6750,U+4EDB,仛
6751,U+4EDC,仜
6752,U+4EDD,仝
6753,U+4EDE,仞
6754,U+4EDF,仟
6755,U+4EE0,仠
6756,U+4EE1,仡
6757,U+4EE2,仢
6758,U+4EE3,代
6759,U+4EE4,令
6760,U+4EE6,仦
6761,U+4EE7,仧
6762,U+4EE8,仨
6763,U+4EE9,仩
6764,U+4EEA,仪
6765,U+4EEB,仫
6766,U+4EEC,们
6767,U+4EED,仭
6768,U+4EEE,仮
6769,U+4EEF,仯
6770,U+4EF0,仰
6771,U+4EF1,仱
6772,U+4EF2,仲
6773,U+4EF3,仳
6774,U+4EF4,仴
6775,U+4EF5,仵
6776,U+4EF6,件
6777,U+4EF7,价
6778,U+4EF8,仸
6779,U+4EF9,仹
6780,U+4EFA,仺
6781,U+4EFB,任
6782,U+4EFC,仼
6783,U+4EFD,份
6784,U+4EFE,仾
6785,U+4EFF,仿
6786,U+4F00,伀
6787,U+4F01,企
6788,U+4F02,伂
6789,U+4F03,伃
6790,U+4F04,伄
6791,U+4F05,伅
6792,U+4F06,伆
6793,U+4F07,伇
6794,U+4F08,伈
6795,U+4F09,伉
6796,U+4F0A,伊
6797,U+4F0B,伋
6798,U+4F0C,伌
6799,U+4F0D,伍
6800,U+4F0E,伎
6801,U+4F0F,伏
6802,U+4F10,伐
6803,U+4F11,休
6804,U+4F12,伒
6805,U+4F13,伓
6806,U+4F14,伔
6807,U+4F15,伕
6808,U+4F16,伖
6809,U+4F17,众
6810,U+4F18,优
6811,U+4F19,伙
6812,U+4F1A,会
6813,U+4F1B,伛
6814,U+4F1C,伜
6815,U+4F1D,伝
6816,U+4F1E,伞
6817,U+4F1F,伟
6818,U+4F20,传
6819,U+4F21,伡
6820,U+4F22,伢
6821,U+4F23,伣
6822,U+4F24,伤
6823,U+4F25,伥
6824,U+4F26,伦
6825,U+4F27,伧
6826,U+4F28,伨
6827,U+4F29,伩
6828,U+4F2A,伪
6829,U+4F2B,伫
6830,U+4F2C,伬
6831,U+4F2D,伭
6832,U+4F2E,伮
6833,U+4F2F,伯
6834,U+4F30,估
6835,U+4F31,伱
6836,U+4F32,伲
6837,U+4F33,伳
6838,U+4F34,伴
6839,U+4F35,伵
6840,U+4F36,伶
6841,U+4F37,伷
6842,U+4F38,伸
6843,U+4F39,伹
6844,U+4F3A,伺
6845,U+4F3B,伻
6846,U+4F3C,似
6847,U+4F3D,伽
6848,U+4F3E,伾
6849,U+4F3F,伿
6850,U+4F40,佀
6851,U+4F41,佁
6852,U+4F42,佂
6853,U+4F43,佃
6854,U+4F44,佄
6855,U+4F45,佅
6856,U+4F46,但
6857,U+4F47,佇
6858,U+4F48,佈
6859,U+4F49,佉
6860,U+4F4A,佊
6861,U+4F4B,佋
6862,U+4F4C,佌
6863,U+4F4D,位
6864,U+4F4E,低
6865,U+4F4F,住
6866,U+4F50,佐
6867,U+4F51,佑
6868,U+4F52,佒
6869,U+4F53,体
6870,U+4F54,佔
6871,U+4F55,何
6872,U+4F56,佖
6873,U+4F57,佗
6874,U+4F58,佘
6875,U+4F59,余
6876,U+4F5A,佚
6877,U+4F5B,佛
6878,U+4F5C,作
6879,U+4F5D,佝
6880,U+4F5E,佞
6881,U+4F5F,佟
6882,U+4F60,你
6883,U+4F61,佡
6884,U+4F62,佢
6885,U+4F63,佣
6886,U+4F64,佤
6887,U+4F65,佥
6888,U+4F66,佦
6889,U+4F67,佧
6890,U+4F68,佨
6891,U+4F69,佩
6892,U+4F6A,佪
6893,U+4F6B,佫
6894,U+4F6C,佬
6895,U+4F6D,佭
6896,U+4F6E,佮
6897,U+4F6F,佯
6898,U+4F70,佰
6899,U+4F71,佱
6900,U+4F72,佲
6901,U+4F73,佳
6902,U+4F74,佴
6903,U+4F75,併
6904,U+4F76,佶
6905,U+4F77,佷
6906,U+4F78,佸
6907,U+4F79,佹
6908,U+4F7A,佺
6909,U+4F7B,佻
6910,U+4F7C,佼
6911,U+4F7D,佽
6912,U+4F7E,佾
6913,U+4F7F,使
6914,U+4F80,侀
6915,U+4F81,侁
6916,U+4F82,侂
6917,U+4F83,侃
6918,U+4F84,侄
6919,U+4F85,侅
6920,U+4F86,來
6921,U+4F87,侇
6922,U+4F88,侈
6923,U+4F89,侉
6924,U+4F8A,侊
6925,U+4F8B,例
6926,U+4F8C,侌
6927,U+4F8D,侍
6928,U+4F8E,侎
6929,U+4F8F,侏
6930,U+4F90,侐
6931,U+4F91,侑
6932,U+4F92,侒
6933,U+4F93,侓
6934,U+4F94,侔
6935,U+4F95,侕
6936,U+4F96,侖
6937,U+4F97,侗
6938,U+4F98,侘
6939,U+4F99,侙
6940,U+4F9A,侚
6941,U+4F9B,供
6942,U+4F9C,侜
6943,U+4F9D,依
6944,U+4F9E,侞
6945,U+4F9F,侟
6946,U+4FA0,侠
6947,U+4FA1,価
6948,U+4FA2,侢
6949,U+4FA3,侣
6950,U+4FA4,侤
6951,U+4FA5,侥
6952,U+4FA6,侦
6953,U+4FA7,侧
6954,U+4FA8,侨
6955,U+4FA9,侩
6956,U+4FAA,侪
6957,U+4FAB,侫
6958,U+4FAC,侬
6959,U+4FAD,侭
6960,U+4FAE,侮
6961,U+4FAF,侯
6962,U+4FB0,侰
6963,U+4FB1,侱
6964,U+4FB2,侲
6965,U+4FB3,侳
6966,U+4FB4,侴
6967,U+4FB5,侵
6968,U+4FB6,侶
6969,U+4FB7,侷
6970,U+4FB8,侸
6971,U+4FB9,侹
6972,U+4FBA,侺
6973,U+4FBB,侻
6974,U+4FBC,侼
6975,U+4FBD,侽
6976,U+4FBE,侾
6977,U+4FBF,便
6978,U+4FC0,俀
6979,U+4FC1,俁
6980,U+4FC2,係
6981,U+4FC3,促
6982,U+4FC4,俄
6983,U+4FC5,俅
6984,U+4FC6,俆
6985,U+4FC7,俇
6986,U+4FC8,俈
6987,U+4FC9,俉
6988,U+4FCA,俊
6989,U+4FCB,俋
6990,U+4FCC,俌
6991,U+4FCD,俍
6992,U+4FCE,俎
6993,U+4FCF,俏
6994,U+4FD0,俐
6995,U+4FD1,俑
6996,U+4FD2,俒
6997,U+4FD3,俓
6998,U+4FD4,俔
6999,U+4FD5,俕
7000,U+4FD6,俖
7001,U+4FD7,俗
7002,U+4FD8,俘
7003,U+4FD9,俙
7004,U+4FDA,俚
7005,U+4FDB,俛
7006,U+4FDC,俜
7007,U+4FDD,保
7008,U+4FDE,俞
7009,U+4FDF,俟
7010,U+4FE0,俠
7011,U+4FE1,信
7012,U+4FE2,俢
7013,U+4FE3,俣
7014,U+4FE4,俤
7015,U+4FE5,俥
7016,U+4FE6,俦
7017,U+4FE7,俧
7018,U+4FE8,俨
7019,U+4FE9,俩
7020,U+4FEA,俪
7021,U+4FEB,俫
7022,U+4FEC,俬
7023,U+4FED,俭
7024,U+4FEE,修
7025,U+4FEF,俯
7026,U+4FF0,俰
7027,U+4FF1,俱
7028,U+4FF2,俲
7029,U+4FF3,俳
7030,U+4FF4,俴
7031,U+4FF5,俵
7032,U+4FF6,俶
7033,U+4FF7,俷
7034,U+4FF8,俸
7035,U+4FF9,俹
7036,U+4FFA,俺
7037,U+4FFB,俻
7038,U+4FFC,俼
7039,U+4FFD,俽
7040,U+4FFE,俾
7041,U+4FFF,俿
7042,U+5000,倀
7043,U+5001,倁
7044,U+5002,倂
7045,U+5003,倃
7046,U+5004,倄
7047,U+5005,倅
7048,U+5006,倆
7049,U+5007,倇
7050,U+5008,倈
7051,U+5009,倉
7052,U+500A,倊
7053,U+500B,個
7054,U+500C,倌
7055,U+500D,倍
7056,U+500E,倎
7057,U+500F,倏
7058,U+5010,倐
7059,U+5011,們
7060,U+5012,倒
7061,U+5013,倓
7062,U+5014,倔
7063,U+5015,倕
7064,U+5016,倖
7065,U+5017,倗
7066,U+5018,倘
7067,U+5019,候
7068,U+501A,倚
7069,U+501B,倛
7070,U+501C,倜
7071,U+501D,倝
7072,U+501E,倞
7073,U+501F,借
7074,U+5020,倠
7075,U+5021,倡
7076,U+5022,倢
7077,U+5023,倣
7078,U+5024,値
7079,U+5025,倥
7080,U+5026,倦
7081,U+5027,倧
7082,U+5028,倨
7083,U+5029,倩
7084,U+502A,倪
7085,U+502B,倫
7086,U+502C,倬
7087,U+502D,倭
7088,U+502E,倮
7089,U+502F,倯
7090,U+5030,倰
7091,U+5031,倱
7092,U+5032,倲
7093,U+5033,倳
7094,U+5034,倴
7095,U+5035,倵
7096,U+5036,倶
7097,U+5037,倷
7098,U+5038,倸
7099,U+5039,倹
7100,U+503A,债
7101,U+503B,倻
7102,U+503C,值
7103,U+503D,倽
7104,U+503E,倾
7105,U+503F,倿
7106,U+5040,偀
7107,U+5041,偁
7108,U+5042,偂
7109,U+5043,偃
7110,U+5044,偄
7111,U+5045,偅
7112,U+5046,偆
7113,U+5047,假
7114,U+5048,偈
7115,U+5049,偉
7116,U+504A,偊
7117,U+504B,偋
7118,U+504C,偌
7119,U+504D,偍
7120,U+504E,偎
7121,U+504F,偏
7122,U+5050,偐
7123,U+5051,偑
7124,U+5052,偒
7125,U+5053,偓
7126,U+5054,偔
7127,U+5055,偕
7128,U+5056,偖
7129,U+5057,偗
7130,U+5058,偘
7131,U+5059,偙
7132,U+505A,做
7133,U+505B,偛
7134,U+505C,停
7135,U+505D,偝
7136,U+505E,偞
7137,U+505F,偟
7138,U+5060,偠
7139,U+5061,偡
7140,U+5062,偢
7141,U+5063,偣
7142,U+5064,偤
7143,U+5065,健
7144,U+5066,偦
7145,U+5067,偧
7146,U+5068,偨
7147,U+5069,偩
7148,U+506A,偪
7149,U+506B,偫
7150,U+506C,偬
7151,U+506D,偭
7152,U+506E,偮
7153,U+506F,偯
7154,U+5070,偰
7155,U+5071,偱
7156,U+5072,偲
7157,U+5073,偳
7158,U+5074,側
7159,U+5075,偵
7160,U+5076,偶
7161,U+5077,偷
7162,U+5078,偸
7163,U+5079,偹
7164,U+507A,偺
7165,U+507B,偻
7166,U+507C,偼
7167,U+507D,偽
7168,U+507E,偾
7169,U+507F,偿
7170,U+5080,傀
7171,U+5081,傁
7172,U+5082,傂
7173,U+5083,傃
7174,U+5084,傄
7175,U+5085,傅
7176,U+5086,傆
7177,U+5087,傇
7178,U+5088,傈
7179,U+5089,傉
7180,U+508A,傊
7181,U+508B,傋
7182,U+508C,傌
7183,U+508D,傍
7184,U+508E,傎
7185,U+508F,傏
7186,U+5090,傐
7187,U+5091,傑
7188,U+5092,傒
7189,U+5093,傓
7190,U+5094,傔
7191,U+5095,傕
7192,U+5096,傖
7193,U+5097,傗
7194,U+5098,傘
7195,U+5099,備
7196,U+509A,傚
7197,U+509B,傛
7198,U+509C,傜
7199,U+509D,傝
7200,U+509E,傞
7201,U+509F,傟
7202,U+50A0,傠
7203,U+50A1,傡
7204,U+50A2,傢
7205,U+50A3,傣
7206,U+50A4,傤
7207,U+50A5,傥
7208,U+50A6,傦
7209,U+50A7,傧
7210,U+50A8,储
7211,U+50A9,傩
7212,U+50AA,傪
7213,U+50AB,傫
7214,U+50AC,催
7215,U+50AD,傭
7216,U+50AE,傮
7217,U+50AF,傯
7218,U+50B0,傰
7219,U+50B1,傱
7220,U+50B2,傲
7221,U+50B3,傳
7222,U+50B4,傴
7223,U+50B5,債
7224,U+50B6,傶
7225,U+50B7,傷
7226,U+50B8,傸
7227,U+50B9,傹
7228,U+50BA,傺
7229,U+50BB,傻
7230,U+50BC,傼
7231,U+50BD,傽
7232,U+50BE,傾
7233,U+50BF,傿
7234,U+50C0,僀
7235,U+50C1,僁
7236,U+50C2,僂
7237,U+50C3,僃
7238,U+50C4,僄
7239,U+50C5,僅
7240,U+50C6,僆
7241,U+50C7,僇
7242,U+50C8,僈
7243,U+50C9,僉
7244,U+50CA,僊
7245,U+50CB,僋
7246,U+50CC,僌
7247,U+50CD,働
7248,U+50CE,僎
7249,U+50CF,像
7250,U+50D0,僐
7251,U+50D1,僑
7252,U+50D2,僒
7253,U+50D3,僓
7254,U+50D4,僔
7255,U+50D5,僕
7256,U+50D6,僖
7257,U+50D7,僗
7258,U+50D8,僘
7259,U+50D9,僙
7260,U+50DA,僚
7261,U+50DB,僛
7262,U+50DC,僜
7263,U+50DD,僝
7264,U+50DE,僞
7265,U+50DF,僟
7266,U+50E0,僠
7267,U+50E1,僡
7268,U+50E2,僢
7269,U+50E3,僣
7270,U+50E4,僤
7271,U+50E5,僥
7272,U+50E6,僦
7273,U+50E7,僧
7274,U+50E8,僨
7275,U+50E9,僩
7276,U+50EA,僪
7277,U+50EB,僫
7278,U+50EC,僬
7279,U+50ED,僭
7280,U+50EE,僮
7281,U+50EF,僯
7282,U+50F0,僰
7283,U+50F1,僱
7284,U+50F2,僲
7285,U+50F3,僳
7286,U+50F4,僴
7287,U+50F5,僵
7288,U+50F6,僶
7289,U+50F7,僷
7290,U+50F8,僸
7291,U+50F9,價
7292,U+50FA,僺
7293,U+50FB,僻
7294,U+50FC,僼
7295,U+50FD,僽
7296,U+50FE,僾
7297,U+50FF,僿
7298,U+5100,儀
7299,U+5101,儁
7300,U+5102,儂
7301,U+5103,儃
7302,U+5104,億
7303,U+5105,儅
7304,U+5106,儆
7305,U+5107,儇
7306,U+5108,儈
7307,U+5109,儉
7308,U+510A,儊
7309,U+510B,儋
7310,U+510C,儌
7311,U+510D,儍
7312,U+510E,儎
7313,U+510F,儏
7314,U+5110,儐
7315,U+5111,儑
7316,U+5112,儒
7317,U+5113,儓
7318,U+5114,儔
7319,U+5115,儕
7320,U+5116,儖
7321,U+5117,儗
7322,U+5118,儘
7323,U+5119,儙
7324,U+511A,儚
7325,U+511B,儛
7326,U+511C,儜
7327,U+511D,儝
7328,U+511E,儞
7329,U+511F,償
7330,U+5120,儠
7331,U+5121,儡
7332,U+5122,儢
7333,U+5123,儣
7334,U+5124,儤
7335,U+5125,儥
7336,U+5126,儦
7337,U+5127,儧
7338,U+5128,儨
7339,U+5129,儩
7340,U+512A,優
7341,U+512B,儫
7342,U+512C,儬
7343,U+512D,儭
7344,U+512E,儮
7345,U+512F,儯
7346,U+5130,儰
7347,U+5131,儱
7348,U+5132,儲
7349,U+5133,儳
7350,U+5134,儴
7351,U+5135,儵
7352,U+5136,儶
7353,U+5137,儷
7354,U+5138,儸
7355,U+5139,儹
7356,U+513A,儺
7357,U+513B,儻
7358,U+513C,儼
7359,U+513D,儽
7360,U+513E,儾
7361,U+513F,儿
7362,U+5140,兀
7363,U+5141,允
7364,U+5143,元
7365,U+5144,兄
7366,U+5145,充
7367,U+5147,兇
7368,U+5148,先
7369,U+5149,光
7370,U+514A,兊
7371,U+514B,克
7372,U+514C,兌
7373,U+514E,兎
7374,U+514F,兏
7375,U+5150,児
7376,U+5151,兑
7377,U+5152,兒
7378,U+5153,兓
7379,U+5154,兔
7380,U+5155,兕
7381,U+5156,兖
7382,U+5157,兗
7383,U+5158,兘
7384,U+5159,兙
7385,U+515A,党
7386,U+515B,兛
7387,U+515C,兜
7388,U+515D,兝
7389,U+515E,兞
7390,U+515F,兟
7391,U+5160,兠
7392,U+5161,兡
7393,U+5162,兢
7394,U+5163,兣
7395,U+5164,兤
7396,U+5165,入
7397,U+5166,兦
7398,U+5167,內
7399,U+5168,全
7400,U+5169,兩
7401,U+516A,兪
7402,U+516B,八
7403,U+516C,公
7404,U+516D,六
7405,U+516E,兮
7406,U+516F,兯
7407,U+5170,兰
7408,U+5171,共
7409,U+5172,兲
7410,U+5173,关
7411,U+5174,兴
7412,U+5175,兵
7413,U+5176,其
7414,U+5177,具
7415,U+5178,典
7416,U+5179,兹
7417,U+517A,兺
7418,U+517B,养
7419,U+517C,兼
7420,U+517D,兽
7421,U+517E,兾
7422,U+517F,兿
7423,U+5180,冀
7424,U+5181,冁
7425,U+5182,冂
7426,U+5183,冃
7427,U+5184,冄
7428,U+5185,内
7429,U+5187,冇
7430,U+5188,冈
7431,U+518A,冊
7432,U+518B,冋
7433,U+518D,再
7434,U+518E,冎
7435,U+518F,冏
7436,U+5190,冐
7437,U+5191,冑
7438,U+5192,冒
7439,U+5193,冓
7440,U+5194,冔
7441,U+5195,冕
7442,U+5196,冖
7443,U+5197,冗
7444,U+5199,写
7445,U+519A,冚
7446,U+519B,军
7447,U+519C,农
7448,U+519D,冝
7449,U+519E,冞
7450,U+519F,冟
7451,U+51A0,冠
7452,U+51A1,冡
7453,U+51A2,冢
7454,U+51A3,冣
7455,U+51A4,冤
7456,U+51A5,冥
7457,U+51A6,冦
7458,U+51A7,冧
7459,U+51A8,冨
7460,U+51A9,冩
7461,U+51AA,冪
7462,U+51AB,冫
7463,U+51AC,冬
7464,U+51AD,冭
7465,U+51AE,冮
7466,U+51AF,冯
7467,U+51B0,冰
7468,U+51B1,冱
7469,U+51B2,冲
7470,U+51B3,决
7471,U+51B4,冴
7472,U+51B5,况
7473,U+51B6,冶
7474,U+51B7,冷
7475,U+51B8,冸
7476,U+51B9,冹
7477,U+51BA,冺
7478,U+51BB,冻
7479,U+51BC,冼
7480,U+51BD,冽
7481,U+51BE,冾
7482,U+51BF,冿
7483,U+51C0,净
7484,U+51C1,凁
7485,U+51C2,凂
7486,U+51C3,凃
7487,U+51C4,凄
7488,U+51C5,凅
7489,U+51C6,准
7490,U+51C7,凇
7491,U+51C8,凈
7492,U+51C9,凉
7493,U+51CA,凊
7494,U+51CB,凋
7495,U+51CC,凌
7496,U+51CD,凍
7497,U+51CE,凎
7498,U+51CF,减
7499,U+51D0,凐
7500,U+51D1,凑
7501,U+51D2,凒
7502,U+51D3,凓
7503,U+51D4,凔
7504,U+51D5,凕
7505,U+51D6,凖
7506,U+51D7,凗
7507,U+51D8,凘
7508,U+51D9,凙
7509,U+51DA,凚
7510,U+51DB,凛
7511,U+51DC,凜
7512,U+51DD,凝
7513,U+51DE,凞
7514,U+51DF,凟
7515,U+51E0,几
7516,U+51E1,凡
7517,U+51E2,凢
7518,U+51E3,凣
7519,U+51E4,凤
7520,U+51E5,凥
7521,U+51E6,処
7522,U+51E7,凧
7523,U+51E8,凨
7524,U+51E9,凩
7525,U+51EA,凪
7526,U+51EB,凫
7527,U+51EC,凬
7528,U+51ED,凭
7529,U+51EE,凮
7530,U+51EF,凯
7531,U+51F0,凰
7532,U+51F1,凱
7533,U+51F2,凲
7534,U+51F3,凳
7535,U+51F4,凴
7536,U+51F5,凵
7537,U+51F6,凶
7538,U+51F7,凷
7539,U+51FA,出
7540,U+51FB,击
7541,U+51FC,凼
7542,U+51FD,函
7543,U+51FE,凾
7544,U+51FF,凿
7545,U+5200,刀
7546,U+5202,刂
7547,U+5203,刃
7548,U+5204,刄
7549,U+5205,刅
7550,U+5206,分
7551,U+5207,切
7552,U+5208,刈
7553,U+5209,刉
7554,U+520A,刊
7555,U+520B,刋
7556,U+520C,刌
7557,U+520D,刍
7558,U+520E,刎
7559,U+520F,刏
7560,U+5210,刐
7561,U+5211,刑
7562,U+5212,划
7563,U+5213,刓
7564,U+5214,刔
7565,U+5215,刕
7566,U+5216,刖
7567,U+5217,列
7568,U+5218,刘
7569,U+5219,则
7570,U+521A,刚
7571,U+521B,创
7572,U+521C,刜
7573,U+521D,初
7574,U+521E,刞
7575,U+521F,刟
7576,U+5220,删
7577,U+5221,刡
7578,U+5222,刢
7579,U+5223,刣
7580,U+5224,判
7581,U+5225,別
7582,U+5226,刦
7583,U+5227,刧
7584,U+5228,刨
7585,U+5229,利
7586,U+522A,刪
7587,U+522B,别
7588,U+522C,刬
7589,U+522D,刭
7590,U+522E,刮
7591,U+522F,刯
7592,U+5230,到
7593,U+5231,刱
7594,U+5232,刲
7595,U+5233,刳
7596,U+5234,刴
7597,U+5235,刵
7598,U+5236,制
7599,U+5237,刷
7600,U+5238,券
7601,U+5239,刹
7602,U+523A,刺
7603,U+523B,刻
7604,U+523C,刼
7605,U+523D,刽
7606,U+523E,刾
7607,U+523F,刿
7608,U+5240,剀
7609,U+5241,剁
7610,U+5242,剂
7611,U+5243,剃
7612,U+5244,剄
7613,U+5245,剅
7614,U+5246,剆
7615,U+5247,則
7616,U+5248,剈
7617,U+5249,剉
7618,U+524A,削
7619,U+524B,剋
7620,U+524C,剌
7621,U+524D,前
7622,U+524E,剎
7623,U+524F,剏
7624,U+5250,剐
7625,U+5251,剑
7626,U+5252,剒
7627,U+5253,剓
7628,U+5254,剔
7629,U+5255,剕
7630,U+5256,剖
7631,U+5257,剗
7632,U+5258,剘
7633,U+5259,剙
7634,U+525A,剚
7635,U+525B,剛
7636,U+525C,剜
7637,U+525D,剝
7638,U+525E,剞
7639,U+525F,剟
7640,U+5260,剠
7641,U+5261,剡
7642,U+5262,剢
7643,U+5263,剣
7644,U+5264,剤
7645,U+5265,剥
7646,U+5266,剦
7647,U+5267,剧
7648,U+5268,剨
7649,U+5269,剩
7650,U+526A,剪
7651,U+526B,剫
7652,U+526C,剬
7653,U+526D,剭
7654,U+526E,剮
7655,U+526F,副
7656,U+5270,剰
7657,U+5271,剱
7658,U+5272,割
7659,U+5273,剳
7660,U+5274,剴
7661,U+5275,創
7662,U+5276,剶
7663,U+5277,剷
7664,U+5278,剸
7665,U+5279,剹
7666,U+527A,剺
7667,U+527B,剻
7668,U+527C,剼
7669,U+527D,剽
7670,U+527E,剾
7671,U+527F,剿
7672,U+5280,劀
7673,U+5281,劁
7674,U+5282,劂
7675,U+5283,劃
7676,U+5284,劄
7677,U+5285,劅
7678,U+5286,劆
7679,U+5287,劇
7680,U+5288,劈
7681,U+5289,劉
7682,U+528A,劊
7683,U+528B,劋
7684,U+528C,劌
7685,U+528D,劍
7686,U+528E,劎
7687,U+528F,劏
7688,U+5290,劐
7689,U+5291,劑
7690,U+5292,劒
7691,U+5293,劓
7692,U+5294,劔
7693,U+5295,劕
7694,U+5296,劖
7695,U+5297,劗
7696,U+5298,劘
7697,U+5299,劙
7698,U+529A,劚
7699,U+529B,力
7700,U+529C,劜
7701,U+529D,劝
7702,U+529E,办
7703,U+529F,功
7704,U+52A0,加
7705,U+52A1,务
7706,U+52A2,劢
7707,U+52A3,劣
7708,U+52A4,劤
7709,U+52A5,劥
7710,U+52A6,劦
7711,U+52A7,劧
7712,U+52A8,动
7713,U+52A9,助
7714,U+52AA,努
7715,U+52AB,劫
7716,U+52AC,劬
7717,U+52AD,劭
7718,U+52AE,劮
7719,U+52AF,劯
7720,U+52B0,劰
7721,U+52B1,励
7722,U+52B2,劲
7723,U+52B3,劳
7724,U+52B4,労
7725,U+52B5,劵
7726,U+52B6,劶
7727,U+52B7,劷
7728,U+52B8,劸
7729,U+52B9,効
7730,U+52BA,劺
7731,U+52BB,劻
7732,U+52BC,劼
7733,U+52BD,劽
7734,U+52BE,劾
7735,U+52BF,势
7736,U+52C0,勀
7737,U+52C1,勁
7738,U+52C2,勂
7739,U+52C3,勃
7740,U+52C4,勄
7741,U+52C5,勅
7742,U+52C6,勆
7743,U+52C7,勇
7744,U+52C8,勈
7745,U+52C9,勉
7746,U+52CA,勊
7747,U+52CB,勋
7748,U+52CC,勌
7749,U+52CD,勍
7750,U+52CE,勎
7751,U+52CF,勏
7752,U+52D0,勐
7753,U+52D1,勑
7754,U+52D2,勒
7755,U+52D3,勓
7756,U+52D4,勔
7757,U+52D5,動
7758,U+52D6,勖
7759,U+52D7,勗
7760,U+52D8,勘
7761,U+52D9,務
7762,U+52DA,勚
7763,U+52DB,勛
7764,U+52DC,勜
7765,U+52DD,勝
7766,U+52DE,勞
7767,U+52DF,募
7768,U+52E0,勠
7769,U+52E1,勡
7770,U+52E2,勢
7771,U+52E3,勣
7772,U+52E4,勤
7773,U+52E5,勥
7774,U+52E6,勦
7775,U+52E7,勧
7776,U+52E8,勨
7777,U+52E9,勩
7778,U+52EA,勪
7779,U+52EB,勫
7780,U+52EC,勬
7781,U+52ED,勭
7782,U+52EE,勮
7783,U+52EF,勯
7784,U+52F0,勰
7785,U+52F1,勱
7786,U+52F2,勲
7787,U+52F3,勳
7788,U+52F4,勴
7789,U+52F5,勵
7790,U+52F6,勶
7791,U+52F7,勷
7792,U+52F8,勸
7793,U+52F9,勹
7794,U+52FA,勺
7795,U+52FB,勻
7796,U+52FC,勼
7797,U+52FD,勽
7798,U+52FE,勾
7799,U+52FF,勿
7800,U+5300,匀
7801,U+5301,匁
7802,U+5302,匂
7803,U+5303,匃
7804,U+5304,匄
7805,U+5305,包
7806,U+5306,匆
7807,U+5307,匇
7808,U+5308,匈
7809,U+5309,匉
7810,U+530A,匊
7811,U+530B,匋
7812,U+530C,匌
7813,U+530D,匍
7814,U+530E,匎
7815,U+530F,匏
7816,U+5310,匐
7817,U+5311,匑
7818,U+5312,匒
7819,U+5313,匓
7820,U+5314,匔
7821,U+5315,匕
7822,U+5316,化
7823,U+5317,北
7824,U+5318,匘
7825,U+5319,匙
7826,U+531A,匚
7827,U+531B,匛
7828,U+531C,匜
7829,U+531D,匝
7830,U+531E,匞
7831,U+531F,匟
7832,U+5320,匠
7833,U+5321,匡
7834,U+5322,匢
7835,U+5323,匣
7836,U+5324,匤
7837,U+5325,匥
7838,U+5326,匦
7839,U+5327,匧
7840,U+5328,匨
7841,U+5329,匩
7842,U+532A,匪
7843,U+532B,匫
7844,U+532C,匬
7845,U+532D,匭
7846,U+532E,匮
7847,U+532F,匯
7848,U+5330,匰
7849,U+5331,匱
7850,U+5332,匲
7851,U+5333,匳
7852,U+5334,匴
7853,U+5335,匵
7854,U+5336,匶
7855,U+5337,匷
7856,U+5338,匸
7857,U+5339,匹
7858,U+533A,区
7859,U+533B,医
7860,U+533C,匼
7861,U+533D,匽
7862,U+533E,匾
7863,U+533F,匿
7864,U+5340,區
7865,U+5341,十
7866,U+5342,卂
7867,U+5343,千
7868,U+5344,卄
7869,U+5345,卅
7870,U+5346,卆
7871,U+5347,升
7872,U+5348,午
7873,U+5349,卉
7874,U+534A,半
7875,U+534B,卋
7876,U+534E,华
7877,U+534F,协
7878,U+5351,卑
7879,U+5352,卒
7880,U+5353,卓
7881,U+5354,協
7882,U+5355,单
7883,U+5356,卖
7884,U+5357,南
7885,U+5358,単
7886,U+5359,卙
7887,U+535A,博
7888,U+535B,卛
7889,U+535C,卜
7890,U+535E,卞
7891,U+535F,卟
7892,U+5360,占
7893,U+5361,卡
7894,U+5362,卢
7895,U+5363,卣
7896,U+5364,卤
7897,U+5365,卥
7898,U+5366,卦
7899,U+5367,卧
7900,U+5368,卨
7901,U+5369,卩
7902,U+536A,卪
7903,U+536B,卫
7904,U+536C,卬
7905,U+536D,卭
7906,U+536E,卮
7907,U+536F,卯
7908,U+5370,印
7909,U+5371,危
7910,U+5372,卲
7911,U+5373,即
7912,U+5374,却
7913,U+5375,卵
7914,U+5376,卶
7915,U+5377,卷
7916,U+5378,卸
7917,U+5379,卹
7918,U+537A,卺
7919,U+537B,卻
7920,U+537C,卼
7921,U+537D,卽
7922,U+537E,卾
7923,U+537F,卿
7924,U+5380,厀
7925,U+5381,厁
7926,U+5382,厂
7927,U+5383,厃
7928,U+5384,厄
7929,U+5385,厅
7930,U+5386,历
7931,U+5387,厇
7932,U+5388,厈
7933,U+5389,厉
7934,U+538A,厊
7935,U+538B,压
7936,U+538C,厌
7937,U+538D,厍
7938,U+538E,厎
7939,U+538F,厏
7940,U+5390,厐
7941,U+5391,厑
7942,U+5392,厒
7943,U+5393,厓
7944,U+5394,厔
7945,U+5395,厕
7946,U+5396,厖
7947,U+5397,厗
7948,U+5398,厘
7949,U+5399,厙
7950,U+539A,厚
7951,U+539B,厛
7952,U+539C,厜
7953,U+539D,厝
7954,U+539E,厞
7955,U+539F,原
7956,U+53A0,厠
7957,U+53A1,厡
7958,U+53A2,厢
7959,U+53A3,厣
7960,U+53A4,厤
7961,U+53A5,厥
7962,U+53A6,厦
7963,U+53A7,厧
7964,U+53A8,厨
7965,U+53A9,厩
7966,U+53AA,厪
7967,U+53AB,厫
7968,U+53AC,厬
7969,U+53AD,厭
7970,U+53AE,厮
7971,U+53AF,厯
7972,U+53B0,厰
7973,U+53B1,厱
7974,U+53B2,厲
7975,U+53B4,厴
7976,U+53B5,厵
7977,U+53B6,厶
7978,U+53B7,厷
7979,U+53B8,厸
7980,U+53B9,厹
7981,U+53BA,厺
7982,U+53BB,去
7983,U+53BC,厼
7984,U+53BD,厽
7985,U+53BE,厾
7986,U+53BF,县
7987,U+53C0,叀
7988,U+53C1,叁
7989,U+53C2,参
7990,U+53C3,參
7991,U+53C4,叄
7992,U+53C5,叅
7993,U+53C6,叆
7994,U+53C7,叇
7995,U+53C8,又
7996,U+53C9,叉
7997,U+53CB,友
7998,U+53CC,双
7999,U+53CD,反
8000,U+53CE,収
8001,U+53CF,叏
8002,U+53D0,叐
8003,U+53D2,叒
8004,U+53D3,叓
8005,U+53D4,叔
8006,U+53D5,叕
8007,U+53D6,取
8008,U+53D7,受
8009,U+53D8,变
8010,U+53D9,叙
8011,U+53DA,叚
8012,U+53DB,叛
8013,U+53DC,叜
8014,U+53DD,叝
8015,U+53DE,叞
8016,U+53DF,叟
8017,U+53E0,叠
8018,U+53E1,叡
8019,U+53E2,叢
8020,U+53E3,口
8021,U+53E4,古
8022,U+53E5,句
8023,U+53E6,另
8024,U+53E7,叧
8025,U+53E8,叨
8026,U+53E9,叩
8027,U+53EA,只
8028,U+53EB,叫
8029,U+53EC,召
8030,U+53ED,叭
8031,U+53EE,叮
8032,U+53EF,可
8033,U+53F0,台
8034,U+53F1,叱
8035,U+53F3,右
8036,U+53F4,叴
8037,U+53F5,叵
8038,U+53F6,叶
8039,U+53F7,号
8040,U+53F9,叹
8041,U+53FA,叺
8042,U+53FB,叻
8043,U+53FC,叼
8044,U+53FD,叽
8045,U+53FE,叾
8046,U+53FF,叿
8047,U+5400,吀
8048,U+5401,吁
8049,U+5402,吂
8050,U+5403,吃
8051,U+5404,各
8052,U+5405,吅
8053,U+5406,吆
8054,U+5407,吇
8055,U+5408,合
8056,U+5409,吉
8057,U+540A,吊
8058,U+540B,吋
8059,U+540C,同
8060,U+540D,名
8061,U+540E,后
8062,U+540F,吏
8063,U+5410,吐
8064,U+5411,向
8065,U+5412,吒
8066,U+5413,吓
8067,U+5414,吔
8068,U+5415,吕
8069,U+5416,吖
8070,U+5417,吗
8071,U+5418,吘
8072,U+5419,吙
8073,U+541A,吚
8074,U+541B,君
8075,U+541C,吜
8076,U+541D,吝
8077,U+541E,吞
8078,U+541F,吟
8079,U+5420,吠
8080,U+5421,吡
8081,U+5422,吢
8082,U+5423,吣
8083,U+5424,吤
8084,U+5425,吥
8085,U+5426,否
8086,U+5427,吧
8087,U+5428,吨
8088,U+5429,吩
8089,U+542A,吪
8090,U+542B,含
8091,U+542C,听
8092,U+542D,吭
8093,U+542E,吮
8094,U+542F,启
8095,U+5430,吰
8096,U+5431,吱
8097,U+5432,吲
8098,U+5433,吳
8099,U+5434,吴
8100,U+5435,吵
8101,U+5436,吶
8102,U+5437,吷
8103,U+5438,吸
8104,U+5439,吹
8105,U+543A,吺
8106,U+543B,吻
8107,U+543C,吼
8108,U+543D,吽
8109,U+543E,吾
8110,U+543F,吿
8111,U+5440,呀
8112,U+5441,呁
8113,U+5442,呂
8114,U+5443,呃
8115,U+5444,呄
8116,U+5445,呅
8117,U+5446,呆
8118,U+5447,呇
8119,U+5448,呈
8120,U+5449,呉
8121,U+544A,告
8122,U+544B,呋
8123,U+544C,呌
8124,U+544D,呍
8125,U+544E,呎
8126,U+544F,呏
8127,U+5450,呐
8128,U+5451,呑
8129,U+5452,呒
8130,U+5453,呓
8131,U+5454,呔
8132,U+5455,呕
8133,U+5456,呖
8134,U+5457,呗
8135,U+5458,员
8136,U+5459,呙
8137,U+545A,呚
8138,U+545B,呛
8139,U+545C,呜
8140,U+545D,呝
8141,U+545E,呞
8142,U+545F,呟
8143,U+5460,呠
8144,U+5461,呡
8145,U+5462,呢
8146,U+5463,呣
8147,U+5464,呤
8148,U+5465,呥
8149,U+5466,呦
8150,U+5467,呧
8151,U+5469,呩
8152,U+546A,呪
8153,U+546B,呫
8154,U+546C,呬
8155,U+546D,呭
8156,U+546E,呮
8157,U+546F,呯
8158,U+5470,呰
8159,U+5471,呱
8160,U+5472,呲
8161,U+5473,味
8162,U+5474,呴
8163,U+5475,呵
8164,U+5476,呶
8165,U+5477,呷
8166,U+5478,呸
8167,U+5479,呹
8168,U+547A,呺
8169,U+547B,呻
8170,U+547C,呼
8171,U+547D,命
8172,U+547E,呾
8173,U+547F,呿
8174,U+5480,咀
8175,U+5481,咁
8176,U+5482,咂
8177,U+5483,咃
8178,U+5484,咄
8179,U+5485,咅
8180,U+5486,咆
8181,U+5487,咇
8182,U+5488,咈
8183,U+5489,咉
8184,U+548A,咊
8185,U+548B,咋
8186,U+548C,和
8187,U+548D,咍
8188,U+548E,咎
8189,U+548F,咏
8190,U+5490,咐
8191,U+5491,咑
8192,U+5492,咒
8193,U+5493,咓
8194,U+5494,咔
8195,U+5495,咕
8196,U+5496,咖
8197,U+5497,咗
8198,U+5498,咘
8199,U+5499,咙
8200,U+549A,咚
8201,U+549B,咛
8202,U+549C,咜
8203,U+549D,咝
8204,U+549E,咞
8205,U+549F,咟
8206,U+54A0,咠
8207,U+54A1,咡
8208,U+54A2,咢
8209,U+54A3,咣
8210,U+54A4,咤
8211,U+54A5,咥
8212,U+54A6,咦
8213,U+54A7,咧
8214,U+54A8,咨
8215,U+54A9,咩
8216,U+54AA,咪
8217,U+54AB,咫
8218,U+54AC,咬
8219,U+54AD,咭
8220,U+54AE,咮
8221,U+54AF,咯
8222,U+54B0,咰
8223,U+54B1,咱
8224,U+54B2,咲
8225,U+54B3,咳
8226,U+54B4,咴
8227,U+54B5,咵
8228,U+54B6,咶
8229,U+54B7,咷
8230,U+54B8,咸
8231,U+54B9,咹
8232,U+54BA,咺
8233,U+54BB,咻
8234,U+54BC,咼
8235,U+54BD,咽
8236,U+54BE,咾
8237,U+54BF,咿
8238,U+54C0,哀
8239,U+54C1,品
8240,U+54C2,哂
8241,U+54C3,哃
8242,U+54C4,哄
8243,U+54C5,哅
8244,U+54C6,哆
8245,U+54C7,哇
8246,U+54C8,哈
8247,U+54C9,哉
8248,U+54CA,哊
8249,U+54CB,哋
8250,U+54CC,哌
8251,U+54CD,响
8252,U+54CE,哎
8253,U+54CF,哏
8254,U+54D0,哐
8255,U+54D1,哑
8256,U+54D2,哒
8257,U+54D3,哓
8258,U+54D4,哔
8259,U+54D5,哕
8260,U+54D6,哖
8261,U+54D7,哗
8262,U+54D8,哘
8263,U+54D9,哙
8264,U+54DA,哚
8265,U+54DB,哛
8266,U+54DC,哜
8267,U+54DD,哝
8268,U+54DE,哞
8269,U+54DF,哟
8270,U+54E0,哠
8271,U+54E1,員
8272,U+54E2,哢
8273,U+54E3,哣
8274,U+54E4,哤
8275,U+54E5,哥
8276,U+54E6,哦
8277,U+54E7,哧
8278,U+54E8,哨
8279,U+54E9,哩
8280,U+54EA,哪
8281,U+54EB,哫
8282,U+54EC,哬
8283,U+54ED,哭
8284,U+54EE,哮
8285,U+54EF,哯
8286,U+54F0,哰
8287,U+54F1,哱
8288,U+54F2,哲
8289,U+54F3,哳
8290,U+54F4,哴
8291,U+54F5,哵
8292,U+54F6,哶
8293,U+54F7,哷
8294,U+54F8,哸
8295,U+54F9,哹
8296,U+54FA,哺
8297,U+54FB,哻
8298,U+54FC,哼
8299,U+54FD,哽
8300,U+54FE,哾
8301,U+54FF,哿
8302,U+5500,唀
8303,U+5501,唁
8304,U+5502,唂
8305,U+5503,唃
8306,U+5504,唄
8307,U+5505,唅
8308,U+5506,唆
8309,U+5507,唇
8310,U+5508,唈
8311,U+5509,唉
8312,U+550A,唊
8313,U+550B,唋
8314,U+550C,唌
8315,U+550D,唍
8316,U+550E,唎
8317,U+550F,唏
8318,U+5510,唐
8319,U+5511,唑
8320,U+5512,唒
8321,U+5513,唓
8322,U+5514,唔
8323,U+5515,唕
8324,U+5516,唖
8325,U+5517,唗
8326,U+5518,唘
8327,U+5519,唙
8328,U+551A,唚
8329,U+551B,唛
8330,U+551C,唜
8331,U+551D,唝
8332,U+551E,唞
8333,U+551F,唟
8334,U+5520,唠
8335,U+5521,唡
8336,U+5522,唢
8337,U+5523,唣
8338,U+5524,唤
8339,U+5525,唥
8340,U+5526,唦
8341,U+5527,唧
8342,U+5528,唨
8343,U+5529,唩
8344,U+552A,唪
8345,U+552B,唫
8346,U+552C,唬
8347,U+552D,唭
8348,U+552E,售
8349,U+552F,唯
8350,U+5530,唰
8351,U+5531,唱
8352,U+5532,唲
8353,U+5533,唳
8354,U+5534,唴
8355,U+5535,唵
8356,U+5536,唶
8357,U+5537,唷
8358,U+5538,唸
8359,U+5539,唹
8360,U+553A,唺
8361,U+553B,唻
8362,U+553C,唼
8363,U+553D,唽
8364,U+553E,唾
8365,U+553F,唿
8366,U+5540,啀
8367,U+5541,啁
8368,U+5542,啂
8369,U+5543,啃
8370,U+5544,啄
8371,U+5545,啅
8372,U+5546,商
8373,U+5547,啇
8374,U+5548,啈
8375,U+5549,啉
8376,U+554A,啊
8377,U+554B,啋
8378,U+554C,啌
8379,U+554D,啍
8380,U+554E,啎
8381,U+554F,問
8382,U+5550,啐
8383,U+5551,啑
8384,U+5552,啒
8385,U+5553,啓
8386,U+5554,啔
8387,U+5555,啕
8388,U+5556,啖
8389,U+5557,啗
8390,U+5558,啘
8391,U+5559,啙
8392,U+555A,啚
8393,U+555B,啛
8394,U+555C,啜
8395,U+555D,啝
8396,U+555E,啞
8397,U+555F,啟
8398,U+5560,啠
8399,U+5561,啡
8400,U+5562,啢
8401,U+5563,啣
8402,U+5564,啤
8403,U+5565,啥
8404,U+5566,啦
8405,U+5567,啧
8406,U+5568,啨
8407,U+5569,啩
8408,U+556A,啪
8409,U+556B,啫
8410,U+556C,啬
8411,U+556D,啭
8412,U+556E,啮
8413,U+556F,啯
8414,U+5570,啰
8415,U+5571,啱
8416,U+5572,啲
8417,U+5573,啳
8418,U+5574,啴
8419,U+5575,啵
8420,U+5576,啶
8421,U+5577,啷
8422,U+5578,啸
8423,U+5579,啹
8424,U+557A,啺
8425,U+557B,啻
8426,U+557C,啼
8427,U+557D,啽
8428,U+557E,啾
8429,U+557F,啿
8430,U+5580,喀
8431,U+5581,喁
8432,U+5582,喂
8433,U+5583,喃
8434,U+5584,善
8435,U+5585,喅
8436,U+5586,喆
8437,U+5587,喇
8438,U+5588,喈
8439,U+5589,喉
8440,U+558A,喊
8441,U+558B,喋
8442,U+558C,喌
8443,U+558D,喍
8444,U+558E,喎
8445,U+558F,喏
8446,U+5590,喐
8447,U+5591,喑
8448,U+5592,喒
8449,U+5593,喓
8450,U+5594,喔
8451,U+5595,喕
8452,U+5596,喖
8453,U+5597,喗
8454,U+5598,喘
8455,U+5599,喙
8456,U+559A,喚
8457,U+559B,喛
8458,U+559C,喜
8459,U+559D,喝
8460,U+559E,喞
8461,U+559F,喟
8462,U+55A0,喠
8463,U+55A1,喡
8464,U+55A2,喢
8465,U+55A3,喣
8466,U+55A4,喤
8467,U+55A5,喥
8468,U+55A6,喦
8469,U+55A7,喧
8470,U+55A8,喨
8471,U+55A9,喩
8472,U+55AA,喪
8473,U+55AB,喫
8474,U+55AC,喬
8475,U+55AD,喭
8476,U+55AE,單
8477,U+55AF,喯
8478,U+55B0,喰
8479,U+55B1,喱
8480,U+55B2,喲
8481,U+55B3,喳
8482,U+55B4,喴
8483,U+55B5,喵
8484,U+55B6,営
8485,U+55B7,喷
8486,U+55B8,喸
8487,U+55B9,喹
8488,U+55BA,喺
8489,U+55BB,喻
8490,U+55BC,喼
8491,U+55BD,喽
8492,U+55BE,喾
8493,U+55BF,喿
8494,U+55C0,嗀
8495,U+55C1,嗁
8496,U+55C2,嗂
8497,U+55C3,嗃
8498,U+55C4,嗄
8499,U+55C5,嗅
8500,U+55C6,嗆
8501,U+55C7,嗇
8502,U+55C8,嗈
8503,U+55C9,嗉
8504,U+55CA,嗊
8505,U+55CB,嗋
8506,U+55CC,嗌
8507,U+55CD,嗍
8508,U+55CE,嗎
8509,U+55CF,嗏
8510,U+55D0,嗐
8511,U+55D1,嗑
8512,U+55D2,嗒
8513,U+55D3,嗓
8514,U+55D4,嗔
8515,U+55D5,嗕
8516,U+55D6,嗖
8517,U+55D7,嗗
8518,U+55D8,嗘
8519,U+55D9,嗙
8520,U+55DA,嗚
8521,U+55DB,嗛
8522,U+55DC,嗜
8523,U+55DD,嗝
8524,U+55DE,嗞
8525,U+55DF,嗟
8526,U+55E0,嗠
8527,U+55E1,嗡
8528,U+55E2,嗢
8529,U+55E3,嗣
8530,U+55E4,嗤
8531,U+55E5,嗥
8532,U+55E6,嗦
8533,U+55E7,嗧
8534,U+55E8,嗨
8535,U+55E9,嗩
8536,U+55EA,嗪
8537,U+55EB,嗫
8538,U+55EC,嗬
8539,U+55ED,嗭
8540,U+55EE,嗮
8541,U+55EF,嗯
8542,U+55F0,嗰
8543,U+55F1,嗱
8544,U+55F2,嗲
8545,U+55F3,嗳
8546,U+55F4,嗴
8547,U+55F5,嗵
8548,U+55F6,嗶
8549,U+55F7,嗷
8550,U+55F8,嗸
8551,U+55F9,嗹
8552,U+55FA,嗺
8553,U+55FB,嗻
8554,U+55FC,嗼
8555,U+55FD,嗽
8556,U+55FE,嗾
8557,U+55FF,嗿
8558,U+5600,嘀
8559,U+5601,嘁
8560,U+5602,嘂
8561,U+5603,嘃
8562,U+5604,嘄
8563,U+5605,嘅
8564,U+5606,嘆
8565,U+5607,嘇
8566,U+5608,嘈
8567,U+5609,嘉
8568,U+560A,嘊
8569,U+560B,嘋
8570,U+560C,嘌
8571,U+560D,嘍
8572,U+560E,嘎
8573,U+560F,嘏
8574,U+5610,嘐
8575,U+5611,嘑
8576,U+5612,嘒
8577,U+5613,嘓
8578,U+5614,嘔
8579,U+5615,嘕
8580,U+5616,嘖
8581,U+5617,嘗
8582,U+5618,嘘
8583,U+5619,嘙
8584,U+561A,嘚
8585,U+561B,嘛
8586,U+561C,嘜
8587,U+561D,嘝
8588,U+561E,嘞
8589,U+561F,嘟
8590,U+5620,嘠
8591,U+5621,嘡
8592,U+5622,嘢
8593,U+5623,嘣
8594,U+5624,嘤
8595,U+5625,嘥
8596,U+5626,嘦
8597,U+5627,嘧
8598,U+5628,嘨
8599,U+5629,嘩
8600,U+562A,嘪
8601,U+562B,嘫
8602,U+562C,嘬
8603,U+562D,嘭
8604,U+562E,嘮
8605,U+562F,嘯
8606,U+5630,嘰
8607,U+5631,嘱
8608,U+5632,嘲
8609,U+5633,嘳
8610,U+5634,嘴
8611,U+5635,嘵
8612,U+5636,嘶
8613,U+5637,嘷
8614,U+5638,嘸
8615,U+5639,嘹
8616,U+563A,嘺
8617,U+563B,嘻
8618,U+563C,嘼
8619,U+563D,嘽
8620,U+563E,嘾
8621,U+563F,嘿
8622,U+5640,噀
8623,U+5641,噁
8624,U+5642,噂
8625,U+5643,噃
8626,U+5644,噄
8627,U+5645,噅
8628,U+5646,噆
8629,U+5647,噇
8630,U+5648,噈
8631,U+5649,噉
8632,U+564A,噊
8633,U+564B,噋
8634,U+564C,噌
8635,U+564D,噍
8636,U+564E,噎
8637,U+564F,噏
8638,U+5650,噐
8639,U+5651,噑
8640,U+5652,噒
8641,U+5653,噓
8642,U+5654,噔
8643,U+5655,噕
8644,U+5656,噖
8645,U+5657,噗
8646,U+5658,噘
8647,U+5659,噙
8648,U+565A,噚
8649,U+565B,噛
8650,U+565C,噜
8651,U+565D,噝
8652,U+565E,噞
8653,U+565F,噟
8654,U+5660,噠
8655,U+5661,噡
8656,U+5662,噢
8657,U+5663,噣
8658,U+5664,噤
8659,U+5665,噥
8660,U+5666,噦
8661,U+5667,噧
8662,U+5668,器
8663,U+5669,噩
8664,U+566A,噪
8665,U+566B,噫
8666,U+566C,噬
8667,U+566D,噭
8668,U+566E,噮
8669,U+566F,噯
8670,U+5670,噰
8671,U+5671,噱
8672,U+5672,噲
8673,U+5673,噳
8674,U+5674,噴
8675,U+5675,噵
8676,U+5676,噶
8677,U+5677,噷
8678,U+5678,噸
8679,U+5679,噹
8680,U+567A,噺
8681,U+567B,噻
8682,U+567C,噼
8683,U+567D,噽
8684,U+567E,噾
8685,U+567F,噿
8686,U+5680,嚀
8687,U+5681,嚁
8688,U+5682,嚂
8689,U+5683,嚃
8690,U+5684,嚄
8691,U+5685,嚅
8692,U+5686,嚆
8693,U+5687,嚇
8694,U+5688,嚈
8695,U+5689,嚉
8696,U+568A,嚊
8697,U+568B,嚋
8698,U+568C,嚌
8699,U+568D,嚍
8700,U+568E,嚎
8701,U+568F,嚏
8702,U+5690,嚐
8703,U+5691,嚑
8704,U+5692,嚒
8705,U+5693,嚓
8706,U+5694,嚔
8707,U+5695,嚕
8708,U+5696,嚖
8709,U+5697,嚗
8710,U+5698,嚘
8711,U+5699,嚙
8712,U+569A,嚚
8713,U+569B,嚛
8714,U+569C,嚜
8715,U+569D,嚝
8716,U+569E,嚞
8717,U+569F,嚟
8718,U+56A0,嚠
8719,U+56A1,嚡
8720,U+56A2,嚢
8721,U+56A3,嚣
8722,U+56A4,嚤
8723,U+56A5,嚥
8724,U+56A6,嚦
8725,U+56A7,嚧
8726,U+56A8,嚨
8727,U+56A9,嚩
8728,U+56AA,嚪
8729,U+56AB,嚫
8730,U+56AC,嚬
8731,U+56AD,嚭
8732,U+56AE,嚮
8733,U+56AF,嚯
8734,U+56B0,嚰
8735,U+56B1,嚱
8736,U+56B2,嚲
8737,U+56B3,嚳
8738,U+56B4,嚴
8739,U+56B5,嚵
8740,U+56B6,嚶
8741,U+56B7,嚷
8742,U+56B8,嚸
8743,U+56B9,嚹
8744,U+56BA,嚺
8745,U+56BB,嚻
8746,U+56BC,嚼
8747,U+56BD,嚽
8748,U+56BE,嚾
8749,U+56BF,嚿
8750,U+56C0,囀
8751,U+56C1,囁
8752,U+56C2,囂
8753,U+56C3,囃
8754,U+56C4,囄
8755,U+56C5,囅
8756,U+56C6,囆
8757,U+56C7,囇
8758,U+56C8,囈
8759,U+56C9,囉
8760,U+56CA,囊
8761,U+56CB,囋
8762,U+56CC,囌
8763,U+56CD,囍
8764,U+56CE,囎
8765,U+56CF,囏
8766,U+56D0,囐
8767,U+56D1,囑
8768,U+56D2,囒
8769,U+56D3,囓
8770,U+56D4,囔
8771,U+56D5,囕
8772,U+56D6,囖
8773,U+56D7,囗
8774,U+56D8,囘
8775,U+56D9,囙
8776,U+56DA,囚
8777,U+56DB,四
8778,U+56DC,囜
8779,U+56DD,囝
8780,U+56DE,回
8781,U+56DF,囟
8782,U+56E0,因
8783,U+56E1,囡
8784,U+56E2,团
8785,U+56E3,団
8786,U+56E4,囤
8787,U+56E5,囥
8788,U+56E6,囦
8789,U+56E7,囧
8790,U+56E8,囨
8791,U+56E9,囩
8792,U+56EA,囪
8793,U+56EB,囫
8794,U+56EC,囬
8795,U+56ED,园
8796,U+56EE,囮
8797,U+56EF,囯
8798,U+56F0,困
8799,U+56F1,囱
8800,U+56F2,囲
8801,U+56F3,図
8802,U+56F4,围
8803,U+56F5,囵
8804,U+56F6,囶
8805,U+56F7,囷
8806,U+56F8,囸
8807,U+56F9,囹
8808,U+56FA,固
8809,U+56FB,囻
8810,U+56FC,囼
8811,U+56FD,国
8812,U+56FE,图
8813,U+56FF,囿
8814,U+5700,圀
8815,U+5701,圁
8816,U+5702,圂
8817,U+5703,圃
8818,U+5704,圄
8819,U+5705,圅
8820,U+5706,圆
8821,U+5707,圇
8822,U+5708,圈
8823,U+5709,圉
8824,U+570A,圊
8825,U+570B,國
8826,U+570C,圌
8827,U+570D,圍
8828,U+570E,圎
8829,U+570F,圏
8830,U+5710,圐
8831,U+5711,圑
8832,U+5712,園
8833,U+5713,圓
8834,U+5714,圔
8835,U+5715,圕
8836,U+5716,圖
8837,U+5717,圗
8838,U+5718,團
8839,U+5719,圙
8840,U+571A,圚
8841,U+571B,圛
8842,U+571C,圜
8843,U+571D,圝
8844,U+571E,圞
8845,U+571F,土
8846,U+5720,圠
8847,U+5721,圡
8848,U+5722,圢
8849,U+5723,圣
8850,U+5724,圤
8851,U+5725,圥
8852,U+5726,圦
8853,U+5727,圧
8854,U+5728,在
8855,U+5729,圩
8856,U+572A,圪
8857,U+572B,圫
8858,U+572C,圬
8859,U+572D,圭
8860,U+572E,圮
8861,U+572F,圯
8862,U+5730,地
8863,U+5731,圱
8864,U+5732,圲
8865,U+5733,圳
8866,U+5734,圴
8867,U+5735,圵
8868,U+5736,圶
8869,U+5737,圷
8870,U+5738,圸
8871,U+5739,圹
8872,U+573A,场
8873,U+573B,圻
8874,U+573C,圼
8875,U+573D,圽
8876,U+573E,圾
8877,U+573F,圿
8878,U+5740,址
8879,U+5741,坁
8880,U+5742,坂
8881,U+5743,坃
8882,U+5744,坄
8883,U+5745,坅
8884,U+5746,坆
8885,U+5747,均
8886,U+5748,坈
8887,U+5749,坉
8888,U+574A,坊
8889,U+574B,坋
8890,U+574C,坌
8891,U+574D,坍
8892,U+574E,坎
8893,U+574F,坏
8894,U+5750,坐
8895,U+5751,坑
8896,U+5752,坒
8897,U+5753,坓
8898,U+5754,坔
8899,U+5755,坕
8900,U+5756,坖
8901,U+5757,块
8902,U+5758,坘
8903,U+5759,坙
8904,U+575A,坚
8905,U+575B,坛
8906,U+575C,坜
8907,U+575D,坝
8908,U+575E,坞
8909,U+575F,坟
8910,U+5760,坠
8911,U+5761,坡
8912,U+5762,坢
8913,U+5763,坣
8914,U+5764,坤
8915,U+5765,坥
8916,U+5766,坦
8917,U+5767,坧
8918,U+5768,坨
8919,U+5769,坩
8920,U+576A,坪
8921,U+576B,坫
8922,U+576C,坬
8923,U+576D,坭
8924,U+576E,坮
8925,U+576F,坯
8926,U+5770,坰
8927,U+5771,坱
8928,U+5772,坲
8929,U+5773,坳
8930,U+5774,坴
8931,U+5775,坵
8932,U+5776,坶
8933,U+5777,坷
8934,U+5778,坸
8935,U+5779,坹
8936,U+577A,坺
8937,U+577B,坻
8938,U+577C,坼
8939,U+577D,坽
8940,U+577E,坾
8941,U+577F,坿
8942,U+5780,垀
8943,U+5781,垁
8944,U+5782,垂
8945,U+5783,垃
8946,U+5784,垄
8947,U+5785,垅
8948,U+5786,垆
8949,U+5787,垇
8950,U+5788,垈
8951,U+5789,垉
8952,U+578A,垊
8953,U+578B,型
8954,U+578C,垌
8955,U+578D,垍
8956,U+578E,垎
8957,U+578F,垏
8958,U+5790,垐
8959,U+5791,垑
8960,U+5792,垒
8961,U+5793,垓
8962,U+5794,垔
8963,U+5795,垕
8964,U+5796,垖
8965,U+5797,垗
8966,U+5798,垘
8967,U+5799,垙
8968,U+579A,垚
8969,U+579B,垛
8970,U+579C,垜
8971,U+579D,垝
8972,U+579E,垞
8973,U+579F,垟
8974,U+57A0,垠
8975,U+57A1,垡
8976,U+57A2,垢
8977,U+57A3,垣
8978,U+57A4,垤
8979,U+57A5,垥
8980,U+57A6,垦
8981,U+57A7,垧
8982,U+57A8,垨
8983,U+57A9,垩
8984,U+57AA,垪
8985,U+57AB,垫
8986,U+57AC,垬
8987,U+57AD,垭
8988,U+57AE,垮
8989,U+57AF,垯
8990,U+57B0,垰
8991,U+57B1,垱
8992,U+57B2,垲
8993,U+57B3,垳
8994,U+57B4,垴
8995,U+57B5,垵
8996,U+57B6,垶
8997,U+57B7,垷
8998,U+57B8,垸
8999,U+57B9,垹
9000,U+57BA,垺
9001,U+57BB,垻
9002,U+57BC,垼
9003,U+57BD,垽
9004,U+57BE,垾
9005,U+57BF,垿
9006,U+57C0,埀
9007,U+57C1,埁
9008,U+57C2,埂
9009,U+57C3,埃
9010,U+57C4,埄
9011,U+57C5,埅
9012,U+57C6,埆
9013,U+57C7,埇
9014,U+57C8,埈
9015,U+57C9,埉
9016,U+57CA,埊
9017,U+57CB,埋
9018,U+57CC,埌
9019,U+57CD,埍
9020,U+57CE,城
9021,U+57CF,埏
9022,U+57D0,埐
9023,U+57D1,埑
9024,U+57D2,埒
9025,U+57D3,埓
9026,U+57D4,埔
9027,U+57D5,埕
9028,U+57D6,埖
9029,U+57D7,埗
9030,U+57D8,埘
9031,U+57D9,埙
9032,U+57DA,埚
9033,U+57DB,埛
9034,U+57DC,埜
9035,U+57DD,埝
9036,U+57DE,埞
9037,U+57DF,域
9038,U+57E0,埠
9039,U+57E1,埡
9040,U+57E2,埢
9041,U+57E3,埣
9042,U+57E4,埤
9043,U+57E5,埥
9044,U+57E6,埦
9045,U+57E7,埧
9046,U+57E8,埨
9047,U+57E9,埩
9048,U+57EA,埪
9049,U+57EB,埫
9050,U+57EC,埬
9051,U+57ED,埭
9052,U+57EE,埮
9053,U+57EF,埯
9054,U+57F0,埰
9055,U+57F1,埱
9056,U+57F2,埲
9057,U+57F3,埳
9058,U+57F4,埴
9059,U+57F5,埵
9060,U+57F6,埶
9061,U+57F7,執
9062,U+57F8,埸
9063,U+57F9,培
9064,U+57FA,基
9065,U+57FB,埻
9066,U+57FC,埼
9067,U+57FD,埽
9068,U+57FE,埾
9069,U+57FF,埿
9070,U+5800,堀
9071,U+5801,堁
9072,U+5802,堂
9073,U+5803,堃
9074,U+5804,堄
9075,U+5805,堅
9076,U+5806,堆
9077,U+5807,堇
9078,U+5808,堈
9079,U+5809,堉
9080,U+580A,堊
9081,U+580B,堋
9082,U+580C,堌
9083,U+580D,堍
9084,U+580E,堎
9085,U+580F,堏
9086,U+5810,堐
9087,U+5811,堑
9088,U+5812,堒
9089,U+5813,堓
9090,U+5814,堔
9091,U+5815,堕
9092,U+5816,堖
9093,U+5817,堗
9094,U+5818,堘
9095,U+5819,堙
9096,U+581A,堚
9097,U+581B,堛
9098,U+581C,堜
9099,U+581D,堝
9100,U+581E,堞
9101,U+581F,堟
9102,U+5820,堠
9103,U+5821,堡
9104,U+5822,堢
9105,U+5823,堣
9106,U+5824,堤
9107,U+5825,堥
9108,U+5826,堦
9109,U+5827,堧
9110,U+5828,堨
9111,U+5829,堩
9112,U+582A,堪
9113,U+582B,堫
9114,U+582C,堬
9115,U+582D,堭
9116,U+582E,堮
9117,U+582F,堯
9118,U+5830,堰
9119,U+5831,報
9120,U+5832,堲
9121,U+5833,堳
9122,U+5834,場
9123,U+5835,堵
9124,U+5836,堶
9125,U+5837,堷
9126,U+5838,堸
9127,U+5839,堹
9128,U+583A,堺
9129,U+583B,堻
9130,U+583C,堼
9131,U+583D,堽
9132,U+583E,堾
9133,U+583F,堿
9134,U+5840,塀
9135,U+5841,塁
9136,U+5842,塂
9137,U+5843,塃
9138,U+5844,塄
9139,U+5845,塅
9140,U+5846,塆
9141,U+5847,塇
9142,U+5848,塈
9143,U+5849,塉
9144,U+584A,塊
9145,U+584B,塋
9146,U+584C,塌
9147,U+584D,塍
9148,U+584E,塎
9149,U+584F,塏
9150,U+5850,塐
9151,U+5851,塑
9152,U+5852,塒
9153,U+5853,塓
9154,U+5854,塔
9155,U+5855,塕
9156,U+5856,塖
9157,U+5857,塗
9158,U+5858,塘
9159,U+5859,塙
9160,U+585A,塚
9161,U+585B,塛
9162,U+585C,塜
9163,U+585D,塝
9164,U+585E,塞
9165,U+585F,塟
9166,U+5860,塠
9167,U+5861,塡
9168,U+5862,塢
9169,U+5863,塣
9170,U+5864,塤
9171,U+5865,塥
9172,U+5866,塦
9173,U+5867,塧
9174,U+5868,塨
9175,U+5869,塩
9176,U+586A,塪
9177,U+586B,填
9178,U+586C,塬
9179,U+586D,塭
9180,U+586E,塮
9181,U+586F,塯
9182,U+5870,塰
9183,U+5871,塱
9184,U+5872,塲
9185,U+5873,塳
9186,U+5874,塴
9187,U+5875,塵
9188,U+5876,塶
9189,U+5877,塷
9190,U+5878,塸
9191,U+5879,塹
9192,U+587A,塺
9193,U+587B,塻
9194,U+587C,塼
9195,U+587D,塽
9196,U+587E,塾
9197,U+587F,塿
9198,U+5880,墀
9199,U+5881,墁
9200,U+5882,墂
9201,U+5883,境
9202,U+5884,墄
9203,U+5885,墅
9204,U+5886,墆
9205,U+5887,墇
9206,U+5888,墈
9207,U+5889,墉
9208,U+588A,墊
9209,U+588B,墋
9210,U+588C,墌
9211,U+588D,墍
9212,U+588E,墎
9213,U+588F,墏
9214,U+5890,墐
9215,U+5891,墑
9216,U+5892,墒
9217,U+5893,墓
9218,U+5894,墔
9219,U+5895,墕
9220,U+5896,墖
9221,U+5897,増
9222,U+5898,墘
9223,U+5899,墙
9224,U+589A,墚
9225,U+589B,墛
9226,U+589C,墜
9227,U+589D,墝
9228,U+589E,增
9229,U+589F,墟
9230,U+58A0,墠
9231,U+58A1,墡
9232,U+58A2,墢
9233,U+58A3,墣
9234,U+58A4,墤
9235,U+58A5,墥
9236,U+58A6,墦
9237,U+58A7,墧
9238,U+58A8,墨
9239,U+58A9,墩
9240,U+58AA,墪
9241,U+58AB,墫
9242,U+58AC,墬
9243,U+58AD,墭
9244,U+58AE,墮
9245,U+58AF,墯
9246,U+58B0,墰
9247,U+58B1,墱
9248,U+58B2,墲
9249,U+58B3,墳
9250,U+58B4,墴
9251,U+58B5,墵
9252,U+58B6,墶
9253,U+58B7,墷
9254,U+58B8,墸
9255,U+58B9,墹
9256,U+58BA,墺
9257,U+58BB,墻
9258,U+58BC,墼
9259,U+58BD,墽
9260,U+58BE,墾
9261,U+58BF,墿
9262,U+58C0,壀
9263,U+58C1,壁
9264,U+58C2,壂
9265,U+58C3,壃
9266,U+58C4,壄
9267,U+58C5,壅
9268,U+58C6,壆
9269,U+58C7,壇
9270,U+58C8,壈
9271,U+58C9,壉
9272,U+58CA,壊
9273,U+58CB,壋
9274,U+58CC,壌
9275,U+58CD,壍
9276,U+58CE,壎
9277,U+58CF,壏
9278,U+58D0,壐
9279,U+58D1,壑
9280,U+58D2,壒
9281,U+58D3,壓
9282,U+58D4,壔
9283,U+58D5,壕
9284,U+58D6,壖
9285,U+58D7,壗
9286,U+58D8,壘
9287,U+58D9,壙
9288,U+58DA,壚
9289,U+58DB,壛
9290,U+58DC,壜
9291,U+58DD,壝
9292,U+58DE,壞
9293,U+58DF,壟
9294,U+58E0,壠
9295,U+58E1,壡
9296,U+58E2,壢
9297,U+58E3,壣
9298,U+58E4,壤
9299,U+58E5,壥
9300,U+58E6,壦
9301,U+58E7,壧
9302,U+58E8,壨
9303,U+58E9,壩
9304,U+58EA,壪
9305,U+58EB,士
9306,U+58EC,壬
9307,U+58ED,壭
9308,U+58EE,壮
9309,U+58EF,壯
9310,U+58F0,声
9311,U+58F1,壱
9312,U+58F2,売
9313,U+58F3,壳
9314,U+58F4,壴
9315,U+58F5,壵
9316,U+58F6,壶
9317,U+58F7,壷
9318,U+58F8,壸
9319,U+58F9,壹
9320,U+58FA,壺
9321,U+58FB,壻
9322,U+58FC,壼
9323,U+58FD,壽
9324,U+58FE,壾
9325,U+58FF,壿
9326,U+5900,夀
9327,U+5901,夁
9328,U+5902,夂
9329,U+5903,夃
9330,U+5904,处
9331,U+5905,夅
9332,U+5906,夆
9333,U+5907,备
9334,U+5908,夈
9335,U+5909,変
9336,U+590A,夊
9337,U+590B,夋
9338,U+590C,夌
9339,U+590D,复
9340,U+590E,夎
9341,U+590F,夏
9342,U+5910,夐
9343,U+5911,夑
9344,U+5912,夒
9345,U+5913,夓
9346,U+5914,夔
9347,U+5915,夕
9348,U+5916,外
9349,U+5917,夗
9350,U+5918,夘
9351,U+5919,夙
9352,U+591A,多
9353,U+591B,夛
9354,U+591C,夜
9355,U+591D,夝
9356,U+591E,夞
9357,U+591F,够
9358,U+5920,夠
9359,U+5921,夡
9360,U+5922,夢
9361,U+5923,夣
9362,U+5924,夤
9363,U+5925,夥
9364,U+5926,夦
9365,U+5927,大
9366,U+5928,夨
9367,U+5929,天
9368,U+592A,太
9369,U+592B,夫
9370,U+592C,夬
9371,U+592D,夭
9372,U+592F,夯
9373,U+5930,夰
9374,U+5931,失
9375,U+5932,夲
9376,U+5933,夳
9377,U+5935,夵
9378,U+5936,夶
9379,U+5937,夷
9380,U+5938,夸
9381,U+5939,夹
9382,U+593A,夺
9383,U+593B,夻
9384,U+593C,夼
9385,U+593D,夽
9386,U+593E,夾
9387,U+593F,夿
9388,U+5940,奀
9389,U+5941,奁
9390,U+5942,奂
9391,U+5943,奃
9392,U+5944,奄
9393,U+5945,奅
9394,U+5946,奆
9395,U+5947,奇
9396,U+5948,奈
9397,U+5949,奉
9398,U+594A,奊
9399,U+594B,奋
9400,U+594C,奌
9401,U+594D,奍
9402,U+594E,奎
9403,U+594F,奏
9404,U+5950,奐
9405,U+5951,契
9406,U+5952,奒
9407,U+5953,奓
9408,U+5954,奔
9409,U+5955,奕
9410,U+5956,奖
9411,U+5957,套
9412,U+5958,奘
9413,U+5959,奙
9414,U+595A,奚
9415,U+595B,奛
9416,U+595C,奜
9417,U+595D,奝
9418,U+595E,奞
9419,U+595F,奟
9420,U+5960,奠
9421,U+5961,奡
9422,U+5962,奢
9423,U+5963,奣
9424,U+5964,奤
9425,U+5965,奥
9426,U+5966,奦
9427,U+5967,奧
9428,U+5968,奨
9429,U+5969,奩
9430,U+596A,奪
9431,U+596B,奫
9432,U+596C,奬
9433,U+596D,奭
9434,U+596E,奮
9435,U+596F,奯
9436,U+5970,奰
9437,U+5971,奱
9438,U+5972,奲
9439,U+5973,女
9440,U+5974,奴
9441,U+5975,奵
9442,U+5976,奶
9443,U+5977,奷
9444,U+5978,奸
9445,U+5979,她
9446,U+597A,奺
9447,U+597B,奻
9448,U+597C,奼
9449,U+597D,好
9450,U+597E,奾
9451,U+597F,奿
9452,U+5980,妀
9453,U+5981,妁
9454,U+5982,如
9455,U+5983,妃
9456,U+5984,妄
9457,U+5985,妅
9458,U+5986,妆
9459,U+5987,妇
9460,U+5988,妈
9461,U+5989,妉
9462,U+598A,妊
9463,U+598B,妋
9464,U+598C,妌
9465,U+598D,妍
9466,U+598E,妎
9467,U+598F,妏
9468,U+5990,妐
9469,U+5991,妑
9470,U+5992,妒
9471,U+5993,妓
9472,U+5994,妔
9473,U+5995,妕
9474,U+5996,妖
9475,U+5997,妗
9476,U+5998,妘
9477,U+5999,妙
9478,U+599A,妚
9479,U+599B,妛
9480,U+599C,妜
9481,U+599D,妝
9482,U+599E,妞
9483,U+599F,妟
9484,U+59A0,妠
9485,U+59A1,妡
9486,U+59A2,妢
9487,U+59A3,妣
9488,U+59A4,妤
9489,U+59A5,妥
9490,U+59A6,妦
9491,U+59A7,妧
9492,U+59A8,妨
9493,U+59A9,妩
9494,U+59AA,妪
9495,U+59AB,妫
9496,U+59AC,妬
9497,U+59AD,妭
9498,U+59AE,妮
9499,U+59AF,妯
9500,U+59B0,妰
9501,U+59B1,妱
9502,U+59B2,妲
9503,U+59B3,妳
9504,U+59B4,妴
9505,U+59B5,妵
9506,U+59B6,妶
9507,U+59B7,妷
9508,U+59B8,妸
9509,U+59B9,妹
9510,U+59BA,妺
9511,U+59BB,妻
9512,U+59BC,妼
9513,U+59BD,妽
9514,U+59BE,妾
9515,U+59BF,妿
9516,U+59C0,姀
9517,U+59C1,姁
9518,U+59C2,姂
9519,U+59C3,姃
9520,U+59C4,姄
9521,U+59C5,姅
9522,U+59C6,姆
9523,U+59C7,姇
9524,U+59C8,姈
9525,U+59C9,姉
9526,U+59CA,姊
9527,U+59CB,始
9528,U+59CC,姌
9529,U+59CD,姍
9530,U+59CE,姎
9531,U+59CF,姏
9532,U+59D0,姐
9533,U+59D1,姑
9534,U+59D2,姒
9535,U+59D3,姓
9536,U+59D4,委
9537,U+59D5,姕
9538,U+59D6,姖
9539,U+59D7,姗
9540,U+59D8,姘
9541,U+59D9,姙
9542,U+59DA,姚
9543,U+59DB,姛
9544,U+59DC,姜
9545,U+59DD,姝
9546,U+59DE,姞
9547,U+59DF,姟
9548,U+59E0,姠
9549,U+59E1,姡
9550,U+59E2,姢
9551,U+59E3,姣
9552,U+59E4,姤
9553,U+59E5,姥
9554,U+59E6,姦
9555,U+59E7,姧
9556,U+59E8,姨
9557,U+59E9,姩
9558,U+59EA,姪
9559,U+59EB,姫
9560,U+59EC,姬
9561,U+59ED,姭
9562,U+59EE,姮
9563,U+59EF,姯
9564,U+59F0,姰
9565,U+59F1,姱
9566,U+59F2,姲
9567,U+59F3,姳
9568,U+59F4,姴
9569,U+59F5,姵
9570,U+59F6,姶
9571,U+59F7,姷
9572,U+59F8,姸
9573,U+59F9,姹
9574,U+59FA,姺
9575,U+59FB,姻
9576,U+59FC,姼
9577,U+59FD,姽
9578,U+59FE,姾
9579,U+59FF,姿
9580,U+5A00,娀
9581,U+5A01,威
9582,U+5A02,娂
9583,U+5A03,娃
9584,U+5A04,娄
9585,U+5A05,娅
9586,U+5A06,娆
9587,U+5A07,娇
9588,U+5A08,娈
9589,U+5A09,娉
9590,U+5A0A,娊
9591,U+5A0B,娋
9592,U+5A0C,娌
9593,U+5A0D,娍
9594,U+5A0E,娎
9595,U+5A0F,娏
9596,U+5A10,娐
9597,U+5A11,娑
9598,U+5A12,娒
9599,U+5A13,娓
9600,U+5A14,娔
9601,U+5A15,娕
9602,U+5A16,娖
9603,U+5A17,娗
9604,U+5A18,娘
9605,U+5A19,娙
9606,U+5A1A,娚
9607,U+5A1B,娛
9608,U+5A1C,娜
9609,U+5A1D,娝
9610,U+5A1E,娞
9611,U+5A1F,娟
9612,U+5A20,娠
9613,U+5A21,娡
9614,U+5A22,娢
9615,U+5A23,娣
9616,U+5A24,娤
9617,U+5A25,娥
9618,U+5A26,娦
9619,U+5A27,娧
9620,U+5A28,娨
9621,U+5A29,娩
9622,U+5A2A,娪
9623,U+5A2B,娫
9624,U+5A2C,娬
9625,U+5A2D,娭
9626,U+5A2E,娮
9627,U+5A2F,娯
9628,U+5A30,娰
9629,U+5A31,娱
9630,U+5A32,娲
9631,U+5A33,娳
9632,U+5A34,娴
9633,U+5A35,娵
9634,U+5A36,娶
9635,U+5A37,娷
9636,U+5A38,娸
9637,U+5A39,娹
9638,U+5A3A,娺
9639,U+5A3B,娻
9640,U+5A3C,娼
9641,U+5A3D,娽
9642,U+5A3E,娾
9643,U+5A3F,娿
9644,U+5A40,婀
9645,U+5A41,婁
9646,U+5A42,婂
9647,U+5A43,婃
9648,U+5A44,婄
9649,U+5A45,婅
9650,U+5A46,婆
9651,U+5A47,婇
9652,U+5A48,婈
9653,U+5A49,婉
9654,U+5A4A,婊
9655,U+5A4B,婋
9656,U+5A4C,婌
9657,U+5A4D,婍
9658,U+5A4E,婎
9659,U+5A4F,婏
9660,U+5A50,婐
9661,U+5A51,婑
9662,U+5A52,婒
9663,U+5A53,婓
9664,U+5A54,婔
9665,U+5A55,婕
9666,U+5A56,婖
9667,U+5A57,婗
9668,U+5A58,婘
9669,U+5A59,婙
9670,U+5A5A,婚
9671,U+5A5B,婛
9672,U+5A5C,婜
9673,U+5A5D,婝
9674,U+5A5E,婞
9675,U+5A5F,婟
9676,U+5A60,婠
9677,U+5A61,婡
9678,U+5A62,婢
9679,U+5A63,婣
9680,U+5A64,婤
9681,U+5A65,婥
9682,U+5A66,婦
9683,U+5A67,婧
9684,U+5A68,婨
9685,U+5A69,婩
9686,U+5A6A,婪
9687,U+5A6B,婫
9688,U+5A6C,婬
9689,U+5A6D,婭
9690,U+5A6E,婮
9691,U+5A6F,婯
9692,U+5A70,婰
9693,U+5A71,婱
9694,U+5A72,婲
9695,U+5A73,婳
9696,U+5A74,婴
9697,U+5A75,婵
9698,U+5A76,婶
9699,U+5A77,婷
9700,U+5A78,婸
9701,U+5A79,婹
9702,U+5A7A,婺
9703,U+5A7B,婻
9704,U+5A7C,婼
9705,U+5A7D,婽
9706,U+5A7E,婾
9707,U+5A7F,婿
9708,U+5A80,媀
9709,U+5A81,媁
9710,U+5A82,媂
9711,U+5A83,媃
9712,U+5A84,媄
9713,U+5A85,媅
9714,U+5A86,媆
9715,U+5A87,媇
9716,U+5A88,媈
9717,U+5A89,媉
9718,U+5A8A,媊
9719,U+5A8B,媋
9720,U+5A8C,媌
9721,U+5A8D,媍
9722,U+5A8E,媎
9723,U+5A8F,媏
9724,U+5A90,媐
9725,U+5A91,媑
9726,U+5A92,媒
9727,U+5A93,媓
9728,U+5A94,媔
9729,U+5A95,媕
9730,U+5A96,媖
9731,U+5A97,媗
9732,U+5A98,媘
9733,U+5A99,媙
9734,U+5A9A,媚
9735,U+5A9B,媛
9736,U+5A9C,媜
9737,U+5A9D,媝
9738,U+5A9E,媞
9739,U+5A9F,媟
9740,U+5AA0,媠
9741,U+5AA1,媡
9742,U+5AA2,媢
9743,U+5AA3,媣
9744,U+5AA4,媤
9745,U+5AA5,媥
9746,U+5AA6,媦
9747,U+5AA7,媧
9748,U+5AA8,媨
9749,U+5AA9,媩
9750,U+5AAA,媪
9751,U+5AAB,媫
9752,U+5AAC,媬
9753,U+5AAD,媭
9754,U+5AAE,媮
9755,U+5AAF,媯
9756,U+5AB0,媰
9757,U+5AB1,媱
9758,U+5AB2,媲
9759,U+5AB3,媳
9760,U+5AB4,媴
9761,U+5AB5,媵
9762,U+5AB6,媶
9763,U+5AB7,媷
9764,U+5AB8,媸
9765,U+5AB9,媹
9766,U+5ABA,媺
9767,U+5ABB,媻
9768,U+5ABC,媼
9769,U+5ABD,媽
9770,U+5ABE,媾
9771,U+5ABF,媿
9772,U+5AC0,嫀
9773,U+5AC1,嫁
9774,U+5AC2,嫂
9775,U+5AC3,嫃
9776,U+5AC4,嫄
9777,U+5AC5,嫅
9778,U+5AC6,嫆
9779,U+5AC7,嫇
9780,U+5AC8,嫈
9781,U+5AC9,嫉
9782,U+5ACA,嫊
9783,U+5ACB,嫋
9784,U+5ACC,嫌
9785,U+5ACD,嫍
9786,U+5ACE,嫎
9787,U+5ACF,嫏
9788,U+5AD0,嫐
9789,U+5AD1,嫑
9790,U+5AD2,嫒
9791,U+5AD3,嫓
9792,U+5AD4,嫔
9793,U+5AD5,嫕
9794,U+5AD6,嫖
9795,U+5AD7,嫗
9796,U+5AD8,嫘
9797,U+5AD9,嫙
9798,U+5ADA,嫚
9799,U+5ADB,嫛
9800,U+5ADC,嫜
9801,U+5ADD,嫝
9802,U+5ADE,嫞
9803,U+5ADF,嫟
9804,U+5AE0,嫠
9805,U+5AE1,嫡
9806,U+5AE2,嫢
9807,U+5AE3,嫣
9808,U+5AE4,嫤
9809,U+5AE5,嫥
9810,U+5AE6,嫦
9811,U+5AE7,嫧
9812,U+5AE8,嫨
9813,U+5AE9,嫩
9814,U+5AEA,嫪
9815,U+5AEB,嫫
9816,U+5AEC,嫬
9817,U+5AED,嫭
9818,U+5AEE,嫮
9819,U+5AEF,嫯
9820,U+5AF0,嫰
9821,U+5AF1,嫱
9822,U+5AF2,嫲
9823,U+5AF3,嫳
9824,U+5AF4,嫴
9825,U+5AF5,嫵
9826,U+5AF6,嫶
9827,U+5AF7,嫷
9828,U+5AF8,嫸
9829,U+5AF9,嫹
9830,U+5AFA,嫺
9831,U+5AFB,嫻
9832,U+5AFC,嫼
9833,U+5AFD,嫽
9834,U+5AFE,嫾
9835,U+5AFF,嫿
9836,U+5B00,嬀
9837,U+5B01,嬁
9838,U+5B02,嬂
9839,U+5B03,嬃
9840,U+5B04,嬄
9841,U+5B05,嬅
9842,U+5B06,嬆
9843,U+5B07,嬇
9844,U+5B08,嬈
9845,U+5B09,嬉
9846,U+5B0A,嬊
9847,U+5B0B,嬋
9848,U+5B0C,嬌
9849,U+5B0D,嬍
9850,U+5B0E,嬎
9851,U+5B0F,嬏
9852,U+5B10,嬐
9853,U+5B11,嬑
9854,U+5B12,嬒
9855,U+5B13,嬓
9856,U+5B14,嬔
9857,U+5B15,嬕
9858,U+5B16,嬖
9859,U+5B17,嬗
9860,U+5B18,嬘
9861,U+5B19,嬙
9862,U+5B1A,嬚
9863,U+5B1B,嬛
9864,U+5B1C,嬜
9865,U+5B1D,嬝
9866,U+5B1E,嬞
9867,U+5B1F,嬟
9868,U+5B20,嬠
9869,U+5B21,嬡
9870,U+5B22,嬢
9871,U+5B23,嬣
9872,U+5B24,嬤
9873,U+5B25,嬥
9874,U+5B26,嬦
9875,U+5B27,嬧
9876,U+5B28,嬨
9877,U+5B29,嬩
9878,U+5B2A,嬪
9879,U+5B2B,嬫
9880,U+5B2C,嬬
9881,U+5B2D,嬭
9882,U+5B2E,嬮
9883,U+5B2F,嬯
9884,U+5B30,嬰
9885,U+5B31,嬱
9886,U+5B32,嬲
9887,U+5B33,嬳
9888,U+5B34,嬴
9889,U+5B35,嬵
9890,U+5B36,嬶
9891,U+5B37,嬷
9892,U+5B38,嬸
9893,U+5B39,嬹
9894,U+5B3A,嬺
9895,U+5B3B,嬻
9896,U+5B3C,嬼
9897,U+5B3D,嬽
9898,U+5B3E,嬾
9899,U+5B3F,嬿
9900,U+5B40,孀
9901,U+5B41,孁
9902,U+5B42,孂
9903,U+5B43,孃
9904,U+5B44,孄
9905,U+5B45,孅
9906,U+5B46,孆
9907,U+5B47,孇
9908,U+5B48,孈
9909,U+5B49,孉
9910,U+5B4A,孊
9911,U+5B4B,孋
9912,U+5B4C,孌
9913,U+5B4D,孍
9914,U+5B4E,孎
9915,U+5B4F,孏
9916,U+5B50,子
9917,U+5B54,孔
9918,U+5B55,孕
9919,U+5B56,孖
9920,U+5B57,字
9921,U+5B58,存
9922,U+5B59,孙
9923,U+5B5A,孚
9924,U+5B5B,孛
9925,U+5B5C,孜
9926,U+5B5D,孝
9927,U+5B5E,孞
9928,U+5B5F,孟
9929,U+5B60,孠
9930,U+5B61,孡
9931,U+5B62,孢
9932,U+5B63,季
9933,U+5B64,孤
9934,U+5B65,孥
9935,U+5B66,学
9936,U+5B67,孧
9937,U+5B68,孨
9938,U+5B69,孩
9939,U+5B6A,孪
9940,U+5B6B,孫
9941,U+5B6C,孬
9942,U+5B6D,孭
9943,U+5B6E,孮
9944,U+5B6F,孯
9945,U+5B70,孰
9946,U+5B71,孱
9947,U+5B72,孲
9948,U+5B73,孳
9949,U+5B74,孴
9950,U+5B75,孵
9951,U+5B76,孶
9952,U+5B77,孷
9953,U+5B78,學
9954,U+5B79,孹
9955,U+5B7A,孺
9956,U+5B7B,孻
9957,U+5B7C,孼
9958,U+5B7D,孽
9959,U+5B7E,孾
9960,U+5B7F,孿
9961,U+5B80,宀
9962,U+5B81,宁
9963,U+5B82,宂
9964,U+5B83,它
9965,U+5B84,宄
9966,U+5B85,宅
9967,U+5B86,宆
9968,U+5B87,宇
9969,U+5B88,守
9970,U+5B89,安
9971,U+5B8A,宊
9972,U+5B8B,宋
9973,U+5B8C,完
9974,U+5B8D,宍
9975,U+5B8E,宎
9976,U+5B8F,宏
9977,U+5B90,宐
9978,U+5B91,宑
9979,U+5B92,宒
9980,U+5B93,宓
9981,U+5B94,宔
9982,U+5B95,宕
9983,U+5B96,宖
9984,U+5B97,宗
9985,U+5B98,官
9986,U+5B99,宙
9987,U+5B9A,定
9988,U+5B9B,宛
9989,U+5B9C,宜
9990,U+5B9D,宝
9991,U+5B9E,实
9992,U+5B9F,実
9993,U+5BA0,宠
9994,U+5BA1,审
9995,U+5BA2,客
9996,U+5BA3,宣
9997,U+5BA4,室
9998,U+5BA5,宥
9999,U+5BA6,宦
10000,U+5BA7,宧
10001,U+5BA8,宨
10002,U+5BA9,宩
10003,U+5BAA,宪
10004,U+5BAB,宫
10005,U+5BAC,宬
10006,U+5BAD,宭
10007,U+5BAE,宮
10008,U+5BAF,宯
10009,U+5BB0,宰
10010,U+5BB1,宱
10011,U+5BB2,宲
10012,U+5BB3,害
10013,U+5BB4,宴
10014,U+5BB5,宵
10015,U+5BB6,家
10016,U+5BB7,宷
10017,U+5BB8,宸
10018,U+5BB9,容
10019,U+5BBA,宺
10020,U+5BBB,宻
10021,U+5BBC,宼
10022,U+5BBD,宽
10023,U+5BBE,宾
10024,U+5BBF,宿
10025,U+5BC0,寀
10026,U+5BC1,寁
10027,U+5BC2,寂
10028,U+5BC3,寃
10029,U+5BC4,寄
10030,U+5BC5,寅
10031,U+5BC6,密
10032,U+5BC7,寇
10033,U+5BC8,寈
10034,U+5BC9,寉
10035,U+5BCA,寊
10036,U+5BCB,寋
10037,U+5BCC,富
10038,U+5BCD,寍
10039,U+5BCE,寎
10040,U+5BCF,寏
10041,U+5BD0,寐
10042,U+5BD1,寑
10043,U+5BD3,寓
10044,U+5BD4,寔
10045,U+5BD5,寕
10046,U+5BD6,寖
10047,U+5BD7,寗
10048,U+5BD8,寘
10049,U+5BD9,寙
10050,U+5BDA,寚
10051,U+5BDB,寛
10052,U+5BDC,寜
10053,U+5BDD,寝
10054,U+5BDE,寞
10055,U+5BDF,察
10056,U+5BE0,寠
10057,U+5BE1,寡
10058,U+5BE2,寢
10059,U+5BE3,寣
10060,U+5BE4,寤
10061,U+5BE5,寥
10062,U+5BE6,實
10063,U+5BE7,寧
10064,U+5BE8,寨
10065,U+5BE9,審
10066,U+5BEA,寪
10067,U+5BEB,寫
10068,U+5BEC,寬
10069,U+5BED,寭
10070,U+5BEE,寮
10071,U+5BEF,寯
10072,U+5BF0,寰
10073,U+5BF1,寱
10074,U+5BF2,寲
10075,U+5BF3,寳
10076,U+5BF4,寴
10077,U+5BF5,寵
10078,U+5BF6,寶
10079,U+5BF7,寷
10080,U+5BF8,寸
10081,U+5BF9,对
10082,U+5BFA,寺
10083,U+5BFB,寻
10084,U+5BFC,导
10085,U+5BFD,寽
10086,U+5BFE,対
10087,U+5BFF,寿
10088,U+5C00,尀
10089,U+5C01,封
10090,U+5C02,専
10091,U+5C03,尃
10092,U+5C04,射
10093,U+5C05,尅
10094,U+5C06,将
10095,U+5C07,將
10096,U+5C08,專
10097,U+5C09,尉
10098,U+5C0A,尊
10099,U+5C0B,尋
10100,U+5C0C,尌
10101,U+5C0D,對
10102,U+5C0E,導
10103,U+5C0F,小
10104,U+5C10,尐
10105,U+5C11,少
10106,U+5C12,尒
10107,U+5C13,尓
10108,U+5C14,尔
10109,U+5C15,尕
10110,U+5C16,尖
10111,U+5C17,尗
10112,U+5C18,尘
10113,U+5C19,尙
10114,U+5C1A,尚
10115,U+5C1B,尛
10116,U+5C1C,尜
10117,U+5C1D,尝
10118,U+5C1E,尞
10119,U+5C1F,尟
10120,U+5C20,尠
10121,U+5C21,尡
10122,U+5C22,尢
10123,U+5C23,尣
10124,U+5C24,尤
10125,U+5C25,尥
10126,U+5C26,尦
10127,U+5C27,尧
10128,U+5C28,尨
10129,U+5C29,尩
10130,U+5C2A,尪
10131,U+5C2B,尫
10132,U+5C2C,尬
10133,U+5C2D,尭
10134,U+5C2E,尮
10135,U+5C2F,尯
10136,U+5C30,尰
10137,U+5C31,就
10138,U+5C32,尲
10139,U+5C33,尳
10140,U+5C34,尴
10141,U+5C35,尵
10142,U+5C36,尶
10143,U+5C37,尷
10144,U+5C38,尸
10145,U+5C39,尹
10146,U+5C3B,尻
10147,U+5C3C,尼
10148,U+5C3D,尽
10149,U+5C3E,尾
10150,U+5C3F,尿
10151,U+5C40,局
10152,U+5C41,屁
10153,U+5C42,层
10154,U+5C43,屃
10155,U+5C44,屄
10156,U+5C45,居
10157,U+5C46,屆
10158,U+5C47,屇
10159,U+5C48,屈
10160,U+5C49,屉
10161,U+5C4A,届
10162,U+5C4B,屋
10163,U+5C4C,屌
10164,U+5C4D,屍
10165,U+5C4E,屎
10166,U+5C4F,屏
10167,U+5C50,屐
10168,U+5C51,屑
10169,U+5C52,屒
10170,U+5C53,屓
10171,U+5C54,屔
10172,U+5C55,展
10173,U+5C56,屖
10174,U+5C57,屗
10175,U+5C58,屘
10176,U+5C59,屙
10177,U+5C5A,屚
10178,U+5C5B,屛
10179,U+5C5C,屜
10180,U+5C5D,屝
10181,U+5C5E,属
10182,U+5C5F,屟
10183,U+5C60,屠
10184,U+5C61,屡
10185,U+5C62,屢
10186,U+5C63,屣
10187,U+5C64,層
10188,U+5C65,履
10189,U+5C66,屦
10190,U+5C67,屧
10191,U+5C68,屨
10192,U+5C69,屩
10193,U+5C6A,屪
10194,U+5C6B,屫
10195,U+5C6C,屬
10196,U+5C6D,屭
10197,U+5C6E,屮
10198,U+5C6F,屯
10199,U+5C70,屰
10200,U+5C71,山
10201,U+5C72,屲
10202,U+5C73,屳
10203,U+5C74,屴
10204,U+5C75,屵
10205,U+5C76,屶
10206,U+5C77,屷
10207,U+5C78,屸
10208,U+5C79,屹
10209,U+5C7A,屺
10210,U+5C7B,屻
10211,U+5C7C,屼
10212,U+5C7D,屽
10213,U+5C7E,屾
10214,U+5C7F,屿
10215,U+5C80,岀
10216,U+5C81,岁
10217,U+5C82,岂
10218,U+5C83,岃
10219,U+5C84,岄
10220,U+5C85,岅
10221,U+5C86,岆
10222,U+5C87,岇
10223,U+5C88,岈
10224,U+5C89,岉
10225,U+5C8A,岊
10226,U+5C8B,岋
10227,U+5C8C,岌
10228,U+5C8D,岍
10229,U+5C8E,岎
10230,U+5C8F,岏
10231,U+5C90,岐
10232,U+5C91,岑
10233,U+5C92,岒
10234,U+5C93,岓
10235,U+5C94,岔
10236,U+5C95,岕
10237,U+5C96,岖
10238,U+5C97,岗
10239,U+5C98,岘
10240,U+5C99,岙
10241,U+5C9A,岚
10242,U+5C9B,岛
10243,U+5C9C,岜
10244,U+5C9D,岝
10245,U+5C9E,岞
10246,U+5C9F,岟
10247,U+5CA0,岠
10248,U+5CA1,岡
10249,U+5CA2,岢
10250,U+5CA3,岣
10251,U+5CA4,岤
10252,U+5CA5,岥
10253,U+5CA6,岦
10254,U+5CA7,岧
10255,U+5CA8,岨
10256,U+5CA9,岩
10257,U+5CAA,岪
10258,U+5CAB,岫
10259,U+5CAC,岬
10260,U+5CAD,岭
10261,U+5CAE,岮
10262,U+5CAF,岯
10263,U+5CB0,岰
10264,U+5CB1,岱
10265,U+5CB2,岲
10266,U+5CB3,岳
10267,U+5CB4,岴
10268,U+5CB5,岵
10269,U+5CB6,岶
10270,U+5CB7,岷
10271,U+5CB8,岸
10272,U+5CB9,岹
10273,U+5CBA,岺
10274,U+5CBB,岻
10275,U+5CBC,岼
10276,U+5CBD,岽
10277,U+5CBE,岾
10278,U+5CBF,岿
10279,U+5CC0,峀
10280,U+5CC1,峁
10281,U+5CC2,峂
10282,U+5CC3,峃
10283,U+5CC4,峄
10284,U+5CC5,峅
10285,U+5CC6,峆
10286,U+5CC7,峇
10287,U+5CC8,峈
10288,U+5CC9,峉
10289,U+5CCA,峊
10290,U+5CCB,峋
10291,U+5CCC,峌
10292,U+5CCD,峍
10293,U+5CCE,峎
10294,U+5CCF,峏
10295,U+5CD0,峐
10296,U+5CD1,峑
10297,U+5CD2,峒
10298,U+5CD3,峓
10299,U+5CD4,峔
10300,U+5CD5,峕
10301,U+5CD6,峖
10302,U+5CD7,峗
10303,U+5CD8,峘
10304,U+5CD9,峙
10305,U+5CDA,峚
10306,U+5CDB,峛
10307,U+5CDC,峜
10308,U+5CDD,峝
10309,U+5CDE,峞
10310,U+5CDF,峟
10311,U+5CE0,峠
10312,U+5CE1,峡
10313,U+5CE2,峢
10314,U+5CE3,峣
10315,U+5CE4,峤
10316,U+5CE5,峥
10317,U+5CE6,峦
10318,U+5CE7,峧
10319,U+5CE8,峨
10320,U+5CE9,峩
10321,U+5CEA,峪
10322,U+5CEB,峫
10323,U+5CEC,峬
10324,U+5CED,峭
10325,U+5CEE,峮
10326,U+5CEF,峯
10327,U+5CF0,峰
10328,U+5CF1,峱
10329,U+5CF2,峲
10330,U+5CF3,峳
10331,U+5CF4,峴
10332,U+5CF5,峵
10333,U+5CF6,島
10334,U+5CF7,峷
10335,U+5CF8,峸
10336,U+5CF9,峹
10337,U+5CFA,峺
10338,U+5CFB,峻
10339,U+5CFC,峼
10340,U+5CFD,峽
10341,U+5CFE,峾
10342,U+5CFF,峿
10343,U+5D00,崀
10344,U+5D01,崁
10345,U+5D02,崂
10346,U+5D03,崃
10347,U+5D04,崄
10348,U+5D05,崅
10349,U+5D06,崆
10350,U+5D07,崇
10351,U+5D08,崈
10352,U+5D09,崉
10353,U+5D0A,崊
10354,U+5D0B,崋
10355,U+5D0C,崌
10356,U+5D0D,崍
10357,U+5D0E,崎
10358,U+5D0F,崏
10359,U+5D10,崐
10360,U+5D11,崑
10361,U+5D12,崒
10362,U+5D13,崓
10363,U+5D14,崔
10364,U+5D15,崕
10365,U+5D16,崖
10366,U+5D17,崗
10367,U+5D18,崘
10368,U+5D19,崙
10369,U+5D1A,崚
10370,U+5D1B,崛
10371,U+5D1C,崜
10372,U+5D1D,崝
10373,U+5D1E,崞
10374,U+5D1F,崟
10375,U+5D20,崠
10376,U+5D21,崡
10377,U+5D22,崢
10378,U+5D23,崣
10379,U+5D24,崤
10380,U+5D25,崥
10381,U+5D26,崦
10382,U+5D27,崧
10383,U+5D28,崨
10384,U+5D29,崩
10385,U+5D2A,崪
10386,U+5D2B,崫
10387,U+5D2C,崬
10388,U+5D2D,崭
10389,U+5D2E,崮
10390,U+5D2F,崯
10391,U+5D30,崰
10392,U+5D31,崱
10393,U+5D32,崲
10394,U+5D33,崳
10395,U+5D34,崴
10396,U+5D35,崵
10397,U+5D36,崶
10398,U+5D37,崷
10399,U+5D38,崸
10400,U+5D39,崹
10401,U+5D3A,崺
10402,U+5D3B,崻
10403,U+5D3C,崼
10404,U+5D3D,崽
10405,U+5D3E,崾
10406,U+5D3F,崿
10407,U+5D40,嵀
10408,U+5D41,嵁
10409,U+5D42,嵂
10410,U+5D43,嵃
10411,U+5D44,嵄
10412,U+5D45,嵅
10413,U+5D46,嵆
10414,U+5D47,嵇
10415,U+5D48,嵈
10416,U+5D49,嵉
10417,U+5D4A,嵊
10418,U+5D4B,嵋
10419,U+5D4C,嵌
10420,U+5D4D,嵍
10421,U+5D4E,嵎
10422,U+5D4F,嵏
10423,U+5D50,嵐
10424,U+5D51,嵑
10425,U+5D52,嵒
10426,U+5D53,嵓
10427,U+5D54,嵔
10428,U+5D55,嵕
10429,U+5D56,嵖
10430,U+5D57,嵗
10431,U+5D58,嵘
10432,U+5D59,嵙
10433,U+5D5A,嵚
10434,U+5D5B,嵛
10435,U+5D5C,嵜
10436,U+5D5D,嵝
10437,U+5D5E,嵞
10438,U+5D5F,嵟
10439,U+5D60,嵠
10440,U+5D61,嵡
10441,U+5D62,嵢
10442,U+5D63,嵣
10443,U+5D64,嵤
10444,U+5D65,嵥
10445,U+5D66,嵦
10446,U+5D67,嵧
10447,U+5D68,嵨
10448,U+5D69,嵩
10449,U+5D6A,嵪
10450,U+5D6B,嵫
10451,U+5D6C,嵬
10452,U+5D6D,嵭
10453,U+5D6E,嵮
10454,U+5D6F,嵯
10455,U+5D70,嵰
10456,U+5D71,嵱
10457,U+5D72,嵲
10458,U+5D73,嵳
10459,U+5D74,嵴
10460,U+5D75,嵵
10461,U+5D76,嵶
10462,U+5D77,嵷
10463,U+5D78,嵸
10464,U+5D79,嵹
10465,U+5D7A,嵺
10466,U+5D7B,嵻
10467,U+5D7C,嵼
10468,U+5D7D,嵽
10469,U+5D7E,嵾
10470,U+5D7F,嵿
10471,U+5D80,嶀
10472,U+5D81,嶁
10473,U+5D82,嶂
10474,U+5D83,嶃
10475,U+5D84,嶄
10476,U+5D85,嶅
10477,U+5D86,嶆
10478,U+5D87,嶇
10479,U+5D88,嶈
10480,U+5D89,嶉
10481,U+5D8A,嶊
10482,U+5D8B,嶋
10483,U+5D8C,嶌
10484,U+5D8D,嶍
10485,U+5D8E,嶎
10486,U+5D8F,嶏
10487,U+5D90,嶐
10488,U+5D91,嶑
10489,U+5D92,嶒
10490,U+5D93,嶓
10491,U+5D94,嶔
10492,U+5D95,嶕
10493,U+5D96,嶖
10494,U+5D97,嶗
10495,U+5D98,嶘
10496,U+5D99,嶙
10497,U+5D9A,嶚
10498,U+5D9B,嶛
10499,U+5D9C,嶜
10500,U+5D9D,嶝
10501,U+5D9E,嶞
10502,U+5D9F,嶟
10503,U+5DA0,嶠
10504,U+5DA1,嶡
10505,U+5DA2,嶢
10506,U+5DA3,嶣
10507,U+5DA4,嶤
10508,U+5DA5,嶥
10509,U+5DA6,嶦
10510,U+5DA7,嶧
10511,U+5DA8,嶨
10512,U+5DA9,嶩
10513,U+5DAA,嶪
10514,U+5DAB,嶫
10515,U+5DAC,嶬
10516,U+5DAD,嶭
10517,U+5DAE,嶮
10518,U+5DAF,嶯
10519,U+5DB0,嶰
10520,U+5DB1,嶱
10521,U+5DB2,嶲
10522,U+5DB3,嶳
10523,U+5DB4,嶴
10524,U+5DB5,嶵
10525,U+5DB6,嶶
10526,U+5DB7,嶷
10527,U+5DB8,嶸
10528,U+5DB9,嶹
10529,U+5DBA,嶺
10530,U+5DBB,嶻
10531,U+5DBC,嶼
10532,U+5DBD,嶽
10533,U+5DBE,嶾
10534,U+5DBF,嶿
10535,U+5DC0,巀
10536,U+5DC1,巁
10537,U+5DC2,巂
10538,U+5DC3,巃
10539,U+5DC4,巄
10540,U+5DC5,巅
10541,U+5DC6,巆
10542,U+5DC7,巇
10543,U+5DC8,巈
10544,U+5DC9,巉
10545,U+5DCA,巊
10546,U+5DCB,巋
10547,U+5DCC,巌
10548,U+5DCD,巍
10549,U+5DCE,巎
10550,U+5DCF,巏
10551,U+5DD0,巐
10552,U+5DD1,巑
10553,U+5DD2,巒
10554,U+5DD3,巓
10555,U+5DD4,巔
10556,U+5DD5,巕
10557,U+5DD6,巖
10558,U+5DD7,巗
10559,U+5DD8,巘
10560,U+5DD9,巙
10561,U+5DDA,巚
10562,U+5DDF,巟
10563,U+5DE0,巠
10564,U+5DE1,巡
10565,U+5DE2,巢
10566,U+5DE3,巣
10567,U+5DE4,巤
10568,U+5DE5,工
10569,U+5DE6,左
10570,U+5DE7,巧
10571,U+5DE9,巩
10572,U+5DEA,巪
10573,U+5DEB,巫
10574,U+5DEC,巬
10575,U+5DED,巭
10576,U+5DEE,差
10577,U+5DF0,巰
10578,U+5DF1,己
10579,U+5DF5,巵
10580,U+5DF6,巶
10581,U+5DF7,巷
10582,U+5DF8,巸
10583,U+5DF9,巹
10584,U+5DFA,巺
10585,U+5DFB,巻
10586,U+5DFC,巼
10587,U+5DFD,巽
10588,U+5DFE,巾
10589,U+5DFF,巿
10590,U+5E00,帀
10591,U+5E01,币
10592,U+5E02,市
10593,U+5E03,布
10594,U+5E04,帄
10595,U+5E05,帅
10596,U+5E06,帆
10597,U+5E07,帇
10598,U+5E08,师
10599,U+5E09,帉
10600,U+5E0A,帊
10601,U+5E0B,帋
10602,U+5E0C,希
10603,U+5E0D,帍
10604,U+5E0E,帎
10605,U+5E0F,帏
10606,U+5E10,帐
10607,U+5E11,帑
10608,U+5E12,帒
10609,U+5E13,帓
10610,U+5E14,帔
10611,U+5E15,帕
10612,U+5E16,帖
10613,U+5E17,帗
10614,U+5E18,帘
10615,U+5E19,帙
10616,U+5E1A,帚
10617,U+5E1B,帛
10618,U+5E1C,帜
10619,U+5E1D,帝
10620,U+5E1E,帞
10621,U+5E1F,帟
10622,U+5E20,帠
10623,U+5E21,帡
10624,U+5E22,帢
10625,U+5E23,帣
10626,U+5E24,帤
10627,U+5E25,帥
10628,U+5E26,带
10629,U+5E27,帧
10630,U+5E28,帨
10631,U+5E29,帩
10632,U+5E2A,帪
10633,U+5E2B,師
10634,U+5E2C,帬
10635,U+5E2D,席
10636,U+5E2E,帮
10637,U+5E2F,帯
10638,U+5E30,帰
10639,U+5E31,帱
10640,U+5E32,帲
10641,U+5E33,帳
10642,U+5E34,帴
10643,U+5E35,帵
10644,U+5E36,帶
10645,U+5E37,帷
10646,U+5E38,常
10647,U+5E39,帹
10648,U+5E3A,帺
10649,U+5E3B,帻
10650,U+5E3C,帼
10651,U+5E3D,帽
10652,U+5E3E,帾
10653,U+5E3F,帿
10654,U+5E40,幀
10655,U+5E41,幁
10656,U+5E42,幂
10657,U+5E43,幃
10658,U+5E44,幄
10659,U+5E45,幅
10660,U+5E46,幆
10661,U+5E47,幇
10662,U+5E48,幈
10663,U+5E49,幉
10664,U+5E4A,幊
10665,U+5E4B,幋
10666,U+5E4C,幌
10667,U+5E4D,幍
10668,U+5E4E,幎
10669,U+5E4F,幏
10670,U+5E50,幐
10671,U+5E51,幑
10672,U+5E52,幒
10673,U+5E53,幓
10674,U+5E54,幔
10675,U+5E55,幕
10676,U+5E56,幖
10677,U+5E57,幗
10678,U+5E58,幘
10679,U+5E59,幙
10680,U+5E5A,幚
10681,U+5E5B,幛
10682,U+5E5C,幜
10683,U+5E5D,幝
10684,U+5E5E,幞
10685,U+5E5F,幟
10686,U+5E60,幠
10687,U+5E61,幡
10688,U+5E62,幢
10689,U+5E63,幣
10690,U+5E64,幤
10691,U+5E65,幥
10692,U+5E66,幦
10693,U+5E67,幧
10694,U+5E68,幨
10695,U+5E69,幩
10696,U+5E6A,幪
10697,U+5E6B,幫
10698,U+5E6C,幬
10699,U+5E6D,幭
10700,U+5E6E,幮
10701,U+5E6F,幯
10702,U+5E70,幰
10703,U+5E71,幱
10704,U+5E72,干
10705,U+5E73,平
10706,U+5E75,幵
10707,U+5E76,并
10708,U+5E77,幷
10709,U+5E78,幸
10710,U+5E7A,幺
10711,U+5E7B,幻
10712,U+5E7C,幼
10713,U+5E7D,幽
10714,U+5E7E,幾
10715,U+5E7F,广
10716,U+5E80,庀
10717,U+5E81,庁
10718,U+5E82,庂
10719,U+5E83,広
10720,U+5E84,庄
10721,U+5E85,庅
10722,U+5E86,庆
10723,U+5E87,庇
10724,U+5E88,庈
10725,U+5E89,庉
10726,U+5E8A,床
10727,U+5E8B,庋
10728,U+5E8C,庌
10729,U+5E8D,庍
10730,U+5E8E,庎
10731,U+5E8F,序
10732,U+5E90,庐
10733,U+5E91,庑
10734,U+5E92,庒
10735,U+5E93,库
10736,U+5E94,应
10737,U+5E95,底
10738,U+5E96,庖
10739,U+5E97,店
10740,U+5E98,庘
10741,U+5E99,庙
10742,U+5E9A,庚
10743,U+5E9B,庛
10744,U+5E9C,府
10745,U+5E9D,庝
10746,U+5E9E,庞
10747,U+5E9F,废
10748,U+5EA0,庠
10749,U+5EA1,庡
10750,U+5EA2,庢
10751,U+5EA3,庣
10752,U+5EA4,庤
10753,U+5EA5,庥
10754,U+5EA6,度
10755,U+5EA7,座
10756,U+5EA8,庨
10757,U+5EA9,庩
10758,U+5EAA,庪
10759,U+5EAB,庫
10760,U+5EAC,庬
10761,U+5EAD,庭
10762,U+5EAE,庮
10763,U+5EAF,庯
10764,U+5EB0,庰
10765,U+5EB1,庱
10766,U+5EB2,庲
10767,U+5EB3,庳
10768,U+5EB4,庴
10769,U+5EB5,庵
10770,U+5EB6,庶
10771,U+5EB7,康
10772,U+5EB8,庸
10773,U+5EB9,庹
10774,U+5EBA,庺
10775,U+5EBB,庻
10776,U+5EBC,庼
10777,U+5EBD,庽
10778,U+5EBE,庾
10779,U+5EBF,庿
10780,U+5EC0,廀
10781,U+5EC1,廁
10782,U+5EC2,廂
10783,U+5EC3,廃
10784,U+5EC4,廄
10785,U+5EC5,廅
10786,U+5EC6,廆
10787,U+5EC7,廇
10788,U+5EC8,廈
10789,U+5EC9,廉
10790,U+5ECA,廊
10791,U+5ECB,廋
10792,U+5ECC,廌
10793,U+5ECD,廍
10794,U+5ECE,廎
10795,U+5ECF,廏
10796,U+5ED0,廐
10797,U+5ED1,廑
10798,U+5ED2,廒
10799,U+5ED3,廓
10800,U+5ED4,廔
10801,U+5ED5,廕
10802,U+5ED6,廖
10803,U+5ED7,廗
10804,U+5ED8,廘
10805,U+5ED9,廙
10806,U+5EDA,廚
10807,U+5EDB,廛
10808,U+5EDC,廜
10809,U+5EDD,廝
10810,U+5EDE,廞
10811,U+5EDF,廟
10812,U+5EE0,廠
10813,U+5EE1,廡
10814,U+5EE2,廢
10815,U+5EE3,廣
10816,U+5EE4,廤
10817,U+5EE5,廥
10818,U+5EE6,廦
10819,U+5EE7,廧
10820,U+5EE8,廨
10821,U+5EE9,廩
10822,U+5EEA,廪
10823,U+5EEB,廫
10824,U+5EEC,廬
10825,U+5EED,廭
10826,U+5EEE,廮
10827,U+5EEF,廯
10828,U+5EF0,廰
10829,U+5EF1,廱
10830,U+5EF2,廲
10831,U+5EF3,廳
10832,U+5EF4,廴
10833,U+5EF5,廵
10834,U+5EF6,延
10835,U+5EF7,廷
10836,U+5EF8,廸
10837,U+5EF9,廹
10838,U+5EFA,建
10839,U+5EFB,廻
10840,U+5EFC,廼
10841,U+5EFD,廽
10842,U+5EFE,廾
10843,U+5F00,开
10844,U+5F01,弁
10845,U+5F02,异
10846,U+5F03,弃
10847,U+5F04,弄
10848,U+5F05,弅
10849,U+5F06,弆
10850,U+5F07,弇
10851,U+5F08,弈
10852,U+5F09,弉
10853,U+5F0A,弊
10854,U+5F0B,弋
10855,U+5F0C,弌
10856,U+5F0D,弍
10857,U+5F0E,弎
10858,U+5F0F,式
10859,U+5F10,弐
10860,U+5F11,弑
10861,U+5F12,弒
10862,U+5F13,弓
10863,U+5F14,弔
10864,U+5F15,引
10865,U+5F16,弖
10866,U+5F17,弗
10867,U+5F18,弘
10868,U+5F19,弙
10869,U+5F1A,弚
10870,U+5F1B,弛
10871,U+5F1C,弜
10872,U+5F1D,弝
10873,U+5F1E,弞
10874,U+5F1F,弟
10875,U+5F20,张
10876,U+5F21,弡
10877,U+5F22,弢
10878,U+5F23,弣
10879,U+5F24,弤
10880,U+5F25,弥
10881,U+5F26,弦
10882,U+5F27,弧
10883,U+5F28,弨
10884,U+5F29,弩
10885,U+5F2A,弪
10886,U+5F2B,弫
10887,U+5F2C,弬
10888,U+5F2D,弭
10889,U+5F2E,弮
10890,U+5F2F,弯
10891,U+5F30,弰
10892,U+5F31,弱
10893,U+5F32,弲
10894,U+5F33,弳
10895,U+5F34,弴
10896,U+5F35,張
10897,U+5F36,弶
10898,U+5F37,強
10899,U+5F38,弸
10900,U+5F39,弹
10901,U+5F3A,强
10902,U+5F3B,弻
10903,U+5F3C,弼
10904,U+5F3D,弽
10905,U+5F3E,弾
10906,U+5F3F,弿
10907,U+5F40,彀
10908,U+5F41,彁
10909,U+5F42,彂
10910,U+5F43,彃
10911,U+5F44,彄
10912,U+5F45,彅
10913,U+5F46,彆
10914,U+5F47,彇
10915,U+5F48,彈
10916,U+5F49,彉
10917,U+5F4A,彊
10918,U+5F4B,彋
10919,U+5F4C,彌
10920,U+5F4D,彍
10921,U+5F4E,彎
10922,U+5F4F,彏
10923,U+5F50,彐
10924,U+5F52,归
10925,U+5F53,当
10926,U+5F54,彔
10927,U+5F55,录
10928,U+5F56,彖
10929,U+5F57,彗
10930,U+5F58,彘
10931,U+5F59,彙
10932,U+5F5A,彚
10933,U+5F5B,彛
10934,U+5F5C,彜
10935,U+5F5D,彝
10936,U+5F5E,彞
10937,U+5F5F,彟
10938,U+5F60,彠
10939,U+5F61,彡
10940,U+5F62,形
10941,U+5F63,彣
10942,U+5F64,彤
10943,U+5F65,彥
10944,U+5F66,彦
10945,U+5F67,彧
10946,U+5F68,彨
10947,U+5F69,彩
10948,U+5F6A,彪
10949,U+5F6B,彫
10950,U+5F6C,彬
10951,U+5F6D,彭
10952,U+5F6E,彮
10953,U+5F6F,彯
10954,U+5F70,彰
10955,U+5F71,影
10956,U+5F72,彲
10957,U+5F73,彳
10958,U+5F74,彴
10959,U+5F75,彵
10960,U+5F76,彶
10961,U+5F77,彷
10962,U+5F78,彸
10963,U+5F79,役
10964,U+5F7A,彺
10965,U+5F7B,彻
10966,U+5F7C,彼
10967,U+5F7D,彽
10968,U+5F7E,彾
10969,U+5F7F,彿
10970,U+5F80,往
10971,U+5F81,征
10972,U+5F82,徂
10973,U+5F83,徃
10974,U+5F84,径
10975,U+5F85,待
10976,U+5F86,徆
10977,U+5F87,徇
10978,U+5F88,很
10979,U+5F89,徉
10980,U+5F8A,徊
10981,U+5F8B,律
10982,U+5F8C,後
10983,U+5F8D,徍
10984,U+5F8E,徎
10985,U+5F8F,徏
10986,U+5F90,徐
10987,U+5F91,徑
10988,U+5F92,徒
10989,U+5F93,従
10990,U+5F94,徔
10991,U+5F95,徕
10992,U+5F96,徖
10993,U+5F97,得
10994,U+5F98,徘
10995,U+5F99,徙
10996,U+5F9A,徚
10997,U+5F9B,徛
10998,U+5F9C,徜
10999,U+5F9D,徝
11000,U+5F9E,從
11001,U+5F9F,徟
11002,U+5FA0,徠
11003,U+5FA1,御
11004,U+5FA2,徢
11005,U+5FA3,徣
11006,U+5FA4,徤
11007,U+5FA5,徥
11008,U+5FA6,徦
11009,U+5FA7,徧
11010,U+5FA8,徨
11011,U+5FA9,復
11012,U+5FAA,循
11013,U+5FAB,徫
11014,U+5FAC,徬
11015,U+5FAD,徭
11016,U+5FAE,微
11017,U+5FAF,徯
11018,U+5FB0,徰
11019,U+5FB1,徱
11020,U+5FB2,徲
11021,U+5FB3,徳
11022,U+5FB4,徴
11023,U+5FB5,徵
11024,U+5FB6,徶
11025,U+5FB7,德
11026,U+5FB8,徸
11027,U+5FB9,徹
11028,U+5FBA,徺
11029,U+5FBB,徻
11030,U+5FBC,徼
11031,U+5FBD,徽
11032,U+5FBE,徾
11033,U+5FBF,徿
11034,U+5FC0,忀
11035,U+5FC1,忁
11036,U+5FC2,忂
11037,U+5FC3,心
11038,U+5FC4,忄
11039,U+5FC5,必
11040,U+5FC6,忆
11041,U+5FC7,忇
11042,U+5FC8,忈
11043,U+5FC9,忉
11044,U+5FCA,忊
11045,U+5FCB,忋
11046,U+5FCC,忌
11047,U+5FCD,忍
11048,U+5FCE,忎
11049,U+5FCF,忏
11050,U+5FD0,忐
11051,U+5FD1,忑
11052,U+5FD2,忒
11053,U+5FD3,忓
11054,U+5FD4,忔
11055,U+5FD5,忕
11056,U+5FD6,忖
11057,U+5FD7,志
11058,U+5FD8,忘
11059,U+5FD9,忙
11060,U+5FDA,忚
11061,U+5FDB,忛
11062,U+5FDC,応
11063,U+5FDD,忝
11064,U+5FDE,忞
11065,U+5FDF,忟
11066,U+5FE0,忠
11067,U+5FE1,忡
11068,U+5FE2,忢
11069,U+5FE3,忣
11070,U+5FE4,忤
11071,U+5FE5,忥
11072,U+5FE6,忦
11073,U+5FE7,忧
11074,U+5FE8,忨
11075,U+5FE9,忩
11076,U+5FEA,忪
11077,U+5FEB,快
11078,U+5FEC,忬
11079,U+5FED,忭
11080,U+5FEE,忮
11081,U+5FEF,忯
11082,U+5FF0,忰
11083,U+5FF1,忱
11084,U+5FF2,忲
11085,U+5FF3,忳
11086,U+5FF4,忴
11087,U+5FF5,念
11088,U+5FF6,忶
11089,U+5FF7,忷
11090,U+5FF8,忸
11091,U+5FF9,忹
11092,U+5FFA,忺
11093,U+5FFB,忻
11094,U+5FFC,忼
11095,U+5FFD,忽
11096,U+5FFE,忾
11097,U+5FFF,忿
11098,U+6000,怀
11099,U+6001,态
11100,U+6002,怂
11101,U+6003,怃
11102,U+6004,怄
11103,U+6005,怅
11104,U+6006,怆
11105,U+6007,怇
11106,U+6008,怈
11107,U+6009,怉
11108,U+600A,怊
11109,U+600B,怋
11110,U+600C,怌
11111,U+600D,怍
11112,U+600E,怎
11113,U+600F,怏
11114,U+6010,怐
11115,U+6011,怑
11116,U+6012,怒
11117,U+6013,怓
11118,U+6014,怔
11119,U+6015,怕
11120,U+6016,怖
11121,U+6017,怗
11122,U+6018,怘
11123,U+6019,怙
11124,U+601A,怚
11125,U+601B,怛
11126,U+601C,怜
11127,U+601D,思
11128,U+601E,怞
11129,U+601F,怟
11130,U+6020,怠
11131,U+6021,怡
11132,U+6022,怢
11133,U+6023,怣
11134,U+6024,怤
11135,U+6025,急
11136,U+6026,怦
11137,U+6027,性
11138,U+6028,怨
11139,U+6029,怩
11140,U+602A,怪
11141,U+602B,怫
11142,U+602C,怬
11143,U+602D,怭
11144,U+602E,怮
11145,U+602F,怯
11146,U+6030,怰
11147,U+6031,怱
11148,U+6032,怲
11149,U+6033,怳
11150,U+6034,怴
11151,U+6035,怵
11152,U+6036,怶
11153,U+6037,怷
11154,U+6038,怸
11155,U+6039,怹
11156,U+603A,怺
11157,U+603B,总
11158,U+603C,怼
11159,U+603D,怽
11160,U+603E,怾
11161,U+603F,怿
11162,U+6040,恀
11163,U+6041,恁
11164,U+6042,恂
11165,U+6043,恃
11166,U+6044,恄
11167,U+6045,恅
11168,U+6046,恆
11169,U+6047,恇
11170,U+6048,恈
11171,U+6049,恉
11172,U+604A,恊
11173,U+604B,恋
11174,U+604C,恌
11175,U+604D,恍
11176,U+604E,恎
11177,U+604F,恏
11178,U+6050,恐
11179,U+6051,恑
11180,U+6052,恒
11181,U+6053,恓
11182,U+6054,恔
11183,U+6055,恕
11184,U+6056,恖
11185,U+6057,恗
11186,U+6058,恘
11187,U+6059,恙
11188,U+605A,恚
11189,U+605B,恛
11190,U+605C,恜
11191,U+605D,恝
11192,U+605E,恞
11193,U+605F,恟
11194,U+6060,恠
11195,U+6061,恡
11196,U+6062,恢
11197,U+6063,恣
11198,U+6064,恤
11199,U+6065,恥
11200,U+6066,恦
11201,U+6067,恧
11202,U+6068,恨
11203,U+6069,恩
11204,U+606A,恪
11205,U+606B,恫
11206,U+606C,恬
11207,U+606D,恭
11208,U+606E,恮
11209,U+606F,息
11210,U+6070,恰
11211,U+6071,恱
11212,U+6072,恲
11213,U+6073,恳
11214,U+6074,恴
11215,U+6075,恵
11216,U+6076,恶
11217,U+6077,恷
11218,U+6078,恸
11219,U+6079,恹
11220,U+607A,恺
11221,U+607B,恻
11222,U+607C,恼
11223,U+607D,恽
11224,U+607E,恾
11225,U+607F,恿
11226,U+6080,悀
11227,U+6081,悁
11228,U+6082,悂
11229,U+6083,悃
11230,U+6084,悄
11231,U+6085,悅
11232,U+6086,悆
11233,U+6087,悇
11234,U+6088,悈
11235,U+6089,悉
11236,U+608A,悊
11237,U+608B,悋
11238,U+608C,悌
11239,U+608D,悍
11240,U+608E,悎
11241,U+608F,悏
11242,U+6090,悐
11243,U+6091,悑
11244,U+6092,悒
11245,U+6093,悓
11246,U+6094,悔
11247,U+6095,悕
11248,U+6096,悖
11249,U+6097,悗
11250,U+6098,悘
11251,U+6099,悙
11252,U+609A,悚
11253,U+609B,悛
11254,U+609C,悜
11255,U+609D,悝
11256,U+609E,悞
11257,U+609F,悟
11258,U+60A0,悠
11259,U+60A1,悡
11260,U+60A2,悢
11261,U+60A3,患
11262,U+60A4,悤
11263,U+60A5,悥
11264,U+60A6,悦
11265,U+60A7,悧
11266,U+60A8,您
11267,U+60A9,悩
11268,U+60AA,悪
11269,U+60AB,悫
11270,U+60AC,悬
11271,U+60AD,悭
11272,U+60AE,悮
11273,U+60AF,悯
11274,U+60B0,悰
11275,U+60B1,悱
11276,U+60B2,悲
11277,U+60B3,悳
11278,U+60B4,悴
11279,U+60B5,悵
11280,U+60B6,悶
11281,U+60B7,悷
11282,U+60B8,悸
11283,U+60B9,悹
11284,U+60BA,悺
11285,U+60BB,悻
11286,U+60BC,悼
11287,U+60BD,悽
11288,U+60BE,悾
11289,U+60BF,悿
11290,U+60C0,惀
11291,U+60C1,惁
11292,U+60C2,惂
11293,U+60C3,惃
11294,U+60C4,惄
11295,U+60C5,情
11296,U+60C6,惆
11297,U+60C7,惇
11298,U+60C8,惈
11299,U+60C9,惉
11300,U+60CA,惊
11301,U+60CB,惋
11302,U+60CC,惌
11303,U+60CD,惍
11304,U+60CE,惎
11305,U+60CF,惏
11306,U+60D0,惐
11307,U+60D1,惑
11308,U+60D2,惒
11309,U+60D3,惓
11310,U+60D4,惔
11311,U+60D5,惕
11312,U+60D6,惖
11313,U+60D7,惗
11314,U+60D8,惘
11315,U+60D9,惙
11316,U+60DA,惚
11317,U+60DB,惛
11318,U+60DC,惜
11319,U+60DD,惝
11320,U+60DE,惞
11321,U+60DF,惟
11322,U+60E0,惠
11323,U+60E1,惡
11324,U+60E2,惢
11325,U+60E3,惣
11326,U+60E4,惤
11327,U+60E5,惥
11328,U+60E6,惦
11329,U+60E7,惧
11330,U+60E8,惨
11331,U+60E9,惩
11332,U+60EA,惪
11333,U+60EB,惫
11334,U+60EC,惬
11335,U+60ED,惭
11336,U+60EE,惮
11337,U+60EF,惯
11338,U+60F0,惰
11339,U+60F1,惱
11340,U+60F2,惲
11341,U+60F3,想
11342,U+60F4,惴
11343,U+60F5,惵
11344,U+60F6,惶
11345,U+60F7,惷
11346,U+60F8,惸
11347,U+60F9,惹
11348,U+60FA,惺
11349,U+60FB,惻
11350,U+60FC,惼
11351,U+60FD,惽
11352,U+60FE,惾
11353,U+60FF,惿
11354,U+6100,愀
11355,U+6101,愁
11356,U+6102,愂
11357,U+6103,愃
11358,U+6104,愄
11359,U+6105,愅
11360,U+6106,愆
11361,U+6107,愇
11362,U+6108,愈
11363,U+6109,愉
11364,U+610A,愊
11365,U+610B,愋
11366,U+610C,愌
11367,U+610D,愍
11368,U+610E,愎
11369,U+610F,意
11370,U+6110,愐
11371,U+6111,愑
11372,U+6112,愒
11373,U+6113,愓
11374,U+6114,愔
11375,U+6115,愕
11376,U+6116,愖
11377,U+6117,愗
11378,U+6118,愘
11379,U+6119,愙
11380,U+611A,愚
11381,U+611B,愛
11382,U+611C,愜
11383,U+611D,愝
11384,U+611E,愞
11385,U+611F,感
11386,U+6120,愠
11387,U+6121,愡
11388,U+6122,愢
11389,U+6123,愣
11390,U+6124,愤
11391,U+6125,愥
11392,U+6126,愦
11393,U+6127,愧
11394,U+6128,愨
11395,U+6129,愩
11396,U+612A,愪
11397,U+612B,愫
11398,U+612C,愬
11399,U+612D,愭
11400,U+612E,愮
11401,U+612F,愯
11402,U+6130,愰
11403,U+6131,愱
11404,U+6132,愲
11405,U+6133,愳
11406,U+6134,愴
11407,U+6135,愵
11408,U+6136,愶
11409,U+6137,愷
11410,U+6138,愸
11411,U+6139,愹
11412,U+613A,愺
11413,U+613B,愻
11414,U+613C,愼
11415,U+613D,愽
11416,U+613E,愾
11417,U+613F,愿
11418,U+6140,慀
11419,U+6141,慁
11420,U+6142,慂
11421,U+6143,慃
11422,U+6144,慄
11423,U+6145,慅
11424,U+6146,慆
11425,U+6147,慇
11426,U+6148,慈
11427,U+6149,慉
11428,U+614A,慊
11429,U+614B,態
11430,U+614C,慌
11431,U+614D,慍
11432,U+614E,慎
11433,U+614F,慏
11434,U+6150,慐
11435,U+6151,慑
11436,U+6152,慒
11437,U+6153,慓
11438,U+6154,慔
11439,U+6155,慕
11440,U+6156,慖
11441,U+6157,慗
11442,U+6158,慘
11443,U+6159,慙
11444,U+615A,慚
11445,U+615B,慛
11446,U+615C,慜
11447,U+615D,慝
11448,U+615E,慞
11449,U+615F,慟
11450,U+6160,慠
11451,U+6161,慡
11452,U+6162,慢
11453,U+6163,慣
11454,U+6164,慤
11455,U+6165,慥
11456,U+6166,慦
11457,U+6167,慧
11458,U+6168,慨
11459,U+6169,慩
11460,U+616A,慪
11461,U+616B,慫
11462,U+616C,慬
11463,U+616D,慭
11464,U+616E,慮
11465,U+616F,慯
11466,U+6170,慰
11467,U+6171,慱
11468,U+6172,慲
11469,U+6173,慳
11470,U+6174,慴
11471,U+6175,慵
11472,U+6176,慶
11473,U+6177,慷
11474,U+6178,慸
11475,U+6179,慹
11476,U+617A,慺
11477,U+617B,慻
11478,U+617C,慼
11479,U+617D,慽
11480,U+617E,慾
11481,U+617F,慿
11482,U+6180,憀
11483,U+6181,憁
11484,U+6182,憂
11485,U+6183,憃
11486,U+6184,憄
11487,U+6185,憅
11488,U+6186,憆
11489,U+6187,憇
11490,U+6188,憈
11491,U+6189,憉
11492,U+618A,憊
11493,U+618B,憋
11494,U+618C,憌
11495,U+618D,憍
11496,U+618E,憎
11497,U+618F,憏
11498,U+6190,憐
11499,U+6191,憑
11500,U+6192,憒
11501,U+6193,憓
11502,U+6194,憔
11503,U+6195,憕
11504,U+6196,憖
11505,U+6197,憗
11506,U+6198,憘
11507,U+6199,憙
11508,U+619A,憚
11509,U+619B,憛
11510,U+619C,憜
11511,U+619D,憝
11512,U+619E,憞
11513,U+619F,憟
11514,U+61A0,憠
11515,U+61A1,憡
11516,U+61A2,憢
11517,U+61A3,憣
11518,U+61A4,憤
11519,U+61A5,憥
11520,U+61A6,憦
11521,U+61A7,憧
11522,U+61A8,憨
11523,U+61A9,憩
11524,U+61AA,憪
11525,U+61AB,憫
11526,U+61AC,憬
11527,U+61AD,憭
11528,U+61AE,憮
11529,U+61AF,憯
11530,U+61B0,憰
11531,U+61B1,憱
11532,U+61B2,憲
11533,U+61B3,憳
11534,U+61B4,憴
11535,U+61B5,憵
11536,U+61B6,憶
11537,U+61B7,憷
11538,U+61B8,憸
11539,U+61B9,憹
11540,U+61BA,憺
11541,U+61BB,憻
11542,U+61BC,憼
11543,U+61BD,憽
11544,U+61BE,憾
11545,U+61BF,憿
11546,U+61C0,懀
11547,U+61C1,懁
11548,U+61C2,懂
11549,U+61C3,懃
11550,U+61C4,懄
11551,U+61C5,懅
11552,U+61C6,懆
11553,U+61C7,懇
11554,U+61C8,懈
11555,U+61C9,應
11556,U+61CA,懊
11557,U+61CB,懋
11558,U+61CC,懌
11559,U+61CD,懍
11560,U+61CE,懎
11561,U+61CF,懏
11562,U+61D0,懐
11563,U+61D1,懑
11564,U+61D2,懒
11565,U+61D3,懓
11566,U+61D4,懔
11567,U+61D5,懕
11568,U+61D6,懖
11569,U+61D7,懗
11570,U+61D8,懘
11571,U+61D9,懙
11572,U+61DA,懚
11573,U+61DB,懛
11574,U+61DC,懜
11575,U+61DD,懝
11576,U+61DE,懞
11577,U+61DF,懟
11578,U+61E0,懠
11579,U+61E1,懡
11580,U+61E2,懢
11581,U+61E3,懣
11582,U+61E4,懤
11583,U+61E5,懥
11584,U+61E6,懦
11585,U+61E7,懧
11586,U+61E8,懨
11587,U+61E9,懩
11588,U+61EA,懪
11589,U+61EB,懫
11590,U+61EC,懬
11591,U+61ED,懭
11592,U+61EE,懮
11593,U+61EF,懯
11594,U+61F0,懰
11595,U+61F1,懱
11596,U+61F2,懲
11597,U+61F3,懳
11598,U+61F4,懴
11599,U+61F5,懵
11600,U+61F6,懶
11601,U+61F7,懷
11602,U+61F8,懸
11603,U+61F9,懹
11604,U+61FA,懺
11605,U+61FB,懻
11606,U+61FC,懼
11607,U+61FD,懽
11608,U+61FE,懾
11609,U+61FF,懿
11610,U+6200,戀
11611,U+6201,戁
11612,U+6202,戂
11613,U+6203,戃
11614,U+6204,戄
11615,U+6205,戅
11616,U+6206,戆
11617,U+6207,戇
11618,U+6208,戈
11619,U+620B,戋
11620,U+620C,戌
11621,U+620D,戍
11622,U+620E,戎
11623,U+620F,戏
11624,U+6210,成
11625,U+6212,戒
11626,U+6213,戓
11627,U+6214,戔
11628,U+6215,戕
11629,U+6216,或
11630,U+6217,戗
11631,U+6218,战
11632,U+6219,戙
11633,U+621A,戚
11634,U+621B,戛
11635,U+621C,戜
11636,U+621D,戝
11637,U+621E,戞
11638,U+621F,戟
11639,U+6220,戠
11640,U+6221,戡
11641,U+6222,戢
11642,U+6223,戣
11643,U+6224,戤
11644,U+6225,戥
11645,U+6226,戦
11646,U+6227,戧
11647,U+6228,戨
11648,U+6229,戩
11649,U+622A,截
11650,U+622B,戫
11651,U+622C,戬
11652,U+622D,戭
11653,U+622E,戮
11654,U+622F,戯
11655,U+6230,戰
11656,U+6231,戱
11657,U+6232,戲
11658,U+6233,戳
11659,U+6234,戴
11660,U+6235,戵
11661,U+6236,戶
11662,U+6237,户
11663,U+6238,戸
11664,U+6239,戹
11665,U+623A,戺
11666,U+623B,戻
11667,U+623D,戽
11668,U+623E,戾
11669,U+623F,房
11670,U+6240,所
11671,U+6241,扁
11672,U+6242,扂
11673,U+6243,扃
11674,U+6244,扄
11675,U+6245,扅
11676,U+6246,扆
11677,U+6247,扇
11678,U+6248,扈
11679,U+6249,扉
11680,U+624A,扊
11681,U+624B,手
11682,U+624C,扌
11683,U+624E,扎
11684,U+624F,扏
11685,U+6250,扐
11686,U+6251,扑
11687,U+6252,扒
11688,U+6253,打
11689,U+6254,扔
11690,U+6255,払
11691,U+6256,扖
11692,U+6257,扗
11693,U+6258,托
11694,U+6259,扙
11695,U+625A,扚
11696,U+625B,扛
11697,U+625C,扜
11698,U+625D,扝
11699,U+625E,扞
11700,U+625F,扟
11701,U+6260,扠
11702,U+6261,扡
11703,U+6262,扢
11704,U+6263,扣
11705,U+6264,扤
11706,U+6265,扥
11707,U+6266,扦
11708,U+6267,执
11709,U+6268,扨
11710,U+6269,扩
11711,U+626A,扪
11712,U+626B,扫
11713,U+626C,扬
11714,U+626D,扭
11715,U+626E,扮
11716,U+626F,扯
11717,U+6270,扰
11718,U+6271,扱
11719,U+6272,扲
11720,U+6273,扳
11721,U+6274,扴
11722,U+6275,扵
11723,U+6276,扶
11724,U+6277,扷
11725,U+6278,扸
11726,U+6279,批
11727,U+627A,扺
11728,U+627B,扻
11729,U+627C,扼
11730,U+627D,扽
11731,U+627E,找
11732,U+6280,技
11733,U+6281,抁
11734,U+6282,抂
11735,U+6283,抃
11736,U+6284,抄
11737,U+6285,抅
11738,U+6286,抆
11739,U+6287,抇
11740,U+6288,抈
11741,U+6289,抉
11742,U+628A,把
11743,U+628B,抋
11744,U+628C,抌
11745,U+628D,抍
11746,U+628E,抎
11747,U+628F,抏
11748,U+6290,抐
11749,U+6291,抑
11750,U+6292,抒
11751,U+6293,抓
11752,U+6294,抔
11753,U+6295,投
11754,U+6296,抖
11755,U+6297,抗
11756,U+6298,折
11757,U+6299,抙
11758,U+629A,抚
11759,U+629B,抛
11760,U+629C,抜
11761,U+629D,抝
11762,U+629E,択
11763,U+629F,抟
11764,U+62A0,抠
11765,U+62A1,抡
11766,U+62A2,抢
11767,U+62A3,抣
11768,U+62A4,护
11769,U+62A5,报
11770,U+62A6,抦
11771,U+62A7,抧
11772,U+62A8,抨
11773,U+62A9,抩
11774,U+62AA,抪
11775,U+62AB,披
11776,U+62AC,抬
11777,U+62AD,抭
11778,U+62AE,抮
11779,U+62AF,抯
11780,U+62B0,抰
11781,U+62B1,抱
11782,U+62B2,抲
11783,U+62B3,抳
11784,U+62B4,抴
11785,U+62B5,抵
11786,U+62B6,抶
11787,U+62B7,抷
11788,U+62B8,抸
11789,U+62B9,抹
11790,U+62BA,抺
11791,U+62BB,抻
11792,U+62BC,押
11793,U+62BD,抽
11794,U+62BE,抾
11795,U+62BF,抿
11796,U+62C0,拀
11797,U+62C1,拁
11798,U+62C2,拂
11799,U+62C3,拃
11800,U+62C4,拄
11801,U+62C5,担
11802,U+62C6,拆
11803,U+62C7,拇
11804,U+62C8,拈
11805,U+62C9,拉
11806,U+62CA,拊
11807,U+62CB,拋
11808,U+62CC,拌
11809,U+62CD,拍
11810,U+62CE,拎
11811,U+62CF,拏
11812,U+62D0,拐
11813,U+62D1,拑
11814,U+62D2,拒
11815,U+62D3,拓
11816,U+62D4,拔
11817,U+62D5,拕
11818,U+62D6,拖
11819,U+62D7,拗
11820,U+62D8,拘
11821,U+62D9,拙
11822,U+62DA,拚
11823,U+62DB,招
11824,U+62DC,拜
11825,U+62DD,拝
11826,U+62DE,拞
11827,U+62DF,拟
11828,U+62E0,拠
11829,U+62E1,拡
11830,U+62E2,拢
11831,U+62E3,拣
11832,U+62E4,拤
11833,U+62E5,拥
11834,U+62E6,拦
11835,U+62E7,拧
11836,U+62E8,拨
11837,U+62E9,择
11838,U+62EA,拪
11839,U+62EB,拫
11840,U+62EC,括
11841,U+62ED,拭
11842,U+62EE,拮
11843,U+62EF,拯
11844,U+62F0,拰
11845,U+62F1,拱
11846,U+62F2,拲
11847,U+62F3,拳
11848,U+62F4,拴
11849,U+62F5,拵
11850,U+62F6,拶
11851,U+62F7,拷
11852,U+62F8,拸
11853,U+62F9,拹
11854,U+62FA,拺
11855,U+62FB,拻
11856,U+62FC,拼
11857,U+62FD,拽
11858,U+62FE,拾
11859,U+62FF,拿
11860,U+6300,挀
11861,U+6301,持
11862,U+6302,挂
11863,U+6303,挃
11864,U+6304,挄
11865,U+6305,挅
11866,U+6306,挆
11867,U+6307,指
11868,U+6308,挈
11869,U+6309,按
11870,U+630A,挊
11871,U+630B,挋
11872,U+630C,挌
11873,U+630D,挍
11874,U+630E,挎
11875,U+630F,挏
11876,U+6310,挐
11877,U+6311,挑
11878,U+6312,挒
11879,U+6313,挓
11880,U+6314,挔
11881,U+6315,挕
11882,U+6316,挖
11883,U+6317,挗
11884,U+6318,挘
11885,U+6319,挙
11886,U+631A,挚
11887,U+631B,挛
11888,U+631C,挜
11889,U+631D,挝
11890,U+631E,挞
11891,U+631F,挟
11892,U+6320,挠
11893,U+6321,挡
11894,U+6322,挢
11895,U+6323,挣
11896,U+6324,挤
11897,U+6325,挥
11898,U+6326,挦
11899,U+6327,挧
11900,U+6328,挨
11901,U+6329,挩
11902,U+632A,挪
11903,U+632B,挫
11904,U+632C,挬
11905,U+632D,挭
11906,U+632E,挮
11907,U+632F,振
11908,U+6330,挰
11909,U+6331,挱
11910,U+6332,挲
11911,U+6333,挳
11912,U+6334,挴
11913,U+6335,挵
11914,U+6336,挶
11915,U+6337,挷
11916,U+6338,挸
11917,U+6339,挹
11918,U+633A,挺
11919,U+633B,挻
11920,U+633C,挼
11921,U+633D,挽
11922,U+633E,挾
11923,U+633F,挿
11924,U+6340,捀
11925,U+6341,捁
11926,U+6342,捂
11927,U+6343,捃
11928,U+6344,捄
11929,U+6345,捅
11930,U+6346,捆
11931,U+6347,捇
11932,U+6348,捈
11933,U+6349,捉
11934,U+634A,捊
11935,U+634B,捋
11936,U+634C,捌
11937,U+634D,捍
11938,U+634E,捎
11939,U+634F,捏
11940,U+6350,捐
11941,U+6351,捑
11942,U+6352,捒
11943,U+6353,捓
11944,U+6354,捔
11945,U+6355,捕
11946,U+6356,捖
11947,U+6357,捗
11948,U+6358,捘
11949,U+6359,捙
11950,U+635A,捚
11951,U+635B,捛
11952,U+635C,捜
11953,U+635D,捝
11954,U+635E,捞
11955,U+635F,损
11956,U+6360,捠
11957,U+6361,捡
11958,U+6362,换
11959,U+6363,捣
11960,U+6364,捤
11961,U+6365,捥
11962,U+6366,捦
11963,U+6367,捧
11964,U+6368,捨
11965,U+6369,捩
11966,U+636A,捪
11967,U+636B,捫
11968,U+636C,捬
11969,U+636D,捭
11970,U+636E,据
11971,U+636F,捯
11972,U+6370,捰
11973,U+6371,捱
11974,U+6372,捲
11975,U+6373,捳
11976,U+6374,捴
11977,U+6375,捵
11978,U+6376,捶
11979,U+6377,捷
11980,U+6378,捸
11981,U+6379,捹
11982,U+637A,捺
11983,U+637B,捻
11984,U+637C,捼
11985,U+637D,捽
11986,U+637E,捾
11987,U+637F,捿
11988,U+6380,掀
11989,U+6381,掁
11990,U+6382,掂
11991,U+6383,掃
11992,U+6384,掄
11993,U+6385,掅
11994,U+6386,掆
11995,U+6387,掇
11996,U+6388,授
11997,U+6389,掉
11998,U+638A,掊
11999,U+638B,掋
12000,U+638C,掌
12001,U+638D,掍
12002,U+638E,掎
12003,U+638F,掏
12004,U+6390,掐
12005,U+6391,掑
12006,U+6392,排
12007,U+6393,掓
12008,U+6394,掔
12009,U+6395,掕
12010,U+6396,掖
12011,U+6397,掗
12012,U+6398,掘
12013,U+6399,掙
12014,U+639A,掚
12015,U+639B,掛
12016,U+639C,掜
12017,U+639D,掝
12018,U+639E,掞
12019,U+639F,掟
12020,U+63A0,掠
12021,U+63A1,採
12022,U+63A2,探
12023,U+63A3,掣
12024,U+63A4,掤
12025,U+63A5,接
12026,U+63A6,掦
12027,U+63A7,控
12028,U+63A8,推
12029,U+63A9,掩
12030,U+63AA,措
12031,U+63AB,掫
12032,U+63AC,掬
12033,U+63AD,掭
12034,U+63AE,掮
12035,U+63AF,掯
12036,U+63B0,掰
12037,U+63B1,掱
12038,U+63B2,掲
12039,U+63B3,掳
12040,U+63B4,掴
12041,U+63B5,掵
12042,U+63B6,掶
12043,U+63B7,掷
12044,U+63B8,掸
12045,U+63B9,掹
12046,U+63BA,掺
12047,U+63BB,掻
12048,U+63BC,掼
12049,U+63BD,掽
12050,U+63BE,掾
12051,U+63BF,掿
12052,U+63C0,揀
12053,U+63C1,揁
12054,U+63C2,揂
12055,U+63C3,揃
12056,U+63C4,揄
12057,U+63C5,揅
12058,U+63C6,揆
12059,U+63C7,揇
12060,U+63C8,揈
12061,U+63C9,揉
12062,U+63CA,揊
12063,U+63CB,揋
12064,U+63CC,揌
12065,U+63CD,揍
12066,U+63CE,揎
12067,U+63CF,描
12068,U+63D0,提
12069,U+63D1,揑
12070,U+63D2,插
12071,U+63D3,揓
12072,U+63D4,揔
12073,U+63D5,揕
12074,U+63D6,揖
12075,U+63D7,揗
12076,U+63D8,揘
12077,U+63D9,揙
12078,U+63DA,揚
12079,U+63DB,換
12080,U+63DC,揜
12081,U+63DD,揝
12082,U+63DE,揞
12083,U+63DF,揟
12084,U+63E0,揠
12085,U+63E1,握
12086,U+63E2,揢
12087,U+63E3,揣
12088,U+63E4,揤
12089,U+63E5,揥
12090,U+63E6,揦
12091,U+63E7,揧
12092,U+63E8,揨
12093,U+63E9,揩
12094,U+63EA,揪
12095,U+63EB,揫
12096,U+63EC,揬
12097,U+63ED,揭
12098,U+63EE,揮
12099,U+63EF,揯
12100,U+63F0,揰
12101,U+63F1,揱
12102,U+63F2,揲
12103,U+63F3,揳
12104,U+63F4,援
12105,U+63F5,揵
12106,U+63F6,揶
12107,U+63F7,揷
12108,U+63F8,揸
12109,U+63F9,揹
12110,U+63FA,揺
12111,U+63FB,揻
12112,U+63FC,揼
12113,U+63FD,揽
12114,U+63FE,揾
12115,U+63FF,揿
12116,U+6400,搀
12117,U+6401,搁
12118,U+6402,搂
12119,U+6403,搃
12120,U+6404,搄
12121,U+6405,搅
12122,U+6406,搆
12123,U+6407,搇
12124,U+6408,搈
12125,U+6409,搉
12126,U+640A,搊
12127,U+640B,搋
12128,U+640C,搌
12129,U+640D,損
12130,U+640E,搎
12131,U+640F,搏
12132,U+6410,搐
12133,U+6411,搑
12134,U+6412,搒
12135,U+6413,搓
12136,U+6414,搔
12137,U+6415,搕
12138,U+6416,搖
12139,U+6417,搗
12140,U+6418,搘
12141,U+6419,搙
12142,U+641A,搚
12143,U+641B,搛
12144,U+641C,搜
12145,U+641D,搝
12146,U+641E,搞
12147,U+641F,搟
12148,U+6420,搠
12149,U+6421,搡
12150,U+6422,搢
12151,U+6423,搣
12152,U+6424,搤
12153,U+6425,搥
12154,U+6426,搦
12155,U+6427,搧
12156,U+6428,搨
12157,U+6429,搩
12158,U+642A,搪
12159,U+642B,搫
12160,U+642C,搬
12161,U+642D,搭
12162,U+642E,搮
12163,U+642F,搯
12164,U+6430,搰
12165,U+6431,搱
12166,U+6432,搲
12167,U+6433,搳
12168,U+6434,搴
12169,U+6435,搵
12170,U+6436,搶
12171,U+6437,搷
12172,U+6438,搸
12173,U+6439,搹
12174,U+643A,携
12175,U+643B,搻
12176,U+643C,搼
12177,U+643D,搽
12178,U+643E,搾
12179,U+643F,搿
12180,U+6440,摀
12181,U+6441,摁
12182,U+6442,摂
12183,U+6443,摃
12184,U+6444,摄
12185,U+6445,摅
12186,U+6446,摆
12187,U+6447,摇
12188,U+6448,摈
12189,U+6449,摉
12190,U+644A,摊
12191,U+644B,摋
12192,U+644C,摌
12193,U+644D,摍
12194,U+644E,摎
12195,U+644F,摏
12196,U+6450,摐
12197,U+6451,摑
12198,U+6452,摒
12199,U+6453,摓
12200,U+6454,摔
12201,U+6455,摕
12202,U+6456,摖
12203,U+6457,摗
12204,U+6458,摘
12205,U+6459,摙
12206,U+645A,摚
12207,U+645B,摛
12208,U+645C,摜
12209,U+645D,摝
12210,U+645E,摞
12211,U+645F,摟
12212,U+6460,摠
12213,U+6461,摡
12214,U+6462,摢
12215,U+6463,摣
12216,U+6464,摤
12217,U+6465,摥
12218,U+6466,摦
12219,U+6467,摧
12220,U+6468,摨
12221,U+6469,摩
12222,U+646A,摪
12223,U+646B,摫
12224,U+646C,摬
12225,U+646D,摭
12226,U+646E,摮
12227,U+646F,摯
12228,U+6470,摰
12229,U+6471,摱
12230,U+6472,摲
12231,U+6473,摳
12232,U+6474,摴
12233,U+6475,摵
12234,U+6476,摶
12235,U+6477,摷
12236,U+6478,摸
12237,U+6479,摹
12238,U+647A,摺
12239,U+647B,摻
12240,U+647C,摼
12241,U+647D,摽
12242,U+647E,摾
12243,U+647F,摿
12244,U+6480,撀
12245,U+6481,撁
12246,U+6482,撂
12247,U+6483,撃
12248,U+6484,撄
12249,U+6485,撅
12250,U+6486,撆
12251,U+6487,撇
12252,U+6488,撈
12253,U+6489,撉
12254,U+648A,撊
12255,U+648B,撋
12256,U+648C,撌
12257,U+648D,撍
12258,U+648E,撎
12259,U+648F,撏
12260,U+6490,撐
12261,U+6491,撑
12262,U+6492,撒
12263,U+6493,撓
12264,U+6494,撔
12265,U+6495,撕
12266,U+6496,撖
12267,U+6497,撗
12268,U+6498,撘
12269,U+6499,撙
12270,U+649A,撚
12271,U+649B,撛
12272,U+649C,撜
12273,U+649D,撝
12274,U+649E,撞
12275,U+649F,撟
12276,U+64A0,撠
12277,U+64A1,撡
12278,U+64A2,撢
12279,U+64A3,撣
12280,U+64A4,撤
12281,U+64A5,撥
12282,U+64A6,撦
12283,U+64A7,撧
12284,U+64A8,撨
12285,U+64A9,撩
12286,U+64AA,撪
12287,U+64AB,撫
12288,U+64AC,撬
12289,U+64AD,播
12290,U+64AE,撮
12291,U+64AF,撯
12292,U+64B0,撰
12293,U+64B1,撱
12294,U+64B2,撲
12295,U+64B3,撳
12296,U+64B4,撴
12297,U+64B5,撵
12298,U+64B6,撶
12299,U+64B7,撷
12300,U+64B8,撸
12301,U+64B9,撹
12302,U+64BA,撺
12303,U+64BB,撻
12304,U+64BC,撼
12305,U+64BD,撽
12306,U+64BE,撾
12307,U+64BF,撿
12308,U+64C0,擀
12309,U+64C1,擁
12310,U+64C2,擂
12311,U+64C3,擃
12312,U+64C4,擄
12313,U+64C5,擅
12314,U+64C6,擆
12315,U+64C7,擇
12316,U+64C8,擈
12317,U+64C9,擉
12318,U+64CA,擊
12319,U+64CB,擋
12320,U+64CC,擌
12321,U+64CD,操
12322,U+64CE,擎
12323,U+64CF,擏
12324,U+64D0,擐
12325,U+64D1,擑
12326,U+64D2,擒
12327,U+64D3,擓
12328,U+64D4,擔
12329,U+64D5,擕
12330,U+64D6,擖
12331,U+64D7,擗
12332,U+64D8,擘
12333,U+64D9,擙
12334,U+64DA,據
12335,U+64DB,擛
12336,U+64DC,擜
12337,U+64DD,擝
12338,U+64DE,擞
12339,U+64DF,擟
12340,U+64E0,擠
12341,U+64E1,擡
12342,U+64E2,擢
12343,U+64E3,擣
12344,U+64E4,擤
12345,U+64E5,擥
12346,U+64E6,擦
12347,U+64E7,擧
12348,U+64E8,擨
12349,U+64E9,擩
12350,U+64EA,擪
12351,U+64EB,擫
12352,U+64EC,擬
12353,U+64ED,擭
12354,U+64EE,擮
12355,U+64EF,擯
12356,U+64F0,擰
12357,U+64F1,擱
12358,U+64F2,擲
12359,U+64F3,擳
12360,U+64F4,擴
12361,U+64F5,擵
12362,U+64F6,擶
12363,U+64F7,擷
12364,U+64F8,擸
12365,U+64F9,擹
12366,U+64FA,擺
12367,U+64FB,擻
12368,U+64FC,擼
12369,U+64FD,擽
12370,U+64FE,擾
12371,U+64FF,擿
12372,U+6500,攀
12373,U+6501,攁
12374,U+6502,攂
12375,U+6503,攃
12376,U+6504,攄
12377,U+6505,攅
12378,U+6506,攆
12379,U+6507,攇
12380,U+6508,攈
12381,U+6509,攉
12382,U+650A,攊
12383,U+650B,攋
12384,U+650C,攌
12385,U+650D,攍
12386,U+650E,攎
12387,U+650F,攏
12388,U+6510,攐
12389,U+6511,攑
12390,U+6512,攒
12391,U+6513,攓
12392,U+6514,攔
12393,U+6515,攕
12394,U+6516,攖
12395,U+6517,攗
12396,U+6518,攘
12397,U+6519,攙
12398,U+651A,攚
12399,U+651B,攛
12400,U+651C,攜
12401,U+651D,攝
12402,U+651E,攞
12403,U+651F,攟
12404,U+6520,攠
12405,U+6521,攡
12406,U+6522,攢
12407,U+6523,攣
12408,U+6524,攤
12409,U+6525,攥
12410,U+6526,攦
12411,U+6527,攧
12412,U+6528,攨
12413,U+6529,攩
12414,U+652A,攪
12415,U+652B,攫
12416,U+652C,攬
12417,U+652D,攭
12418,U+652E,攮
12419,U+652F,支
12420,U+6530,攰
12421,U+6531,攱
12422,U+6532,攲
12423,U+6533,攳
12424,U+6534,攴
12425,U+6535,攵
12426,U+6536,收
12427,U+6537,攷
12428,U+6538,攸
12429,U+6539,改
12430,U+653A,攺
12431,U+653B,攻
12432,U+653C,攼
12433,U+653D,攽
12434,U+653E,放
12435,U+653F,政
12436,U+6540,敀
12437,U+6541,敁
12438,U+6542,敂
12439,U+6543,敃
12440,U+6544,敄
12441,U+6545,故
12442,U+6546,敆
12443,U+6547,敇
12444,U+6548,效
12445,U+6549,敉
12446,U+654A,敊
12447,U+654B,敋
12448,U+654C,敌
12449,U+654D,敍
12450,U+654E,敎
12451,U+654F,敏
12452,U+6550,敐
12453,U+6551,救
12454,U+6552,敒
12455,U+6553,敓
12456,U+6554,敔
12457,U+6555,敕
12458,U+6556,敖
12459,U+6557,敗
12460,U+6558,敘
12461,U+6559,教
12462,U+655A,敚
12463,U+655B,敛
12464,U+655C,敜
12465,U+655D,敝
12466,U+655E,敞
12467,U+655F,敟
12468,U+6560,敠
12469,U+6561,敡
12470,U+6562,敢
12471,U+6563,散
12472,U+6564,敤
12473,U+6565,敥
12474,U+6566,敦
12475,U+6567,敧
12476,U+6568,敨
12477,U+6569,敩
12478,U+656A,敪
12479,U+656B,敫
12480,U+656C,敬
12481,U+656D,敭
12482,U+656E,敮
12483,U+656F,敯
12484,U+6570,数
12485,U+6571,敱
12486,U+6572,敲
12487,U+6573,敳
12488,U+6574,整
12489,U+6575,敵
12490,U+6576,敶
12491,U+6577,敷
12492,U+6578,數
12493,U+6579,敹
12494,U+657A,敺
12495,U+657B,敻
12496,U+657C,敼
12497,U+657D,敽
12498,U+657E,敾
12499,U+657F,敿
12500,U+6580,斀
12501,U+6581,斁
12502,U+6582,斂
12503,U+6583,斃
12504,U+6584,斄
12505,U+6585,斅
12506,U+6586,斆
12507,U+6587,文
12508,U+6588,斈
12509,U+6589,斉
12510,U+658A,斊
12511,U+658B,斋
12512,U+658C,斌
12513,U+658D,斍
12514,U+658E,斎
12515,U+658F,斏
12516,U+6590,斐
12517,U+6591,斑
12518,U+6592,斒
12519,U+6593,斓
12520,U+6594,斔
12521,U+6595,斕
12522,U+6596,斖
12523,U+6597,斗
12524,U+6598,斘
12525,U+6599,料
12526,U+659A,斚
12527,U+659B,斛
12528,U+659C,斜
12529,U+659D,斝
12530,U+659E,斞
12531,U+659F,斟
12532,U+65A0,斠
12533,U+65A1,斡
12534,U+65A2,斢
12535,U+65A3,斣
12536,U+65A4,斤
12537,U+65A5,斥
12538,U+65A6,斦
12539,U+65A7,斧
12540,U+65A8,斨
12541,U+65A9,斩
12542,U+65AA,斪
12543,U+65AB,斫
12544,U+65AC,斬
12545,U+65AD,断
12546,U+65AE,斮
12547,U+65AF,斯
12548,U+65B0,新
12549,U+65B1,斱
12550,U+65B2,斲
12551,U+65B3,斳
12552,U+65B4,斴
12553,U+65B5,斵
12554,U+65B6,斶
12555,U+65B7,斷
12556,U+65B8,斸
12557,U+65B9,方
12558,U+65BA,斺
12559,U+65BB,斻
12560,U+65BC,於
12561,U+65BD,施
12562,U+65BE,斾
12563,U+65BF,斿
12564,U+65C0,旀
12565,U+65C1,旁
12566,U+65C2,旂
12567,U+65C3,旃
12568,U+65C4,旄
12569,U+65C5,旅
12570,U+65C6,旆
12571,U+65C7,旇
12572,U+65C8,旈
12573,U+65C9,旉
12574,U+65CA,旊
12575,U+65CB,旋
12576,U+65CC,旌
12577,U+65CD,旍
12578,U+65CE,旎
12579,U+65CF,族
12580,U+65D0,旐
12581,U+65D1,旑
12582,U+65D2,旒
12583,U+65D3,旓
12584,U+65D4,旔
12585,U+65D5,旕
12586,U+65D6,旖
12587,U+65D7,旗
12588,U+65D8,旘
12589,U+65D9,旙
12590,U+65DA,旚
12591,U+65DB,旛
12592,U+65DC,旜
12593,U+65DD,旝
12594,U+65DE,旞
12595,U+65DF,旟
12596,U+65E0,无
12597,U+65E2,既
12598,U+65E3,旣
12599,U+65E4,旤
12600,U+65E5,日
12601,U+65E6,旦
12602,U+65E7,旧
12603,U+65E8,旨
12604,U+65E9,早
12605,U+65EA,旪
12606,U+65EB,旫
12607,U+65EC,旬
12608,U+65ED,旭
12609,U+65EE,旮
12610,U+65EF,旯
12611,U+65F0,旰
12612,U+65F1,旱
12613,U+65F2,旲
12614,U+65F3,旳
12615,U+65F4,旴
12616,U+65F5,旵
12617,U+65F6,时
12618,U+65F7,旷
12619,U+65F8,旸
12620,U+65F9,旹
12621,U+65FA,旺
12622,U+65FB,旻
12623,U+65FC,旼
12624,U+65FD,旽
12625,U+65FE,旾
12626,U+65FF,旿
12627,U+6600,昀
12628,U+6601,昁
12629,U+6602,昂
12630,U+6603,昃
12631,U+6604,昄
12632,U+6605,昅
12633,U+6606,昆
12634,U+6607,昇
12635,U+6608,昈
12636,U+6609,昉
12637,U+660A,昊
12638,U+660B,昋
12639,U+660C,昌
12640,U+660D,昍
12641,U+660E,明
12642,U+660F,昏
12643,U+6610,昐
12644,U+6611,昑
12645,U+6612,昒
12646,U+6613,易
12647,U+6614,昔
12648,U+6615,昕
12649,U+6616,昖
12650,U+6617,昗
12651,U+6618,昘
12652,U+6619,昙
12653,U+661A,昚
12654,U+661B,昛
12655,U+661C,昜
12656,U+661D,昝
12657,U+661E,昞
12658,U+661F,星
12659,U+6620,映
12660,U+6621,昡
12661,U+6622,昢
12662,U+6623,昣
12663,U+6624,昤
12664,U+6625,春
12665,U+6626,昦
12666,U+6627,昧
12667,U+6628,昨
12668,U+6629,昩
12669,U+662A,昪
12670,U+662B,昫
12671,U+662C,昬
12672,U+662D,昭
12673,U+662E,昮
12674,U+662F,是
12675,U+6630,昰
12676,U+6631,昱
12677,U+6632,昲
12678,U+6633,昳
12679,U+6634,昴
12680,U+6635,昵
12681,U+6636,昶
12682,U+6637,昷
12683,U+6638,昸
12684,U+6639,昹
12685,U+663A,昺
12686,U+663B,昻
12687,U+663C,昼
12688,U+663D,昽
12689,U+663E,显
12690,U+663F,昿
12691,U+6640,晀
12692,U+6641,晁
12693,U+6642,時
12694,U+6643,晃
12695,U+6644,晄
12696,U+6645,晅
12697,U+6646,晆
12698,U+6647,晇
12699,U+6648,晈
12700,U+6649,晉
12701,U+664A,晊
12702,U+664B,晋
12703,U+664C,晌
12704,U+664D,晍
12705,U+664E,晎
12706,U+664F,晏
12707,U+6650,晐
12708,U+6651,晑
12709,U+6652,晒
12710,U+6653,晓
12711,U+6654,晔
12712,U+6655,晕
12713,U+6656,晖
12714,U+6657,晗
12715,U+6658,晘
12716,U+6659,晙
12717,U+665A,晚
12718,U+665B,晛
12719,U+665C,晜
12720,U+665D,晝
12721,U+665E,晞
12722,U+665F,晟
12723,U+6660,晠
12724,U+6661,晡
12725,U+6662,晢
12726,U+6663,晣
12727,U+6664,晤
12728,U+6665,晥
12729,U+6666,晦
12730,U+6667,晧
12731,U+6668,晨
12732,U+6669,晩
12733,U+666A,晪
12734,U+666B,晫
12735,U+666C,晬
12736,U+666D,晭
12737,U+666E,普
12738,U+666F,景
12739,U+6670,晰
12740,U+6671,晱
12741,U+6672,晲
12742,U+6673,晳
12743,U+6674,晴
12744,U+6675,晵
12745,U+6676,晶
12746,U+6677,晷
12747,U+6678,晸
12748,U+6679,晹
12749,U+667A,智
12750,U+667B,晻
12751,U+667C,晼
12752,U+667D,晽
12753,U+667E,晾
12754,U+667F,晿
12755,U+6680,暀
12756,U+6681,暁
12757,U+6682,暂
12758,U+6683,暃
12759,U+6684,暄
12760,U+6685,暅
12761,U+6686,暆
12762,U+6687,暇
12763,U+6688,暈
12764,U+6689,暉
12765,U+668A,暊
12766,U+668B,暋
12767,U+668C,暌
12768,U+668D,暍
12769,U+668E,暎
12770,U+668F,暏
12771,U+6690,暐
12772,U+6691,暑
12773,U+6692,暒
12774,U+6693,暓
12775,U+6694,暔
12776,U+6695,暕
12777,U+6696,暖
12778,U+6697,暗
12779,U+6698,暘
12780,U+6699,暙
12781,U+669A,暚
12782,U+669B,暛
12783,U+669C,暜
12784,U+669D,暝
12785,U+669E,暞
12786,U+669F,暟
12787,U+66A0,暠
12788,U+66A1,暡
12789,U+66A2,暢
12790,U+66A3,暣
12791,U+66A4,暤
12792,U+66A5,暥
12793,U+66A6,暦
12794,U+66A7,暧
12795,U+66A8,暨
12796,U+66A9,暩
12797,U+66AA,暪
12798,U+66AB,暫
12799,U+66AC,暬
12800,U+66AD,暭
12801,U+66AE,暮
12802,U+66AF,暯
12803,U+66B0,暰
12804,U+66B1,暱
12805,U+66B2,暲
12806,U+66B3,暳
12807,U+66B4,暴
12808,U+66B5,暵
12809,U+66B6,暶
12810,U+66B7,暷
12811,U+66B8,暸
12812,U+66B9,暹
12813,U+66BA,暺
12814,U+66BB,暻
12815,U+66BC,暼
12816,U+66BD,暽
12817,U+66BE,暾
12818,U+66BF,暿
12819,U+66C0,曀
12820,U+66C1,曁
12821,U+66C2,曂
12822,U+66C3,曃
12823,U+66C4,曄
12824,U+66C5,曅
12825,U+66C6,曆
12826,U+66C7,曇
12827,U+66C8,曈
12828,U+66C9,曉
12829,U+66CA,曊
12830,U+66CB,曋
12831,U+66CC,曌
12832,U+66CD,曍
12833,U+66CE,曎
12834,U+66CF,曏
12835,U+66D0,曐
12836,U+66D1,曑
12837,U+66D2,曒
12838,U+66D3,曓
12839,U+66D4,曔
12840,U+66D5,曕
12841,U+66D6,曖
12842,U+66D7,曗
12843,U+66D8,曘
12844,U+66D9,曙
12845,U+66DA,曚
12846,U+66DB,曛
12847,U+66DC,曜
12848,U+66DD,曝
12849,U+66DE,曞
12850,U+66DF,曟
12851,U+66E0,曠
12852,U+66E1,曡
12853,U+66E2,曢
12854,U+66E3,曣
12855,U+66E4,曤
12856,U+66E5,曥
12857,U+66E6,曦
12858,U+66E7,曧
12859,U+66E8,曨
12860,U+66E9,曩
12861,U+66EA,曪
12862,U+66EB,曫
12863,U+66EC,曬
12864,U+66ED,曭
12865,U+66EE,曮
12866,U+66EF,曯
12867,U+66F0,曰
12868,U+66F4,更
12869,U+66F5,曵
12870,U+66F6,曶
12871,U+66F7,曷
12872,U+66F8,書
12873,U+66F9,曹
12874,U+66FA,曺
12875,U+66FB,曻
12876,U+66FC,曼
12877,U+66FD,曽
12878,U+66FE,曾
12879,U+66FF,替
12880,U+6700,最
12881,U+6701,朁
12882,U+6702,朂
12883,U+6703,會
12884,U+6704,朄
12885,U+6705,朅
12886,U+6706,朆
12887,U+6707,朇
12888,U+6708,月
12889,U+6709,有
12890,U+670A,朊
12891,U+670B,朋
12892,U+670C,朌
12893,U+670D,服
12894,U+670E,朎
12895,U+670F,朏
12896,U+6710,朐
12897,U+6711,朑
12898,U+6712,朒
12899,U+6713,朓
12900,U+6714,朔
12901,U+6715,朕
12902,U+6716,朖
12903,U+6717,朗
12904,U+6718,朘
12905,U+6719,朙
12906,U+671A,朚
12907,U+671B,望
12908,U+671C,朜
12909,U+671D,朝
12910,U+671E,朞
12911,U+671F,期
12912,U+6720,朠
12913,U+6721,朡
12914,U+6722,朢
12915,U+6723,朣
12916,U+6724,朤
12917,U+6725,朥
12918,U+6726,朦
12919,U+6727,朧
12920,U+6728,木
12921,U+672D,札
12922,U+672E,朮
12923,U+672F,术
12924,U+6730,朰
12925,U+6732,朲
12926,U+6733,朳
12927,U+6734,朴
12928,U+6735,朵
12929,U+6736,朶
12930,U+6737,朷
12931,U+6738,朸
12932,U+6739,朹
12933,U+673A,机
12934,U+673B,朻
12935,U+673C,朼
12936,U+673D,朽
12937,U+673E,朾
12938,U+6740,杀
12939,U+6741,杁
12940,U+6742,杂
12941,U+6743,权
12942,U+6744,杄
12943,U+6745,杅
12944,U+6746,杆
12945,U+6747,杇
12946,U+6748,杈
12947,U+6749,杉
12948,U+674A,杊
12949,U+674B,杋
12950,U+674C,杌
12951,U+674D,杍
12952,U+674E,李
12953,U+674F,杏
12954,U+6750,材
12955,U+6751,村
12956,U+6752,杒
12957,U+6753,杓
12958,U+6754,杔
12959,U+6755,杕
12960,U+6756,杖
12961,U+6757,杗
12962,U+6758,杘
12963,U+6759,杙
12964,U+675A,杚
12965,U+675B,杛
12966,U+675C,杜
12967,U+675D,杝
12968,U+675E,杞
12969,U+6760,杠
12970,U+6761,条
12971,U+6762,杢
12972,U+6763,杣
12973,U+6764,杤
12974,U+6766,杦
12975,U+6767,杧
12976,U+6768,杨
12977,U+6769,杩
12978,U+676A,杪
12979,U+676B,杫
12980,U+676C,杬
12981,U+676D,杭
12982,U+676E,杮
12983,U+676F,杯
12984,U+6770,杰
12985,U+6772,杲
12986,U+6773,杳
12987,U+6774,杴
12988,U+6775,杵
12989,U+6776,杶
12990,U+6777,杷
12991,U+6778,杸
12992,U+6779,杹
12993,U+677A,杺
12994,U+677B,杻
12995,U+677C,杼
12996,U+677D,杽
12997,U+677E,松
12998,U+677F,板
12999,U+6780,枀
13000,U+6781,极
13001,U+6782,枂
13002,U+6783,枃
13003,U+6784,构
13004,U+6785,枅
13005,U+6786,枆
13006,U+6787,枇
13007,U+6788,枈
13008,U+6789,枉
13009,U+678A,枊
13010,U+678B,枋
13011,U+678C,枌
13012,U+678D,枍
13013,U+678E,枎
13014,U+678F,枏
13015,U+6790,析
13016,U+6791,枑
13017,U+6792,枒
13018,U+6793,枓
13019,U+6794,枔
13020,U+6795,枕
13021,U+6796,枖
13022,U+6797,林
13023,U+6798,枘
13024,U+6799,枙
13025,U+679A,枚
13026,U+679B,枛
13027,U+679C,果
13028,U+679D,枝
13029,U+679E,枞
13030,U+679F,枟
13031,U+67A0,枠
13032,U+67A1,枡
13033,U+67A2,枢
13034,U+67A3,枣
13035,U+67A4,枤
13036,U+67A5,枥
13037,U+67A6,枦
13038,U+67A7,枧
13039,U+67A8,枨
13040,U+67A9,枩
13041,U+67AA,枪
13042,U+67AB,枫
13043,U+67AC,枬
13044,U+67AD,枭
13045,U+67AE,枮
13046,U+67AF,枯
13047,U+67B0,枰
13048,U+67B1,枱
13049,U+67B2,枲
13050,U+67B3,枳
13051,U+67B4,枴
13052,U+67B5,枵
13053,U+67B6,架
13054,U+67B7,枷
13055,U+67B8,枸
13056,U+67B9,枹
13057,U+67BA,枺
13058,U+67BB,枻
13059,U+67BC,枼
13060,U+67BD,枽
13061,U+67BE,枾
13062,U+67BF,枿
13063,U+67C0,柀
13064,U+67C1,柁
13065,U+67C2,柂
13066,U+67C3,柃
13067,U+67C4,柄
13068,U+67C5,柅
13069,U+67C6,柆
13070,U+67C7,柇
13071,U+67C8,柈
13072,U+67C9,柉
13073,U+67CA,柊
13074,U+67CB,柋
13075,U+67CC,柌
13076,U+67CD,柍
13077,U+67CE,柎
13078,U+67CF,柏
13079,U+67D0,某
13080,U+67D1,柑
13081,U+67D2,柒
13082,U+67D3,染
13083,U+67D4,柔
13084,U+67D5,柕
13085,U+67D6,柖
13086,U+67D7,柗
13087,U+67D8,柘
13088,U+67D9,柙
13089,U+67DA,柚
13090,U+67DB,柛
13091,U+67DC,柜
13092,U+67DD,柝
13093,U+67DE,柞
13094,U+67DF,柟
13095,U+67E0,柠
13096,U+67E1,柡
13097,U+67E2,柢
13098,U+67E3,柣
13099,U+67E4,柤
13100,U+67E5,查
13101,U+67E6,柦
13102,U+67E7,柧
13103,U+67E8,柨
13104,U+67E9,柩
13105,U+67EA,柪
13106,U+67EB,柫
13107,U+67ED,柭
13108,U+67EE,柮
13109,U+67EF,柯
13110,U+67F0,柰
13111,U+67F1,柱
13112,U+67F2,柲
13113,U+67F3,柳
13114,U+67F4,柴
13115,U+67F5,柵
13116,U+67F6,柶
13117,U+67F7,柷
13118,U+67F8,柸
13119,U+67F9,柹
13120,U+67FA,柺
13121,U+67FB,査
13122,U+67FC,柼
13123,U+67FD,柽
13124,U+67FE,柾
13125,U+67FF,柿
13126,U+6800,栀
13127,U+6801,栁
13128,U+6802,栂
13129,U+6803,栃
13130,U+6804,栄
13131,U+6805,栅
13132,U+6806,栆
13133,U+6807,标
13134,U+6808,栈
13135,U+6809,栉
13136,U+680A,栊
13137,U+680B,栋
13138,U+680C,栌
13139,U+680D,栍
13140,U+680E,栎
13141,U+680F,栏
13142,U+6810,栐
13143,U+6811,树
13144,U+6812,栒
13145,U+6813,栓
13146,U+6814,栔
13147,U+6815,栕
13148,U+6816,栖
13149,U+6817,栗
13150,U+6818,栘
13151,U+6819,栙
13152,U+681A,栚
13153,U+681B,栛
13154,U+681C,栜
13155,U+681D,栝
13156,U+681E,栞
13157,U+681F,栟
13158,U+6820,栠
13159,U+6821,校
13160,U+6822,栢
13161,U+6823,栣
13162,U+6824,栤
13163,U+6825,栥
13164,U+6826,栦
13165,U+6827,栧
13166,U+6828,栨
13167,U+6829,栩
13168,U+682A,株
13169,U+682B,栫
13170,U+682C,栬
13171,U+682D,栭
13172,U+682E,栮
13173,U+682F,栯
13174,U+6830,栰
13175,U+6831,栱
13176,U+6832,栲
13177,U+6833,栳
13178,U+6834,栴
13179,U+6835,栵
13180,U+6836,栶
13181,U+6837,样
13182,U+6838,核
13183,U+6839,根
13184,U+683A,栺
13185,U+683B,栻
13186,U+683C,格
13187,U+683D,栽
13188,U+683E,栾
13189,U+683F,栿
13190,U+6840,桀
13191,U+6841,桁
13192,U+6842,桂
13193,U+6843,桃
13194,U+6844,桄
13195,U+6845,桅
13196,U+6846,框
13197,U+6847,桇
13198,U+6848,案
13199,U+6849,桉
13200,U+684A,桊
13201,U+684B,桋
13202,U+684C,桌
13203,U+684D,桍
13204,U+684E,桎
13205,U+684F,桏
13206,U+6850,桐
13207,U+6851,桑
13208,U+6852,桒
13209,U+6853,桓
13210,U+6854,桔
13211,U+6855,桕
13212,U+6856,桖
13213,U+6857,桗
13214,U+6858,桘
13215,U+6859,桙
13216,U+685A,桚
13217,U+685B,桛
13218,U+685C,桜
13219,U+685D,桝
13220,U+685E,桞
13221,U+685F,桟
13222,U+6860,桠
13223,U+6861,桡
13224,U+6862,桢
13225,U+6863,档
13226,U+6864,桤
13227,U+6865,桥
13228,U+6866,桦
13229,U+6867,桧
13230,U+6868,桨
13231,U+6869,桩
13232,U+686A,桪
13233,U+686B,桫
13234,U+686C,桬
13235,U+686D,桭
13236,U+686E,桮
13237,U+686F,桯
13238,U+6870,桰
13239,U+6871,桱
13240,U+6872,桲
13241,U+6873,桳
13242,U+6874,桴
13243,U+6875,桵
13244,U+6876,桶
13245,U+6877,桷
13246,U+6878,桸
13247,U+6879,桹
13248,U+687A,桺
13249,U+687B,桻
13250,U+687C,桼
13251,U+687D,桽
13252,U+687E,桾
13253,U+687F,桿
13254,U+6880,梀
13255,U+6881,梁
13256,U+6882,梂
13257,U+6883,梃
13258,U+6884,梄
13259,U+6885,梅
13260,U+6886,梆
13261,U+6887,梇
13262,U+6888,梈
13263,U+6889,梉
13264,U+688A,梊
13265,U+688B,梋
13266,U+688C,梌
13267,U+688D,梍
13268,U+688E,梎
13269,U+688F,梏
13270,U+6890,梐
13271,U+6891,梑
13272,U+6892,梒
13273,U+6893,梓
13274,U+6894,梔
13275,U+6895,梕
13276,U+6896,梖
13277,U+6897,梗
13278,U+6898,梘
13279,U+6899,梙
13280,U+689A,梚
13281,U+689B,梛
13282,U+689C,梜
13283,U+689D,條
13284,U+689E,梞
13285,U+689F,梟
13286,U+68A0,梠
13287,U+68A1,梡
13288,U+68A2,梢
13289,U+68A3,梣
13290,U+68A4,梤
13291,U+68A5,梥
13292,U+68A6,梦
13293,U+68A7,梧
13294,U+68A8,梨
13295,U+68A9,梩
13296,U+68AA,梪
13297,U+68AB,梫
13298,U+68AC,梬
13299,U+68AD,梭
13300,U+68AE,梮
13301,U+68AF,梯
13302,U+68B0,械
13303,U+68B1,梱
13304,U+68B2,梲
13305,U+68B3,梳
13306,U+68B4,梴
13307,U+68B5,梵
13308,U+68B6,梶
13309,U+68B7,梷
13310,U+68B8,梸
13311,U+68B9,梹
13312,U+68BA,梺
13313,U+68BB,梻
13314,U+68BC,梼
13315,U+68BD,梽
13316,U+68BE,梾
13317,U+68BF,梿
13318,U+68C0,检
13319,U+68C1,棁
13320,U+68C2,棂
13321,U+68C3,棃
13322,U+68C4,棄
13323,U+68C5,棅
13324,U+68C6,棆
13325,U+68C7,棇
13326,U+68C8,棈
13327,U+68C9,棉
13328,U+68CA,棊
13329,U+68CB,棋
13330,U+68CC,棌
13331,U+68CD,棍
13332,U+68CE,棎
13333,U+68CF,棏
13334,U+68D0,棐
13335,U+68D1,棑
13336,U+68D2,棒
13337,U+68D3,棓
13338,U+68D4,棔
13339,U+68D5,棕
13340,U+68D6,棖
13341,U+68D7,棗
13342,U+68D8,棘
13343,U+68D9,棙
13344,U+68DA,棚
13345,U+68DB,棛
13346,U+68DC,棜
13347,U+68DD,棝
13348,U+68DE,棞
13349,U+68DF,棟
13350,U+68E0,棠
13351,U+68E1,棡
13352,U+68E2,棢
13353,U+68E3,棣
13354,U+68E4,棤
13355,U+68E5,棥
13356,U+68E6,棦
13357,U+68E7,棧
13358,U+68E8,棨
13359,U+68E9,棩
13360,U+68EA,棪
13361,U+68EB,棫
13362,U+68EC,棬
13363,U+68ED,棭
13364,U+68EE,森
13365,U+68EF,棯
13366,U+68F0,棰
13367,U+68F1,棱
13368,U+68F2,棲
13369,U+68F3,棳
13370,U+68F4,棴
13371,U+68F5,棵
13372,U+68F6,棶
13373,U+68F7,棷
13374,U+68F8,棸
13375,U+68F9,棹
13376,U+68FA,棺
13377,U+68FB,棻
13378,U+68FC,棼
13379,U+68FD,棽
13380,U+68FE,棾
13381,U+68FF,棿
13382,U+6900,椀
13383,U+6901,椁
13384,U+6902,椂
13385,U+6903,椃
13386,U+6904,椄
13387,U+6905,椅
13388,U+6906,椆
13389,U+6907,椇
13390,U+6908,椈
13391,U+6909,椉
13392,U+690A,椊
13393,U+690B,椋
13394,U+690C,椌
13395,U+690D,植
13396,U+690E,椎
13397,U+690F,椏
13398,U+6910,椐
13399,U+6911,椑
13400,U+6912,椒
13401,U+6913,椓
13402,U+6914,椔
13403,U+6915,椕
13404,U+6916,椖
13405,U+6917,椗
13406,U+6918,椘
13407,U+6919,椙
13408,U+691A,椚
13409,U+691B,椛
13410,U+691C,検
13411,U+691D,椝
13412,U+691E,椞
13413,U+691F,椟
13414,U+6920,椠
13415,U+6921,椡
13416,U+6922,椢
13417,U+6923,椣
13418,U+6924,椤
13419,U+6925,椥
13420,U+6926,椦
13421,U+6927,椧
13422,U+6928,椨
13423,U+6929,椩
13424,U+692A,椪
13425,U+692B,椫
13426,U+692C,椬
13427,U+692D,椭
13428,U+692E,椮
13429,U+692F,椯
13430,U+6930,椰
13431,U+6931,椱
13432,U+6932,椲
13433,U+6933,椳
13434,U+6934,椴
13435,U+6935,椵
13436,U+6936,椶
13437,U+6937,椷
13438,U+6938,椸
13439,U+6939,椹
13440,U+693A,椺
13441,U+693B,椻
13442,U+693C,椼
13443,U+693D,椽
13444,U+693E,椾
13445,U+693F,椿
13446,U+6940,楀
13447,U+6941,楁
13448,U+6942,楂
13449,U+6943,楃
13450,U+6944,楄
13451,U+6945,楅
13452,U+6946,楆
13453,U+6947,楇
13454,U+6948,楈
13455,U+6949,楉
13456,U+694A,楊
13457,U+694B,楋
13458,U+694C,楌
13459,U+694D,楍
13460,U+694E,楎
13461,U+694F,楏
13462,U+6950,楐
13463,U+6951,楑
13464,U+6952,楒
13465,U+6953,楓
13466,U+6954,楔
13467,U+6955,楕
13468,U+6956,楖
13469,U+6957,楗
13470,U+6958,楘
13471,U+6959,楙
13472,U+695A,楚
13473,U+695B,楛
13474,U+695C,楜
13475,U+695D,楝
13476,U+695E,楞
13477,U+695F,楟
13478,U+6960,楠
13479,U+6961,楡
13480,U+6962,楢
13481,U+6963,楣
13482,U+6964,楤
13483,U+6965,楥
13484,U+6966,楦
13485,U+6967,楧
13486,U+6968,楨
13487,U+6969,楩
13488,U+696A,楪
13489,U+696B,楫
13490,U+696C,楬
13491,U+696D,業
13492,U+696E,楮
13493,U+696F,楯
13494,U+6970,楰
13495,U+6971,楱
13496,U+6972,楲
13497,U+6973,楳
13498,U+6974,楴
13499,U+6975,極
13500,U+6976,楶
13501,U+6977,楷
13502,U+6978,楸
13503,U+6979,楹
13504,U+697A,楺
13505,U+697B,楻
13506,U+697C,楼
13507,U+697D,楽
13508,U+697E,楾
13509,U+697F,楿
13510,U+6980,榀
13511,U+6981,榁
13512,U+6982,概
13513,U+6983,榃
13514,U+6984,榄
13515,U+6985,榅
13516,U+6986,榆
13517,U+6987,榇
13518,U+6988,榈
13519,U+6989,榉
13520,U+698A,榊
13521,U+698B,榋
13522,U+698C,榌
13523,U+698D,榍
13524,U+698E,榎
13525,U+698F,榏
13526,U+6990,榐
13527,U+6991,榑
13528,U+6992,榒
13529,U+6993,榓
13530,U+6994,榔
13531,U+6995,榕
13532,U+6996,榖
13533,U+6997,榗
13534,U+6998,榘
13535,U+6999,榙
13536,U+699A,榚
13537,U+699B,榛
13538,U+699C,榜
13539,U+699D,榝
13540,U+699E,榞
13541,U+699F,榟
13542,U+69A0,榠
13543,U+69A1,榡
13544,U+69A2,榢
13545,U+69A3,榣
13546,U+69A4,榤
13547,U+69A5,榥
13548,U+69A6,榦
13549,U+69A7,榧
13550,U+69A8,榨
13551,U+69A9,榩
13552,U+69AA,榪
13553,U+69AB,榫
13554,U+69AC,榬
13555,U+69AD,榭
13556,U+69AE,榮
13557,U+69AF,榯
13558,U+69B0,榰
13559,U+69B1,榱
13560,U+69B2,榲
13561,U+69B3,榳
13562,U+69B4,榴
13563,U+69B5,榵
13564,U+69B6,榶
13565,U+69B7,榷
13566,U+69B8,榸
13567,U+69B9,榹
13568,U+69BA,榺
13569,U+69BB,榻
13570,U+69BC,榼
13571,U+69BD,榽
13572,U+69BE,榾
13573,U+69BF,榿
13574,U+69C0,槀
13575,U+69C1,槁
13576,U+69C2,槂
13577,U+69C3,槃
13578,U+69C4,槄
13579,U+69C5,槅
13580,U+69C6,槆
13581,U+69C7,槇
13582,U+69C8,槈
13583,U+69C9,槉
13584,U+69CA,槊
13585,U+69CB,構
13586,U+69CC,槌
13587,U+69CD,槍
13588,U+69CE,槎
13589,U+69CF,槏
13590,U+69D0,槐
13591,U+69D1,槑
13592,U+69D2,槒
13593,U+69D3,槓
13594,U+69D4,槔
13595,U+69D5,槕
13596,U+69D6,槖
13597,U+69D7,槗
13598,U+69D8,様
13599,U+69D9,槙
13600,U+69DA,槚
13601,U+69DB,槛
13602,U+69DC,槜
13603,U+69DD,槝
13604,U+69DE,槞
13605,U+69DF,槟
13606,U+69E0,槠
13607,U+69E1,槡
13608,U+69E2,槢
13609,U+69E3,槣
13610,U+69E4,槤
13611,U+69E5,槥
13612,U+69E6,槦
13613,U+69E7,槧
13614,U+69E8,槨
13615,U+69E9,槩
13616,U+69EA,槪
13617,U+69EB,槫
13618,U+69EC,槬
13619,U+69ED,槭
13620,U+69EE,槮
13621,U+69EF,槯
13622,U+69F0,槰
13623,U+69F1,槱
13624,U+69F2,槲
13625,U+69F3,槳
13626,U+69F4,槴
13627,U+69F5,槵
13628,U+69F6,槶
13629,U+69F7,槷
13630,U+69F8,槸
13631,U+69F9,槹
13632,U+69FA,槺
13633,U+69FB,槻
13634,U+69FC,槼
13635,U+69FD,槽
13636,U+69FE,槾
13637,U+69FF,槿
13638,U+6A00,樀
13639,U+6A01,樁
13640,U+6A02,樂
13641,U+6A03,樃
13642,U+6A04,樄
13643,U+6A05,樅
13644,U+6A06,樆
13645,U+6A07,樇
13646,U+6A08,樈
13647,U+6A09,樉
13648,U+6A0A,樊
13649,U+6A0B,樋
13650,U+6A0C,樌
13651,U+6A0D,樍
13652,U+6A0E,樎
13653,U+6A0F,樏
13654,U+6A10,樐
13655,U+6A11,樑
13656,U+6A12,樒
13657,U+6A13,樓
13658,U+6A14,樔
13659,U+6A15,樕
13660,U+6A16,樖
13661,U+6A17,樗
13662,U+6A18,樘
13663,U+6A19,標
13664,U+6A1A,樚
13665,U+6A1B,樛
13666,U+6A1C,樜
13667,U+6A1D,樝
13668,U+6A1E,樞
13669,U+6A1F,樟
13670,U+6A20,樠
13671,U+6A21,模
13672,U+6A22,樢
13673,U+6A23,樣
13674,U+6A24,樤
13675,U+6A25,樥
13676,U+6A26,樦
13677,U+6A27,樧
13678,U+6A28,樨
13679,U+6A29,権
13680,U+6A2A,横
13681,U+6A2B,樫
13682,U+6A2C,樬
13683,U+6A2D,樭
13684,U+6A2E,樮
13685,U+6A2F,樯
13686,U+6A30,樰
13687,U+6A31,樱
13688,U+6A32,樲
13689,U+6A33,樳
13690,U+6A34,樴
13691,U+6A35,樵
13692,U+6A36,樶
13693,U+6A37,樷
13694,U+6A38,樸
13695,U+6A39,樹
13696,U+6A3A,樺
13697,U+6A3B,樻
13698,U+6A3C,樼
13699,U+6A3D,樽
13700,U+6A3E,樾
13701,U+6A3F,樿
13702,U+6A40,橀
13703,U+6A41,橁
13704,U+6A42,橂
13705,U+6A43,橃
13706,U+6A44,橄
13707,U+6A45,橅
13708,U+6A46,橆
13709,U+6A47,橇
13710,U+6A48,橈
13711,U+6A49,橉
13712,U+6A4A,橊
13713,U+6A4B,橋
13714,U+6A4C,橌
13715,U+6A4D,橍
13716,U+6A4E,橎
13717,U+6A4F,橏
13718,U+6A50,橐
13719,U+6A51,橑
13720,U+6A52,橒
13721,U+6A53,橓
13722,U+6A54,橔
13723,U+6A55,橕
13724,U+6A56,橖
13725,U+6A57,橗
13726,U+6A58,橘
13727,U+6A59,橙
13728,U+6A5A,橚
13729,U+6A5B,橛
13730,U+6A5C,橜
13731,U+6A5D,橝
13732,U+6A5E,橞
13733,U+6A5F,機
13734,U+6A60,橠
13735,U+6A61,橡
13736,U+6A62,橢
13737,U+6A63,橣
13738,U+6A64,橤
13739,U+6A65,橥
13740,U+6A66,橦
13741,U+6A67,橧
13742,U+6A68,橨
13743,U+6A69,橩
13744,U+6A6A,橪
13745,U+6A6B,橫
13746,U+6A6C,橬
13747,U+6A6D,橭
13748,U+6A6E,橮
13749,U+6A6F,橯
13750,U+6A70,橰
13751,U+6A71,橱
13752,U+6A72,橲
13753,U+6A73,橳
13754,U+6A74,橴
13755,U+6A75,橵
13756,U+6A76,橶
13757,U+6A77,橷
13758,U+6A78,橸
13759,U+6A79,橹
13760,U+6A7A,橺
13761,U+6A7B,橻
13762,U+6A7C,橼
13763,U+6A7D,橽
13764,U+6A7E,橾
13765,U+6A7F,橿
13766,U+6A80,檀
13767,U+6A81,檁
13768,U+6A82,檂
13769,U+6A83,檃
13770,U+6A84,檄
13771,U+6A85,檅
13772,U+6A86,檆
13773,U+6A87,檇
13774,U+6A88,檈
13775,U+6A89,檉
13776,U+6A8A,檊
13777,U+6A8B,檋
13778,U+6A8C,檌
13779,U+6A8D,檍
13780,U+6A8E,檎
13781,U+6A8F,檏
13782,U+6A90,檐
13783,U+6A91,檑
13784,U+6A92,檒
13785,U+6A93,檓
13786,U+6A94,檔
13787,U+6A95,檕
13788,U+6A96,檖
13789,U+6A97,檗
13790,U+6A98,檘
13791,U+6A99,檙
13792,U+6A9A,檚
13793,U+6A9B,檛
13794,U+6A9C,檜
13795,U+6A9D,檝
13796,U+6A9E,檞
13797,U+6A9F,檟
13798,U+6AA0,檠
13799,U+6AA1,檡
13800,U+6AA2,檢
13801,U+6AA3,檣
13802,U+6AA4,檤
13803,U+6AA5,檥
13804,U+6AA6,檦
13805,U+6AA7,檧
13806,U+6AA8,檨
13807,U+6AA9,檩
13808,U+6AAA,檪
13809,U+6AAB,檫
13810,U+6AAC,檬
13811,U+6AAD,檭
13812,U+6AAE,檮
13813,U+6AAF,檯
13814,U+6AB0,檰
13815,U+6AB1,檱
13816,U+6AB2,檲
13817,U+6AB3,檳
13818,U+6AB4,檴
13819,U+6AB5,檵
13820,U+6AB6,檶
13821,U+6AB7,檷
13822,U+6AB8,檸
13823,U+6AB9,檹
13824,U+6ABA,檺
13825,U+6ABB,檻
13826,U+6ABC,檼
13827,U+6ABD,檽
13828,U+6ABE,檾
13829,U+6ABF,檿
13830,U+6AC0,櫀
13831,U+6AC1,櫁
13832,U+6AC2,櫂
13833,U+6AC3,櫃
13834,U+6AC4,櫄
13835,U+6AC5,櫅
13836,U+6AC6,櫆
13837,U+6AC7,櫇
13838,U+6AC8,櫈
13839,U+6AC9,櫉
13840,U+6ACA,櫊
13841,U+6ACB,櫋
13842,U+6ACC,櫌
13843,U+6ACD,櫍
13844,U+6ACE,櫎
13845,U+6ACF,櫏
13846,U+6AD0,櫐
13847,U+6AD1,櫑
13848,U+6AD2,櫒
13849,U+6AD3,櫓
13850,U+6AD4,櫔
13851,U+6AD5,櫕
13852,U+6AD6,櫖
13853,U+6AD7,櫗
13854,U+6AD8,櫘
13855,U+6AD9,櫙
13856,U+6ADA,櫚
13857,U+6ADB,櫛
13858,U+6ADC,櫜
13859,U+6ADD,櫝
13860,U+6ADE,櫞
13861,U+6ADF,櫟
13862,U+6AE0,櫠
13863,U+6AE1,櫡
13864,U+6AE2,櫢
13865,U+6AE3,櫣
13866,U+6AE4,櫤
13867,U+6AE5,櫥
13868,U+6AE6,櫦
13869,U+6AE7,櫧
13870,U+6AE8,櫨
13871,U+6AE9,櫩
13872,U+6AEA,櫪
13873,U+6AEB,櫫
13874,U+6AEC,櫬
13875,U+6AED,櫭
13876,U+6AEE,櫮
13877,U+6AEF,櫯
13878,U+6AF0,櫰
13879,U+6AF1,櫱
13880,U+6AF2,櫲
13881,U+6AF3,櫳
13882,U+6AF4,櫴
13883,U+6AF5,櫵
13884,U+6AF6,櫶
13885,U+6AF7,櫷
13886,U+6AF8,櫸
13887,U+6AF9,櫹
13888,U+6AFA,櫺
13889,U+6AFB,櫻
13890,U+6AFC,櫼
13891,U+6AFD,櫽
13892,U+6AFE,櫾
13893,U+6AFF,櫿
13894,U+6B00,欀
13895,U+6B01,欁
13896,U+6B02,欂
13897,U+6B03,欃
13898,U+6B04,欄
13899,U+6B05,欅
13900,U+6B06,欆
13901,U+6B07,欇
13902,U+6B08,欈
13903,U+6B09,欉
13904,U+6B0A,權
13905,U+6B0B,欋
13906,U+6B0C,欌
13907,U+6B0D,欍
13908,U+6B0E,欎
13909,U+6B0F,欏
13910,U+6B10,欐
13911,U+6B11,欑
13912,U+6B12,欒
13913,U+6B13,欓
13914,U+6B14,欔
13915,U+6B15,欕
13916,U+6B16,欖
13917,U+6B17,欗
13918,U+6B18,欘
13919,U+6B19,欙
13920,U+6B1A,欚
13921,U+6B1B,欛
13922,U+6B1C,欜
13923,U+6B1D,欝
13924,U+6B1E,欞
13925,U+6B1F,欟
13926,U+6B20,欠
13927,U+6B21,次
13928,U+6B22,欢
13929,U+6B23,欣
13930,U+6B24,欤
13931,U+6B25,欥
13932,U+6B26,欦
13933,U+6B27,欧
13934,U+6B28,欨
13935,U+6B29,欩
13936,U+6B2A,欪
13937,U+6B2B,欫
13938,U+6B2C,欬
13939,U+6B2D,欭
13940,U+6B2E,欮
13941,U+6B2F,欯
13942,U+6B30,欰
13943,U+6B31,欱
13944,U+6B32,欲
13945,U+6B33,欳
13946,U+6B34,欴
13947,U+6B35,欵
13948,U+6B36,欶
13949,U+6B37,欷
13950,U+6B38,欸
13951,U+6B39,欹
13952,U+6B3A,欺
13953,U+6B3B,欻
13954,U+6B3C,欼
13955,U+6B3D,欽
13956,U+6B3E,款
13957,U+6B3F,欿
13958,U+6B40,歀
13959,U+6B41,歁
13960,U+6B42,歂
13961,U+6B43,歃
13962,U+6B44,歄
13963,U+6B45,歅
13964,U+6B46,歆
13965,U+6B47,歇
13966,U+6B48,歈
13967,U+6B49,歉
13968,U+6B4A,歊
13969,U+6B4B,歋
13970,U+6B4C,歌
13971,U+6B4D,歍
13972,U+6B4E,歎
13973,U+6B4F,歏
13974,U+6B50,歐
13975,U+6B51,歑
13976,U+6B52,歒
13977,U+6B53,歓
13978,U+6B54,歔
13979,U+6B55,歕
13980,U+6B56,歖
13981,U+6B57,歗
13982,U+6B58,歘
13983,U+6B59,歙
13984,U+6B5A,歚
13985,U+6B5B,歛
13986,U+6B5C,歜
13987,U+6B5D,歝
13988,U+6B5E,歞
13989,U+6B5F,歟
13990,U+6B60,歠
13991,U+6B61,歡
13992,U+6B62,止
13993,U+6B63,正
13994,U+6B64,此
13995,U+6B65,步
13996,U+6B66,武
13997,U+6B67,歧
13998,U+6B68,歨
13999,U+6B69,歩
14000,U+6B6A,歪
14001,U+6B6B,歫
14002,U+6B6C,歬
14003,U+6B6D,歭
14004,U+6B6E,歮
14005,U+6B6F,歯
14006,U+6B70,歰
14007,U+6B71,歱
14008,U+6B72,歲
14009,U+6B73,歳
14010,U+6B74,歴
14011,U+6B75,歵
14012,U+6B76,歶
14013,U+6B77,歷
14014,U+6B78,歸
14015,U+6B79,歹
14016,U+6B7A,歺
14017,U+6B7B,死
14018,U+6B7C,歼
14019,U+6B7D,歽
14020,U+6B7E,歾
14021,U+6B7F,歿
14022,U+6B80,殀
14023,U+6B81,殁
14024,U+6B82,殂
14025,U+6B83,殃
14026,U+6B84,殄
14027,U+6B85,殅
14028,U+6B86,殆
14029,U+6B87,殇
14030,U+6B88,殈
14031,U+6B89,殉
14032,U+6B8A,殊
14033,U+6B8B,残
14034,U+6B8C,殌
14035,U+6B8D,殍
14036,U+6B8E,殎
14037,U+6B8F,殏
14038,U+6B90,殐
14039,U+6B91,殑
14040,U+6B92,殒
14041,U+6B93,殓
14042,U+6B94,殔
14043,U+6B95,殕
14044,U+6B96,殖
14045,U+6B97,殗
14046,U+6B98,殘
14047,U+6B99,殙
14048,U+6B9A,殚
14049,U+6B9B,殛
14050,U+6B9C,殜
14051,U+6B9D,殝
14052,U+6B9E,殞
14053,U+6B9F,殟
14054,U+6BA0,殠
14055,U+6BA1,殡
14056,U+6BA2,殢
14057,U+6BA3,殣
14058,U+6BA4,殤
14059,U+6BA5,殥
14060,U+6BA6,殦
14061,U+6BA7,殧
14062,U+6BA8,殨
14063,U+6BA9,殩
14064,U+6BAA,殪
14065,U+6BAB,殫
14066,U+6BAC,殬
14067,U+6BAD,殭
14068,U+6BAE,殮
14069,U+6BAF,殯
14070,U+6BB0,殰
14071,U+6BB1,殱
14072,U+6BB2,殲
14073,U+6BB3,殳
14074,U+6BB4,殴
14075,U+6BB5,段
14076,U+6BB6,殶
14077,U+6BB7,殷
14078,U+6BB8,殸
14079,U+6BB9,殹
14080,U+6BBA,殺
14081,U+6BBB,殻
14082,U+6BBC,殼
14083,U+6BBD,殽
14084,U+6BBE,殾
14085,U+6BBF,殿
14086,U+6BC0,毀
14087,U+6BC1,毁
14088,U+6BC2,毂
14089,U+6BC3,毃
14090,U+6BC4,毄
14091,U+6BC5,毅
14092,U+6BC6,毆
14093,U+6BC7,毇
14094,U+6BC8,毈
14095,U+6BC9,毉
14096,U+6BCA,毊
14097,U+6BCB,毋
14098,U+6BCE,毎
14099,U+6BCF,每
14100,U+6BD0,毐
14101,U+6BD1,毑
14102,U+6BD2,毒
14103,U+6BD3,毓
14104,U+6BD4,比
14105,U+6BD5,毕
14106,U+6BD6,毖
14107,U+6BD7,毗
14108,U+6BD8,毘
14109,U+6BD9,毙
14110,U+6BDA,毚
14111,U+6BDB,毛
14112,U+6BDC,毜
14113,U+6BDD,毝
14114,U+6BDE,毞
14115,U+6BDF,毟
14116,U+6BE0,毠
14117,U+6BE1,毡
14118,U+6BE2,毢
14119,U+6BE3,毣
14120,U+6BE4,毤
14121,U+6BE5,毥
14122,U+6BE6,毦
14123,U+6BE7,毧
14124,U+6BE8,毨
14125,U+6BE9,毩
14126,U+6BEA,毪
14127,U+6BEB,毫
14128,U+6BEC,毬
14129,U+6BED,毭
14130,U+6BEE,毮
14131,U+6BEF,毯
14132,U+6BF0,毰
14133,U+6BF1,毱
14134,U+6BF2,毲
14135,U+6BF3,毳
14136,U+6BF4,毴
14137,U+6BF5,毵
14138,U+6BF6,毶
14139,U+6BF7,毷
14140,U+6BF8,毸
14141,U+6BF9,毹
14142,U+6BFA,毺
14143,U+6BFB,毻
14144,U+6BFC,毼
14145,U+6BFD,毽
14146,U+6BFE,毾
14147,U+6BFF,毿
14148,U+6C00,氀
14149,U+6C01,氁
14150,U+6C02,氂
14151,U+6C03,氃
14152,U+6C04,氄
14153,U+6C05,氅
14154,U+6C06,氆
14155,U+6C07,氇
14156,U+6C08,氈
14157,U+6C09,氉
14158,U+6C0A,氊
14159,U+6C0B,氋
14160,U+6C0C,氌
14161,U+6C0D,氍
14162,U+6C0E,氎
14163,U+6C0F,氏
14164,U+6C10,氐
14165,U+6C12,氒
14166,U+6C13,氓
14167,U+6C14,气
14168,U+6C15,氕
14169,U+6C16,氖
14170,U+6C17,気
14171,U+6C18,氘
14172,U+6C19,氙
14173,U+6C1A,氚
14174,U+6C1B,氛
14175,U+6C1C,氜
14176,U+6C1D,氝
14177,U+6C1E,氞
14178,U+6C1F,氟
14179,U+6C20,氠
14180,U+6C21,氡
14181,U+6C22,氢
14182,U+6C23,氣
14183,U+6C24,氤
14184,U+6C25,氥
14185,U+6C26,氦
14186,U+6C27,氧
14187,U+6C28,氨
14188,U+6C29,氩
14189,U+6C2A,氪
14190,U+6C2B,氫
14191,U+6C2C,氬
14192,U+6C2D,氭
14193,U+6C2E,氮
14194,U+6C2F,氯
14195,U+6C30,氰
14196,U+6C31,氱
14197,U+6C32,氲
14198,U+6C33,氳
14199,U+6C34,水
14200,U+6C35,氵
14201,U+6C36,氶
14202,U+6C37,氷
14203,U+6C39,氹
14204,U+6C3A,氺
14205,U+6C3B,氻
14206,U+6C3C,氼
14207,U+6C3D,氽
14208,U+6C3E,氾
14209,U+6C3F,氿
14210,U+6C40,汀
14211,U+6C41,汁
14212,U+6C42,求
14213,U+6C43,汃
14214,U+6C44,汄
14215,U+6C45,汅
14216,U+6C46,汆
14217,U+6C47,汇
14218,U+6C48,汈
14219,U+6C49,汉
14220,U+6C4A,汊
14221,U+6C4B,汋
14222,U+6C4C,汌
14223,U+6C4D,汍
14224,U+6C4E,汎
14225,U+6C4F,汏
14226,U+6C50,汐
14227,U+6C51,汑
14228,U+6C52,汒
14229,U+6C53,汓
14230,U+6C54,汔
14231,U+6C55,汕
14232,U+6C56,汖
14233,U+6C57,汗
14234,U+6C58,汘
14235,U+6C59,汙
14236,U+6C5A,汚
14237,U+6C5B,汛
14238,U+6C5C,汜
14239,U+6C5D,汝
14240,U+6C5E,汞
14241,U+6C5F,江
14242,U+6C60,池
14243,U+6C61,污
14244,U+6C62,汢
14245,U+6C63,汣
14246,U+6C64,汤
14247,U+6C65,汥
14248,U+6C66,汦
14249,U+6C67,汧
14250,U+6C68,汨
14251,U+6C69,汩
14252,U+6C6A,汪
14253,U+6C6B,汫
14254,U+6C6C,汬
14255,U+6C6D,汭
14256,U+6C6E,汮
14257,U+6C6F,汯
14258,U+6C70,汰
14259,U+6C71,汱
14260,U+6C72,汲
14261,U+6C73,汳
14262,U+6C74,汴
14263,U+6C75,汵
14264,U+6C76,汶
14265,U+6C77,汷
14266,U+6C78,汸
14267,U+6C79,汹
14268,U+6C7A,決
14269,U+6C7B,汻
14270,U+6C7C,汼
14271,U+6C7D,汽
14272,U+6C7E,汾
14273,U+6C7F,汿
14274,U+6C80,沀
14275,U+6C81,沁
14276,U+6C82,沂
14277,U+6C83,沃
14278,U+6C84,沄
14279,U+6C85,沅
14280,U+6C86,沆
14281,U+6C87,沇
14282,U+6C88,沈
14283,U+6C89,沉
14284,U+6C8A,沊
14285,U+6C8B,沋
14286,U+6C8C,沌
14287,U+6C8D,沍
14288,U+6C8E,沎
14289,U+6C8F,沏
14290,U+6C90,沐
14291,U+6C91,沑
14292,U+6C92,沒
14293,U+6C93,沓
14294,U+6C94,沔
14295,U+6C95,沕
14296,U+6C96,沖
14297,U+6C97,沗
14298,U+6C98,沘
14299,U+6C99,沙
14300,U+6C9A,沚
14301,U+6C9B,沛
14302,U+6C9C,沜
14303,U+6C9D,沝
14304,U+6C9E,沞
14305,U+6C9F,沟
14306,U+6CA0,沠
14307,U+6CA1,没
14308,U+6CA2,沢
14309,U+6CA3,沣
14310,U+6CA4,沤
14311,U+6CA5,沥
14312,U+6CA6,沦
14313,U+6CA7,沧
14314,U+6CA8,沨
14315,U+6CA9,沩
14316,U+6CAA,沪
14317,U+6CAB,沫
14318,U+6CAC,沬
14319,U+6CAD,沭
14320,U+6CAE,沮
14321,U+6CAF,沯
14322,U+6CB0,沰
14323,U+6CB1,沱
14324,U+6CB2,沲
14325,U+6CB3,河
14326,U+6CB4,沴
14327,U+6CB5,沵
14328,U+6CB6,沶
14329,U+6CB7,沷
14330,U+6CB8,沸
14331,U+6CB9,油
14332,U+6CBA,沺
14333,U+6CBB,治
14334,U+6CBC,沼
14335,U+6CBD,沽
14336,U+6CBE,沾
14337,U+6CBF,沿
14338,U+6CC0,泀
14339,U+6CC1,況
14340,U+6CC2,泂
14341,U+6CC3,泃
14342,U+6CC4,泄
14343,U+6CC5,泅
14344,U+6CC6,泆
14345,U+6CC7,泇
14346,U+6CC8,泈
14347,U+6CC9,泉
14348,U+6CCA,泊
14349,U+6CCB,泋
14350,U+6CCC,泌
14351,U+6CCD,泍
14352,U+6CCE,泎
14353,U+6CCF,泏
14354,U+6CD0,泐
14355,U+6CD1,泑
14356,U+6CD2,泒
14357,U+6CD3,泓
14358,U+6CD4,泔
14359,U+6CD5,法
14360,U+6CD6,泖
14361,U+6CD7,泗
14362,U+6CD8,泘
14363,U+6CD9,泙
14364,U+6CDA,泚
14365,U+6CDB,泛
14366,U+6CDC,泜
14367,U+6CDD,泝
14368,U+6CDE,泞
14369,U+6CDF,泟
14370,U+6CE0,泠
14371,U+6CE1,泡
14372,U+6CE2,波
14373,U+6CE3,泣
14374,U+6CE4,泤
14375,U+6CE5,泥
14376,U+6CE6,泦
14377,U+6CE7,泧
14378,U+6CE8,注
14379,U+6CE9,泩
14380,U+6CEA,泪
14381,U+6CEB,泫
14382,U+6CEC,泬
14383,U+6CED,泭
14384,U+6CEE,泮
14385,U+6CEF,泯
14386,U+6CF0,泰
14387,U+6CF1,泱
14388,U+6CF2,泲
14389,U+6CF3,泳
14390,U+6CF4,泴
14391,U+6CF5,泵
14392,U+6CF6,泶
14393,U+6CF7,泷
14394,U+6CF8,泸
14395,U+6CF9,泹
14396,U+6CFA,泺
14397,U+6CFB,泻
14398,U+6CFC,泼
14399,U+6CFD,泽
14400,U+6CFE,泾
14401,U+6CFF,泿
14402,U+6D00,洀
14403,U+6D01,洁
14404,U+6D02,洂
14405,U+6D03,洃
14406,U+6D04,洄
14407,U+6D05,洅
14408,U+6D06,洆
14409,U+6D07,洇
14410,U+6D08,洈
14411,U+6D09,洉
14412,U+6D0A,洊
14413,U+6D0B,洋
14414,U+6D0C,洌
14415,U+6D0D,洍
14416,U+6D0E,洎
14417,U+6D0F,洏
14418,U+6D10,洐
14419,U+6D11,洑
14420,U+6D12,洒
14421,U+6D13,洓
14422,U+6D14,洔
14423,U+6D15,洕
14424,U+6D16,洖
14425,U+6D17,洗
14426,U+6D18,洘
14427,U+6D19,洙
14428,U+6D1A,洚
14429,U+6D1B,洛
14430,U+6D1C,洜
14431,U+6D1D,洝
14432,U+6D1E,洞
14433,U+6D1F,洟
14434,U+6D20,洠
14435,U+6D21,洡
14436,U+6D22,洢
14437,U+6D23,洣
14438,U+6D24,洤
14439,U+6D25,津
14440,U+6D26,洦
14441,U+6D27,洧
14442,U+6D28,洨
14443,U+6D29,洩
14444,U+6D2A,洪
14445,U+6D2B,洫
14446,U+6D2C,洬
14447,U+6D2D,洭
14448,U+6D2E,洮
14449,U+6D2F,洯
14450,U+6D30,洰
14451,U+6D31,洱
14452,U+6D32,洲
14453,U+6D33,洳
14454,U+6D34,洴
14455,U+6D35,洵
14456,U+6D36,洶
14457,U+6D37,洷
14458,U+6D38,洸
14459,U+6D39,洹
14460,U+6D3A,洺
14461,U+6D3B,活
14462,U+6D3C,洼
14463,U+6D3D,洽
14464,U+6D3E,派
14465,U+6D3F,洿
14466,U+6D40,浀
14467,U+6D41,流
14468,U+6D42,浂
14469,U+6D43,浃
14470,U+6D44,浄
14471,U+6D45,浅
14472,U+6D46,浆
14473,U+6D47,浇
14474,U+6D48,浈
14475,U+6D49,浉
14476,U+6D4A,浊
14477,U+6D4B,测
14478,U+6D4C,浌
14479,U+6D4D,浍
14480,U+6D4E,济
14481,U+6D4F,浏
14482,U+6D50,浐
14483,U+6D51,浑
14484,U+6D52,浒
14485,U+6D53,浓
14486,U+6D54,浔
14487,U+6D55,浕
14488,U+6D56,浖
14489,U+6D57,浗
14490,U+6D58,浘
14491,U+6D59,浙
14492,U+6D5A,浚
14493,U+6D5B,浛
14494,U+6D5C,浜
14495,U+6D5D,浝
14496,U+6D5E,浞
14497,U+6D5F,浟
14498,U+6D60,浠
14499,U+6D61,浡
14500,U+6D62,浢
14501,U+6D63,浣
14502,U+6D64,浤
14503,U+6D65,浥
14504,U+6D66,浦
14505,U+6D67,浧
14506,U+6D68,浨
14507,U+6D69,浩
14508,U+6D6A,浪
14509,U+6D6B,浫
14510,U+6D6C,浬
14511,U+6D6D,浭
14512,U+6D6E,浮
14513,U+6D6F,浯
14514,U+6D70,浰
14515,U+6D71,浱
14516,U+6D72,浲
14517,U+6D73,浳
14518,U+6D74,浴
14519,U+6D75,浵
14520,U+6D76,浶
14521,U+6D77,海
14522,U+6D78,浸
14523,U+6D79,浹
14524,U+6D7A,浺
14525,U+6D7B,浻
14526,U+6D7C,浼
14527,U+6D7D,浽
14528,U+6D7E,浾
14529,U+6D7F,浿
14530,U+6D80,涀
14531,U+6D81,涁
14532,U+6D82,涂
14533,U+6D83,涃
14534,U+6D84,涄
14535,U+6D85,涅
14536,U+6D86,涆
14537,U+6D87,涇
14538,U+6D88,消
14539,U+6D89,涉
14540,U+6D8A,涊
14541,U+6D8B,涋
14542,U+6D8C,涌
14543,U+6D8D,涍
14544,U+6D8E,涎
14545,U+6D8F,涏
14546,U+6D90,涐
14547,U+6D91,涑
14548,U+6D92,涒
14549,U+6D93,涓
14550,U+6D94,涔
14551,U+6D95,涕
14552,U+6D96,涖
14553,U+6D97,涗
14554,U+6D98,涘
14555,U+6D99,涙
14556,U+6D9A,涚
14557,U+6D9B,涛
14558,U+6D9C,涜
14559,U+6D9D,涝
14560,U+6D9E,涞
14561,U+6D9F,涟
14562,U+6DA0,涠
14563,U+6DA1,涡
14564,U+6DA2,涢
14565,U+6DA3,涣
14566,U+6DA4,涤
14567,U+6DA5,涥
14568,U+6DA6,润
14569,U+6DA7,涧
14570,U+6DA8,涨
14571,U+6DA9,涩
14572,U+6DAA,涪
14573,U+6DAB,涫
14574,U+6DAC,涬
14575,U+6DAD,涭
14576,U+6DAE,涮
14577,U+6DAF,涯
14578,U+6DB0,涰
14579,U+6DB1,涱
14580,U+6DB2,液
14581,U+6DB3,涳
14582,U+6DB4,涴
14583,U+6DB5,涵
14584,U+6DB6,涶
14585,U+6DB7,涷
14586,U+6DB8,涸
14587,U+6DB9,涹
14588,U+6DBA,涺
14589,U+6DBB,涻
14590,U+6DBC,涼
14591,U+6DBD,涽
14592,U+6DBE,涾
14593,U+6DBF,涿
14594,U+6DC0,淀
14595,U+6DC1,淁
14596,U+6DC2,淂
14597,U+6DC3,淃
14598,U+6DC4,淄
14599,U+6DC5,淅
14600,U+6DC6,淆
14601,U+6DC7,淇
14602,U+6DC8,淈
14603,U+6DC9,淉
14604,U+6DCA,淊
14605,U+6DCB,淋
14606,U+6DCC,淌
14607,U+6DCD,淍
14608,U+6DCE,淎
14609,U+6DCF,淏
14610,U+6DD0,淐
14611,U+6DD1,淑
14612,U+6DD2,淒
14613,U+6DD3,淓
14614,U+6DD4,淔
14615,U+6DD5,淕
14616,U+6DD6,淖
14617,U+6DD7,淗
14618,U+6DD8,淘
14619,U+6DD9,淙
14620,U+6DDA,淚
14621,U+6DDB,淛
14622,U+6DDC,淜
14623,U+6DDD,淝
14624,U+6DDE,淞
14625,U+6DDF,淟
14626,U+6DE0,淠
14627,U+6DE1,淡
14628,U+6DE2,淢
14629,U+6DE3,淣
14630,U+6DE4,淤
14631,U+6DE5,淥
14632,U+6DE6,淦
14633,U+6DE7,淧
14634,U+6DE8,淨
14635,U+6DE9,淩
14636,U+6DEA,淪
14637,U+6DEB,淫
14638,U+6DEC,淬
14639,U+6DED,淭
14640,U+6DEE,淮
14641,U+6DEF,淯
14642,U+6DF0,淰
14643,U+6DF1,深
14644,U+6DF2,淲
14645,U+6DF3,淳
14646,U+6DF4,淴
14647,U+6DF5,淵
14648,U+6DF6,淶
14649,U+6DF7,混
14650,U+6DF8,淸
14651,U+6DF9,淹
14652,U+6DFA,淺
14653,U+6DFB,添
14654,U+6DFC,淼
14655,U+6DFD,淽
14656,U+6DFE,淾
14657,U+6DFF,淿
14658,U+6E00,渀
14659,U+6E01,渁
14660,U+6E02,渂
14661,U+6E03,渃
14662,U+6E04,渄
14663,U+6E05,清
14664,U+6E06,渆
14665,U+6E07,渇
14666,U+6E08,済
14667,U+6E09,渉
14668,U+6E0A,渊
14669,U+6E0B,渋
14670,U+6E0C,渌
14671,U+6E0D,渍
14672,U+6E0E,渎
14673,U+6E0F,渏
14674,U+6E10,渐
14675,U+6E11,渑
14676,U+6E12,渒
14677,U+6E13,渓
14678,U+6E14,渔
14679,U+6E15,渕
14680,U+6E16,渖
14681,U+6E17,渗
14682,U+6E18,渘
14683,U+6E19,渙
14684,U+6E1A,渚
14685,U+6E1B,減
14686,U+6E1C,渜
14687,U+6E1D,渝
14688,U+6E1E,渞
14689,U+6E1F,渟
14690,U+6E20,渠
14691,U+6E21,渡
14692,U+6E22,渢
14693,U+6E23,渣
14694,U+6E24,渤
14695,U+6E25,渥
14696,U+6E26,渦
14697,U+6E27,渧
14698,U+6E28,渨
14699,U+6E29,温
14700,U+6E2A,渪
14701,U+6E2B,渫
14702,U+6E2C,測
14703,U+6E2D,渭
14704,U+6E2E,渮
14705,U+6E2F,港
14706,U+6E30,渰
14707,U+6E31,渱
14708,U+6E32,渲
14709,U+6E33,渳
14710,U+6E34,渴
14711,U+6E35,渵
14712,U+6E36,渶
14713,U+6E37,渷
14714,U+6E38,游
14715,U+6E39,渹
14716,U+6E3A,渺
14717,U+6E3B,渻
14718,U+6E3C,渼
14719,U+6E3D,渽
14720,U+6E3E,渾
14721,U+6E3F,渿
14722,U+6E40,湀
14723,U+6E41,湁
14724,U+6E42,湂
14725,U+6E43,湃
14726,U+6E44,湄
14727,U+6E45,湅
14728,U+6E46,湆
14729,U+6E47,湇
14730,U+6E48,湈
14731,U+6E49,湉
14732,U+6E4A,湊
14733,U+6E4B,湋
14734,U+6E4C,湌
14735,U+6E4D,湍
14736,U+6E4E,湎
14737,U+6E4F,湏
14738,U+6E50,湐
14739,U+6E51,湑
14740,U+6E52,湒
14741,U+6E53,湓
14742,U+6E54,湔
14743,U+6E55,湕
14744,U+6E56,湖
14745,U+6E57,湗
14746,U+6E58,湘
14747,U+6E59,湙
14748,U+6E5A,湚
14749,U+6E5B,湛
14750,U+6E5C,湜
14751,U+6E5D,湝
14752,U+6E5E,湞
14753,U+6E5F,湟
14754,U+6E60,湠
14755,U+6E61,湡
14756,U+6E62,湢
14757,U+6E63,湣
14758,U+6E64,湤
14759,U+6E65,湥
14760,U+6E66,湦
14761,U+6E67,湧
14762,U+6E68,湨
14763,U+6E69,湩
14764,U+6E6A,湪
14765,U+6E6B,湫
14766,U+6E6C,湬
14767,U+6E6D,湭
14768,U+6E6E,湮
14769,U+6E6F,湯
14770,U+6E70,湰
14771,U+6E71,湱
14772,U+6E72,湲
14773,U+6E73,湳
14774,U+6E74,湴
14775,U+6E75,湵
14776,U+6E76,湶
14777,U+6E77,湷
14778,U+6E78,湸
14779,U+6E79,湹
14780,U+6E7A,湺
14781,U+6E7B,湻
14782,U+6E7C,湼
14783,U+6E7D,湽
14784,U+6E7E,湾
14785,U+6E7F,湿
14786,U+6E80,満
14787,U+6E81,溁
14788,U+6E82,溂
14789,U+6E83,溃
14790,U+6E84,溄
14791,U+6E85,溅
14792,U+6E86,溆
14793,U+6E87,溇
14794,U+6E88,溈
14795,U+6E89,溉
14796,U+6E8A,溊
14797,U+6E8B,溋
14798,U+6E8C,溌
14799,U+6E8D,溍
14800,U+6E8E,溎
14801,U+6E8F,溏
14802,U+6E90,源
14803,U+6E91,溑
14804,U+6E92,溒
14805,U+6E93,溓
14806,U+6E94,溔
14807,U+6E95,溕
14808,U+6E96,準
14809,U+6E97,溗
14810,U+6E98,溘
14811,U+6E99,溙
14812,U+6E9A,溚
14813,U+6E9B,溛
14814,U+6E9C,溜
14815,U+6E9D,溝
14816,U+6E9E,溞
14817,U+6E9F,溟
14818,U+6EA0,溠
14819,U+6EA1,溡
14820,U+6EA2,溢
14821,U+6EA3,溣
14822,U+6EA4,溤
14823,U+6EA5,溥
14824,U+6EA6,溦
14825,U+6EA7,溧
14826,U+6EA8,溨
14827,U+6EA9,溩
14828,U+6EAA,溪
14829,U+6EAB,溫
14830,U+6EAC,溬
14831,U+6EAD,溭
14832,U+6EAE,溮
14833,U+6EAF,溯
14834,U+6EB0,溰
14835,U+6EB1,溱
14836,U+6EB2,溲
14837,U+6EB3,溳
14838,U+6EB4,溴
14839,U+6EB5,溵
14840,U+6EB6,溶
14841,U+6EB7,溷
14842,U+6EB8,溸
14843,U+6EB9,溹
14844,U+6EBA,溺
14845,U+6EBB,溻
14846,U+6EBC,溼
14847,U+6EBD,溽
14848,U+6EBE,溾
14849,U+6EBF,溿
14850,U+6EC0,滀
14851,U+6EC1,滁
14852,U+6EC2,滂
14853,U+6EC3,滃
14854,U+6EC4,滄
14855,U+6EC5,滅
14856,U+6EC6,滆
14857,U+6EC7,滇
14858,U+6EC8,滈
14859,U+6EC9,滉
14860,U+6ECA,滊
14861,U+6ECB,滋
14862,U+6ECC,滌
14863,U+6ECD,滍
14864,U+6ECE,滎
14865,U+6ECF,滏
14866,U+6ED0,滐
14867,U+6ED1,滑
14868,U+6ED2,滒
14869,U+6ED3,滓
14870,U+6ED4,滔
14871,U+6ED5,滕
14872,U+6ED6,滖
14873,U+6ED7,滗
14874,U+6ED8,滘
14875,U+6ED9,滙
14876,U+6EDA,滚
14877,U+6EDB,滛
14878,U+6EDC,滜
14879,U+6EDD,滝
14880,U+6EDE,滞
14881,U+6EDF,滟
14882,U+6EE0,滠
14883,U+6EE1,满
14884,U+6EE2,滢
14885,U+6EE3,滣
14886,U+6EE4,滤
14887,U+6EE5,滥
14888,U+6EE6,滦
14889,U+6EE7,滧
14890,U+6EE8,滨
14891,U+6EE9,滩
14892,U+6EEA,滪
14893,U+6EEB,滫
14894,U+6EEC,滬
14895,U+6EED,滭
14896,U+6EEE,滮
14897,U+6EEF,滯
14898,U+6EF0,滰
14899,U+6EF1,滱
14900,U+6EF2,滲
14901,U+6EF3,滳
14902,U+6EF4,滴
14903,U+6EF5,滵
14904,U+6EF6,滶
14905,U+6EF7,滷
14906,U+6EF8,滸
14907,U+6EF9,滹
14908,U+6EFA,滺
14909,U+6EFB,滻
14910,U+6EFC,滼
14911,U+6EFD,滽
14912,U+6EFE,滾
14913,U+6EFF,滿
14914,U+6F00,漀
14915,U+6F01,漁
14916,U+6F02,漂
14917,U+6F03,漃
14918,U+6F04,漄
14919,U+6F05,漅
14920,U+6F06,漆
14921,U+6F07,漇
14922,U+6F08,漈
14923,U+6F09,漉
14924,U+6F0A,漊
14925,U+6F0B,漋
14926,U+6F0C,漌
14927,U+6F0D,漍
14928,U+6F0E,漎
14929,U+6F0F,漏
14930,U+6F10,漐
14931,U+6F11,漑
14932,U+6F12,漒
14933,U+6F13,漓
14934,U+6F14,演
14935,U+6F15,漕
14936,U+6F16,漖
14937,U+6F17,漗
14938,U+6F18,漘
14939,U+6F19,漙
14940,U+6F1A,漚
14941,U+6F1B,漛
14942,U+6F1C,漜
14943,U+6F1D,漝
14944,U+6F1E,漞
14945,U+6F1F,漟
14946,U+6F20,漠
14947,U+6F21,漡
14948,U+6F22,漢
14949,U+6F23,漣
14950,U+6F24,漤
14951,U+6F25,漥
14952,U+6F26,漦
14953,U+6F27,漧
14954,U+6F28,漨
14955,U+6F29,漩
14956,U+6F2A,漪
14957,U+6F2B,漫
14958,U+6F2C,漬
14959,U+6F2D,漭
14960,U+6F2E,漮
14961,U+6F2F,漯
14962,U+6F30,漰
14963,U+6F31,漱
14964,U+6F32,漲
14965,U+6F33,漳
14966,U+6F34,漴
14967,U+6F35,漵
14968,U+6F36,漶
14969,U+6F37,漷
14970,U+6F38,漸
14971,U+6F39,漹
14972,U+6F3A,漺
14973,U+6F3B,漻
14974,U+6F3C,漼
14975,U+6F3D,漽
14976,U+6F3E,漾
14977,U+6F3F,漿
14978,U+6F40,潀
14979,U+6F41,潁
14980,U+6F42,潂
14981,U+6F43,潃
14982,U+6F44,潄
14983,U+6F45,潅
14984,U+6F46,潆
14985,U+6F47,潇
14986,U+6F48,潈
14987,U+6F49,潉
14988,U+6F4A,潊
14989,U+6F4B,潋
14990,U+6F4C,潌
14991,U+6F4D,潍
14992,U+6F4E,潎
14993,U+6F4F,潏
14994,U+6F50,潐
14995,U+6F51,潑
14996,U+6F52,潒
14997,U+6F53,潓
14998,U+6F54,潔
14999,U+6F55,潕
15000,U+6F56,潖
15001,U+6F57,潗
15002,U+6F58,潘
15003,U+6F59,潙
15004,U+6F5A,潚
15005,U+6F5B,潛
15006,U+6F5C,潜
15007,U+6F5D,潝
15008,U+6F5E,潞
15009,U+6F5F,潟
15010,U+6F60,潠
15011,U+6F61,潡
15012,U+6F62,潢
15013,U+6F63,潣
15014,U+6F64,潤
15015,U+6F65,潥
15016,U+6F66,潦
15017,U+6F67,潧
15018,U+6F68,潨
15019,U+6F69,潩
15020,U+6F6A,潪
15021,U+6F6B,潫
15022,U+6F6C,潬
15023,U+6F6D,潭
15024,U+6F6E,潮
15025,U+6F6F,潯
15026,U+6F70,潰
15027,U+6F71,潱
15028,U+6F72,潲
15029,U+6F73,潳
15030,U+6F74,潴
15031,U+6F75,潵
15032,U+6F76,潶
15033,U+6F77,潷
15034,U+6F78,潸
15035,U+6F79,潹
15036,U+6F7A,潺
15037,U+6F7B,潻
15038,U+6F7C,潼
15039,U+6F7D,潽
15040,U+6F7E,潾
15041,U+6F7F,潿
15042,U+6F80,澀
15043,U+6F81,澁
15044,U+6F82,澂
15045,U+6F83,澃
15046,U+6F84,澄
15047,U+6F85,澅
15048,U+6F86,澆
15049,U+6F87,澇
15050,U+6F88,澈
15051,U+6F89,澉
15052,U+6F8A,澊
15053,U+6F8B,澋
15054,U+6F8C,澌
15055,U+6F8D,澍
15056,U+6F8E,澎
15057,U+6F8F,澏
15058,U+6F90,澐
15059,U+6F91,澑
15060,U+6F92,澒
15061,U+6F93,澓
15062,U+6F94,澔
15063,U+6F95,澕
15064,U+6F96,澖
15065,U+6F97,澗
15066,U+6F98,澘
15067,U+6F99,澙
15068,U+6F9A,澚
15069,U+6F9B,澛
15070,U+6F9C,澜
15071,U+6F9D,澝
15072,U+6F9E,澞
15073,U+6F9F,澟
15074,U+6FA0,澠
15075,U+6FA1,澡
15076,U+6FA2,澢
15077,U+6FA3,澣
15078,U+6FA4,澤
15079,U+6FA5,澥
15080,U+6FA6,澦
15081,U+6FA7,澧
15082,U+6FA8,澨
15083,U+6FA9,澩
15084,U+6FAA,澪
15085,U+6FAB,澫
15086,U+6FAC,澬
15087,U+6FAD,澭
15088,U+6FAE,澮
15089,U+6FAF,澯
15090,U+6FB0,澰
15091,U+6FB1,澱
15092,U+6FB2,澲
15093,U+6FB3,澳
15094,U+6FB4,澴
15095,U+6FB5,澵
15096,U+6FB6,澶
15097,U+6FB7,澷
15098,U+6FB8,澸
15099,U+6FB9,澹
15100,U+6FBA,澺
15101,U+6FBB,澻
15102,U+6FBC,澼
15103,U+6FBD,澽
15104,U+6FBE,澾
15105,U+6FBF,澿
15106,U+6FC0,激
15107,U+6FC1,濁
15108,U+6FC2,濂
15109,U+6FC3,濃
15110,U+6FC4,濄
15111,U+6FC5,濅
15112,U+6FC6,濆
15113,U+6FC7,濇
15114,U+6FC8,濈
15115,U+6FC9,濉
15116,U+6FCA,濊
15117,U+6FCB,濋
15118,U+6FCC,濌
15119,U+6FCD,濍
15120,U+6FCE,濎
15121,U+6FCF,濏
15122,U+6FD0,濐
15123,U+6FD1,濑
15124,U+6FD2,濒
15125,U+6FD3,濓
15126,U+6FD4,濔
15127,U+6FD5,濕
15128,U+6FD6,濖
15129,U+6FD7,濗
15130,U+6FD8,濘
15131,U+6FD9,濙
15132,U+6FDA,濚
15133,U+6FDB,濛
15134,U+6FDC,濜
15135,U+6FDD,濝
15136,U+6FDE,濞
15137,U+6FDF,濟
15138,U+6FE0,濠
15139,U+6FE1,濡
15140,U+6FE2,濢
15141,U+6FE3,濣
15142,U+6FE4,濤
15143,U+6FE5,濥
15144,U+6FE6,濦
15145,U+6FE7,濧
15146,U+6FE8,濨
15147,U+6FE9,濩
15148,U+6FEA,濪
15149,U+6FEB,濫
15150,U+6FEC,濬
15151,U+6FED,濭
15152,U+6FEE,濮
15153,U+6FEF,濯
15154,U+6FF0,濰
15155,U+6FF1,濱
15156,U+6FF2,濲
15157,U+6FF3,濳
15158,U+6FF4,濴
15159,U+6FF5,濵
15160,U+6FF6,濶
15161,U+6FF7,濷
15162,U+6FF8,濸
15163,U+6FF9,濹
15164,U+6FFA,濺
15165,U+6FFB,濻
15166,U+6FFC,濼
15167,U+6FFD,濽
15168,U+6FFE,濾
15169,U+6FFF,濿
15170,U+7000,瀀
15171,U+7001,瀁
15172,U+7002,瀂
15173,U+7003,瀃
15174,U+7004,瀄
15175,U+7005,瀅
15176,U+7006,瀆
15177,U+7007,瀇
15178,U+7008,瀈
15179,U+7009,瀉
15180,U+700A,瀊
15181,U+700B,瀋
15182,U+700C,瀌
15183,U+700D,瀍
15184,U+700E,瀎
15185,U+700F,瀏
15186,U+7010,瀐
15187,U+7011,瀑
15188,U+7012,瀒
15189,U+7013,瀓
15190,U+7014,瀔
15191,U+7015,瀕
15192,U+7016,瀖
15193,U+7017,瀗
15194,U+7018,瀘
15195,U+7019,瀙
15196,U+701A,瀚
15197,U+701B,瀛
15198,U+701C,瀜
15199,U+701D,瀝
15200,U+701E,瀞
15201,U+701F,瀟
15202,U+7020,瀠
15203,U+7021,瀡
15204,U+7022,瀢
15205,U+7023,瀣
15206,U+7024,瀤
15207,U+7025,瀥
15208,U+7026,瀦
15209,U+7027,瀧
15210,U+7028,瀨
15211,U+7029,瀩
15212,U+702A,瀪
15213,U+702B,瀫
15214,U+702C,瀬
15215,U+702D,瀭
15216,U+702E,瀮
15217,U+702F,瀯
15218,U+7030,瀰
15219,U+7031,瀱
15220,U+7032,瀲
15221,U+7033,瀳
15222,U+7034,瀴
15223,U+7035,瀵
15224,U+7036,瀶
15225,U+7037,瀷
15226,U+7038,瀸
15227,U+7039,瀹
15228,U+703A,瀺
15229,U+703B,瀻
15230,U+703C,瀼
15231,U+703D,瀽
15232,U+703E,瀾
15233,U+703F,瀿
15234,U+7040,灀
15235,U+7041,灁
15236,U+7042,灂
15237,U+7043,灃
15238,U+7044,灄
15239,U+7045,灅
15240,U+7046,灆
15241,U+7047,灇
15242,U+7048,灈
15243,U+7049,灉
15244,U+704A,灊
15245,U+704B,灋
15246,U+704C,灌
15247,U+704D,灍
15248,U+704E,灎
15249,U+704F,灏
15250,U+7050,灐
15251,U+7051,灑
15252,U+7052,灒
15253,U+7053,灓
15254,U+7054,灔
15255,U+7055,灕
15256,U+7056,灖
15257,U+7057,灗
15258,U+7058,灘
15259,U+7059,灙
15260,U+705A,灚
15261,U+705B,灛
15262,U+705C,灜
15263,U+705D,灝
15264,U+705E,灞
15265,U+705F,灟
15266,U+7060,灠
15267,U+7061,灡
15268,U+7062,灢
15269,U+7063,灣
15270,U+7064,灤
15271,U+7065,灥
15272,U+7066,灦
15273,U+7067,灧
15274,U+7068,灨
15275,U+7069,灩
15276,U+706A,灪
15277,U+706B,火
15278,U+706C,灬
15279,U+706D,灭
15280,U+706E,灮
15281,U+706F,灯
15282,U+7070,灰
15283,U+7071,灱
15284,U+7072,灲
15285,U+7073,灳
15286,U+7074,灴
15287,U+7075,灵
15288,U+7076,灶
15289,U+7077,灷
15290,U+7078,灸
15291,U+7079,灹
15292,U+707A,灺
15293,U+707B,灻
15294,U+707C,灼
15295,U+707D,災
15296,U+707E,灾
15297,U+707F,灿
15298,U+7080,炀
15299,U+7081,炁
15300,U+7082,炂
15301,U+7083,炃
15302,U+7084,炄
15303,U+7085,炅
15304,U+7086,炆
15305,U+7087,炇
15306,U+7088,炈
15307,U+7089,炉
15308,U+708A,炊
15309,U+708B,炋
15310,U+708C,炌
15311,U+708D,炍
15312,U+708E,炎
15313,U+708F,炏
15314,U+7090,炐
15315,U+7091,炑
15316,U+7092,炒
15317,U+7093,炓
15318,U+7094,炔
15319,U+7095,炕
15320,U+7096,炖
15321,U+7097,炗
15322,U+7098,炘
15323,U+7099,炙
15324,U+709A,炚
15325,U+709B,炛
15326,U+709C,炜
15327,U+709D,炝
15328,U+709E,炞
15329,U+709F,炟
15330,U+70A0,炠
15331,U+70A1,炡
15332,U+70A2,炢
15333,U+70A3,炣
15334,U+70A4,炤
15335,U+70A5,炥
15336,U+70A6,炦
15337,U+70A7,炧
15338,U+70A8,炨
15339,U+70A9,炩
15340,U+70AA,炪
15341,U+70AB,炫
15342,U+70AC,炬
15343,U+70AD,炭
15344,U+70AE,炮
15345,U+70AF,炯
15346,U+70B0,炰
15347,U+70B1,炱
15348,U+70B2,炲
15349,U+70B3,炳
15350,U+70B4,炴
15351,U+70B5,炵
15352,U+70B6,炶
15353,U+70B7,炷
15354,U+70B8,炸
15355,U+70B9,点
15356,U+70BB,炻
15357,U+70BC,炼
15358,U+70BD,炽
15359,U+70BE,炾
15360,U+70BF,炿
15361,U+70C0,烀
15362,U+70C1,烁
15363,U+70C2,烂
15364,U+70C3,烃
15365,U+70C4,烄
15366,U+70C5,烅
15367,U+70C6,烆
15368,U+70C7,烇
15369,U+70C8,烈
15370,U+70C9,烉
15371,U+70CA,烊
15372,U+70CB,烋
15373,U+70CC,烌
15374,U+70CD,烍
15375,U+70CE,烎
15376,U+70CF,烏
15377,U+70D0,烐
15378,U+70D1,烑
15379,U+70D2,烒
15380,U+70D3,烓
15381,U+70D4,烔
15382,U+70D5,烕
15383,U+70D6,烖
15384,U+70D7,烗
15385,U+70D8,烘
15386,U+70D9,烙
15387,U+70DA,烚
15388,U+70DB,烛
15389,U+70DC,烜
15390,U+70DD,烝
15391,U+70DE,烞
15392,U+70DF,烟
15393,U+70E0,烠
15394,U+70E1,烡
15395,U+70E2,烢
15396,U+70E3,烣
15397,U+70E4,烤
15398,U+70E5,烥
15399,U+70E6,烦
15400,U+70E7,烧
15401,U+70E8,烨
15402,U+70E9,烩
15403,U+70EA,烪
15404,U+70EB,烫
15405,U+70EC,烬
15406,U+70ED,热
15407,U+70EE,烮
15408,U+70EF,烯
15409,U+70F0,烰
15410,U+70F1,烱
15411,U+70F2,烲
15412,U+70F3,烳
15413,U+70F4,烴
15414,U+70F5,烵
15415,U+70F6,烶
15416,U+70F7,烷
15417,U+70F8,烸
15418,U+70F9,烹
15419,U+70FA,烺
15420,U+70FB,烻
15421,U+70FC,烼
15422,U+70FD,烽
15423,U+70FE,烾
15424,U+70FF,烿
15425,U+7100,焀
15426,U+7101,焁
15427,U+7102,焂
15428,U+7103,焃
15429,U+7104,焄
15430,U+7105,焅
15431,U+7106,焆
15432,U+7107,焇
15433,U+7108,焈
15434,U+7109,焉
15435,U+710A,焊
15436,U+710B,焋
15437,U+710C,焌
15438,U+710D,焍
15439,U+710E,焎
15440,U+710F,焏
15441,U+7110,焐
15442,U+7111,焑
15443,U+7112,焒
15444,U+7113,焓
15445,U+7114,焔
15446,U+7115,焕
15447,U+7116,焖
15448,U+7117,焗
15449,U+7118,焘
15450,U+7119,焙
15451,U+711A,焚
15452,U+711B,焛
15453,U+711C,焜
15454,U+711D,焝
15455,U+711E,焞
15456,U+711F,焟
15457,U+7120,焠
15458,U+7121,無
15459,U+7122,焢
15460,U+7123,焣
15461,U+7124,焤
15462,U+7125,焥
15463,U+7126,焦
15464,U+7127,焧
15465,U+7128,焨
15466,U+7129,焩
15467,U+712A,焪
15468,U+712B,焫
15469,U+712C,焬
15470,U+712D,焭
15471,U+712E,焮
15472,U+712F,焯
15473,U+7130,焰
15474,U+7131,焱
15475,U+7132,焲
15476,U+7133,焳
15477,U+7134,焴
15478,U+7135,焵
15479,U+7136,然
15480,U+7137,焷
15481,U+7138,焸
15482,U+7139,焹
15483,U+713A,焺
15484,U+713B,焻
15485,U+713C,焼
15486,U+713D,焽
15487,U+713E,焾
15488,U+713F,焿
15489,U+7140,煀
15490,U+7141,煁
15491,U+7142,煂
15492,U+7143,煃
15493,U+7144,煄
15494,U+7145,煅
15495,U+7146,煆
15496,U+7147,煇
15497,U+7148,煈
15498,U+7149,煉
15499,U+714A,煊
15500,U+714B,煋
15501,U+714C,煌
15502,U+714D,煍
15503,U+714E,煎
15504,U+714F,煏
15505,U+7150,煐
15506,U+7151,煑
15507,U+7152,煒
15508,U+7153,煓
15509,U+7154,煔
15510,U+7155,煕
15511,U+7156,煖
15512,U+7157,煗
15513,U+7158,煘
15514,U+7159,煙
15515,U+715A,煚
15516,U+715B,煛
15517,U+715C,煜
15518,U+715D,煝
15519,U+715E,煞
15520,U+715F,煟
15521,U+7160,煠
15522,U+7161,煡
15523,U+7162,煢
15524,U+7163,煣
15525,U+7164,煤
15526,U+7165,煥
15527,U+7166,煦
15528,U+7167,照
15529,U+7168,煨
15530,U+7169,煩
15531,U+716A,煪
15532,U+716B,煫
15533,U+716C,煬
15534,U+716D,煭
15535,U+716E,煮
15536,U+716F,煯
15537,U+7170,煰
15538,U+7171,煱
15539,U+7172,煲
15540,U+7173,煳
15541,U+7174,煴
15542,U+7175,煵
15543,U+7176,煶
15544,U+7177,煷
15545,U+7178,煸
15546,U+7179,煹
15547,U+717A,煺
15548,U+717B,煻
15549,U+717C,煼
15550,U+717D,煽
15551,U+717E,煾
15552,U+717F,煿
15553,U+7180,熀
15554,U+7181,熁
15555,U+7182,熂
15556,U+7183,熃
15557,U+7184,熄
15558,U+7185,熅
15559,U+7186,熆
15560,U+7187,熇
15561,U+7188,熈
15562,U+7189,熉
15563,U+718A,熊
15564,U+718B,熋
15565,U+718C,熌
15566,U+718D,熍
15567,U+718E,熎
15568,U+7190,熐
15569,U+7191,熑
15570,U+7192,熒
15571,U+7193,熓
15572,U+7194,熔
15573,U+7195,熕
15574,U+7196,熖
15575,U+7197,熗
15576,U+7198,熘
15577,U+7199,熙
15578,U+719A,熚
15579,U+719B,熛
15580,U+719C,熜
15581,U+719D,熝
15582,U+719E,熞
15583,U+719F,熟
15584,U+71A0,熠
15585,U+71A1,熡
15586,U+71A2,熢
15587,U+71A3,熣
15588,U+71A4,熤
15589,U+71A5,熥
15590,U+71A6,熦
15591,U+71A7,熧
15592,U+71A8,熨
15593,U+71A9,熩
15594,U+71AA,熪
15595,U+71AB,熫
15596,U+71AC,熬
15597,U+71AD,熭
15598,U+71AE,熮
15599,U+71AF,熯
15600,U+71B0,熰
15601,U+71B1,熱
15602,U+71B2,熲
15603,U+71B3,熳
15604,U+71B4,熴
15605,U+71B5,熵
15606,U+71B6,熶
15607,U+71B7,熷
15608,U+71B8,熸
15609,U+71B9,熹
15610,U+71BA,熺
15611,U+71BB,熻
15612,U+71BC,熼
15613,U+71BD,熽
15614,U+71BE,熾
15615,U+71BF,熿
15616,U+71C0,燀
15617,U+71C1,燁
15618,U+71C2,燂
15619,U+71C3,燃
15620,U+71C4,燄
15621,U+71C5,燅
15622,U+71C6,燆
15623,U+71C7,燇
15624,U+71C8,燈
15625,U+71C9,燉
15626,U+71CA,燊
15627,U+71CB,燋
15628,U+71CC,燌
15629,U+71CD,燍
15630,U+71CE,燎
15631,U+71CF,燏
15632,U+71D0,燐
15633,U+71D1,燑
15634,U+71D2,燒
15635,U+71D3,燓
15636,U+71D4,燔
15637,U+71D5,燕
15638,U+71D6,燖
15639,U+71D7,燗
15640,U+71D8,燘
15641,U+71D9,燙
15642,U+71DA,燚
15643,U+71DB,燛
15644,U+71DC,燜
15645,U+71DD,燝
15646,U+71DE,燞
15647,U+71DF,營
15648,U+71E0,燠
15649,U+71E1,燡
15650,U+71E2,燢
15651,U+71E3,燣
15652,U+71E4,燤
15653,U+71E5,燥
15654,U+71E6,燦
15655,U+71E7,燧
15656,U+71E8,燨
15657,U+71E9,燩
15658,U+71EA,燪
15659,U+71EB,燫
15660,U+71EC,燬
15661,U+71ED,燭
15662,U+71EE,燮
15663,U+71EF,燯
15664,U+71F0,燰
15665,U+71F1,燱
15666,U+71F2,燲
15667,U+71F3,燳
15668,U+71F4,燴
15669,U+71F5,燵
15670,U+71F6,燶
15671,U+71F7,燷
15672,U+71F8,燸
15673,U+71F9,燹
15674,U+71FA,燺
15675,U+71FB,燻
15676,U+71FC,燼
15677,U+71FD,燽
15678,U+71FE,燾
15679,U+71FF,燿
15680,U+7200,爀
15681,U+7201,爁
15682,U+7202,爂
15683,U+7203,爃
15684,U+7204,爄
15685,U+7205,爅
15686,U+7206,爆
15687,U+7207,爇
15688,U+7208,爈
15689,U+7209,爉
15690,U+720A,爊
15691,U+720B,爋
15692,U+720C,爌
15693,U+720D,爍
15694,U+720E,爎
15695,U+720F,爏
15696,U+7210,爐
15697,U+7211,爑
15698,U+7212,爒
15699,U+7213,爓
15700,U+7214,爔
15701,U+7215,爕
15702,U+7216,爖
15703,U+7217,爗
15704,U+7218,爘
15705,U+7219,爙
15706,U+721A,爚
15707,U+721B,爛
15708,U+721C,爜
15709,U+721D,爝
15710,U+721E,爞
15711,U+721F,爟
15712,U+7220,爠
15713,U+7221,爡
15714,U+7222,爢
15715,U+7223,爣
15716,U+7224,爤
15717,U+7225,爥
15718,U+7226,爦
15719,U+7227,爧
15720,U+7228,爨
15721,U+7229,爩
15722,U+722A,爪
15723,U+722B,爫
15724,U+722C,爬
15725,U+722D,爭
15726,U+722E,爮
15727,U+722F,爯
15728,U+7230,爰
15729,U+7231,爱
15730,U+7233,爳
15731,U+7234,爴
15732,U+7235,爵
15733,U+7236,父
15734,U+7237,爷
15735,U+7238,爸
15736,U+7239,爹
15737,U+723A,爺
15738,U+723B,爻
15739,U+723C,爼
15740,U+723D,爽
15741,U+723E,爾
15742,U+723F,爿
15743,U+7240,牀
15744,U+7241,牁
15745,U+7242,牂
15746,U+7243,牃
15747,U+7244,牄
15748,U+7245,牅
15749,U+7246,牆
15750,U+7247,片
15751,U+7248,版
15752,U+7249,牉
15753,U+724A,牊
15754,U+724B,牋
15755,U+724C,牌
15756,U+724D,牍
15757,U+724E,牎
15758,U+724F,牏
15759,U+7250,牐
15760,U+7251,牑
15761,U+7252,牒
15762,U+7253,牓
15763,U+7254,牔
15764,U+7255,牕
15765,U+7256,牖
15766,U+7257,牗
15767,U+7258,牘
15768,U+7259,牙
15769,U+725A,牚
15770,U+725B,牛
15771,U+725D,牝
15772,U+725E,牞
15773,U+725F,牟
15774,U+7260,牠
15775,U+7261,牡
15776,U+7262,牢
15777,U+7263,牣
15778,U+7264,牤
15779,U+7265,牥
15780,U+7266,牦
15781,U+7267,牧
15782,U+7268,牨
15783,U+7269,物
15784,U+726A,牪
15785,U+726B,牫
15786,U+726C,牬
15787,U+726D,牭
15788,U+726E,牮
15789,U+726F,牯
15790,U+7270,牰
15791,U+7271,牱
15792,U+7272,牲
15793,U+7273,牳
15794,U+7274,牴
15795,U+7275,牵
15796,U+7276,牶
15797,U+7277,牷
15798,U+7278,牸
15799,U+7279,特
15800,U+727A,牺
15801,U+727B,牻
15802,U+727C,牼
15803,U+727D,牽
15804,U+727E,牾
15805,U+727F,牿
15806,U+7280,犀
15807,U+7281,犁
15808,U+7282,犂
15809,U+7283,犃
15810,U+7284,犄
15811,U+7285,犅
15812,U+7286,犆
15813,U+7287,犇
15814,U+7288,犈
15815,U+7289,犉
15816,U+728A,犊
15817,U+728B,犋
15818,U+728C,犌
15819,U+728D,犍
15820,U+728E,犎
15821,U+728F,犏
15822,U+7290,犐
15823,U+7291,犑
15824,U+7292,犒
15825,U+7293,犓
15826,U+7294,犔
15827,U+7295,犕
15828,U+7296,犖
15829,U+7297,犗
15830,U+7298,犘
15831,U+7299,犙
15832,U+729A,犚
15833,U+729B,犛
15834,U+729C,犜
15835,U+729D,犝
15836,U+729E,犞
15837,U+729F,犟
15838,U+72A0,犠
15839,U+72A1,犡
15840,U+72A2,犢
15841,U+72A3,犣
15842,U+72A4,犤
15843,U+72A5,犥
15844,U+72A6,犦
15845,U+72A7,犧
15846,U+72A8,犨
15847,U+72A9,犩
15848,U+72AA,犪
15849,U+72AB,犫
15850,U+72AC,犬
15851,U+72AD,犭
15852,U+72AE,犮
15853,U+72AF,犯
15854,U+72B0,犰
15855,U+72B1,犱
15856,U+72B2,犲
15857,U+72B3,犳
15858,U+72B4,犴
15859,U+72B5,犵
15860,U+72B6,状
15861,U+72B7,犷
15862,U+72B8,犸
15863,U+72B9,犹
15864,U+72BA,犺
15865,U+72BB,犻
15866,U+72BC,犼
15867,U+72BD,犽
15868,U+72BE,犾
15869,U+72BF,犿
15870,U+72C0,狀
15871,U+72C1,狁
15872,U+72C2,狂
15873,U+72C3,狃
15874,U+72C4,狄
15875,U+72C5,狅
15876,U+72C6,狆
15877,U+72C7,狇
15878,U+72C8,狈
15879,U+72C9,狉
15880,U+72CA,狊
15881,U+72CB,狋
15882,U+72CC,狌
15883,U+72CD,狍
15884,U+72CE,狎
15885,U+72CF,狏
15886,U+72D0,狐
15887,U+72D1,狑
15888,U+72D2,狒
15889,U+72D3,狓
15890,U+72D4,狔
15891,U+72D5,狕
15892,U+72D6,狖
15893,U+72D7,狗
15894,U+72D8,狘
15895,U+72D9,狙
15896,U+72DA,狚
15897,U+72DB,狛
15898,U+72DC,狜
15899,U+72DD,狝
15900,U+72DE,狞
15901,U+72DF,狟
15902,U+72E0,狠
15903,U+72E1,狡
15904,U+72E2,狢
15905,U+72E3,狣
15906,U+72E4,狤
15907,U+72E5,狥
15908,U+72E6,狦
15909,U+72E7,狧
15910,U+72E8,狨
15911,U+72E9,狩
15912,U+72EA,狪
15913,U+72EB,狫
15914,U+72EC,独
15915,U+72ED,狭
15916,U+72EE,狮
15917,U+72EF,狯
15918,U+72F0,狰
15919,U+72F1,狱
15920,U+72F2,狲
15921,U+72F3,狳
15922,U+72F4,狴
15923,U+72F5,狵
15924,U+72F6,狶
15925,U+72F7,狷
15926,U+72F8,狸
15927,U+72F9,狹
15928,U+72FA,狺
15929,U+72FB,狻
15930,U+72FC,狼
15931,U+72FD,狽
15932,U+72FE,狾
15933,U+72FF,狿
15934,U+7300,猀
15935,U+7301,猁
15936,U+7302,猂
15937,U+7303,猃
15938,U+7304,猄
15939,U+7305,猅
15940,U+7306,猆
15941,U+7307,猇
15942,U+7308,猈
15943,U+7309,猉
15944,U+730A,猊
15945,U+730B,猋
15946,U+730C,猌
15947,U+730D,猍
15948,U+730E,猎
15949,U+730F,猏
15950,U+7310,猐
15951,U+7311,猑
15952,U+7312,猒
15953,U+7313,猓
15954,U+7314,猔
15955,U+7315,猕
15956,U+7316,猖
15957,U+7317,猗
15958,U+7318,猘
15959,U+7319,猙
15960,U+731A,猚
15961,U+731B,猛
15962,U+731C,猜
15963,U+731D,猝
15964,U+731E,猞
15965,U+731F,猟
15966,U+7320,猠
15967,U+7321,猡
15968,U+7322,猢
15969,U+7323,猣
15970,U+7324,猤
15971,U+7325,猥
15972,U+7326,猦
15973,U+7327,猧
15974,U+7328,猨
15975,U+7329,猩
15976,U+732A,猪
15977,U+732B,猫
15978,U+732C,猬
15979,U+732D,猭
15980,U+732E,献
15981,U+732F,猯
15982,U+7330,猰
15983,U+7331,猱
15984,U+7332,猲
15985,U+7333,猳
15986,U+7334,猴
15987,U+7335,猵
15988,U+7336,猶
15989,U+7337,猷
15990,U+7338,猸
15991,U+7339,猹
15992,U+733A,猺
15993,U+733B,猻
15994,U+733C,猼
15995,U+733D,猽
15996,U+733E,猾
15997,U+733F,猿
15998,U+7340,獀
15999,U+7341,獁
16000,U+7342,獂
16001,U+7343,獃
16002,U+7344,獄
16003,U+7345,獅
16004,U+7346,獆
16005,U+7347,獇
16006,U+7348,獈
16007,U+7349,獉
16008,U+734A,獊
16009,U+734B,獋
16010,U+734C,獌
16011,U+734D,獍
16012,U+734E,獎
16013,U+734F,獏
16014,U+7350,獐
16015,U+7351,獑
16016,U+7352,獒
16017,U+7353,獓
16018,U+7354,獔
16019,U+7355,獕
16020,U+7356,獖
16021,U+7357,獗
16022,U+7358,獘
16023,U+7359,獙
16024,U+735A,獚
16025,U+735B,獛
16026,U+735C,獜
16027,U+735D,獝
16028,U+735E,獞
16029,U+735F,獟
16030,U+7360,獠
16031,U+7361,獡
16032,U+7362,獢
16033,U+7363,獣
16034,U+7364,獤
16035,U+7365,獥
16036,U+7366,獦
16037,U+7367,獧
16038,U+7368,獨
16039,U+7369,獩
16040,U+736A,獪
16041,U+736B,獫
16042,U+736C,獬
16043,U+736D,獭
16044,U+736E,獮
16045,U+736F,獯
16046,U+7370,獰
16047,U+7371,獱
16048,U+7372,獲
16049,U+7373,獳
16050,U+7374,獴
16051,U+7375,獵
16052,U+7376,獶
16053,U+7377,獷
16054,U+7378,獸
16055,U+7379,獹
16056,U+737A,獺
16057,U+737B,獻
16058,U+737C,獼
16059,U+737D,獽
16060,U+737E,獾
16061,U+737F,獿
16062,U+7380,玀
16063,U+7381,玁
16064,U+7382,玂
16065,U+7383,玃
16066,U+7384,玄
16067,U+7385,玅
16068,U+7386,玆
16069,U+7387,率
16070,U+7388,玈
16071,U+7389,玉
16072,U+738A,玊
16073,U+738B,王
16074,U+738C,玌
16075,U+738D,玍
16076,U+738E,玎
16077,U+738F,玏
16078,U+7390,玐
16079,U+7391,玑
16080,U+7392,玒
16081,U+7393,玓
16082,U+7394,玔
16083,U+7395,玕
16084,U+7396,玖
16085,U+7397,玗
16086,U+7398,玘
16087,U+7399,玙
16088,U+739A,玚
16089,U+739B,玛
16090,U+739C,玜
16091,U+739D,玝
16092,U+739E,玞
16093,U+739F,玟
16094,U+73A0,玠
16095,U+73A1,玡
16096,U+73A2,玢
16097,U+73A3,玣
16098,U+73A4,玤
16099,U+73A5,玥
16100,U+73A6,玦
16101,U+73A7,玧
16102,U+73A8,玨
16103,U+73A9,玩
16104,U+73AA,玪
16105,U+73AB,玫
16106,U+73AC,玬
16107,U+73AD,玭
16108,U+73AE,玮
16109,U+73AF,环
16110,U+73B0,现
16111,U+73B1,玱
16112,U+73B2,玲
16113,U+73B3,玳
16114,U+73B4,玴
16115,U+73B5,玵
16116,U+73B6,玶
16117,U+73B7,玷
16118,U+73B8,玸
16119,U+73B9,玹
16120,U+73BA,玺
16121,U+73BB,玻
16122,U+73BC,玼
16123,U+73BD,玽
16124,U+73BE,玾
16125,U+73BF,玿
16126,U+73C0,珀
16127,U+73C1,珁
16128,U+73C2,珂
16129,U+73C3,珃
16130,U+73C4,珄
16131,U+73C5,珅
16132,U+73C6,珆
16133,U+73C7,珇
16134,U+73C8,珈
16135,U+73C9,珉
16136,U+73CA,珊
16137,U+73CB,珋
16138,U+73CC,珌
16139,U+73CD,珍
16140,U+73CE,珎
16141,U+73CF,珏
16142,U+73D0,珐
16143,U+73D1,珑
16144,U+73D2,珒
16145,U+73D3,珓
16146,U+73D4,珔
16147,U+73D5,珕
16148,U+73D6,珖
16149,U+73D7,珗
16150,U+73D8,珘
16151,U+73D9,珙
16152,U+73DA,珚
16153,U+73DB,珛
16154,U+73DC,珜
16155,U+73DD,珝
16156,U+73DE,珞
16157,U+73DF,珟
16158,U+73E0,珠
16159,U+73E1,珡
16160,U+73E2,珢
16161,U+73E3,珣
16162,U+73E4,珤
16163,U+73E5,珥
16164,U+73E6,珦
16165,U+73E7,珧
16166,U+73E8,珨
16167,U+73E9,珩
16168,U+73EA,珪
16169,U+73EB,珫
16170,U+73EC,珬
16171,U+73ED,班
16172,U+73EE,珮
16173,U+73EF,珯
16174,U+73F0,珰
16175,U+73F1,珱
16176,U+73F2,珲
16177,U+73F3,珳
16178,U+73F4,珴
16179,U+73F5,珵
16180,U+73F6,珶
16181,U+73F7,珷
16182,U+73F8,珸
16183,U+73F9,珹
16184,U+73FA,珺
16185,U+73FB,珻
16186,U+73FC,珼
16187,U+73FD,珽
16188,U+73FE,現
16189,U+73FF,珿
16190,U+7400,琀
16191,U+7401,琁
16192,U+7402,琂
16193,U+7403,球
16194,U+7404,琄
16195,U+7405,琅
16196,U+7406,理
16197,U+7407,琇
16198,U+7408,琈
16199,U+7409,琉
16200,U+740A,琊
16201,U+740B,琋
16202,U+740C,琌
16203,U+740D,琍
16204,U+740E,琎
16205,U+740F,琏
16206,U+7410,琐
16207,U+7411,琑
16208,U+7412,琒
16209,U+7413,琓
16210,U+7414,琔
16211,U+7415,琕
16212,U+7416,琖
16213,U+7417,琗
16214,U+7418,琘
16215,U+7419,琙
16216,U+741A,琚
16217,U+741B,琛
16218,U+741C,琜
16219,U+741D,琝
16220,U+741E,琞
16221,U+741F,琟
16222,U+7420,琠
16223,U+7421,琡
16224,U+7422,琢
16225,U+7423,琣
16226,U+7424,琤
16227,U+7425,琥
16228,U+7426,琦
16229,U+7427,琧
16230,U+7428,琨
16231,U+7429,琩
16232,U+742A,琪
16233,U+742B,琫
16234,U+742C,琬
16235,U+742D,琭
16236,U+742E,琮
16237,U+742F,琯
16238,U+7430,琰
16239,U+7431,琱
16240,U+7432,琲
16241,U+7433,琳
16242,U+7434,琴
16243,U+7435,琵
16244,U+7436,琶
16245,U+7437,琷
16246,U+7438,琸
16247,U+7439,琹
16248,U+743A,琺
16249,U+743B,琻
16250,U+743C,琼
16251,U+743D,琽
16252,U+743E,琾
16253,U+743F,琿
16254,U+7440,瑀
16255,U+7441,瑁
16256,U+7442,瑂
16257,U+7443,瑃
16258,U+7444,瑄
16259,U+7445,瑅
16260,U+7446,瑆
16261,U+7447,瑇
16262,U+7448,瑈
16263,U+7449,瑉
16264,U+744A,瑊
16265,U+744B,瑋
16266,U+744C,瑌
16267,U+744D,瑍
16268,U+744E,瑎
16269,U+744F,瑏
16270,U+7450,瑐
16271,U+7451,瑑
16272,U+7452,瑒
16273,U+7453,瑓
16274,U+7454,瑔
16275,U+7455,瑕
16276,U+7456,瑖
16277,U+7457,瑗
16278,U+7458,瑘
16279,U+7459,瑙
16280,U+745A,瑚
16281,U+745B,瑛
16282,U+745C,瑜
16283,U+745D,瑝
16284,U+745E,瑞
16285,U+745F,瑟
16286,U+7460,瑠
16287,U+7461,瑡
16288,U+7462,瑢
16289,U+7463,瑣
16290,U+7464,瑤
16291,U+7465,瑥
16292,U+7466,瑦
16293,U+7467,瑧
16294,U+7468,瑨
16295,U+7469,瑩
16296,U+746A,瑪
16297,U+746B,瑫
16298,U+746C,瑬
16299,U+746D,瑭
16300,U+746E,瑮
16301,U+746F,瑯
16302,U+7470,瑰
16303,U+7471,瑱
16304,U+7472,瑲
16305,U+7473,瑳
16306,U+7474,瑴
16307,U+7475,瑵
16308,U+7476,瑶
16309,U+7477,瑷
16310,U+7478,瑸
16311,U+7479,瑹
16312,U+747A,瑺
16313,U+747B,瑻
16314,U+747C,瑼
16315,U+747D,瑽
16316,U+747E,瑾
16317,U+747F,瑿
16318,U+7480,璀
16319,U+7481,璁
16320,U+7482,璂
16321,U+7483,璃
16322,U+7484,璄
16323,U+7485,璅
16324,U+7486,璆
16325,U+7487,璇
16326,U+7488,璈
16327,U+7489,璉
16328,U+748A,璊
16329,U+748B,璋
16330,U+748C,璌
16331,U+748D,璍
16332,U+748E,璎
16333,U+748F,璏
16334,U+7490,璐
16335,U+7491,璑
16336,U+7492,璒
16337,U+7493,璓
16338,U+7494,璔
16339,U+7495,璕
16340,U+7496,璖
16341,U+7497,璗
16342,U+7498,璘
16343,U+7499,璙
16344,U+749A,璚
16345,U+749B,璛
16346,U+749C,璜
16347,U+749D,璝
16348,U+749E,璞
16349,U+749F,璟
16350,U+74A0,璠
16351,U+74A1,璡
16352,U+74A2,璢
16353,U+74A3,璣
16354,U+74A4,璤
16355,U+74A5,璥
16356,U+74A6,璦
16357,U+74A7,璧
16358,U+74A8,璨
16359,U+74A9,璩
16360,U+74AA,璪
16361,U+74AB,璫
16362,U+74AC,璬
16363,U+74AD,璭
16364,U+74AE,璮
16365,U+74AF,璯
16366,U+74B0,環
16367,U+74B1,璱
16368,U+74B2,璲
16369,U+74B3,璳
16370,U+74B4,璴
16371,U+74B5,璵
16372,U+74B6,璶
16373,U+74B7,璷
16374,U+74B8,璸
16375,U+74B9,璹
16376,U+74BA,璺
16377,U+74BB,璻
16378,U+74BC,璼
16379,U+74BD,璽
16380,U+74BE,璾
16381,U+74BF,璿
16382,U+74C0,瓀
16383,U+74C1,瓁
16384,U+74C2,瓂
16385,U+74C3,瓃
16386,U+74C4,瓄
16387,U+74C5,瓅
16388,U+74C6,瓆
16389,U+74C7,瓇
16390,U+74C8,瓈
16391,U+74C9,瓉
16392,U+74CA,瓊
16393,U+74CB,瓋
16394,U+74CC,瓌
16395,U+74CD,瓍
16396,U+74CE,瓎
16397,U+74CF,瓏
16398,U+74D0,瓐
16399,U+74D1,瓑
16400,U+74D2,瓒
16401,U+74D3,瓓
16402,U+74D4,瓔
16403,U+74D5,瓕
16404,U+74D6,瓖
16405,U+74D7,瓗
16406,U+74D8,瓘
16407,U+74D9,瓙
16408,U+74DA,瓚
16409,U+74DB,瓛
16410,U+74DC,瓜
16411,U+74DD,瓝
16412,U+74DE,瓞
16413,U+74DF,瓟
16414,U+74E0,瓠
16415,U+74E1,瓡
16416,U+74E2,瓢
16417,U+74E3,瓣
16418,U+74E4,瓤
16419,U+74E5,瓥
16420,U+74E6,瓦
16421,U+74E7,瓧
16422,U+74E8,瓨
16423,U+74E9,瓩
16424,U+74EA,瓪
16425,U+74EB,瓫
16426,U+74EC,瓬
16427,U+74ED,瓭
16428,U+74EE,瓮
16429,U+74EF,瓯
16430,U+74F0,瓰
16431,U+74F1,瓱
16432,U+74F2,瓲
16433,U+74F3,瓳
16434,U+74F4,瓴
16435,U+74F5,瓵
16436,U+74F6,瓶
16437,U+74F7,瓷
16438,U+74F8,瓸
16439,U+74F9,瓹
16440,U+74FA,瓺
16441,U+74FB,瓻
16442,U+74FC,瓼
16443,U+74FD,瓽
16444,U+74FE,瓾
16445,U+74FF,瓿
16446,U+7500,甀
16447,U+7501,甁
16448,U+7502,甂
16449,U+7503,甃
16450,U+7504,甄
16451,U+7505,甅
16452,U+7506,甆
16453,U+7507,甇
16454,U+7508,甈
16455,U+7509,甉
16456,U+750A,甊
16457,U+750B,甋
16458,U+750C,甌
16459,U+750D,甍
16460,U+750E,甎
16461,U+750F,甏
16462,U+7510,甐
16463,U+7511,甑
16464,U+7512,甒
16465,U+7513,甓
16466,U+7514,甔
16467,U+7515,甕
16468,U+7516,甖
16469,U+7517,甗
16470,U+7518,甘
16471,U+7519,甙
16472,U+751A,甚
16473,U+751B,甛
16474,U+751C,甜
16475,U+751D,甝
16476,U+751E,甞
16477,U+751F,生
16478,U+7520,甠
16479,U+7521,甡
16480,U+7522,產
16481,U+7523,産
16482,U+7524,甤
16483,U+7525,甥
16484,U+7526,甦
16485,U+7527,甧
16486,U+7528,用
16487,U+7529,甩
16488,U+752A,甪
16489,U+752B,甫
16490,U+752C,甬
16491,U+752D,甭
16492,U+752E,甮
16493,U+752F,甯
16494,U+7530,田
16495,U+7534,甴
16496,U+7535,电
16497,U+7536,甶
16498,U+7537,男
16499,U+7538,甸
16500,U+7539,甹
16501,U+753A,町
16502,U+753B,画
16503,U+753C,甼
16504,U+753D,甽
16505,U+753E,甾
16506,U+753F,甿
16507,U+7540,畀
16508,U+7541,畁
16509,U+7542,畂
16510,U+7543,畃
16511,U+7544,畄
16512,U+7545,畅
16513,U+7546,畆
16514,U+7547,畇
16515,U+7548,畈
16516,U+7549,畉
16517,U+754A,畊
16518,U+754B,畋
16519,U+754C,界
16520,U+754D,畍
16521,U+754E,畎
16522,U+754F,畏
16523,U+7550,畐
16524,U+7551,畑
16525,U+7552,畒
16526,U+7553,畓
16527,U+7554,畔
16528,U+7555,畕
16529,U+7556,畖
16530,U+7557,畗
16531,U+7558,畘
16532,U+7559,留
16533,U+755A,畚
16534,U+755B,畛
16535,U+755C,畜
16536,U+755D,畝
16537,U+755E,畞
16538,U+755F,畟
16539,U+7560,畠
16540,U+7561,畡
16541,U+7562,畢
16542,U+7563,畣
16543,U+7564,畤
16544,U+7565,略
16545,U+7566,畦
16546,U+7567,畧
16547,U+7568,畨
16548,U+7569,畩
16549,U+756A,番
16550,U+756B,畫
16551,U+756C,畬
16552,U+756D,畭
16553,U+756E,畮
16554,U+756F,畯
16555,U+7570,異
16556,U+7571,畱
16557,U+7572,畲
16558,U+7573,畳
16559,U+7574,畴
16560,U+7575,畵
16561,U+7576,當
16562,U+7577,畷
16563,U+7578,畸
16564,U+7579,畹
16565,U+757A,畺
16566,U+757B,畻
16567,U+757C,畼
16568,U+757D,畽
16569,U+757E,畾
16570,U+757F,畿
16571,U+7580,疀
16572,U+7581,疁
16573,U+7582,疂
16574,U+7583,疃
16575,U+7584,疄
16576,U+7585,疅
16577,U+7586,疆
16578,U+7587,疇
16579,U+7588,疈
16580,U+7589,疉
16581,U+758A,疊
16582,U+758B,疋
16583,U+758D,疍
16584,U+758E,疎
16585,U+7590,疐
16586,U+7591,疑
16587,U+7592,疒
16588,U+7593,疓
16589,U+7594,疔
16590,U+7595,疕
16591,U+7596,疖
16592,U+7597,疗
16593,U+7598,疘
16594,U+7599,疙
16595,U+759A,疚
16596,U+759B,疛
16597,U+759C,疜
16598,U+759D,疝
16599,U+759E,疞
16600,U+759F,疟
16601,U+75A0,疠
16602,U+75A1,疡
16603,U+75A2,疢
16604,U+75A3,疣
16605,U+75A4,疤
16606,U+75A5,疥
16607,U+75A6,疦
16608,U+75A7,疧
16609,U+75A8,疨
16610,U+75A9,疩
16611,U+75AA,疪
16612,U+75AB,疫
16613,U+75AC,疬
16614,U+75AD,疭
16615,U+75AE,疮
16616,U+75AF,疯
16617,U+75B0,疰
16618,U+75B1,疱
16619,U+75B2,疲
16620,U+75B3,疳
16621,U+75B4,疴
16622,U+75B5,疵
16623,U+75B6,疶
16624,U+75B7,疷
16625,U+75B8,疸
16626,U+75B9,疹
16627,U+75BA,疺
16628,U+75BB,疻
16629,U+75BC,疼
16630,U+75BD,疽
16631,U+75BE,疾
16632,U+75BF,疿
16633,U+75C0,痀
16634,U+75C1,痁
16635,U+75C2,痂
16636,U+75C3,痃
16637,U+75C4,痄
16638,U+75C5,病
16639,U+75C6,痆
16640,U+75C7,症
16641,U+75C8,痈
16642,U+75C9,痉
16643,U+75CA,痊
16644,U+75CB,痋
16645,U+75CC,痌
16646,U+75CD,痍
16647,U+75CE,痎
16648,U+75CF,痏
16649,U+75D0,痐
16650,U+75D1,痑
16651,U+75D2,痒
16652,U+75D3,痓
16653,U+75D4,痔
16654,U+75D5,痕
16655,U+75D6,痖
16656,U+75D7,痗
16657,U+75D8,痘
16658,U+75D9,痙
16659,U+75DA,痚
16660,U+75DB,痛
16661,U+75DC,痜
16662,U+75DD,痝
16663,U+75DE,痞
16664,U+75DF,痟
16665,U+75E0,痠
16666,U+75E1,痡
16667,U+75E2,痢
16668,U+75E3,痣
16669,U+75E4,痤
16670,U+75E5,痥
16671,U+75E6,痦
16672,U+75E7,痧
16673,U+75E8,痨
16674,U+75E9,痩
16675,U+75EA,痪
16676,U+75EB,痫
16677,U+75EC,痬
16678,U+75ED,痭
16679,U+75EE,痮
16680,U+75EF,痯
16681,U+75F0,痰
16682,U+75F1,痱
16683,U+75F2,痲
16684,U+75F3,痳
16685,U+75F4,痴
16686,U+75F5,痵
16687,U+75F6,痶
16688,U+75F7,痷
16689,U+75F8,痸
16690,U+75F9,痹
16691,U+75FA,痺
16692,U+75FB,痻
16693,U+75FC,痼
16694,U+75FD,痽
16695,U+75FE,痾
16696,U+75FF,痿
16697,U+7600,瘀
16698,U+7601,瘁
16699,U+7602,瘂
16700,U+7603,瘃
16701,U+7604,瘄
16702,U+7605,瘅
16703,U+7606,瘆
16704,U+7607,瘇
16705,U+7608,瘈
16706,U+7609,瘉
16707,U+760A,瘊
16708,U+760B,瘋
16709,U+760C,瘌
16710,U+760D,瘍
16711,U+760E,瘎
16712,U+760F,瘏
16713,U+7610,瘐
16714,U+7611,瘑
16715,U+7612,瘒
16716,U+7613,瘓
16717,U+7614,瘔
16718,U+7615,瘕
16719,U+7616,瘖
16720,U+7617,瘗
16721,U+7618,瘘
16722,U+7619,瘙
16723,U+761A,瘚
16724,U+761B,瘛
16725,U+761C,瘜
16726,U+761D,瘝
16727,U+761E,瘞
16728,U+761F,瘟
16729,U+7620,瘠
16730,U+7621,瘡
16731,U+7622,瘢
16732,U+7623,瘣
16733,U+7624,瘤
16734,U+7625,瘥
16735,U+7626,瘦
16736,U+7627,瘧
16737,U+7628,瘨
16738,U+7629,瘩
16739,U+762A,瘪
16740,U+762B,瘫
16741,U+762C,瘬
16742,U+762D,瘭
16743,U+762E,瘮
16744,U+762F,瘯
16745,U+7630,瘰
16746,U+7631,瘱
16747,U+7632,瘲
16748,U+7633,瘳
16749,U+7634,瘴
16750,U+7635,瘵
16751,U+7636,瘶
16752,U+7637,瘷
16753,U+7638,瘸
16754,U+7639,瘹
16755,U+763A,瘺
16756,U+763B,瘻
16757,U+763C,瘼
16758,U+763D,瘽
16759,U+763E,瘾
16760,U+763F,瘿
16761,U+7640,癀
16762,U+7641,癁
16763,U+7642,療
16764,U+7643,癃
16765,U+7644,癄
16766,U+7645,癅
16767,U+7646,癆
16768,U+7647,癇
16769,U+7648,癈
16770,U+7649,癉
16771,U+764A,癊
16772,U+764B,癋
16773,U+764C,癌
16774,U+764D,癍
16775,U+764E,癎
16776,U+764F,癏
16777,U+7650,癐
16778,U+7651,癑
16779,U+7652,癒
16780,U+7653,癓
16781,U+7654,癔
16782,U+7655,癕
16783,U+7656,癖
16784,U+7657,癗
16785,U+7658,癘
16786,U+7659,癙
16787,U+765A,癚
16788,U+765B,癛
16789,U+765C,癜
16790,U+765D,癝
16791,U+765E,癞
16792,U+765F,癟
16793,U+7660,癠
16794,U+7661,癡
16795,U+7662,癢
16796,U+7663,癣
16797,U+7664,癤
16798,U+7665,癥
16799,U+7666,癦
16800,U+7667,癧
16801,U+7668,癨
16802,U+7669,癩
16803,U+766A,癪
16804,U+766B,癫
16805,U+766C,癬
16806,U+766D,癭
16807,U+766E,癮
16808,U+766F,癯
16809,U+7670,癰
16810,U+7671,癱
16811,U+7672,癲
16812,U+7673,癳
16813,U+7674,癴
16814,U+7675,癵
16815,U+7677,癷
16816,U+7678,癸
16817,U+7679,癹
16818,U+767A,発
16819,U+767B,登
16820,U+767C,發
16821,U+767D,白
16822,U+767E,百
16823,U+767F,癿
16824,U+7680,皀
16825,U+7681,皁
16826,U+7682,皂
16827,U+7683,皃
16828,U+7684,的
16829,U+7685,皅
16830,U+7686,皆
16831,U+7687,皇
16832,U+7688,皈
16833,U+7689,皉
16834,U+768A,皊
16835,U+768B,皋
16836,U+768C,皌
16837,U+768D,皍
16838,U+768E,皎
16839,U+768F,皏
16840,U+7690,皐
16841,U+7691,皑
16842,U+7692,皒
16843,U+7693,皓
16844,U+7694,皔
16845,U+7695,皕
16846,U+7696,皖
16847,U+7697,皗
16848,U+7698,皘
16849,U+7699,皙
16850,U+769A,皚
16851,U+769B,皛
16852,U+769C,皜
16853,U+769D,皝
16854,U+769E,皞
16855,U+769F,皟
16856,U+76A0,皠
16857,U+76A1,皡
16858,U+76A2,皢
16859,U+76A3,皣
16860,U+76A4,皤
16861,U+76A5,皥
16862,U+76A6,皦
16863,U+76A7,皧
16864,U+76A8,皨
16865,U+76A9,皩
16866,U+76AA,皪
16867,U+76AB,皫
16868,U+76AC,皬
16869,U+76AD,皭
16870,U+76AE,皮
16871,U+76AF,皯
16872,U+76B0,皰
16873,U+76B1,皱
16874,U+76B2,皲
16875,U+76B3,皳
16876,U+76B4,皴
16877,U+76B5,皵
16878,U+76B6,皶
16879,U+76B7,皷
16880,U+76B8,皸
16881,U+76B9,皹
16882,U+76BA,皺
16883,U+76BB,皻
16884,U+76BC,皼
16885,U+76BD,皽
16886,U+76BE,皾
16887,U+76BF,皿
16888,U+76C0,盀
16889,U+76C1,盁
16890,U+76C2,盂
16891,U+76C3,盃
16892,U+76C4,盄
16893,U+76C5,盅
16894,U+76C6,盆
16895,U+76C7,盇
16896,U+76C8,盈
16897,U+76C9,盉
16898,U+76CA,益
16899,U+76CB,盋
16900,U+76CC,盌
16901,U+76CD,盍
16902,U+76CE,盎
16903,U+76CF,盏
16904,U+76D0,盐
16905,U+76D1,监
16906,U+76D2,盒
16907,U+76D3,盓
16908,U+76D4,盔
16909,U+76D5,盕
16910,U+76D6,盖
16911,U+76D7,盗
16912,U+76D8,盘
16913,U+76D9,盙
16914,U+76DA,盚
16915,U+76DB,盛
16916,U+76DC,盜
16917,U+76DD,盝
16918,U+76DE,盞
16919,U+76DF,盟
16920,U+76E0,盠
16921,U+76E1,盡
16922,U+76E2,盢
16923,U+76E3,監
16924,U+76E4,盤
16925,U+76E5,盥
16926,U+76E6,盦
16927,U+76E7,盧
16928,U+76E8,盨
16929,U+76E9,盩
16930,U+76EA,盪
16931,U+76EB,盫
16932,U+76EC,盬
16933,U+76ED,盭
16934,U+76EE,目
16935,U+76EF,盯
16936,U+76F0,盰
16937,U+76F1,盱
16938,U+76F2,盲
16939,U+76F3,盳
16940,U+76F4,直
16941,U+76F5,盵
16942,U+76F6,盶
16943,U+76F7,盷
16944,U+76F8,相
16945,U+76F9,盹
16946,U+76FA,盺
16947,U+76FB,盻
16948,U+76FC,盼
16949,U+76FD,盽
16950,U+76FF,盿
16951,U+7700,眀
16952,U+7701,省
16953,U+7702,眂
16954,U+7703,眃
16955,U+7704,眄
16956,U+7705,眅
16957,U+7706,眆
16958,U+7707,眇
16959,U+7708,眈
16960,U+7709,眉
16961,U+770A,眊
16962,U+770B,看
16963,U+770C,県
16964,U+770D,眍
16965,U+770E,眎
16966,U+770F,眏
16967,U+7710,眐
16968,U+7711,眑
16969,U+7712,眒
16970,U+7713,眓
16971,U+7714,眔
16972,U+7715,眕
16973,U+7716,眖
16974,U+7717,眗
16975,U+7718,眘
16976,U+7719,眙
16977,U+771A,眚
16978,U+771B,眛
16979,U+771C,眜
16980,U+771D,眝
16981,U+771E,眞
16982,U+771F,真
16983,U+7720,眠
16984,U+7721,眡
16985,U+7722,眢
16986,U+7723,眣
16987,U+7724,眤
16988,U+7725,眥
16989,U+7726,眦
16990,U+7727,眧
16991,U+7728,眨
16992,U+7729,眩
16993,U+772A,眪
16994,U+772B,眫
16995,U+772C,眬
16996,U+772D,眭
16997,U+772E,眮
16998,U+772F,眯
16999,U+7730,眰
17000,U+7731,眱
17001,U+7732,眲
17002,U+7733,眳
17003,U+7734,眴
17004,U+7735,眵
17005,U+7736,眶
17006,U+7737,眷
17007,U+7738,眸
17008,U+7739,眹
17009,U+773A,眺
17010,U+773B,眻
17011,U+773C,眼
17012,U+773D,眽
17013,U+773E,眾
17014,U+773F,眿
17015,U+7740,着
17016,U+7741,睁
17017,U+7742,睂
17018,U+7743,睃
17019,U+7744,睄
17020,U+7745,睅
17021,U+7746,睆
17022,U+7747,睇
17023,U+7748,睈
17024,U+7749,睉
17025,U+774A,睊
17026,U+774B,睋
17027,U+774C,睌
17028,U+774D,睍
17029,U+774E,睎
17030,U+774F,睏
17031,U+7750,睐
17032,U+7751,睑
17033,U+7752,睒
17034,U+7753,睓
17035,U+7754,睔
17036,U+7755,睕
17037,U+7756,睖
17038,U+7757,睗
17039,U+7758,睘
17040,U+7759,睙
17041,U+775A,睚
17042,U+775B,睛
17043,U+775C,睜
17044,U+775D,睝
17045,U+775E,睞
17046,U+775F,睟
17047,U+7760,睠
17048,U+7761,睡
17049,U+7762,睢
17050,U+7763,督
17051,U+7764,睤
17052,U+7765,睥
17053,U+7766,睦
17054,U+7767,睧
17055,U+7768,睨
17056,U+7769,睩
17057,U+776A,睪
17058,U+776B,睫
17059,U+776C,睬
17060,U+776D,睭
17061,U+776E,睮
17062,U+776F,睯
17063,U+7770,睰
17064,U+7771,睱
17065,U+7772,睲
17066,U+7773,睳
17067,U+7774,睴
17068,U+7775,睵
17069,U+7776,睶
17070,U+7777,睷
17071,U+7778,睸
17072,U+7779,睹
17073,U+777A,睺
17074,U+777B,睻
17075,U+777C,睼
17076,U+777D,睽
17077,U+777E,睾
17078,U+777F,睿
17079,U+7780,瞀
17080,U+7781,瞁
17081,U+7782,瞂
17082,U+7783,瞃
17083,U+7784,瞄
17084,U+7785,瞅
17085,U+7786,瞆
17086,U+7787,瞇
17087,U+7788,瞈
17088,U+7789,瞉
17089,U+778A,瞊
17090,U+778B,瞋
17091,U+778C,瞌
17092,U+778D,瞍
17093,U+778E,瞎
17094,U+778F,瞏
17095,U+7790,瞐
17096,U+7791,瞑
17097,U+7792,瞒
17098,U+7793,瞓
17099,U+7794,瞔
17100,U+7795,瞕
17101,U+7796,瞖
17102,U+7797,瞗
17103,U+7798,瞘
17104,U+7799,瞙
17105,U+779A,瞚
17106,U+779B,瞛
17107,U+779C,瞜
17108,U+779D,瞝
17109,U+779E,瞞
17110,U+779F,瞟
17111,U+77A0,瞠
17112,U+77A1,瞡
17113,U+77A2,瞢
17114,U+77A3,瞣
17115,U+77A4,瞤
17116,U+77A5,瞥
17117,U+77A6,瞦
17118,U+77A7,瞧
17119,U+77A8,瞨
17120,U+77A9,瞩
17121,U+77AA,瞪
17122,U+77AB,瞫
17123,U+77AC,瞬
17124,U+77AD,瞭
17125,U+77AE,瞮
17126,U+77AF,瞯
17127,U+77B0,瞰
17128,U+77B1,瞱
17129,U+77B2,瞲
17130,U+77B3,瞳
17131,U+77B4,瞴
17132,U+77B5,瞵
17133,U+77B6,瞶
17134,U+77B7,瞷
17135,U+77B8,瞸
17136,U+77B9,瞹
17137,U+77BA,瞺
17138,U+77BB,瞻
17139,U+77BC,瞼
17140,U+77BD,瞽
17141,U+77BE,瞾
17142,U+77BF,瞿
17143,U+77C0,矀
17144,U+77C1,矁
17145,U+77C2,矂
17146,U+77C3,矃
17147,U+77C4,矄
17148,U+77C5,矅
17149,U+77C6,矆
17150,U+77C7,矇
17151,U+77C8,矈
17152,U+77C9,矉
17153,U+77CA,矊
17154,U+77CB,矋
17155,U+77CC,矌
17156,U+77CD,矍
17157,U+77CE,矎
17158,U+77CF,矏
17159,U+77D0,矐
17160,U+77D1,矑
17161,U+77D2,矒
17162,U+77D3,矓
17163,U+77D4,矔
17164,U+77D5,矕
17165,U+77D6,矖
17166,U+77D7,矗
17167,U+77D8,矘
17168,U+77D9,矙
17169,U+77DA,矚
17170,U+77DB,矛
17171,U+77DC,矜
17172,U+77DD,矝
17173,U+77DE,矞
17174,U+77DF,矟
17175,U+77E0,矠
17176,U+77E1,矡
17177,U+77E2,矢
17178,U+77E3,矣
17179,U+77E4,矤
17180,U+77E5,知
17181,U+77E6,矦
17182,U+77E7,矧
17183,U+77E8,矨
17184,U+77E9,矩
17185,U+77EA,矪
17186,U+77EB,矫
17187,U+77EC,矬
17188,U+77ED,短
17189,U+77EE,矮
17190,U+77EF,矯
17191,U+77F0,矰
17192,U+77F1,矱
17193,U+77F2,矲
17194,U+77F3,石
17195,U+77F4,矴
17196,U+77F5,矵
17197,U+77F6,矶
17198,U+77F7,矷
17199,U+77F8,矸
17200,U+77F9,矹
17201,U+77FA,矺
17202,U+77FB,矻
17203,U+77FC,矼
17204,U+77FD,矽
17205,U+77FE,矾
17206,U+77FF,矿
17207,U+7800,砀
17208,U+7801,码
17209,U+7802,砂
17210,U+7803,砃
17211,U+7804,砄
17212,U+7805,砅
17213,U+7806,砆
17214,U+7807,砇
17215,U+7808,砈
17216,U+7809,砉
17217,U+780A,砊
17218,U+780B,砋
17219,U+780C,砌
17220,U+780D,砍
17221,U+780E,砎
17222,U+780F,砏
17223,U+7810,砐
17224,U+7811,砑
17225,U+7812,砒
17226,U+7813,砓
17227,U+7814,研
17228,U+7815,砕
17229,U+7816,砖
17230,U+7817,砗
17231,U+7818,砘
17232,U+7819,砙
17233,U+781A,砚
17234,U+781B,砛
17235,U+781C,砜
17236,U+781D,砝
17237,U+781E,砞
17238,U+781F,砟
17239,U+7820,砠
17240,U+7821,砡
17241,U+7822,砢
17242,U+7823,砣
17243,U+7824,砤
17244,U+7825,砥
17245,U+7826,砦
17246,U+7827,砧
17247,U+7828,砨
17248,U+7829,砩
17249,U+782A,砪
17250,U+782B,砫
17251,U+782C,砬
17252,U+782D,砭
17253,U+782E,砮
17254,U+782F,砯
17255,U+7830,砰
17256,U+7831,砱
17257,U+7832,砲
17258,U+7833,砳
17259,U+7834,破
17260,U+7835,砵
17261,U+7836,砶
17262,U+7837,砷
17263,U+7838,砸
17264,U+7839,砹
17265,U+783A,砺
17266,U+783B,砻
17267,U+783C,砼
17268,U+783D,砽
17269,U+783E,砾
17270,U+783F,砿
17271,U+7840,础
17272,U+7841,硁
17273,U+7842,硂
17274,U+7843,硃
17275,U+7844,硄
17276,U+7845,硅
17277,U+7846,硆
17278,U+7847,硇
17279,U+7848,硈
17280,U+7849,硉
17281,U+784A,硊
17282,U+784B,硋
17283,U+784C,硌
17284,U+784D,硍
17285,U+784E,硎
17286,U+784F,硏
17287,U+7850,硐
17288,U+7851,硑
17289,U+7852,硒
17290,U+7853,硓
17291,U+7854,硔
17292,U+7855,硕
17293,U+7856,硖
17294,U+7857,硗
17295,U+7858,硘
17296,U+7859,硙
17297,U+785A,硚
17298,U+785B,硛
17299,U+785C,硜
17300,U+785D,硝
17301,U+785E,硞
17302,U+785F,硟
17303,U+7860,硠
17304,U+7861,硡
17305,U+7862,硢
17306,U+7863,硣
17307,U+7864,硤
17308,U+7865,硥
17309,U+7866,硦
17310,U+7867,硧
17311,U+7868,硨
17312,U+7869,硩
17313,U+786A,硪
17314,U+786B,硫
17315,U+786C,硬
17316,U+786D,硭
17317,U+786E,确
17318,U+786F,硯
17319,U+7870,硰
17320,U+7871,硱
17321,U+7872,硲
17322,U+7873,硳
17323,U+7874,硴
17324,U+7875,硵
17325,U+7876,硶
17326,U+7877,硷
17327,U+7878,硸
17328,U+7879,硹
17329,U+787A,硺
17330,U+787B,硻
17331,U+787C,硼
17332,U+787D,硽
17333,U+787E,硾
17334,U+787F,硿
17335,U+7880,碀
17336,U+7881,碁
17337,U+7882,碂
17338,U+7883,碃
17339,U+7884,碄
17340,U+7885,碅
17341,U+7886,碆
17342,U+7887,碇
17343,U+7888,碈
17344,U+7889,碉
17345,U+788A,碊
17346,U+788B,碋
17347,U+788C,碌
17348,U+788D,碍
17349,U+788E,碎
17350,U+788F,碏
17351,U+7890,碐
17352,U+7891,碑
17353,U+7892,碒
17354,U+7893,碓
17355,U+7894,碔
17356,U+7895,碕
17357,U+7896,碖
17358,U+7897,碗
17359,U+7898,碘
17360,U+7899,碙
17361,U+789A,碚
17362,U+789B,碛
17363,U+789C,碜
17364,U+789D,碝
17365,U+789E,碞
17366,U+789F,碟
17367,U+78A0,碠
17368,U+78A1,碡
17369,U+78A2,碢
17370,U+78A3,碣
17371,U+78A4,碤
17372,U+78A5,碥
17373,U+78A6,碦
17374,U+78A7,碧
17375,U+78A8,碨
17376,U+78A9,碩
17377,U+78AA,碪
17378,U+78AB,碫
17379,U+78AC,碬
17380,U+78AD,碭
17381,U+78AE,碮
17382,U+78AF,碯
17383,U+78B0,碰
17384,U+78B1,碱
17385,U+78B2,碲
17386,U+78B3,碳
17387,U+78B4,碴
17388,U+78B5,碵
17389,U+78B6,碶
17390,U+78B7,碷
17391,U+78B8,碸
17392,U+78B9,碹
17393,U+78BA,確
17394,U+78BB,碻
17395,U+78BC,碼
17396,U+78BD,碽
17397,U+78BE,碾
17398,U+78BF,碿
17399,U+78C0,磀
17400,U+78C1,磁
17401,U+78C2,磂
17402,U+78C3,磃
17403,U+78C4,磄
17404,U+78C5,磅
17405,U+78C6,磆
17406,U+78C7,磇
17407,U+78C8,磈
17408,U+78C9,磉
17409,U+78CA,磊
17410,U+78CB,磋
17411,U+78CC,磌
17412,U+78CD,磍
17413,U+78CE,磎
17414,U+78CF,磏
17415,U+78D0,磐
17416,U+78D1,磑
17417,U+78D2,磒
17418,U+78D3,磓
17419,U+78D4,磔
17420,U+78D5,磕
17421,U+78D6,磖
17422,U+78D7,磗
17423,U+78D8,磘
17424,U+78D9,磙
17425,U+78DA,磚
17426,U+78DB,磛
17427,U+78DC,磜
17428,U+78DD,磝
17429,U+78DE,磞
17430,U+78DF,磟
17431,U+78E0,磠
17432,U+78E1,磡
17433,U+78E2,磢
17434,U+78E3,磣
17435,U+78E4,磤
17436,U+78E5,磥
17437,U+78E6,磦
17438,U+78E7,磧
17439,U+78E8,磨
17440,U+78E9,磩
17441,U+78EA,磪
17442,U+78EB,磫
17443,U+78EC,磬
17444,U+78ED,磭
17445,U+78EE,磮
17446,U+78EF,磯
17447,U+78F0,磰
17448,U+78F1,磱
17449,U+78F2,磲
17450,U+78F3,磳
17451,U+78F4,磴
17452,U+78F5,磵
17453,U+78F6,磶
17454,U+78F7,磷
17455,U+78F8,磸
17456,U+78F9,磹
17457,U+78FA,磺
17458,U+78FB,磻
17459,U+78FC,磼
17460,U+78FD,磽
17461,U+78FE,磾
17462,U+78FF,磿
17463,U+7900,礀
17464,U+7901,礁
17465,U+7902,礂
17466,U+7903,礃
17467,U+7904,礄
17468,U+7905,礅
17469,U+7906,礆
17470,U+7907,礇
17471,U+7908,礈
17472,U+7909,礉
17473,U+790A,礊
17474,U+790B,礋
17475,U+790C,礌
17476,U+790D,礍
17477,U+790E,礎
17478,U+790F,礏
17479,U+7910,礐
17480,U+7911,礑
17481,U+7912,礒
17482,U+7913,礓
17483,U+7914,礔
17484,U+7915,礕
17485,U+7916,礖
17486,U+7917,礗
17487,U+7918,礘
17488,U+7919,礙
17489,U+791A,礚
17490,U+791B,礛
17491,U+791C,礜
17492,U+791D,礝
17493,U+791E,礞
17494,U+791F,礟
17495,U+7920,礠
17496,U+7921,礡
17497,U+7922,礢
17498,U+7923,礣
17499,U+7924,礤
17500,U+7925,礥
17501,U+7926,礦
17502,U+7927,礧
17503,U+7928,礨
17504,U+7929,礩
17505,U+792A,礪
17506,U+792B,礫
17507,U+792C,礬
17508,U+792D,礭
17509,U+792E,礮
17510,U+792F,礯
17511,U+7930,礰
17512,U+7931,礱
17513,U+7932,礲
17514,U+7933,礳
17515,U+7934,礴
17516,U+7935,礵
17517,U+7936,礶
17518,U+7937,礷
17519,U+7938,礸
17520,U+7939,礹
17521,U+793A,示
17522,U+793B,礻
17523,U+793C,礼
17524,U+793D,礽
17525,U+793E,社
17526,U+793F,礿
17527,U+7940,祀
17528,U+7941,祁
17529,U+7942,祂
17530,U+7943,祃
17531,U+7944,祄
17532,U+7945,祅
17533,U+7946,祆
17534,U+7947,祇
17535,U+7948,祈
17536,U+7949,祉
17537,U+794A,祊
17538,U+794B,祋
17539,U+794C,祌
17540,U+794D,祍
17541,U+794E,祎
17542,U+794F,祏
17543,U+7950,祐
17544,U+7951,祑
17545,U+7952,祒
17546,U+7953,祓
17547,U+7954,祔
17548,U+7955,祕
17549,U+7956,祖
17550,U+7957,祗
17551,U+7958,祘
17552,U+7959,祙
17553,U+795A,祚
17554,U+795B,祛
17555,U+795C,祜
17556,U+795D,祝
17557,U+795E,神
17558,U+795F,祟
17559,U+7960,祠
17560,U+7961,祡
17561,U+7962,祢
17562,U+7963,祣
17563,U+7964,祤
17564,U+7965,祥
17565,U+7966,祦
17566,U+7967,祧
17567,U+7968,票
17568,U+7969,祩
17569,U+796A,祪
17570,U+796B,祫
17571,U+796C,祬
17572,U+796D,祭
17573,U+796E,祮
17574,U+796F,祯
17575,U+7970,祰
17576,U+7971,祱
17577,U+7972,祲
17578,U+7973,祳
17579,U+7974,祴
17580,U+7975,祵
17581,U+7976,祶
17582,U+7977,祷
17583,U+7978,祸
17584,U+7979,祹
17585,U+797A,祺
17586,U+797B,祻
17587,U+797C,祼
17588,U+797D,祽
17589,U+797E,祾
17590,U+797F,祿
17591,U+7980,禀
17592,U+7981,禁
17593,U+7982,禂
17594,U+7983,禃
17595,U+7984,禄
17596,U+7985,禅
17597,U+7986,禆
17598,U+7987,禇
17599,U+7988,禈
17600,U+7989,禉
17601,U+798A,禊
17602,U+798B,禋
17603,U+798C,禌
17604,U+798D,禍
17605,U+798E,禎
17606,U+798F,福
17607,U+7990,禐
17608,U+7991,禑
17609,U+7992,禒
17610,U+7993,禓
17611,U+7994,禔
17612,U+7995,禕
17613,U+7996,禖
17614,U+7997,禗
17615,U+7998,禘
17616,U+7999,禙
17617,U+799A,禚
17618,U+799B,禛
17619,U+799C,禜
17620,U+799D,禝
17621,U+799E,禞
17622,U+799F,禟
17623,U+79A0,禠
17624,U+79A1,禡
17625,U+79A2,禢
17626,U+79A3,禣
17627,U+79A4,禤
17628,U+79A5,禥
17629,U+79A6,禦
17630,U+79A7,禧
17631,U+79A8,禨
17632,U+79A9,禩
17633,U+79AA,禪
17634,U+79AB,禫
17635,U+79AC,禬
17636,U+79AD,禭
17637,U+79AE,禮
17638,U+79AF,禯
17639,U+79B0,禰
17640,U+79B1,禱
17641,U+79B2,禲
17642,U+79B3,禳
17643,U+79B4,禴
17644,U+79B5,禵
17645,U+79B6,禶
17646,U+79B7,禷
17647,U+79B8,禸
17648,U+79BB,离
17649,U+79BC,禼
17650,U+79BD,禽
17651,U+79BE,禾
17652,U+79BF,禿
17653,U+79C0,秀
17654,U+79C1,私
17655,U+79C2,秂
17656,U+79C3,秃
17657,U+79C4,秄
17658,U+79C5,秅
17659,U+79C6,秆
17660,U+79C7,秇
17661,U+79C8,秈
17662,U+79C9,秉
17663,U+79CA,秊
17664,U+79CB,秋
17665,U+79CC,秌
17666,U+79CD,种
17667,U+79CE,秎
17668,U+79CF,秏
17669,U+79D0,秐
17670,U+79D1,科
17671,U+79D2,秒
17672,U+79D3,秓
17673,U+79D4,秔
17674,U+79D5,秕
17675,U+79D6,秖
17676,U+79D7,秗
17677,U+79D8,秘
17678,U+79D9,秙
17679,U+79DA,秚
17680,U+79DB,秛
17681,U+79DC,秜
17682,U+79DD,秝
17683,U+79DE,秞
17684,U+79DF,租
17685,U+79E0,秠
17686,U+79E1,秡
17687,U+79E2,秢
17688,U+79E3,秣
17689,U+79E4,秤
17690,U+79E5,秥
17691,U+79E6,秦
17692,U+79E7,秧
17693,U+79E8,秨
17694,U+79E9,秩
17695,U+79EA,秪
17696,U+79EB,秫
17697,U+79EC,秬
17698,U+79ED,秭
17699,U+79EE,秮
17700,U+79EF,积
17701,U+79F0,称
17702,U+79F1,秱
17703,U+79F2,秲
17704,U+79F3,秳
17705,U+79F4,秴
17706,U+79F5,秵
17707,U+79F6,秶
17708,U+79F7,秷
17709,U+79F8,秸
17710,U+79F9,秹
17711,U+79FA,秺
17712,U+79FB,移
17713,U+79FC,秼
17714,U+79FD,秽
17715,U+79FE,秾
17716,U+79FF,秿
17717,U+7A00,稀
17718,U+7A01,稁
17719,U+7A02,稂
17720,U+7A03,稃
17721,U+7A04,稄
17722,U+7A05,稅
17723,U+7A06,稆
17724,U+7A07,稇
17725,U+7A08,稈
17726,U+7A09,稉
17727,U+7A0A,稊
17728,U+7A0B,程
17729,U+7A0C,稌
17730,U+7A0D,稍
17731,U+7A0E,税
17732,U+7A0F,稏
17733,U+7A10,稐
17734,U+7A11,稑
17735,U+7A12,稒
17736,U+7A13,稓
17737,U+7A14,稔
17738,U+7A15,稕
17739,U+7A16,稖
17740,U+7A17,稗
17741,U+7A18,稘
17742,U+7A19,稙
17743,U+7A1A,稚
17744,U+7A1B,稛
17745,U+7A1C,稜
17746,U+7A1D,稝
17747,U+7A1E,稞
17748,U+7A1F,稟
17749,U+7A20,稠
17750,U+7A21,稡
17751,U+7A22,稢
17752,U+7A23,稣
17753,U+7A24,稤
17754,U+7A25,稥
17755,U+7A26,稦
17756,U+7A27,稧
17757,U+7A28,稨
17758,U+7A29,稩
17759,U+7A2A,稪
17760,U+7A2B,稫
17761,U+7A2C,稬
17762,U+7A2D,稭
17763,U+7A2E,種
17764,U+7A2F,稯
17765,U+7A30,稰
17766,U+7A31,稱
17767,U+7A32,稲
17768,U+7A33,稳
17769,U+7A34,稴
17770,U+7A35,稵
17771,U+7A36,稶
17772,U+7A37,稷
17773,U+7A38,稸
17774,U+7A39,稹
17775,U+7A3A,稺
17776,U+7A3B,稻
17777,U+7A3C,稼
17778,U+7A3D,稽
17779,U+7A3E,稾
17780,U+7A3F,稿
17781,U+7A40,穀
17782,U+7A41,穁
17783,U+7A42,穂
17784,U+7A43,穃
17785,U+7A44,穄
17786,U+7A45,穅
17787,U+7A46,穆
17788,U+7A47,穇
17789,U+7A48,穈
17790,U+7A49,穉
17791,U+7A4A,穊
17792,U+7A4B,穋
17793,U+7A4C,穌
17794,U+7A4D,積
17795,U+7A4E,穎
17796,U+7A4F,穏
17797,U+7A50,穐
17798,U+7A51,穑
17799,U+7A52,穒
17800,U+7A53,穓
17801,U+7A54,穔
17802,U+7A55,穕
17803,U+7A56,穖
17804,U+7A57,穗
17805,U+7A58,穘
17806,U+7A59,穙
17807,U+7A5A,穚
17808,U+7A5B,穛
17809,U+7A5C,穜
17810,U+7A5D,穝
17811,U+7A5E,穞
17812,U+7A5F,穟
17813,U+7A60,穠
17814,U+7A61,穡
17815,U+7A62,穢
17816,U+7A63,穣
17817,U+7A64,穤
17818,U+7A65,穥
17819,U+7A66,穦
17820,U+7A67,穧
17821,U+7A68,穨
17822,U+7A69,穩
17823,U+7A6A,穪
17824,U+7A6B,穫
17825,U+7A6C,穬
17826,U+7A6D,穭
17827,U+7A6E,穮
17828,U+7A6F,穯
17829,U+7A70,穰
17830,U+7A71,穱
17831,U+7A72,穲
17832,U+7A73,穳
17833,U+7A74,穴
17834,U+7A75,穵
17835,U+7A76,究
17836,U+7A77,穷
17837,U+7A78,穸
17838,U+7A79,穹
17839,U+7A7A,空
17840,U+7A7B,穻
17841,U+7A7C,穼
17842,U+7A7D,穽
17843,U+7A7E,穾
17844,U+7A7F,穿
17845,U+7A80,窀
17846,U+7A81,突
17847,U+7A82,窂
17848,U+7A83,窃
17849,U+7A84,窄
17850,U+7A85,窅
17851,U+7A86,窆
17852,U+7A87,窇
17853,U+7A88,窈
17854,U+7A89,窉
17855,U+7A8A,窊
17856,U+7A8B,窋
17857,U+7A8C,窌
17858,U+7A8D,窍
17859,U+7A8E,窎
17860,U+7A8F,窏
17861,U+7A90,窐
17862,U+7A91,窑
17863,U+7A92,窒
17864,U+7A93,窓
17865,U+7A94,窔
17866,U+7A95,窕
17867,U+7A96,窖
17868,U+7A97,窗
17869,U+7A98,窘
17870,U+7A99,窙
17871,U+7A9A,窚
17872,U+7A9B,窛
17873,U+7A9C,窜
17874,U+7A9D,窝
17875,U+7A9E,窞
17876,U+7A9F,窟
17877,U+7AA0,窠
17878,U+7AA1,窡
17879,U+7AA2,窢
17880,U+7AA3,窣
17881,U+7AA4,窤
17882,U+7AA5,窥
17883,U+7AA6,窦
17884,U+7AA7,窧
17885,U+7AA8,窨
17886,U+7AA9,窩
17887,U+7AAA,窪
17888,U+7AAB,窫
17889,U+7AAC,窬
17890,U+7AAD,窭
17891,U+7AAE,窮
17892,U+7AAF,窯
17893,U+7AB0,窰
17894,U+7AB1,窱
17895,U+7AB2,窲
17896,U+7AB3,窳
17897,U+7AB4,窴
17898,U+7AB5,窵
17899,U+7AB6,窶
17900,U+7AB7,窷
17901,U+7AB8,窸
17902,U+7AB9,窹
17903,U+7ABA,窺
17904,U+7ABB,窻
17905,U+7ABC,窼
17906,U+7ABD,窽
17907,U+7ABE,窾
17908,U+7ABF,窿
17909,U+7AC0,竀
17910,U+7AC1,竁
17911,U+7AC2,竂
17912,U+7AC3,竃
17913,U+7AC4,竄
17914,U+7AC5,竅
17915,U+7AC6,竆
17916,U+7AC7,竇
17917,U+7AC8,竈
17918,U+7AC9,竉
17919,U+7ACA,竊
17920,U+7ACB,立
17921,U+7ACC,竌
17922,U+7ACD,竍
17923,U+7ACE,竎
17924,U+7ACF,竏
17925,U+7AD0,竐
17926,U+7AD1,竑
17927,U+7AD2,竒
17928,U+7AD3,竓
17929,U+7AD4,竔
17930,U+7AD5,竕
17931,U+7AD6,竖
17932,U+7AD7,竗
17933,U+7AD8,竘
17934,U+7AD9,站
17935,U+7ADA,竚
17936,U+7ADB,竛
17937,U+7ADC,竜
17938,U+7ADD,竝
17939,U+7ADE,竞
17940,U+7ADF,竟
17941,U+7AE0,章
17942,U+7AE1,竡
17943,U+7AE2,竢
17944,U+7AE3,竣
17945,U+7AE4,竤
17946,U+7AE5,童
17947,U+7AE6,竦
17948,U+7AE7,竧
17949,U+7AE8,竨
17950,U+7AE9,竩
17951,U+7AEA,竪
17952,U+7AEB,竫
17953,U+7AEC,竬
17954,U+7AED,竭
17955,U+7AEE,竮
17956,U+7AEF,端
17957,U+7AF0,竰
17958,U+7AF1,竱
17959,U+7AF2,竲
17960,U+7AF3,竳
17961,U+7AF4,竴
17962,U+7AF5,竵
17963,U+7AF6,競
17964,U+7AF7,竷
17965,U+7AF8,竸
17966,U+7AF9,竹
17967,U+7AFA,竺
17968,U+7AFB,竻
17969,U+7AFC,竼
17970,U+7AFD,竽
17971,U+7AFE,竾
17972,U+7AFF,竿
17973,U+7B00,笀
17974,U+7B01,笁
17975,U+7B02,笂
17976,U+7B03,笃
17977,U+7B04,笄
17978,U+7B05,笅
17979,U+7B06,笆
17980,U+7B07,笇
17981,U+7B08,笈
17982,U+7B09,笉
17983,U+7B0A,笊
17984,U+7B0B,笋
17985,U+7B0C,笌
17986,U+7B0D,笍
17987,U+7B0E,笎
17988,U+7B0F,笏
17989,U+7B10,笐
17990,U+7B11,笑
17991,U+7B12,笒
17992,U+7B13,笓
17993,U+7B14,笔
17994,U+7B15,笕
17995,U+7B16,笖
17996,U+7B17,笗
17997,U+7B18,笘
17998,U+7B19,笙
17999,U+7B1A,笚
18000,U+7B1B,笛
18001,U+7B1C,笜
18002,U+7B1D,笝
18003,U+7B1E,笞
18004,U+7B1F,笟
18005,U+7B20,笠
18006,U+7B21,笡
18007,U+7B22,笢
18008,U+7B23,笣
18009,U+7B24,笤
18010,U+7B25,笥
18011,U+7B26,符
18012,U+7B27,笧
18013,U+7B28,笨
18014,U+7B29,笩
18015,U+7B2A,笪
18016,U+7B2B,笫
18017,U+7B2C,第
18018,U+7B2D,笭
18019,U+7B2E,笮
18020,U+7B2F,笯
18021,U+7B30,笰
18022,U+7B31,笱
18023,U+7B32,笲
18024,U+7B33,笳
18025,U+7B34,笴
18026,U+7B35,笵
18027,U+7B36,笶
18028,U+7B37,笷
18029,U+7B38,笸
18030,U+7B39,笹
18031,U+7B3A,笺
18032,U+7B3B,笻
18033,U+7B3C,笼
18034,U+7B3D,笽
18035,U+7B3E,笾
18036,U+7B3F,笿
18037,U+7B40,筀
18038,U+7B41,筁
18039,U+7B42,筂
18040,U+7B43,筃
18041,U+7B44,筄
18042,U+7B45,筅
18043,U+7B46,筆
18044,U+7B47,筇
18045,U+7B48,筈
18046,U+7B49,等
18047,U+7B4A,筊
18048,U+7B4B,筋
18049,U+7B4C,筌
18050,U+7B4D,筍
18051,U+7B4E,筎
18052,U+7B4F,筏
18053,U+7B50,筐
18054,U+7B51,筑
18055,U+7B52,筒
18056,U+7B53,筓
18057,U+7B54,答
18058,U+7B55,筕
18059,U+7B56,策
18060,U+7B57,筗
18061,U+7B58,筘
18062,U+7B59,筙
18063,U+7B5A,筚
18064,U+7B5B,筛
18065,U+7B5C,筜
18066,U+7B5D,筝
18067,U+7B5E,筞
18068,U+7B5F,筟
18069,U+7B60,筠
18070,U+7B61,筡
18071,U+7B62,筢
18072,U+7B63,筣
18073,U+7B64,筤
18074,U+7B65,筥
18075,U+7B66,筦
18076,U+7B67,筧
18077,U+7B68,筨
18078,U+7B69,筩
18079,U+7B6A,筪
18080,U+7B6B,筫
18081,U+7B6C,筬
18082,U+7B6D,筭
18083,U+7B6E,筮
18084,U+7B6F,筯
18085,U+7B70,筰
18086,U+7B71,筱
18087,U+7B72,筲
18088,U+7B73,筳
18089,U+7B74,筴
18090,U+7B75,筵
18091,U+7B76,筶
18092,U+7B77,筷
18093,U+7B78,筸
18094,U+7B79,筹
18095,U+7B7A,筺
18096,U+7B7B,筻
18097,U+7B7C,筼
18098,U+7B7D,筽
18099,U+7B7E,签
18100,U+7B7F,筿
18101,U+7B80,简
18102,U+7B81,箁
18103,U+7B82,箂
18104,U+7B83,箃
18105,U+7B84,箄
18106,U+7B85,箅
18107,U+7B86,箆
18108,U+7B87,箇
18109,U+7B88,箈
18110,U+7B89,箉
18111,U+7B8A,箊
18112,U+7B8B,箋
18113,U+7B8C,箌
18114,U+7B8D,箍
18115,U+7B8E,箎
18116,U+7B8F,箏
18117,U+7B90,箐
18118,U+7B91,箑
18119,U+7B92,箒
18120,U+7B93,箓
18121,U+7B94,箔
18122,U+7B95,箕
18123,U+7B96,箖
18124,U+7B97,算
18125,U+7B98,箘
18126,U+7B99,箙
18127,U+7B9A,箚
18128,U+7B9B,箛
18129,U+7B9C,箜
18130,U+7B9D,箝
18131,U+7B9E,箞
18132,U+7B9F,箟
18133,U+7BA0,箠
18134,U+7BA1,管
18135,U+7BA2,箢
18136,U+7BA3,箣
18137,U+7BA4,箤
18138,U+7BA5,箥
18139,U+7BA6,箦
18140,U+7BA7,箧
18141,U+7BA8,箨
18142,U+7BA9,箩
18143,U+7BAA,箪
18144,U+7BAB,箫
18145,U+7BAC,箬
18146,U+7BAD,箭
18147,U+7BAE,箮
18148,U+7BAF,箯
18149,U+7BB0,箰
18150,U+7BB1,箱
18151,U+7BB2,箲
18152,U+7BB3,箳
18153,U+7BB4,箴
18154,U+7BB5,箵
18155,U+7BB6,箶
18156,U+7BB7,箷
18157,U+7BB8,箸
18158,U+7BB9,箹
18159,U+7BBA,箺
18160,U+7BBB,箻
18161,U+7BBC,箼
18162,U+7BBD,箽
18163,U+7BBE,箾
18164,U+7BBF,箿
18165,U+7BC0,節
18166,U+7BC1,篁
18167,U+7BC2,篂
18168,U+7BC3,篃
18169,U+7BC4,範
18170,U+7BC5,篅
18171,U+7BC6,篆
18172,U+7BC7,篇
18173,U+7BC8,篈
18174,U+7BC9,築
18175,U+7BCA,篊
18176,U+7BCB,篋
18177,U+7BCC,篌
18178,U+7BCD,篍
18179,U+7BCE,篎
18180,U+7BCF,篏
18181,U+7BD0,篐
18182,U+7BD1,篑
18183,U+7BD2,篒
18184,U+7BD3,篓
18185,U+7BD4,篔
18186,U+7BD5,篕
18187,U+7BD6,篖
18188,U+7BD7,篗
18189,U+7BD8,篘
18190,U+7BD9,篙
18191,U+7BDA,篚
18192,U+7BDB,篛
18193,U+7BDC,篜
18194,U+7BDD,篝
18195,U+7BDE,篞
18196,U+7BDF,篟
18197,U+7BE0,篠
18198,U+7BE1,篡
18199,U+7BE2,篢
18200,U+7BE3,篣
18201,U+7BE4,篤
18202,U+7BE5,篥
18203,U+7BE6,篦
18204,U+7BE7,篧
18205,U+7BE8,篨
18206,U+7BE9,篩
18207,U+7BEA,篪
18208,U+7BEB,篫
18209,U+7BEC,篬
18210,U+7BED,篭
18211,U+7BEE,篮
18212,U+7BEF,篯
18213,U+7BF0,篰
18214,U+7BF1,篱
18215,U+7BF2,篲
18216,U+7BF3,篳
18217,U+7BF4,篴
18218,U+7BF5,篵
18219,U+7BF6,篶
18220,U+7BF7,篷
18221,U+7BF8,篸
18222,U+7BF9,篹
18223,U+7BFA,篺
18224,U+7BFB,篻
18225,U+7BFC,篼
18226,U+7BFD,篽
18227,U+7BFE,篾
18228,U+7BFF,篿
18229,U+7C00,簀
18230,U+7C01,簁
18231,U+7C02,簂
18232,U+7C03,簃
18233,U+7C04,簄
18234,U+7C05,簅
18235,U+7C06,簆
18236,U+7C07,簇
18237,U+7C08,簈
18238,U+7C09,簉
18239,U+7C0A,簊
18240,U+7C0B,簋
18241,U+7C0C,簌
18242,U+7C0D,簍
18243,U+7C0E,簎
18244,U+7C0F,簏
18245,U+7C10,簐
18246,U+7C11,簑
18247,U+7C12,簒
18248,U+7C13,簓
18249,U+7C14,簔
18250,U+7C15,簕
18251,U+7C16,簖
18252,U+7C17,簗
18253,U+7C18,簘
18254,U+7C19,簙
18255,U+7C1A,簚
18256,U+7C1B,簛
18257,U+7C1C,簜
18258,U+7C1D,簝
18259,U+7C1E,簞
18260,U+7C1F,簟
18261,U+7C20,簠
18262,U+7C21,簡
18263,U+7C22,簢
18264,U+7C23,簣
18265,U+7C24,簤
18266,U+7C25,簥
18267,U+7C26,簦
18268,U+7C27,簧
18269,U+7C28,簨
18270,U+7C29,簩
18271,U+7C2A,簪
18272,U+7C2B,簫
18273,U+7C2C,簬
18274,U+7C2D,簭
18275,U+7C2E,簮
18276,U+7C2F,簯
18277,U+7C30,簰
18278,U+7C31,簱
18279,U+7C32,簲
18280,U+7C33,簳
18281,U+7C34,簴
18282,U+7C35,簵
18283,U+7C36,簶
18284,U+7C37,簷
18285,U+7C38,簸
18286,U+7C39,簹
18287,U+7C3A,簺
18288,U+7C3B,簻
18289,U+7C3C,簼
18290,U+7C3D,簽
18291,U+7C3E,簾
18292,U+7C3F,簿
18293,U+7C40,籀
18294,U+7C41,籁
18295,U+7C42,籂
18296,U+7C43,籃
18297,U+7C44,籄
18298,U+7C45,籅
18299,U+7C46,籆
18300,U+7C47,籇
18301,U+7C48,籈
18302,U+7C49,籉
18303,U+7C4A,籊
18304,U+7C4B,籋
18305,U+7C4C,籌
18306,U+7C4D,籍
18307,U+7C4E,籎
18308,U+7C4F,籏
18309,U+7C50,籐
18310,U+7C51,籑
18311,U+7C52,籒
18312,U+7C53,籓
18313,U+7C54,籔
18314,U+7C55,籕
18315,U+7C56,籖
18316,U+7C57,籗
18317,U+7C58,籘
18318,U+7C59,籙
18319,U+7C5A,籚
18320,U+7C5B,籛
18321,U+7C5C,籜
18322,U+7C5D,籝
18323,U+7C5E,籞
18324,U+7C5F,籟
18325,U+7C60,籠
18326,U+7C61,籡
18327,U+7C62,籢
18328,U+7C63,籣
18329,U+7C64,籤
18330,U+7C65,籥
18331,U+7C66,籦
18332,U+7C67,籧
18333,U+7C68,籨
18334,U+7C69,籩
18335,U+7C6A,籪
18336,U+7C6B,籫
18337,U+7C6C,籬
18338,U+7C6D,籭
18339,U+7C6E,籮
18340,U+7C6F,籯
18341,U+7C70,籰
18342,U+7C71,籱
18343,U+7C72,籲
18344,U+7C73,米
18345,U+7C74,籴
18346,U+7C75,籵
18347,U+7C76,籶
18348,U+7C77,籷
18349,U+7C78,籸
18350,U+7C79,籹
18351,U+7C7A,籺
18352,U+7C7B,类
18353,U+7C7C,籼
18354,U+7C7D,籽
18355,U+7C7E,籾
18356,U+7C7F,籿
18357,U+7C80,粀
18358,U+7C81,粁
18359,U+7C82,粂
18360,U+7C83,粃
18361,U+7C84,粄
18362,U+7C85,粅
18363,U+7C86,粆
18364,U+7C87,粇
18365,U+7C88,粈
18366,U+7C89,粉
18367,U+7C8A,粊
18368,U+7C8B,粋
18369,U+7C8C,粌
18370,U+7C8D,粍
18371,U+7C8E,粎
18372,U+7C8F,粏
18373,U+7C90,粐
18374,U+7C91,粑
18375,U+7C92,粒
18376,U+7C93,粓
18377,U+7C94,粔
18378,U+7C95,粕
18379,U+7C96,粖
18380,U+7C97,粗
18381,U+7C98,粘
18382,U+7C99,粙
18383,U+7C9A,粚
18384,U+7C9C,粜
18385,U+7C9D,粝
18386,U+7C9E,粞
18387,U+7C9F,粟
18388,U+7CA0,粠
18389,U+7CA1,粡
18390,U+7CA2,粢
18391,U+7CA3,粣
18392,U+7CA4,粤
18393,U+7CA5,粥
18394,U+7CA6,粦
18395,U+7CA7,粧
18396,U+7CA8,粨
18397,U+7CA9,粩
18398,U+7CAA,粪
18399,U+7CAB,粫
18400,U+7CAC,粬
18401,U+7CAD,粭
18402,U+7CAE,粮
18403,U+7CAF,粯
18404,U+7CB0,粰
18405,U+7CB1,粱
18406,U+7CB2,粲
18407,U+7CB3,粳
18408,U+7CB4,粴
18409,U+7CB5,粵
18410,U+7CB6,粶
18411,U+7CB7,粷
18412,U+7CB8,粸
18413,U+7CB9,粹
18414,U+7CBA,粺
18415,U+7CBB,粻
18416,U+7CBC,粼
18417,U+7CBD,粽
18418,U+7CBE,精
18419,U+7CBF,粿
18420,U+7CC0,糀
18421,U+7CC1,糁
18422,U+7CC2,糂
18423,U+7CC3,糃
18424,U+7CC4,糄
18425,U+7CC5,糅
18426,U+7CC6,糆
18427,U+7CC7,糇
18428,U+7CC8,糈
18429,U+7CC9,糉
18430,U+7CCA,糊
18431,U+7CCB,糋
18432,U+7CCC,糌
18433,U+7CCD,糍
18434,U+7CCE,糎
18435,U+7CCF,糏
18436,U+7CD0,糐
18437,U+7CD1,糑
18438,U+7CD2,糒
18439,U+7CD3,糓
18440,U+7CD4,糔
18441,U+7CD5,糕
18442,U+7CD6,糖
18443,U+7CD7,糗
18444,U+7CD8,糘
18445,U+7CD9,糙
18446,U+7CDA,糚
18447,U+7CDB,糛
18448,U+7CDC,糜
18449,U+7CDD,糝
18450,U+7CDE,糞
18451,U+7CDF,糟
18452,U+7CE0,糠
18453,U+7CE1,糡
18454,U+7CE2,糢
18455,U+7CE3,糣
18456,U+7CE4,糤
18457,U+7CE5,糥
18458,U+7CE6,糦
18459,U+7CE7,糧
18460,U+7CE8,糨
18461,U+7CE9,糩
18462,U+7CEA,糪
18463,U+7CEB,糫
18464,U+7CEC,糬
18465,U+7CED,糭
18466,U+7CEE,糮
18467,U+7CEF,糯
18468,U+7CF0,糰
18469,U+7CF1,糱
18470,U+7CF2,糲
18471,U+7CF3,糳
18472,U+7CF4,糴
18473,U+7CF5,糵
18474,U+7CF6,糶
18475,U+7CF7,糷
18476,U+7CF8,糸
18477,U+7CF9,糹
18478,U+7CFA,糺
18479,U+7CFB,系
18480,U+7CFC,糼
18481,U+7CFD,糽
18482,U+7CFE,糾
18483,U+7CFF,糿
18484,U+7D00,紀
18485,U+7D01,紁
18486,U+7D02,紂
18487,U+7D03,紃
18488,U+7D04,約
18489,U+7D05,紅
18490,U+7D06,紆
18491,U+7D07,紇
18492,U+7D08,紈
18493,U+7D09,紉
18494,U+7D0A,紊
18495,U+7D0B,紋
18496,U+7D0C,紌
18497,U+7D0D,納
18498,U+7D0E,紎
18499,U+7D0F,紏
18500,U+7D10,紐
18501,U+7D11,紑
18502,U+7D12,紒
18503,U+7D13,紓
18504,U+7D14,純
18505,U+7D15,紕
18506,U+7D16,紖
18507,U+7D17,紗
18508,U+7D18,紘
18509,U+7D19,紙
18510,U+7D1A,級
18511,U+7D1B,紛
18512,U+7D1C,紜
18513,U+7D1D,紝
18514,U+7D1E,紞
18515,U+7D1F,紟
18516,U+7D20,素
18517,U+7D21,紡
18518,U+7D22,索
18519,U+7D23,紣
18520,U+7D24,紤
18521,U+7D25,紥
18522,U+7D26,紦
18523,U+7D27,紧
18524,U+7D28,紨
18525,U+7D29,紩
18526,U+7D2A,紪
18527,U+7D2B,紫
18528,U+7D2C,紬
18529,U+7D2D,紭
18530,U+7D2E,紮
18531,U+7D2F,累
18532,U+7D30,細
18533,U+7D31,紱
18534,U+7D32,紲
18535,U+7D33,紳
18536,U+7D34,紴
18537,U+7D35,紵
18538,U+7D36,紶
18539,U+7D37,紷
18540,U+7D38,紸
18541,U+7D39,紹
18542,U+7D3A,紺
18543,U+7D3B,紻
18544,U+7D3C,紼
18545,U+7D3D,紽
18546,U+7D3E,紾
18547,U+7D3F,紿
18548,U+7D40,絀
18549,U+7D41,絁
18550,U+7D42,終
18551,U+7D43,絃
18552,U+7D44,組
18553,U+7D45,絅
18554,U+7D46,絆
18555,U+7D47,絇
18556,U+7D48,絈
18557,U+7D49,絉
18558,U+7D4A,絊
18559,U+7D4B,絋
18560,U+7D4C,経
18561,U+7D4D,絍
18562,U+7D4E,絎
18563,U+7D4F,絏
18564,U+7D50,結
18565,U+7D51,絑
18566,U+7D52,絒
18567,U+7D53,絓
18568,U+7D54,絔
18569,U+7D55,絕
18570,U+7D56,絖
18571,U+7D57,絗
18572,U+7D58,絘
18573,U+7D59,絙
18574,U+7D5A,絚
18575,U+7D5B,絛
18576,U+7D5C,絜
18577,U+7D5D,絝
18578,U+7D5E,絞
18579,U+7D5F,絟
18580,U+7D60,絠
18581,U+7D61,絡
18582,U+7D62,絢
18583,U+7D63,絣
18584,U+7D64,絤
18585,U+7D65,絥
18586,U+7D66,給
18587,U+7D67,絧
18588,U+7D68,絨
18589,U+7D69,絩
18590,U+7D6A,絪
18591,U+7D6B,絫
18592,U+7D6C,絬
18593,U+7D6D,絭
18594,U+7D6E,絮
18595,U+7D6F,絯
18596,U+7D70,絰
18597,U+7D71,統
18598,U+7D72,絲
18599,U+7D73,絳
18600,U+7D74,絴
18601,U+7D75,絵
18602,U+7D76,絶
18603,U+7D77,絷
18604,U+7D78,絸
18605,U+7D79,絹
18606,U+7D7A,絺
18607,U+7D7B,絻
18608,U+7D7C,絼
18609,U+7D7D,絽
18610,U+7D7E,絾
18611,U+7D7F,絿
18612,U+7D80,綀
18613,U+7D81,綁
18614,U+7D82,綂
18615,U+7D83,綃
18616,U+7D84,綄
18617,U+7D85,綅
18618,U+7D86,綆
18619,U+7D87,綇
18620,U+7D88,綈
18621,U+7D89,綉
18622,U+7D8A,綊
18623,U+7D8B,綋
18624,U+7D8C,綌
18625,U+7D8D,綍
18626,U+7D8E,綎
18627,U+7D8F,綏
18628,U+7D90,綐
18629,U+7D91,綑
18630,U+7D92,綒
18631,U+7D93,經
18632,U+7D94,綔
18633,U+7D95,綕
18634,U+7D96,綖
18635,U+7D97,綗
18636,U+7D98,綘
18637,U+7D99,継
18638,U+7D9A,続
18639,U+7D9B,綛
18640,U+7D9C,綜
18641,U+7D9D,綝
18642,U+7D9E,綞
18643,U+7D9F,綟
18644,U+7DA0,綠
18645,U+7DA1,綡
18646,U+7DA2,綢
18647,U+7DA3,綣
18648,U+7DA4,綤
18649,U+7DA5,綥
18650,U+7DA6,綦
18651,U+7DA7,綧
18652,U+7DA8,綨
18653,U+7DA9,綩
18654,U+7DAA,綪
18655,U+7DAB,綫
18656,U+7DAC,綬
18657,U+7DAD,維
18658,U+7DAE,綮
18659,U+7DAF,綯
18660,U+7DB0,綰
18661,U+7DB1,綱
18662,U+7DB2,網
18663,U+7DB3,綳
18664,U+7DB4,綴
18665,U+7DB5,綵
18666,U+7DB6,綶
18667,U+7DB7,綷
18668,U+7DB8,綸
18669,U+7DB9,綹
18670,U+7DBA,綺
18671,U+7DBB,綻
18672,U+7DBC,綼
18673,U+7DBD,綽
18674,U+7DBE,綾
18675,U+7DBF,綿
18676,U+7DC0,緀
18677,U+7DC1,緁
18678,U+7DC2,緂
18679,U+7DC3,緃
18680,U+7DC4,緄
18681,U+7DC5,緅
18682,U+7DC6,緆
18683,U+7DC7,緇
18684,U+7DC8,緈
18685,U+7DC9,緉
18686,U+7DCA,緊
18687,U+7DCB,緋
18688,U+7DCC,緌
18689,U+7DCD,緍
18690,U+7DCE,緎
18691,U+7DCF,総
18692,U+7DD0,緐
18693,U+7DD1,緑
18694,U+7DD2,緒
18695,U+7DD3,緓
18696,U+7DD4,緔
18697,U+7DD5,緕
18698,U+7DD6,緖
18699,U+7DD7,緗
18700,U+7DD8,緘
18701,U+7DD9,緙
18702,U+7DDA,線
18703,U+7DDB,緛
18704,U+7DDC,緜
18705,U+7DDD,緝
18706,U+7DDE,緞
18707,U+7DDF,緟
18708,U+7DE0,締
18709,U+7DE1,緡
18710,U+7DE2,緢
18711,U+7DE3,緣
18712,U+7DE4,緤
18713,U+7DE5,緥
18714,U+7DE6,緦
18715,U+7DE7,緧
18716,U+7DE8,編
18717,U+7DE9,緩
18718,U+7DEA,緪
18719,U+7DEB,緫
18720,U+7DEC,緬
18721,U+7DED,緭
18722,U+7DEE,緮
18723,U+7DEF,緯
18724,U+7DF0,緰
18725,U+7DF1,緱
18726,U+7DF2,緲
18727,U+7DF3,緳
18728,U+7DF4,練
18729,U+7DF5,緵
18730,U+7DF6,緶
18731,U+7DF7,緷
18732,U+7DF8,緸
18733,U+7DF9,緹
18734,U+7DFA,緺
18735,U+7DFB,緻
18736,U+7DFC,緼
18737,U+7DFD,緽
18738,U+7DFE,緾
18739,U+7DFF,緿
18740,U+7E00,縀
18741,U+7E01,縁
18742,U+7E02,縂
18743,U+7E03,縃
18744,U+7E04,縄
18745,U+7E05,縅
18746,U+7E06,縆
18747,U+7E07,縇
18748,U+7E08,縈
18749,U+7E09,縉
18750,U+7E0A,縊
18751,U+7E0B,縋
18752,U+7E0C,縌
18753,U+7E0D,縍
18754,U+7E0E,縎
18755,U+7E0F,縏
18756,U+7E10,縐
18757,U+7E11,縑
18758,U+7E12,縒
18759,U+7E13,縓
18760,U+7E14,縔
18761,U+7E15,縕
18762,U+7E16,縖
18763,U+7E17,縗
18764,U+7E18,縘
18765,U+7E19,縙
18766,U+7E1A,縚
18767,U+7E1B,縛
18768,U+7E1C,縜
18769,U+7E1D,縝
18770,U+7E1E,縞
18771,U+7E1F,縟
18772,U+7E20,縠
18773,U+7E21,縡
18774,U+7E22,縢
18775,U+7E23,縣
18776,U+7E24,縤
18777,U+7E25,縥
18778,U+7E26,縦
18779,U+7E27,縧
18780,U+7E28,縨
18781,U+7E29,縩
18782,U+7E2A,縪
18783,U+7E2B,縫
18784,U+7E2C,縬
18785,U+7E2D,縭
18786,U+7E2E,縮
18787,U+7E2F,縯
18788,U+7E30,縰
18789,U+7E31,縱
18790,U+7E32,縲
18791,U+7E33,縳
18792,U+7E34,縴
18793,U+7E35,縵
18794,U+7E36,縶
18795,U+7E37,縷
18796,U+7E38,縸
18797,U+7E39,縹
18798,U+7E3A,縺
18799,U+7E3B,縻
18800,U+7E3C,縼
18801,U+7E3D,總
18802,U+7E3E,績
18803,U+7E3F,縿
18804,U+7E40,繀
18805,U+7E41,繁
18806,U+7E42,繂
18807,U+7E43,繃
18808,U+7E44,繄
18809,U+7E45,繅
18810,U+7E46,繆
18811,U+7E47,繇
18812,U+7E48,繈
18813,U+7E49,繉
18814,U+7E4A,繊
18815,U+7E4B,繋
18816,U+7E4C,繌
18817,U+7E4D,繍
18818,U+7E4E,繎
18819,U+7E4F,繏
18820,U+7E50,繐
18821,U+7E51,繑
18822,U+7E52,繒
18823,U+7E53,繓
18824,U+7E54,織
18825,U+7E55,繕
18826,U+7E56,繖
18827,U+7E57,繗
18828,U+7E58,繘
18829,U+7E59,繙
18830,U+7E5A,繚
18831,U+7E5B,繛
18832,U+7E5C,繜
18833,U+7E5D,繝
18834,U+7E5E,繞
18835,U+7E5F,繟
18836,U+7E60,繠
18837,U+7E61,繡
18838,U+7E62,繢
18839,U+7E63,繣
18840,U+7E64,繤
18841,U+7E65,繥
18842,U+7E66,繦
18843,U+7E67,繧
18844,U+7E68,繨
18845,U+7E69,繩
18846,U+7E6A,繪
18847,U+7E6B,繫
18848,U+7E6C,繬
18849,U+7E6D,繭
18850,U+7E6E,繮
18851,U+7E6F,繯
18852,U+7E70,繰
18853,U+7E71,繱
18854,U+7E72,繲
18855,U+7E73,繳
18856,U+7E74,繴
18857,U+7E75,繵
18858,U+7E76,繶
18859,U+7E77,繷
18860,U+7E78,繸
18861,U+7E79,繹
18862,U+7E7A,繺
18863,U+7E7B,繻
18864,U+7E7C,繼
18865,U+7E7D,繽
18866,U+7E7E,繾
18867,U+7E7F,繿
18868,U+7E80,纀
18869,U+7E81,纁
18870,U+7E82,纂
18871,U+7E83,纃
18872,U+7E84,纄
18873,U+7E85,纅
18874,U+7E86,纆
18875,U+7E87,纇
18876,U+7E88,纈
18877,U+7E89,纉
18878,U+7E8A,纊
18879,U+7E8B,纋
18880,U+7E8C,續
18881,U+7E8D,纍
18882,U+7E8E,纎
18883,U+7E8F,纏
18884,U+7E90,纐
18885,U+7E91,纑
18886,U+7E92,纒
18887,U+7E93,纓
18888,U+7E94,纔
18889,U+7E95,纕
18890,U+7E96,纖
18891,U+7E97,纗
18892,U+7E98,纘
18893,U+7E99,纙
18894,U+7E9A,纚
18895,U+7E9B,纛
18896,U+7E9C,纜
18897,U+7E9D,纝
18898,U+7E9E,纞
18899,U+7E9F,纟
18900,U+7EA0,纠
18901,U+7EA1,纡
18902,U+7EA2,红
18903,U+7EA3,纣
18904,U+7EA4,纤
18905,U+7EA5,纥
18906,U+7EA6,约
18907,U+7EA7,级
18908,U+7EA8,纨
18909,U+7EA9,纩
18910,U+7EAA,纪
18911,U+7EAB,纫
18912,U+7EAC,纬
18913,U+7EAD,纭
18914,U+7EAE,纮
18915,U+7EAF,纯
18916,U+7EB0,纰
18917,U+7EB1,纱
18918,U+7EB2,纲
18919,U+7EB3,纳
18920,U+7EB4,纴
18921,U+7EB5,纵
18922,U+7EB6,纶
18923,U+7EB7,纷
18924,U+7EB8,纸
18925,U+7EB9,纹
18926,U+7EBA,纺
18927,U+7EBB,纻
18928,U+7EBC,纼
18929,U+7EBD,纽
18930,U+7EBE,纾
18931,U+7EBF,线
18932,U+7EC0,绀
18933,U+7EC1,绁
18934,U+7EC2,绂
18935,U+7EC3,练
18936,U+7EC4,组
18937,U+7EC5,绅
18938,U+7EC6,细
18939,U+7EC7,织
18940,U+7EC8,终
18941,U+7EC9,绉
18942,U+7ECA,绊
18943,U+7ECB,绋
18944,U+7ECC,绌
18945,U+7ECD,绍
18946,U+7ECE,绎
18947,U+7ECF,经
18948,U+7ED0,绐
18949,U+7ED1,绑
18950,U+7ED2,绒
18951,U+7ED3,结
18952,U+7ED4,绔
18953,U+7ED5,绕
18954,U+7ED6,绖
18955,U+7ED7,绗
18956,U+7ED8,绘
18957,U+7ED9,给
18958,U+7EDA,绚
18959,U+7EDB,绛
18960,U+7EDC,络
18961,U+7EDD,绝
18962,U+7EDE,绞
18963,U+7EDF,统
18964,U+7EE0,绠
18965,U+7EE1,绡
18966,U+7EE2,绢
18967,U+7EE3,绣
18968,U+7EE4,绤
18969,U+7EE5,绥
18970,U+7EE6,绦
18971,U+7EE7,继
18972,U+7EE8,绨
18973,U+7EE9,绩
18974,U+7EEA,绪
18975,U+7EEB,绫
18976,U+7EEC,绬
18977,U+7EED,续
18978,U+7EEE,绮
18979,U+7EEF,绯
18980,U+7EF0,绰
18981,U+7EF1,绱
18982,U+7EF2,绲
18983,U+7EF3,绳
18984,U+7EF4,维
18985,U+7EF5,绵
18986,U+7EF6,绶
18987,U+7EF7,绷
18988,U+7EF8,绸
18989,U+7EF9,绹
18990,U+7EFA,绺
18991,U+7EFB,绻
18992,U+7EFC,综
18993,U+7EFD,绽
18994,U+7EFE,绾
18995,U+7EFF,绿
18996,U+7F00,缀
18997,U+7F01,缁
18998,U+7F02,缂
18999,U+7F03,缃
19000,U+7F04,缄
19001,U+7F05,缅
19002,U+7F06,缆
19003,U+7F07,缇
19004,U+7F08,缈
19005,U+7F09,缉
19006,U+7F0A,缊
19007,U+7F0B,缋
19008,U+7F0C,缌
19009,U+7F0D,缍
19010,U+7F0E,缎
19011,U+7F0F,缏
19012,U+7F10,缐
19013,U+7F11,缑
19014,U+7F12,缒
19015,U+7F13,缓
19016,U+7F14,缔
19017,U+7F15,缕
19018,U+7F16,编
19019,U+7F17,缗
19020,U+7F18,缘
19021,U+7F19,缙
19022,U+7F1A,缚
19023,U+7F1B,缛
19024,U+7F1C,缜
19025,U+7F1D,缝
19026,U+7F1E,缞
19027,U+7F1F,缟
19028,U+7F20,缠
19029,U+7F21,缡
19030,U+7F22,缢
19031,U+7F23,缣
19032,U+7F24,缤
19033,U+7F25,缥
19034,U+7F26,缦
19035,U+7F27,缧
19036,U+7F28,缨
19037,U+7F29,缩
19038,U+7F2A,缪
19039,U+7F2B,缫
19040,U+7F2C,缬
19041,U+7F2D,缭
19042,U+7F2E,缮
19043,U+7F2F,缯
19044,U+7F30,缰
19045,U+7F31,缱
19046,U+7F32,缲
19047,U+7F33,缳
19048,U+7F34,缴
19049,U+7F35,缵
19050,U+7F36,缶
19051,U+7F37,缷
19052,U+7F38,缸
19053,U+7F39,缹
19054,U+7F3A,缺
19055,U+7F3B,缻
19056,U+7F3C,缼
19057,U+7F3D,缽
19058,U+7F3E,缾
19059,U+7F3F,缿
19060,U+7F40,罀
19061,U+7F41,罁
19062,U+7F42,罂
19063,U+7F43,罃
19064,U+7F44,罄
19065,U+7F45,罅
19066,U+7F46,罆
19067,U+7F47,罇
19068,U+7F48,罈
19069,U+7F49,罉
19070,U+7F4A,罊
19071,U+7F4B,罋
19072,U+7F4C,罌
19073,U+7F4D,罍
19074,U+7F4E,罎
19075,U+7F4F,罏
19076,U+7F50,罐
19077,U+7F51,网
19078,U+7F52,罒
19079,U+7F53,罓
19080,U+7F54,罔
19081,U+7F55,罕
19082,U+7F56,罖
19083,U+7F57,罗
19084,U+7F58,罘
19085,U+7F59,罙
19086,U+7F5A,罚
19087,U+7F5B,罛
19088,U+7F5C,罜
19089,U+7F5D,罝
19090,U+7F5E,罞
19091,U+7F5F,罟
19092,U+7F60,罠
19093,U+7F61,罡
19094,U+7F62,罢
19095,U+7F63,罣
19096,U+7F64,罤
19097,U+7F65,罥
19098,U+7F66,罦
19099,U+7F67,罧
19100,U+7F68,罨
19101,U+7F69,罩
19102,U+7F6A,罪
19103,U+7F6B,罫
19104,U+7F6C,罬
19105,U+7F6D,罭
19106,U+7F6E,置
19107,U+7F6F,罯
19108,U+7F70,罰
19109,U+7F71,罱
19110,U+7F72,署
19111,U+7F73,罳
19112,U+7F74,罴
19113,U+7F75,罵
19114,U+7F76,罶
19115,U+7F77,罷
19116,U+7F78,罸
19117,U+7F79,罹
19118,U+7F7A,罺
19119,U+7F7B,罻
19120,U+7F7C,罼
19121,U+7F7D,罽
19122,U+7F7E,罾
19123,U+7F7F,罿
19124,U+7F80,羀
19125,U+7F81,羁
19126,U+7F82,羂
19127,U+7F83,羃
19128,U+7F84,羄
19129,U+7F85,羅
19130,U+7F86,羆
19131,U+7F87,羇
19132,U+7F88,羈
19133,U+7F89,羉
19134,U+7F8A,羊
19135,U+7F8B,羋
19136,U+7F8C,羌
19137,U+7F8D,羍
19138,U+7F8E,美
19139,U+7F8F,羏
19140,U+7F90,羐
19141,U+7F91,羑
19142,U+7F92,羒
19143,U+7F93,羓
19144,U+7F94,羔
19145,U+7F95,羕
19146,U+7F96,羖
19147,U+7F97,羗
19148,U+7F98,羘
19149,U+7F99,羙
19150,U+7F9A,羚
19151,U+7F9B,羛
19152,U+7F9C,羜
19153,U+7F9D,羝
19154,U+7F9E,羞
19155,U+7F9F,羟
19156,U+7FA0,羠
19157,U+7FA1,羡
19158,U+7FA2,羢
19159,U+7FA3,羣
19160,U+7FA4,群
19161,U+7FA5,羥
19162,U+7FA6,羦
19163,U+7FA7,羧
19164,U+7FA8,羨
19165,U+7FA9,義
19166,U+7FAA,羪
19167,U+7FAB,羫
19168,U+7FAC,羬
19169,U+7FAD,羭
19170,U+7FAE,羮
19171,U+7FAF,羯
19172,U+7FB0,羰
19173,U+7FB1,羱
19174,U+7FB2,羲
19175,U+7FB3,羳
19176,U+7FB4,羴
19177,U+7FB5,羵
19178,U+7FB6,羶
19179,U+7FB7,羷
19180,U+7FB8,羸
19181,U+7FB9,羹
19182,U+7FBA,羺
19183,U+7FBB,羻
19184,U+7FBC,羼
19185,U+7FBD,羽
19186,U+7FBE,羾
19187,U+7FBF,羿
19188,U+7FC0,翀
19189,U+7FC1,翁
19190,U+7FC2,翂
19191,U+7FC3,翃
19192,U+7FC4,翄
19193,U+7FC5,翅
19194,U+7FC6,翆
19195,U+7FC7,翇
19196,U+7FC8,翈
19197,U+7FC9,翉
19198,U+7FCA,翊
19199,U+7FCB,翋
19200,U+7FCC,翌
19201,U+7FCD,翍
19202,U+7FCE,翎
19203,U+7FCF,翏
19204,U+7FD0,翐
19205,U+7FD1,翑
19206,U+7FD2,習
19207,U+7FD3,翓
19208,U+7FD4,翔
19209,U+7FD5,翕
19210,U+7FD6,翖
19211,U+7FD7,翗
19212,U+7FD8,翘
19213,U+7FD9,翙
19214,U+7FDA,翚
19215,U+7FDB,翛
19216,U+7FDC,翜
19217,U+7FDD,翝
19218,U+7FDE,翞
19219,U+7FDF,翟
19220,U+7FE0,翠
19221,U+7FE1,翡
19222,U+7FE2,翢
19223,U+7FE3,翣
19224,U+7FE4,翤
19225,U+7FE5,翥
19226,U+7FE6,翦
19227,U+7FE7,翧
19228,U+7FE8,翨
19229,U+7FE9,翩
19230,U+7FEA,翪
19231,U+7FEB,翫
19232,U+7FEC,翬
19233,U+7FED,翭
19234,U+7FEE,翮
19235,U+7FEF,翯
19236,U+7FF0,翰
19237,U+7FF1,翱
19238,U+7FF2,翲
19239,U+7FF3,翳
19240,U+7FF4,翴
19241,U+7FF5,翵
19242,U+7FF6,翶
19243,U+7FF7,翷
19244,U+7FF8,翸
19245,U+7FF9,翹
19246,U+7FFA,翺
19247,U+7FFB,翻
19248,U+7FFC,翼
19249,U+7FFD,翽
19250,U+7FFE,翾
19251,U+7FFF,翿
19252,U+8000,耀
19253,U+8001,老
19254,U+8003,考
19255,U+8004,耄
19256,U+8005,者
19257,U+8006,耆
19258,U+8007,耇
19259,U+8008,耈
19260,U+8009,耉
19261,U+800A,耊
19262,U+800B,耋
19263,U+800C,而
19264,U+800D,耍
19265,U+800E,耎
19266,U+800F,耏
19267,U+8010,耐
19268,U+8011,耑
19269,U+8012,耒
19270,U+8013,耓
19271,U+8014,耔
19272,U+8015,耕
19273,U+8016,耖
19274,U+8017,耗
19275,U+8018,耘
19276,U+8019,耙
19277,U+801A,耚
19278,U+801B,耛
19279,U+801C,耜
19280,U+801D,耝
19281,U+801E,耞
19282,U+801F,耟
19283,U+8020,耠
19284,U+8021,耡
19285,U+8022,耢
19286,U+8023,耣
19287,U+8024,耤
19288,U+8025,耥
19289,U+8026,耦
19290,U+8027,耧
19291,U+8028,耨
19292,U+8029,耩
19293,U+802A,耪
19294,U+802B,耫
19295,U+802C,耬
19296,U+802D,耭
19297,U+802E,耮
19298,U+802F,耯
19299,U+8030,耰
19300,U+8031,耱
19301,U+8032,耲
19302,U+8033,耳
19303,U+8034,耴
19304,U+8035,耵
19305,U+8036,耶
19306,U+8037,耷
19307,U+8038,耸
19308,U+8039,耹
19309,U+803A,耺
19310,U+803B,耻
19311,U+803C,耼
19312,U+803D,耽
19313,U+803E,耾
19314,U+803F,耿
19315,U+8040,聀
19316,U+8041,聁
19317,U+8042,聂
19318,U+8043,聃
19319,U+8044,聄
19320,U+8045,聅
19321,U+8046,聆
19322,U+8047,聇
19323,U+8048,聈
19324,U+8049,聉
19325,U+804A,聊
19326,U+804B,聋
19327,U+804C,职
19328,U+804D,聍
19329,U+804E,聎
19330,U+804F,聏
19331,U+8050,聐
19332,U+8051,聑
19333,U+8052,聒
19334,U+8053,聓
19335,U+8054,联
19336,U+8055,聕
19337,U+8056,聖
19338,U+8057,聗
19339,U+8058,聘
19340,U+8059,聙
19341,U+805A,聚
19342,U+805B,聛
19343,U+805C,聜
19344,U+805D,聝
19345,U+805E,聞
19346,U+805F,聟
19347,U+8060,聠
19348,U+8061,聡
19349,U+8062,聢
19350,U+8063,聣
19351,U+8064,聤
19352,U+8065,聥
19353,U+8066,聦
19354,U+8067,聧
19355,U+8068,聨
19356,U+8069,聩
19357,U+806A,聪
19358,U+806B,聫
19359,U+806C,聬
19360,U+806D,聭
19361,U+806E,聮
19362,U+806F,聯
19363,U+8070,聰
19364,U+8071,聱
19365,U+8072,聲
19366,U+8073,聳
19367,U+8074,聴
19368,U+8075,聵
19369,U+8076,聶
19370,U+8077,職
19371,U+8078,聸
19372,U+8079,聹
19373,U+807A,聺
19374,U+807B,聻
19375,U+807C,聼
19376,U+807D,聽
19377,U+807E,聾
19378,U+807F,聿
19379,U+8080,肀
19380,U+8081,肁
19381,U+8082,肂
19382,U+8084,肄
19383,U+8086,肆
19384,U+8087,肇
19385,U+8088,肈
19386,U+8089,肉
19387,U+808A,肊
19388,U+808B,肋
19389,U+808C,肌
19390,U+808D,肍
19391,U+808E,肎
19392,U+808F,肏
19393,U+8090,肐
19394,U+8091,肑
19395,U+8092,肒
19396,U+8093,肓
19397,U+8094,肔
19398,U+8095,肕
19399,U+8096,肖
19400,U+8097,肗
19401,U+8098,肘
19402,U+8099,肙
19403,U+809A,肚
19404,U+809B,肛
19405,U+809C,肜
19406,U+809D,肝
19407,U+809E,肞
19408,U+809F,肟
19409,U+80A0,肠
19410,U+80A1,股
19411,U+80A2,肢
19412,U+80A3,肣
19413,U+80A4,肤
19414,U+80A5,肥
19415,U+80A6,肦
19416,U+80A7,肧
19417,U+80A8,肨
19418,U+80A9,肩
19419,U+80AA,肪
19420,U+80AB,肫
19421,U+80AC,肬
19422,U+80AD,肭
19423,U+80AE,肮
19424,U+80AF,肯
19425,U+80B0,肰
19426,U+80B1,肱
19427,U+80B2,育
19428,U+80B3,肳
19429,U+80B4,肴
19430,U+80B5,肵
19431,U+80B6,肶
19432,U+80B7,肷
19433,U+80B8,肸
19434,U+80B9,肹
19435,U+80BA,肺
19436,U+80BB,肻
19437,U+80BC,肼
19438,U+80BD,肽
19439,U+80BE,肾
19440,U+80BF,肿
19441,U+80C0,胀
19442,U+80C1,胁
19443,U+80C2,胂
19444,U+80C3,胃
19445,U+80C4,胄
19446,U+80C5,胅
19447,U+80C6,胆
19448,U+80C7,胇
19449,U+80C8,胈
19450,U+80C9,胉
19451,U+80CA,胊
19452,U+80CB,胋
19453,U+80CC,背
19454,U+80CD,胍
19455,U+80CE,胎
19456,U+80CF,胏
19457,U+80D0,胐
19458,U+80D1,胑
19459,U+80D2,胒
19460,U+80D3,胓
19461,U+80D4,胔
19462,U+80D5,胕
19463,U+80D6,胖
19464,U+80D7,胗
19465,U+80D8,胘
19466,U+80D9,胙
19467,U+80DA,胚
19468,U+80DB,胛
19469,U+80DC,胜
19470,U+80DD,胝
19471,U+80DE,胞
19472,U+80DF,胟
19473,U+80E0,胠
19474,U+80E1,胡
19475,U+80E2,胢
19476,U+80E3,胣
19477,U+80E4,胤
19478,U+80E5,胥
19479,U+80E6,胦
19480,U+80E7,胧
19481,U+80E8,胨
19482,U+80E9,胩
19483,U+80EA,胪
19484,U+80EB,胫
19485,U+80EC,胬
19486,U+80ED,胭
19487,U+80EE,胮
19488,U+80EF,胯
19489,U+80F0,胰
19490,U+80F1,胱
19491,U+80F2,胲
19492,U+80F3,胳
19493,U+80F4,胴
19494,U+80F5,胵
19495,U+80F6,胶
19496,U+80F7,胷
19497,U+80F8,胸
19498,U+80F9,胹
19499,U+80FA,胺
19500,U+80FB,胻
19501,U+80FC,胼
19502,U+80FD,能
19503,U+80FE,胾
19504,U+80FF,胿
19505,U+8100,脀
19506,U+8101,脁
19507,U+8102,脂
19508,U+8103,脃
19509,U+8104,脄
19510,U+8105,脅
19511,U+8106,脆
19512,U+8107,脇
19513,U+8108,脈
19514,U+8109,脉
19515,U+810A,脊
19516,U+810B,脋
19517,U+810C,脌
19518,U+810D,脍
19519,U+810E,脎
19520,U+810F,脏
19521,U+8110,脐
19522,U+8111,脑
19523,U+8112,脒
19524,U+8113,脓
19525,U+8114,脔
19526,U+8115,脕
19527,U+8116,脖
19528,U+8117,脗
19529,U+8118,脘
19530,U+8119,脙
19531,U+811A,脚
19532,U+811B,脛
19533,U+811C,脜
19534,U+811D,脝
19535,U+811E,脞
19536,U+811F,脟
19537,U+8120,脠
19538,U+8121,脡
19539,U+8122,脢
19540,U+8123,脣
19541,U+8124,脤
19542,U+8125,脥
19543,U+8126,脦
19544,U+8127,脧
19545,U+8128,脨
19546,U+8129,脩
19547,U+812A,脪
19548,U+812B,脫
19549,U+812C,脬
19550,U+812D,脭
19551,U+812E,脮
19552,U+812F,脯
19553,U+8130,脰
19554,U+8131,脱
19555,U+8132,脲
19556,U+8133,脳
19557,U+8134,脴
19558,U+8135,脵
19559,U+8136,脶
19560,U+8137,脷
19561,U+8138,脸
19562,U+8139,脹
19563,U+813A,脺
19564,U+813B,脻
19565,U+813C,脼
19566,U+813D,脽
19567,U+813E,脾
19568,U+813F,脿
19569,U+8140,腀
19570,U+8141,腁
19571,U+8142,腂
19572,U+8143,腃
19573,U+8144,腄
19574,U+8145,腅
19575,U+8146,腆
19576,U+8147,腇
19577,U+8148,腈
19578,U+8149,腉
19579,U+814A,腊
19580,U+814B,腋
19581,U+814C,腌
19582,U+814D,腍
19583,U+814E,腎
19584,U+814F,腏
19585,U+8150,腐
19586,U+8151,腑
19587,U+8152,腒
19588,U+8153,腓
19589,U+8154,腔
19590,U+8155,腕
19591,U+8156,腖
19592,U+8157,腗
19593,U+8158,腘
19594,U+8159,腙
19595,U+815A,腚
19596,U+815B,腛
19597,U+815C,腜
19598,U+815D,腝
19599,U+815E,腞
19600,U+815F,腟
19601,U+8160,腠
19602,U+8161,腡
19603,U+8162,腢
19604,U+8163,腣
19605,U+8164,腤
19606,U+8165,腥
19607,U+8166,腦
19608,U+8167,腧
19609,U+8168,腨
19610,U+8169,腩
19611,U+816A,腪
19612,U+816B,腫
19613,U+816C,腬
19614,U+816D,腭
19615,U+816E,腮
19616,U+816F,腯
19617,U+8170,腰
19618,U+8171,腱
19619,U+8172,腲
19620,U+8173,腳
19621,U+8174,腴
19622,U+8175,腵
19623,U+8176,腶
19624,U+8177,腷
19625,U+8178,腸
19626,U+8179,腹
19627,U+817A,腺
19628,U+817B,腻
19629,U+817C,腼
19630,U+817D,腽
19631,U+817E,腾
19632,U+817F,腿
19633,U+8180,膀
19634,U+8181,膁
19635,U+8182,膂
19636,U+8183,膃
19637,U+8184,膄
19638,U+8185,膅
19639,U+8186,膆
19640,U+8187,膇
19641,U+8188,膈
19642,U+8189,膉
19643,U+818A,膊
19644,U+818B,膋
19645,U+818C,膌
19646,U+818D,膍
19647,U+818E,膎
19648,U+818F,膏
19649,U+8190,膐
19650,U+8191,膑
19651,U+8192,膒
19652,U+8193,膓
19653,U+8194,膔
19654,U+8195,膕
19655,U+8196,膖
19656,U+8197,膗
19657,U+8198,膘
19658,U+8199,膙
19659,U+819A,膚
19660,U+819B,膛
19661,U+819C,膜
19662,U+819D,膝
19663,U+819E,膞
19664,U+819F,膟
19665,U+81A0,膠
19666,U+81A1,膡
19667,U+81A2,膢
19668,U+81A3,膣
19669,U+81A4,膤
19670,U+81A5,膥
19671,U+81A6,膦
19672,U+81A7,膧
19673,U+81A8,膨
19674,U+81A9,膩
19675,U+81AA,膪
19676,U+81AB,膫
19677,U+81AC,膬
19678,U+81AD,膭
19679,U+81AE,膮
19680,U+81AF,膯
19681,U+81B0,膰
19682,U+81B1,膱
19683,U+81B2,膲
19684,U+81B3,膳
19685,U+81B4,膴
19686,U+81B5,膵
19687,U+81B6,膶
19688,U+81B7,膷
19689,U+81B8,膸
19690,U+81B9,膹
19691,U+81BA,膺
19692,U+81BB,膻
19693,U+81BC,膼
19694,U+81BD,膽
19695,U+81BE,膾
19696,U+81BF,膿
19697,U+81C0,臀
19698,U+81C1,臁
19699,U+81C2,臂
19700,U+81C3,臃
19701,U+81C4,臄
19702,U+81C5,臅
19703,U+81C6,臆
19704,U+81C7,臇
19705,U+81C8,臈
19706,U+81C9,臉
19707,U+81CA,臊
19708,U+81CB,臋
19709,U+81CC,臌
19710,U+81CD,臍
19711,U+81CE,臎
19712,U+81CF,臏
19713,U+81D0,臐
19714,U+81D1,臑
19715,U+81D2,臒
19716,U+81D3,臓
19717,U+81D4,臔
19718,U+81D5,臕
19719,U+81D6,臖
19720,U+81D7,臗
19721,U+81D8,臘
19722,U+81D9,臙
19723,U+81DA,臚
19724,U+81DB,臛
19725,U+81DC,臜
19726,U+81DD,臝
19727,U+81DE,臞
19728,U+81DF,臟
19729,U+81E0,臠
19730,U+81E1,臡
19731,U+81E2,臢
19732,U+81E3,臣
19733,U+81E4,臤
19734,U+81E5,臥
19735,U+81E6,臦
19736,U+81E7,臧
19737,U+81E8,臨
19738,U+81E9,臩
19739,U+81EA,自
19740,U+81EB,臫
19741,U+81EC,臬
19742,U+81ED,臭
19743,U+81EE,臮
19744,U+81EF,臯
19745,U+81F0,臰
19746,U+81F1,臱
19747,U+81F2,臲
19748,U+81F3,至
19749,U+81F4,致
19750,U+81F5,臵
19751,U+81F6,臶
19752,U+81F7,臷
19753,U+81F8,臸
19754,U+81F9,臹
19755,U+81FA,臺
19756,U+81FB,臻
19757,U+81FC,臼
19758,U+81FD,臽
19759,U+81FE,臾
19760,U+81FF,臿
19761,U+8200,舀
19762,U+8201,舁
19763,U+8202,舂
19764,U+8203,舃
19765,U+8204,舄
19766,U+8205,舅
19767,U+8206,舆
19768,U+8207,與
19769,U+8208,興
19770,U+8209,舉
19771,U+820A,舊
19772,U+820B,舋
19773,U+820C,舌
19774,U+820D,舍
19775,U+820E,舎
19776,U+820F,舏
19777,U+8210,舐
19778,U+8211,舑
19779,U+8212,舒
19780,U+8213,舓
19781,U+8214,舔
19782,U+8215,舕
19783,U+8216,舖
19784,U+8217,舗
19785,U+8218,舘
19786,U+8219,舙
19787,U+821A,舚
19788,U+821B,舛
19789,U+821C,舜
19790,U+821D,舝
19791,U+821E,舞
19792,U+821F,舟
19793,U+8220,舠
19794,U+8221,舡
19795,U+8222,舢
19796,U+8223,舣
19797,U+8224,舤
19798,U+8225,舥
19799,U+8226,舦
19800,U+8227,舧
19801,U+8228,舨
19802,U+8229,舩
19803,U+822A,航
19804,U+822B,舫
19805,U+822C,般
19806,U+822D,舭
19807,U+822E,舮
19808,U+822F,舯
19809,U+8230,舰
19810,U+8231,舱
19811,U+8232,舲
19812,U+8233,舳
19813,U+8234,舴
19814,U+8235,舵
19815,U+8236,舶
19816,U+8237,舷
19817,U+8238,舸
19818,U+8239,船
19819,U+823A,舺
19820,U+823B,舻
19821,U+823C,舼
19822,U+823D,舽
19823,U+823E,舾
19824,U+823F,舿
19825,U+8240,艀
19826,U+8241,艁
19827,U+8242,艂
19828,U+8243,艃
19829,U+8244,艄
19830,U+8245,艅
19831,U+8246,艆
19832,U+8247,艇
19833,U+8248,艈
19834,U+8249,艉
19835,U+824A,艊
19836,U+824B,艋
19837,U+824C,艌
19838,U+824D,艍
19839,U+824E,艎
19840,U+824F,艏
19841,U+8250,艐
19842,U+8251,艑
19843,U+8252,艒
19844,U+8253,艓
19845,U+8254,艔
19846,U+8255,艕
19847,U+8256,艖
19848,U+8257,艗
19849,U+8258,艘
19850,U+8259,艙
19851,U+825A,艚
19852,U+825B,艛
19853,U+825C,艜
19854,U+825D,艝
19855,U+825E,艞
19856,U+825F,艟
19857,U+8260,艠
19858,U+8261,艡
19859,U+8262,艢
19860,U+8263,艣
19861,U+8264,艤
19862,U+8265,艥
19863,U+8266,艦
19864,U+8267,艧
19865,U+8268,艨
19866,U+8269,艩
19867,U+826A,艪
19868,U+826B,艫
19869,U+826C,艬
19870,U+826D,艭
19871,U+826E,艮
19872,U+826F,良
19873,U+8270,艰
19874,U+8271,艱
19875,U+8272,色
19876,U+8273,艳
19877,U+8274,艴
19878,U+8275,艵
19879,U+8276,艶
19880,U+8277,艷
19881,U+8278,艸
19882,U+8279,艹
19883,U+827A,艺
19884,U+827B,艻
19885,U+827C,艼
19886,U+827D,艽
19887,U+827E,艾
19888,U+827F,艿
19889,U+8280,芀
19890,U+8281,芁
19891,U+8282,节
19892,U+8283,芃
19893,U+8284,芄
19894,U+8285,芅
19895,U+8286,芆
19896,U+8287,芇
19897,U+8288,芈
19898,U+8289,芉
19899,U+828A,芊
19900,U+828B,芋
19901,U+828C,芌
19902,U+828D,芍
19903,U+828E,芎
19904,U+828F,芏
19905,U+8290,芐
19906,U+8291,芑
19907,U+8292,芒
19908,U+8293,芓
19909,U+8294,芔
19910,U+8295,芕
19911,U+8296,芖
19912,U+8297,芗
19913,U+8298,芘
19914,U+8299,芙
19915,U+829A,芚
19916,U+829B,芛
19917,U+829C,芜
19918,U+829D,芝
19919,U+829E,芞
19920,U+829F,芟
19921,U+82A0,芠
19922,U+82A1,芡
19923,U+82A2,芢
19924,U+82A3,芣
19925,U+82A4,芤
19926,U+82A5,芥
19927,U+82A6,芦
19928,U+82A7,芧
19929,U+82A8,芨
19930,U+82A9,芩
19931,U+82AA,芪
19932,U+82AB,芫
19933,U+82AC,芬
19934,U+82AD,芭
19935,U+82AE,芮
19936,U+82AF,芯
19937,U+82B0,芰
19938,U+82B1,花
19939,U+82B2,芲
19940,U+82B3,芳
19941,U+82B4,芴
19942,U+82B5,芵
19943,U+82B6,芶
19944,U+82B7,芷
19945,U+82B8,芸
19946,U+82B9,芹
19947,U+82BA,芺
19948,U+82BB,芻
19949,U+82BC,芼
19950,U+82BD,芽
19951,U+82BE,芾
19952,U+82BF,芿
19953,U+82C0,苀
19954,U+82C1,苁
19955,U+82C2,苂
19956,U+82C3,苃
19957,U+82C4,苄
19958,U+82C5,苅
19959,U+82C6,苆
19960,U+82C7,苇
19961,U+82C8,苈
19962,U+82C9,苉
19963,U+82CA,苊
19964,U+82CB,苋
19965,U+82CC,苌
19966,U+82CD,苍
19967,U+82CE,苎
19968,U+82CF,苏
19969,U+82D0,苐
19970,U+82D1,苑
19971,U+82D2,苒
19972,U+82D3,苓
19973,U+82D4,苔
19974,U+82D5,苕
19975,U+82D6,苖
19976,U+82D7,苗
19977,U+82D8,苘
19978,U+82D9,苙
19979,U+82DA,苚
19980,U+82DB,苛
19981,U+82DC,苜
19982,U+82DD,苝
19983,U+82DE,苞
19984,U+82DF,苟
19985,U+82E0,苠
19986,U+82E1,苡
19987,U+82E2,苢
19988,U+82E3,苣
19989,U+82E4,苤
19990,U+82E5,若
19991,U+82E6,苦
19992,U+82E7,苧
19993,U+82E8,苨
19994,U+82E9,苩
19995,U+82EA,苪
19996,U+82EB,苫
19997,U+82EC,苬
19998,U+82ED,苭
19999,U+82EE,苮
20000,U+82EF,苯
20001,U+82F0,苰
20002,U+82F1,英
20003,U+82F2,苲
20004,U+82F3,苳
20005,U+82F4,苴
20006,U+82F5,苵
20007,U+82F6,苶
20008,U+82F7,苷
20009,U+82F8,苸
20010,U+82F9,苹
20011,U+82FA,苺
20012,U+82FB,苻
20013,U+82FC,苼
20014,U+82FD,苽
20015,U+82FE,苾
20016,U+82FF,苿
20017,U+8300,茀
20018,U+8301,茁
20019,U+8302,茂
20020,U+8303,范
20021,U+8304,茄
20022,U+8305,茅
20023,U+8306,茆
20024,U+8307,茇
20025,U+8308,茈
20026,U+8309,茉
20027,U+830A,茊
20028,U+830B,茋
20029,U+830C,茌
20030,U+830D,茍
20031,U+830E,茎
20032,U+830F,茏
20033,U+8310,茐
20034,U+8311,茑
20035,U+8312,茒
20036,U+8313,茓
20037,U+8314,茔
20038,U+8315,茕
20039,U+8316,茖
20040,U+8317,茗
20041,U+8318,茘
20042,U+8319,茙
20043,U+831A,茚
20044,U+831B,茛
20045,U+831C,茜
20046,U+831D,茝
20047,U+831E,茞
20048,U+831F,茟
20049,U+8320,茠
20050,U+8321,茡
20051,U+8322,茢
20052,U+8323,茣
20053,U+8324,茤
20054,U+8325,茥
20055,U+8326,茦
20056,U+8327,茧
20057,U+8328,茨
20058,U+8329,茩
20059,U+832A,茪
20060,U+832B,茫
20061,U+832C,茬
20062,U+832D,茭
20063,U+832E,茮
20064,U+832F,茯
20065,U+8330,茰
20066,U+8331,茱
20067,U+8332,茲
20068,U+8333,茳
20069,U+8334,茴
20070,U+8335,茵
20071,U+8336,茶
20072,U+8337,茷
20073,U+8338,茸
20074,U+8339,茹
20075,U+833A,茺
20076,U+833B,茻
20077,U+833C,茼
20078,U+833D,茽
20079,U+833E,茾
20080,U+833F,茿
20081,U+8340,荀
20082,U+8341,荁
20083,U+8342,荂
20084,U+8343,荃
20085,U+8344,荄
20086,U+8345,荅
20087,U+8346,荆
20088,U+8347,荇
20089,U+8348,荈
20090,U+8349,草
20091,U+834A,荊
20092,U+834B,荋
20093,U+834C,荌
20094,U+834D,荍
20095,U+834E,荎
20096,U+834F,荏
20097,U+8350,荐
20098,U+8351,荑
20099,U+8352,荒
20100,U+8353,荓
20101,U+8354,荔
20102,U+8355,荕
20103,U+8356,荖
20104,U+8357,荗
20105,U+8358,荘
20106,U+8359,荙
20107,U+835A,荚
20108,U+835B,荛
20109,U+835C,荜
20110,U+835D,荝
20111,U+835E,荞
20112,U+835F,荟
20113,U+8360,荠
20114,U+8361,荡
20115,U+8362,荢
20116,U+8363,荣
20117,U+8364,荤
20118,U+8365,荥
20119,U+8366,荦
20120,U+8367,荧
20121,U+8368,荨
20122,U+8369,荩
20123,U+836A,荪
20124,U+836B,荫
20125,U+836C,荬
20126,U+836D,荭
20127,U+836E,荮
20128,U+836F,药
20129,U+8370,荰
20130,U+8371,荱
20131,U+8372,荲
20132,U+8373,荳
20133,U+8374,荴
20134,U+8375,荵
20135,U+8376,荶
20136,U+8377,荷
20137,U+8378,荸
20138,U+8379,荹
20139,U+837A,荺
20140,U+837B,荻
20141,U+837C,荼
20142,U+837D,荽
20143,U+837E,荾
20144,U+837F,荿
20145,U+8380,莀
20146,U+8381,莁
20147,U+8382,莂
20148,U+8383,莃
20149,U+8384,莄
20150,U+8385,莅
20151,U+8386,莆
20152,U+8387,莇
20153,U+8388,莈
20154,U+8389,莉
20155,U+838A,莊
20156,U+838B,莋
20157,U+838C,莌
20158,U+838D,莍
20159,U+838E,莎
20160,U+838F,莏
20161,U+8390,莐
20162,U+8391,莑
20163,U+8392,莒
20164,U+8393,莓
20165,U+8394,莔
20166,U+8395,莕
20167,U+8396,莖
20168,U+8397,莗
20169,U+8398,莘
20170,U+8399,莙
20171,U+839A,莚
20172,U+839B,莛
20173,U+839C,莜
20174,U+839D,莝
20175,U+839E,莞
20176,U+839F,莟
20177,U+83A0,莠
20178,U+83A1,莡
20179,U+83A2,莢
20180,U+83A3,莣
20181,U+83A4,莤
20182,U+83A5,莥
20183,U+83A6,莦
20184,U+83A7,莧
20185,U+83A8,莨
20186,U+83A9,莩
20187,U+83AA,莪
20188,U+83AB,莫
20189,U+83AC,莬
20190,U+83AD,莭
20191,U+83AE,莮
20192,U+83AF,莯
20193,U+83B0,莰
20194,U+83B1,莱
20195,U+83B2,莲
20196,U+83B3,莳
20197,U+83B4,莴
20198,U+83B5,莵
20199,U+83B6,莶
20200,U+83B7,获
20201,U+83B8,莸
20202,U+83B9,莹
20203,U+83BA,莺
20204,U+83BB,莻
20205,U+83BC,莼
20206,U+83BD,莽
20207,U+83BE,莾
20208,U+83BF,莿
20209,U+83C0,菀
20210,U+83C1,菁
20211,U+83C2,菂
20212,U+83C3,菃
20213,U+83C4,菄
20214,U+83C5,菅
20215,U+83C6,菆
20216,U+83C7,菇
20217,U+83C8,菈
20218,U+83C9,菉
20219,U+83CA,菊
20220,U+83CB,菋
20221,U+83CC,菌
20222,U+83CD,菍
20223,U+83CE,菎
20224,U+83CF,菏
20225,U+83D0,菐
20226,U+83D1,菑
20227,U+83D2,菒
20228,U+83D3,菓
20229,U+83D4,菔
20230,U+83D5,菕
20231,U+83D6,菖
20232,U+83D7,菗
20233,U+83D8,菘
20234,U+83D9,菙
20235,U+83DA,菚
20236,U+83DB,菛
20237,U+83DC,菜
20238,U+83DD,菝
20239,U+83DE,菞
20240,U+83DF,菟
20241,U+83E0,菠
20242,U+83E1,菡
20243,U+83E2,菢
20244,U+83E3,菣
20245,U+83E4,菤
20246,U+83E5,菥
20247,U+83E6,菦
20248,U+83E7,菧
20249,U+83E8,菨
20250,U+83E9,菩
20251,U+83EA,菪
20252,U+83EB,菫
20253,U+83EC,菬
20254,U+83ED,菭
20255,U+83EE,菮
20256,U+83EF,華
20257,U+83F0,菰
20258,U+83F1,菱
20259,U+83F2,菲
20260,U+83F3,菳
20261,U+83F4,菴
20262,U+83F5,菵
20263,U+83F6,菶
20264,U+83F7,菷
20265,U+83F8,菸
20266,U+83F9,菹
20267,U+83FA,菺
20268,U+83FB,菻
20269,U+83FC,菼
20270,U+83FD,菽
20271,U+83FE,菾
20272,U+83FF,菿
20273,U+8400,萀
20274,U+8401,萁
20275,U+8402,萂
20276,U+8403,萃
20277,U+8404,萄
20278,U+8405,萅
20279,U+8406,萆
20280,U+8407,萇
20281,U+8408,萈
20282,U+8409,萉
20283,U+840A,萊
20284,U+840B,萋
20285,U+840C,萌
20286,U+840D,萍
20287,U+840E,萎
20288,U+840F,萏
20289,U+8410,萐
20290,U+8411,萑
20291,U+8412,萒
20292,U+8413,萓
20293,U+8414,萔
20294,U+8415,萕
20295,U+8416,萖
20296,U+8417,萗
20297,U+8418,萘
20298,U+8419,萙
20299,U+841A,萚
20300,U+841B,萛
20301,U+841C,萜
20302,U+841D,萝
20303,U+841E,萞
20304,U+841F,萟
20305,U+8420,萠
20306,U+8421,萡
20307,U+8422,萢
20308,U+8423,萣
20309,U+8424,萤
20310,U+8425,营
20311,U+8426,萦
20312,U+8427,萧
20313,U+8428,萨
20314,U+8429,萩
20315,U+842A,萪
20316,U+842B,萫
20317,U+842C,萬
20318,U+842D,萭
20319,U+842E,萮
20320,U+842F,萯
20321,U+8430,萰
20322,U+8431,萱
20323,U+8432,萲
20324,U+8433,萳
20325,U+8434,萴
20326,U+8435,萵
20327,U+8436,萶
20328,U+8437,萷
20329,U+8438,萸
20330,U+8439,萹
20331,U+843A,萺
20332,U+843B,萻
20333,U+843C,萼
20334,U+843D,落
20335,U+843E,萾
20336,U+843F,萿
20337,U+8440,葀
20338,U+8441,葁
20339,U+8442,葂
20340,U+8443,葃
20341,U+8444,葄
20342,U+8445,葅
20343,U+8446,葆
20344,U+8447,葇
20345,U+8448,葈
20346,U+8449,葉
20347,U+844A,葊
20348,U+844B,葋
20349,U+844C,葌
20350,U+844D,葍
20351,U+844E,葎
20352,U+844F,葏
20353,U+8450,葐
20354,U+8451,葑
20355,U+8452,葒
20356,U+8453,葓
20357,U+8454,葔
20358,U+8455,葕
20359,U+8456,葖
20360,U+8457,著
20361,U+8458,葘
20362,U+8459,葙
20363,U+845A,葚
20364,U+845B,葛
20365,U+845C,葜
20366,U+845D,葝
20367,U+845E,葞
20368,U+845F,葟
20369,U+8460,葠
20370,U+8461,葡
20371,U+8462,葢
20372,U+8463,董
20373,U+8464,葤
20374,U+8465,葥
20375,U+8466,葦
20376,U+8467,葧
20377,U+8468,葨
20378,U+8469,葩
20379,U+846A,葪
20380,U+846B,葫
20381,U+846C,葬
20382,U+846D,葭
20383,U+846E,葮
20384,U+846F,葯
20385,U+8470,葰
20386,U+8471,葱
20387,U+8472,葲
20388,U+8473,葳
20389,U+8474,葴
20390,U+8475,葵
20391,U+8476,葶
20392,U+8477,葷
20393,U+8478,葸
20394,U+8479,葹
20395,U+847A,葺
20396,U+847B,葻
20397,U+847C,葼
20398,U+847D,葽
20399,U+847E,葾
20400,U+847F,葿
20401,U+8480,蒀
20402,U+8481,蒁
20403,U+8482,蒂
20404,U+8483,蒃
20405,U+8484,蒄
20406,U+8485,蒅
20407,U+8486,蒆
20408,U+8487,蒇
20409,U+8488,蒈
20410,U+8489,蒉
20411,U+848A,蒊
20412,U+848B,蒋
20413,U+848C,蒌
20414,U+848D,蒍
20415,U+848E,蒎
20416,U+848F,蒏
20417,U+8490,蒐
20418,U+8491,蒑
20419,U+8492,蒒
20420,U+8493,蒓
20421,U+8494,蒔
20422,U+8495,蒕
20423,U+8496,蒖
20424,U+8497,蒗
20425,U+8498,蒘
20426,U+8499,蒙
20427,U+849A,蒚
20428,U+849B,蒛
20429,U+849C,蒜
20430,U+849D,蒝
20431,U+849E,蒞
20432,U+849F,蒟
20433,U+84A0,蒠
20434,U+84A1,蒡
20435,U+84A2,蒢
20436,U+84A3,蒣
20437,U+84A4,蒤
20438,U+84A5,蒥
20439,U+84A6,蒦
20440,U+84A7,蒧
20441,U+84A8,蒨
20442,U+84A9,蒩
20443,U+84AA,蒪
20444,U+84AB,蒫
20445,U+84AC,蒬
20446,U+84AD,蒭
20447,U+84AE,蒮
20448,U+84AF,蒯
20449,U+84B0,蒰
20450,U+84B1,蒱
20451,U+84B2,蒲
20452,U+84B3,蒳
20453,U+84B4,蒴
20454,U+84B5,蒵
20455,U+84B6,蒶
20456,U+84B7,蒷
20457,U+84B8,蒸
20458,U+84B9,蒹
20459,U+84BA,蒺
20460,U+84BB,蒻
20461,U+84BC,蒼
20462,U+84BD,蒽
20463,U+84BE,蒾
20464,U+84BF,蒿
20465,U+84C0,蓀
20466,U+84C1,蓁
20467,U+84C2,蓂
20468,U+84C3,蓃
20469,U+84C4,蓄
20470,U+84C5,蓅
20471,U+84C6,蓆
20472,U+84C7,蓇
20473,U+84C8,蓈
20474,U+84C9,蓉
20475,U+84CA,蓊
20476,U+84CB,蓋
20477,U+84CC,蓌
20478,U+84CD,蓍
20479,U+84CE,蓎
20480,U+84CF,蓏
20481,U+84D0,蓐
20482,U+84D1,蓑
20483,U+84D2,蓒
20484,U+84D3,蓓
20485,U+84D4,蓔
20486,U+84D5,蓕
20487,U+84D6,蓖
20488,U+84D7,蓗
20489,U+84D8,蓘
20490,U+84D9,蓙
20491,U+84DA,蓚
20492,U+84DB,蓛
20493,U+84DC,蓜
20494,U+84DD,蓝
20495,U+84DE,蓞
20496,U+84DF,蓟
20497,U+84E0,蓠
20498,U+84E1,蓡
20499,U+84E2,蓢
20500,U+84E3,蓣
20501,U+84E4,蓤
20502,U+84E5,蓥
20503,U+84E6,蓦
20504,U+84E7,蓧
20505,U+84E8,蓨
20506,U+84E9,蓩
20507,U+84EA,蓪
20508,U+84EB,蓫
20509,U+84EC,蓬
20510,U+84ED,蓭
20511,U+84EE,蓮
20512,U+84EF,蓯
20513,U+84F0,蓰
20514,U+84F1,蓱
20515,U+84F2,蓲
20516,U+84F3,蓳
20517,U+84F4,蓴
20518,U+84F5,蓵
20519,U+84F6,蓶
20520,U+84F7,蓷
20521,U+84F8,蓸
20522,U+84F9,蓹
20523,U+84FA,蓺
20524,U+84FB,蓻
20525,U+84FC,蓼
20526,U+84FD,蓽
20527,U+84FE,蓾
20528,U+84FF,蓿
20529,U+8500,蔀
20530,U+8501,蔁
20531,U+8502,蔂
20532,U+8503,蔃
20533,U+8504,蔄
20534,U+8505,蔅
20535,U+8506,蔆
20536,U+8507,蔇
20537,U+8508,蔈
20538,U+8509,蔉
20539,U+850A,蔊
20540,U+850B,蔋
20541,U+850C,蔌
20542,U+850D,蔍
20543,U+850E,蔎
20544,U+850F,蔏
20545,U+8510,蔐
20546,U+8511,蔑
20547,U+8512,蔒
20548,U+8513,蔓
20549,U+8514,蔔
20550,U+8515,蔕
20551,U+8516,蔖
20552,U+8517,蔗
20553,U+8518,蔘
20554,U+8519,蔙
20555,U+851A,蔚
20556,U+851B,蔛
20557,U+851C,蔜
20558,U+851D,蔝
20559,U+851E,蔞
20560,U+851F,蔟
20561,U+8520,蔠
20562,U+8521,蔡
20563,U+8522,蔢
20564,U+8523,蔣
20565,U+8524,蔤
20566,U+8525,蔥
20567,U+8526,蔦
20568,U+8527,蔧
20569,U+8528,蔨
20570,U+8529,蔩
20571,U+852A,蔪
20572,U+852B,蔫
20573,U+852C,蔬
20574,U+852D,蔭
20575,U+852E,蔮
20576,U+852F,蔯
20577,U+8530,蔰
20578,U+8531,蔱
20579,U+8532,蔲
20580,U+8533,蔳
20581,U+8534,蔴
20582,U+8535,蔵
20583,U+8536,蔶
20584,U+8537,蔷
20585,U+8538,蔸
20586,U+8539,蔹
20587,U+853A,蔺
20588,U+853B,蔻
20589,U+853C,蔼
20590,U+853D,蔽
20591,U+853E,蔾
20592,U+853F,蔿
20593,U+8540,蕀
20594,U+8541,蕁
20595,U+8542,蕂
20596,U+8543,蕃
20597,U+8544,蕄
20598,U+8545,蕅
20599,U+8546,蕆
20600,U+8547,蕇
20601,U+8548,蕈
20602,U+8549,蕉
20603,U+854A,蕊
20604,U+854B,蕋
20605,U+854C,蕌
20606,U+854D,蕍
20607,U+854E,蕎
20608,U+854F,蕏
20609,U+8550,蕐
20610,U+8551,蕑
20611,U+8552,蕒
20612,U+8553,蕓
20613,U+8554,蕔
20614,U+8555,蕕
20615,U+8556,蕖
20616,U+8557,蕗
20617,U+8558,蕘
20618,U+8559,蕙
20619,U+855A,蕚
20620,U+855B,蕛
20621,U+855C,蕜
20622,U+855D,蕝
20623,U+855E,蕞
20624,U+855F,蕟
20625,U+8560,蕠
20626,U+8561,蕡
20627,U+8562,蕢
20628,U+8563,蕣
20629,U+8564,蕤
20630,U+8565,蕥
20631,U+8566,蕦
20632,U+8567,蕧
20633,U+8568,蕨
20634,U+8569,蕩
20635,U+856A,蕪
20636,U+856B,蕫
20637,U+856C,蕬
20638,U+856D,蕭
20639,U+856E,蕮
20640,U+856F,蕯
20641,U+8570,蕰
20642,U+8571,蕱
20643,U+8572,蕲
20644,U+8573,蕳
20645,U+8574,蕴
20646,U+8575,蕵
20647,U+8576,蕶
20648,U+8577,蕷
20649,U+8578,蕸
20650,U+8579,蕹
20651,U+857A,蕺
20652,U+857B,蕻
20653,U+857C,蕼
20654,U+857D,蕽
20655,U+857E,蕾
20656,U+857F,蕿
20657,U+8580,薀
20658,U+8581,薁
20659,U+8582,薂
20660,U+8583,薃
20661,U+8584,薄
20662,U+8585,薅
20663,U+8586,薆
20664,U+8587,薇
20665,U+8588,薈
20666,U+8589,薉
20667,U+858A,薊
20668,U+858B,薋
20669,U+858C,薌
20670,U+858D,薍
20671,U+858E,薎
20672,U+858F,薏
20673,U+8590,薐
20674,U+8591,薑
20675,U+8592,薒
20676,U+8593,薓
20677,U+8594,薔
20678,U+8595,薕
20679,U+8596,薖
20680,U+8597,薗
20681,U+8598,薘
20682,U+8599,薙
20683,U+859A,薚
20684,U+859B,薛
20685,U+859C,薜
20686,U+859D,薝
20687,U+859E,薞
20688,U+859F,薟
20689,U+85A0,薠
20690,U+85A1,薡
20691,U+85A2,薢
20692,U+85A3,薣
20693,U+85A4,薤
20694,U+85A5,薥
20695,U+85A6,薦
20696,U+85A7,薧
20697,U+85A8,薨
20698,U+85A9,薩
20699,U+85AA,薪
20700,U+85AB,薫
20701,U+85AC,薬
20702,U+85AD,薭
20703,U+85AE,薮
20704,U+85AF,薯
20705,U+85B0,薰
20706,U+85B1,薱
20707,U+85B2,薲
20708,U+85B3,薳
20709,U+85B4,薴
20710,U+85B5,薵
20711,U+85B6,薶
20712,U+85B7,薷
20713,U+85B8,薸
20714,U+85B9,薹
20715,U+85BA,薺
20716,U+85BB,薻
20717,U+85BC,薼
20718,U+85BD,薽
20719,U+85BE,薾
20720,U+85BF,薿
20721,U+85C0,藀
20722,U+85C1,藁
20723,U+85C2,藂
20724,U+85C3,藃
20725,U+85C4,藄
20726,U+85C5,藅
20727,U+85C6,藆
20728,U+85C7,藇
20729,U+85C8,藈
20730,U+85C9,藉
20731,U+85CA,藊
20732,U+85CB,藋
20733,U+85CC,藌
20734,U+85CD,藍
20735,U+85CE,藎
20736,U+85CF,藏
20737,U+85D0,藐
20738,U+85D1,藑
20739,U+85D2,藒
20740,U+85D3,藓
20741,U+85D4,藔
20742,U+85D5,藕
20743,U+85D6,藖
20744,U+85D7,藗
20745,U+85D8,藘
20746,U+85D9,藙
20747,U+85DA,藚
20748,U+85DB,藛
20749,U+85DC,藜
20750,U+85DD,藝
20751,U+85DE,藞
20752,U+85DF,藟
20753,U+85E0,藠
20754,U+85E1,藡
20755,U+85E2,藢
20756,U+85E3,藣
20757,U+85E4,藤
20758,U+85E5,藥
20759,U+85E6,藦
20760,U+85E7,藧
20761,U+85E8,藨
20762,U+85E9,藩
20763,U+85EA,藪
20764,U+85EB,藫
20765,U+85EC,藬
20766,U+85ED,藭
20767,U+85EE,藮
20768,U+85EF,藯
20769,U+85F0,藰
20770,U+85F1,藱
20771,U+85F2,藲
20772,U+85F3,藳
20773,U+85F4,藴
20774,U+85F5,藵
20775,U+85F6,藶
20776,U+85F7,藷
20777,U+85F8,藸
20778,U+85F9,藹
20779,U+85FA,藺
20780,U+85FB,藻
20781,U+85FC,藼
20782,U+85FD,藽
20783,U+85FE,藾
20784,U+85FF,藿
20785,U+8600,蘀
20786,U+8601,蘁
20787,U+8602,蘂
20788,U+8603,蘃
20789,U+8604,蘄
20790,U+8605,蘅
20791,U+8606,蘆
20792,U+8607,蘇
20793,U+8608,蘈
20794,U+8609,蘉
20795,U+860A,蘊
20796,U+860B,蘋
20797,U+860C,蘌
20798,U+860D,蘍
20799,U+860E,蘎
20800,U+860F,蘏
20801,U+8610,蘐
20802,U+8611,蘑
20803,U+8612,蘒
20804,U+8613,蘓
20805,U+8614,蘔
20806,U+8615,蘕
20807,U+8616,蘖
20808,U+8617,蘗
20809,U+8618,蘘
20810,U+8619,蘙
20811,U+861A,蘚
20812,U+861B,蘛
20813,U+861C,蘜
20814,U+861D,蘝
20815,U+861E,蘞
20816,U+861F,蘟
20817,U+8620,蘠
20818,U+8621,蘡
20819,U+8622,蘢
20820,U+8623,蘣
20821,U+8624,蘤
20822,U+8625,蘥
20823,U+8626,蘦
20824,U+8627,蘧
20825,U+8628,蘨
20826,U+8629,蘩
20827,U+862A,蘪
20828,U+862B,蘫
20829,U+862C,蘬
20830,U+862D,蘭
20831,U+862E,蘮
20832,U+862F,蘯
20833,U+8630,蘰
20834,U+8631,蘱
20835,U+8632,蘲
20836,U+8633,蘳
20837,U+8634,蘴
20838,U+8635,蘵
20839,U+8636,蘶
20840,U+8637,蘷
20841,U+8638,蘸
20842,U+8639,蘹
20843,U+863A,蘺
20844,U+863B,蘻
20845,U+863C,蘼
20846,U+863D,蘽
20847,U+863E,蘾
20848,U+863F,蘿
20849,U+8640,虀
20850,U+8641,虁
20851,U+8642,虂
20852,U+8643,虃
20853,U+8644,虄
20854,U+8645,虅
20855,U+8646,虆
20856,U+8647,虇
20857,U+8648,虈
20858,U+8649,虉
20859,U+864A,虊
20860,U+864B,虋
20861,U+864C,虌
20862,U+864D,虍
20863,U+864E,虎
20864,U+864F,虏
20865,U+8650,虐
20866,U+8651,虑
20867,U+8652,虒
20868,U+8653,虓
20869,U+8654,虔
20870,U+8655,處
20871,U+8656,虖
20872,U+8657,虗
20873,U+8658,虘
20874,U+8659,虙
20875,U+865A,虚
20876,U+865B,虛
20877,U+865C,虜
20878,U+865D,虝
20879,U+865E,虞
20880,U+865F,號
20881,U+8660,虠
20882,U+8661,虡
20883,U+8662,虢
20884,U+8663,虣
20885,U+8664,虤
20886,U+8665,虥
20887,U+8666,虦
20888,U+8667,虧
20889,U+8668,虨
20890,U+8669,虩
20891,U+866A,虪
20892,U+866B,虫
20893,U+866C,虬
20894,U+866D,虭
20895,U+866E,虮
20896,U+866F,虯
20897,U+8670,虰
20898,U+8671,虱
20899,U+8672,虲
20900,U+8673,虳
20901,U+8674,虴
20902,U+8675,虵
20903,U+8676,虶
20904,U+8677,虷
20905,U+8678,虸
20906,U+8679,虹
20907,U+867A,虺
20908,U+867B,虻
20909,U+867C,虼
20910,U+867D,虽
20911,U+867E,虾
20912,U+867F,虿
20913,U+8680,蚀
20914,U+8681,蚁
20915,U+8682,蚂
20916,U+8683,蚃
20917,U+8684,蚄
20918,U+8685,蚅
20919,U+8686,蚆
20920,U+8687,蚇
20921,U+8688,蚈
20922,U+8689,蚉
20923,U+868A,蚊
20924,U+868B,蚋
20925,U+868C,蚌
20926,U+868D,蚍
20927,U+868E,蚎
20928,U+868F,蚏
20929,U+8690,蚐
20930,U+8691,蚑
20931,U+8692,蚒
20932,U+8693,蚓
20933,U+8694,蚔
20934,U+8695,蚕
20935,U+8696,蚖
20936,U+8697,蚗
20937,U+8698,蚘
20938,U+8699,蚙
20939,U+869A,蚚
20940,U+869B,蚛
20941,U+869C,蚜
20942,U+869D,蚝
20943,U+869E,蚞
20944,U+869F,蚟
20945,U+86A0,蚠
20946,U+86A1,蚡
20947,U+86A2,蚢
20948,U+86A3,蚣
20949,U+86A4,蚤
20950,U+86A5,蚥
20951,U+86A6,蚦
20952,U+86A7,蚧
20953,U+86A8,蚨
20954,U+86A9,蚩
20955,U+86AA,蚪
20956,U+86AB,蚫
20957,U+86AC,蚬
20958,U+86AD,蚭
20959,U+86AE,蚮
20960,U+86AF,蚯
20961,U+86B0,蚰
20962,U+86B1,蚱
20963,U+86B2,蚲
20964,U+86B3,蚳
20965,U+86B4,蚴
20966,U+86B5,蚵
20967,U+86B6,蚶
20968,U+86B7,蚷
20969,U+86B8,蚸
20970,U+86B9,蚹
20971,U+86BA,蚺
20972,U+86BB,蚻
20973,U+86BC,蚼
20974,U+86BD,蚽
20975,U+86BE,蚾
20976,U+86BF,蚿
20977,U+86C0,蛀
20978,U+86C1,蛁
20979,U+86C2,蛂
20980,U+86C3,蛃
20981,U+86C4,蛄
20982,U+86C5,蛅
20983,U+86C6,蛆
20984,U+86C7,蛇
20985,U+86C8,蛈
20986,U+86C9,蛉
20987,U+86CA,蛊
20988,U+86CB,蛋
20989,U+86CC,蛌
20990,U+86CD,蛍
20991,U+86CE,蛎
20992,U+86CF,蛏
20993,U+86D0,蛐
20994,U+86D1,蛑
20995,U+86D2,蛒
20996,U+86D3,蛓
20997,U+86D4,蛔
20998,U+86D5,蛕
20999,U+86D6,蛖
21000,U+86D7,蛗
21001,U+86D8,蛘
21002,U+86D9,蛙
21003,U+86DA,蛚
21004,U+86DB,蛛
21005,U+86DC,蛜
21006,U+86DD,蛝
21007,U+86DE,蛞
21008,U+86DF,蛟
21009,U+86E0,蛠
21010,U+86E1,蛡
21011,U+86E2,蛢
21012,U+86E3,蛣
21013,U+86E4,蛤
21014,U+86E5,蛥
21015,U+86E6,蛦
21016,U+86E7,蛧
21017,U+86E8,蛨
21018,U+86E9,蛩
21019,U+86EA,蛪
21020,U+86EB,蛫
21021,U+86EC,蛬
21022,U+86ED,蛭
21023,U+86EE,蛮
21024,U+86EF,蛯
21025,U+86F0,蛰
21026,U+86F1,蛱
21027,U+86F2,蛲
21028,U+86F3,蛳
21029,U+86F4,蛴
21030,U+86F5,蛵
21031,U+86F6,蛶
21032,U+86F7,蛷
21033,U+86F8,蛸
21034,U+86F9,蛹
21035,U+86FA,蛺
21036,U+86FB,蛻
21037,U+86FC,蛼
21038,U+86FD,蛽
21039,U+86FE,蛾
21040,U+86FF,蛿
21041,U+8700,蜀
21042,U+8701,蜁
21043,U+8702,蜂
21044,U+8703,蜃
21045,U+8704,蜄
21046,U+8705,蜅
21047,U+8706,蜆
21048,U+8707,蜇
21049,U+8708,蜈
21050,U+8709,蜉
21051,U+870A,蜊
21052,U+870B,蜋
21053,U+870C,蜌
21054,U+870D,蜍
21055,U+870E,蜎
21056,U+870F,蜏
21057,U+8710,蜐
21058,U+8711,蜑
21059,U+8712,蜒
21060,U+8713,蜓
21061,U+8714,蜔
21062,U+8715,蜕
21063,U+8716,蜖
21064,U+8717,蜗
21065,U+8718,蜘
21066,U+8719,蜙
21067,U+871A,蜚
21068,U+871B,蜛
21069,U+871C,蜜
21070,U+871D,蜝
21071,U+871E,蜞
21072,U+871F,蜟
21073,U+8720,蜠
21074,U+8721,蜡
21075,U+8722,蜢
21076,U+8723,蜣
21077,U+8724,蜤
21078,U+8725,蜥
21079,U+8726,蜦
21080,U+8727,蜧
21081,U+8728,蜨
21082,U+8729,蜩
21083,U+872A,蜪
21084,U+872B,蜫
21085,U+872C,蜬
21086,U+872D,蜭
21087,U+872E,蜮
21088,U+872F,蜯
21089,U+8730,蜰
21090,U+8731,蜱
21091,U+8732,蜲
21092,U+8733,蜳
21093,U+8734,蜴
21094,U+8735,蜵
21095,U+8736,蜶
21096,U+8737,蜷
21097,U+8738,蜸
21098,U+8739,蜹
21099,U+873A,蜺
21100,U+873B,蜻
21101,U+873C,蜼
21102,U+873D,蜽
21103,U+873E,蜾
21104,U+873F,蜿
21105,U+8740,蝀
21106,U+8741,蝁
21107,U+8742,蝂
21108,U+8743,蝃
21109,U+8744,蝄
21110,U+8745,蝅
21111,U+8746,蝆
21112,U+8747,蝇
21113,U+8748,蝈
21114,U+8749,蝉
21115,U+874A,蝊
21116,U+874B,蝋
21117,U+874C,蝌
21118,U+874D,蝍
21119,U+874E,蝎
21120,U+874F,蝏
21121,U+8750,蝐
21122,U+8751,蝑
21123,U+8752,蝒
21124,U+8753,蝓
21125,U+8754,蝔
21126,U+8755,蝕
21127,U+8756,蝖
21128,U+8757,蝗
21129,U+8758,蝘
21130,U+8759,蝙
21131,U+875A,蝚
21132,U+875B,蝛
21133,U+875C,蝜
21134,U+875D,蝝
21135,U+875E,蝞
21136,U+875F,蝟
21137,U+8760,蝠
21138,U+8761,蝡
21139,U+8762,蝢
21140,U+8763,蝣
21141,U+8764,蝤
21142,U+8765,蝥
21143,U+8766,蝦
21144,U+8767,蝧
21145,U+8768,蝨
21146,U+8769,蝩
21147,U+876A,蝪
21148,U+876B,蝫
21149,U+876C,蝬
21150,U+876D,蝭
21151,U+876E,蝮
21152,U+876F,蝯
21153,U+8770,蝰
21154,U+8771,蝱
21155,U+8772,蝲
21156,U+8773,蝳
21157,U+8774,蝴
21158,U+8775,蝵
21159,U+8776,蝶
21160,U+8777,蝷
21161,U+8778,蝸
21162,U+8779,蝹
21163,U+877A,蝺
21164,U+877B,蝻
21165,U+877C,蝼
21166,U+877D,蝽
21167,U+877E,蝾
21168,U+877F,蝿
21169,U+8780,螀
21170,U+8781,螁
21171,U+8782,螂
21172,U+8783,螃
21173,U+8784,螄
21174,U+8785,螅
21175,U+8786,螆
21176,U+8787,螇
21177,U+8788,螈
21178,U+8789,螉
21179,U+878A,螊
21180,U+878B,螋
21181,U+878C,螌
21182,U+878D,融
21183,U+878E,螎
21184,U+878F,螏
21185,U+8790,螐
21186,U+8791,螑
21187,U+8792,螒
21188,U+8793,螓
21189,U+8794,螔
21190,U+8795,螕
21191,U+8796,螖
21192,U+8797,螗
21193,U+8798,螘
21194,U+8799,螙
21195,U+879A,螚
21196,U+879B,螛
21197,U+879C,螜
21198,U+879D,螝
21199,U+879E,螞
21200,U+879F,螟
21201,U+87A0,螠
21202,U+87A1,螡
21203,U+87A2,螢
21204,U+87A3,螣
21205,U+87A4,螤
21206,U+87A5,螥
21207,U+87A6,螦
21208,U+87A7,螧
21209,U+87A8,螨
21210,U+87A9,螩
21211,U+87AA,螪
21212,U+87AB,螫
21213,U+87AC,螬
21214,U+87AD,螭
21215,U+87AE,螮
21216,U+87AF,螯
21217,U+87B0,螰
21218,U+87B1,螱
21219,U+87B2,螲
21220,U+87B3,螳
21221,U+87B4,螴
21222,U+87B5,螵
21223,U+87B6,螶
21224,U+87B7,螷
21225,U+87B8,螸
21226,U+87B9,螹
21227,U+87BA,螺
21228,U+87BB,螻
21229,U+87BC,螼
21230,U+87BD,螽
21231,U+87BE,螾
21232,U+87BF,螿
21233,U+87C0,蟀
21234,U+87C1,蟁
21235,U+87C2,蟂
21236,U+87C3,蟃
21237,U+87C4,蟄
21238,U+87C5,蟅
21239,U+87C6,蟆
21240,U+87C7,蟇
21241,U+87C8,蟈
21242,U+87C9,蟉
21243,U+87CA,蟊
21244,U+87CB,蟋
21245,U+87CC,蟌
21246,U+87CD,蟍
21247,U+87CE,蟎
21248,U+87CF,蟏
21249,U+87D0,蟐
21250,U+87D1,蟑
21251,U+87D2,蟒
21252,U+87D3,蟓
21253,U+87D4,蟔
21254,U+87D5,蟕
21255,U+87D6,蟖
21256,U+87D7,蟗
21257,U+87D8,蟘
21258,U+87D9,蟙
21259,U+87DA,蟚
21260,U+87DB,蟛
21261,U+87DC,蟜
21262,U+87DD,蟝
21263,U+87DE,蟞
21264,U+87DF,蟟
21265,U+87E0,蟠
21266,U+87E1,蟡
21267,U+87E2,蟢
21268,U+87E3,蟣
21269,U+87E4,蟤
21270,U+87E5,蟥
21271,U+87E6,蟦
21272,U+87E7,蟧
21273,U+87E8,蟨
21274,U+87E9,蟩
21275,U+87EA,蟪
21276,U+87EB,蟫
21277,U+87EC,蟬
21278,U+87ED,蟭
21279,U+87EE,蟮
21280,U+87EF,蟯
21281,U+87F0,蟰
21282,U+87F1,蟱
21283,U+87F2,蟲
21284,U+87F3,蟳
21285,U+87F4,蟴
21286,U+87F5,蟵
21287,U+87F6,蟶
21288,U+87F7,蟷
21289,U+87F8,蟸
21290,U+87F9,蟹
21291,U+87FA,蟺
21292,U+87FB,蟻
21293,U+87FC,蟼
21294,U+87FD,蟽
21295,U+87FE,蟾
21296,U+87FF,蟿
21297,U+8800,蠀
21298,U+8801,蠁
21299,U+8802,蠂
21300,U+8803,蠃
21301,U+8804,蠄
21302,U+8805,蠅
21303,U+8806,蠆
21304,U+8807,蠇
21305,U+8808,蠈
21306,U+8809,蠉
21307,U+880A,蠊
21308,U+880B,蠋
21309,U+880C,蠌
21310,U+880D,蠍
21311,U+880E,蠎
21312,U+880F,蠏
21313,U+8810,蠐
21314,U+8811,蠑
21315,U+8812,蠒
21316,U+8813,蠓
21317,U+8814,蠔
21318,U+8815,蠕
21319,U+8816,蠖
21320,U+8817,蠗
21321,U+8818,蠘
21322,U+8819,蠙
21323,U+881A,蠚
21324,U+881B,蠛
21325,U+881C,蠜
21326,U+881D,蠝
21327,U+881E,蠞
21328,U+881F,蠟
21329,U+8820,蠠
21330,U+8821,蠡
21331,U+8822,蠢
21332,U+8823,蠣
21333,U+8824,蠤
21334,U+8825,蠥
21335,U+8826,蠦
21336,U+8827,蠧
21337,U+8828,蠨
21338,U+8829,蠩
21339,U+882A,蠪
21340,U+882B,蠫
21341,U+882C,蠬
21342,U+882D,蠭
21343,U+882E,蠮
21344,U+882F,蠯
21345,U+8830,蠰
21346,U+8831,蠱
21347,U+8832,蠲
21348,U+8833,蠳
21349,U+8834,蠴
21350,U+8835,蠵
21351,U+8836,蠶
21352,U+8837,蠷
21353,U+8838,蠸
21354,U+8839,蠹
21355,U+883A,蠺
21356,U+883B,蠻
21357,U+883C,蠼
21358,U+883D,蠽
21359,U+883E,蠾
21360,U+883F,蠿
21361,U+8840,血
21362,U+8841,衁
21363,U+8842,衂
21364,U+8843,衃
21365,U+8844,衄
21366,U+8845,衅
21367,U+8846,衆
21368,U+8847,衇
21369,U+8848,衈
21370,U+8849,衉
21371,U+884A,衊
21372,U+884B,衋
21373,U+884C,行
21374,U+884D,衍
21375,U+884E,衎
21376,U+884F,衏
21377,U+8850,衐
21378,U+8851,衑
21379,U+8852,衒
21380,U+8853,術
21381,U+8854,衔
21382,U+8855,衕
21383,U+8856,衖
21384,U+8857,街
21385,U+8858,衘
21386,U+8859,衙
21387,U+885A,衚
21388,U+885B,衛
21389,U+885C,衜
21390,U+885D,衝
21391,U+885E,衞
21392,U+885F,衟
21393,U+8860,衠
21394,U+8861,衡
21395,U+8862,衢
21396,U+8863,衣
21397,U+8864,衤
21398,U+8865,补
21399,U+8866,衦
21400,U+8867,衧
21401,U+8868,表
21402,U+8869,衩
21403,U+886A,衪
21404,U+886B,衫
21405,U+886C,衬
21406,U+886D,衭
21407,U+886E,衮
21408,U+886F,衯
21409,U+8870,衰
21410,U+8871,衱
21411,U+8872,衲
21412,U+8873,衳
21413,U+8874,衴
21414,U+8875,衵
21415,U+8876,衶
21416,U+8877,衷
21417,U+8878,衸
21418,U+8879,衹
21419,U+887A,衺
21420,U+887B,衻
21421,U+887C,衼
21422,U+887D,衽
21423,U+887E,衾
21424,U+887F,衿
21425,U+8880,袀
21426,U+8882,袂
21427,U+8883,袃
21428,U+8884,袄
21429,U+8885,袅
21430,U+8886,袆
21431,U+8887,袇
21432,U+8888,袈
21433,U+8889,袉
21434,U+888A,袊
21435,U+888B,袋
21436,U+888C,袌
21437,U+888D,袍
21438,U+888E,袎
21439,U+888F,袏
21440,U+8890,袐
21441,U+8891,袑
21442,U+8892,袒
21443,U+8893,袓
21444,U+8894,袔
21445,U+8895,袕
21446,U+8896,袖
21447,U+8897,袗
21448,U+8898,袘
21449,U+8899,袙
21450,U+889A,袚
21451,U+889B,袛
21452,U+889C,袜
21453,U+889D,袝
21454,U+889E,袞
21455,U+889F,袟
21456,U+88A0,袠
21457,U+88A1,袡
21458,U+88A2,袢
21459,U+88A3,袣
21460,U+88A4,袤
21461,U+88A5,袥
21462,U+88A6,袦
21463,U+88A7,袧
21464,U+88A8,袨
21465,U+88A9,袩
21466,U+88AA,袪
21467,U+88AB,被
21468,U+88AC,袬
21469,U+88AD,袭
21470,U+88AE,袮
21471,U+88AF,袯
21472,U+88B0,袰
21473,U+88B1,袱
21474,U+88B2,袲
21475,U+88B3,袳
21476,U+88B4,袴
21477,U+88B5,袵
21478,U+88B6,袶
21479,U+88B7,袷
21480,U+88B8,袸
21481,U+88B9,袹
21482,U+88BA,袺
21483,U+88BB,袻
21484,U+88BC,袼
21485,U+88BD,袽
21486,U+88BE,袾
21487,U+88BF,袿
21488,U+88C0,裀
21489,U+88C1,裁
21490,U+88C2,裂
21491,U+88C3,裃
21492,U+88C4,裄
21493,U+88C5,装
21494,U+88C6,裆
21495,U+88C7,裇
21496,U+88C8,裈
21497,U+88C9,裉
21498,U+88CA,裊
21499,U+88CB,裋
21500,U+88CC,裌
21501,U+88CD,裍
21502,U+88CE,裎
21503,U+88CF,裏
21504,U+88D0,裐
21505,U+88D1,裑
21506,U+88D2,裒
21507,U+88D3,裓
21508,U+88D4,裔
21509,U+88D5,裕
21510,U+88D6,裖
21511,U+88D7,裗
21512,U+88D8,裘
21513,U+88D9,裙
21514,U+88DA,裚
21515,U+88DB,裛
21516,U+88DC,補
21517,U+88DD,裝
21518,U+88DE,裞
21519,U+88DF,裟
21520,U+88E0,裠
21521,U+88E1,裡
21522,U+88E2,裢
21523,U+88E3,裣
21524,U+88E4,裤
21525,U+88E5,裥
21526,U+88E6,裦
21527,U+88E7,裧
21528,U+88E8,裨
21529,U+88E9,裩
21530,U+88EA,裪
21531,U+88EB,裫
21532,U+88EC,裬
21533,U+88ED,裭
21534,U+88EE,裮
21535,U+88EF,裯
21536,U+88F0,裰
21537,U+88F1,裱
21538,U+88F2,裲
21539,U+88F3,裳
21540,U+88F4,裴
21541,U+88F5,裵
21542,U+88F6,裶
21543,U+88F7,裷
21544,U+88F8,裸
21545,U+88F9,裹
21546,U+88FA,裺
21547,U+88FB,裻
21548,U+88FC,裼
21549,U+88FD,製
21550,U+88FE,裾
21551,U+88FF,裿
21552,U+8900,褀
21553,U+8901,褁
21554,U+8902,褂
21555,U+8903,褃
21556,U+8904,褄
21557,U+8905,褅
21558,U+8906,褆
21559,U+8907,複
21560,U+8908,褈
21561,U+8909,褉
21562,U+890A,褊
21563,U+890B,褋
21564,U+890C,褌
21565,U+890D,褍
21566,U+890E,褎
21567,U+890F,褏
21568,U+8910,褐
21569,U+8911,褑
21570,U+8912,褒
21571,U+8913,褓
21572,U+8914,褔
21573,U+8915,褕
21574,U+8916,褖
21575,U+8917,褗
21576,U+8918,褘
21577,U+8919,褙
21578,U+891A,褚
21579,U+891B,褛
21580,U+891C,褜
21581,U+891D,褝
21582,U+891E,褞
21583,U+891F,褟
21584,U+8920,褠
21585,U+8921,褡
21586,U+8922,褢
21587,U+8923,褣
21588,U+8924,褤
21589,U+8925,褥
21590,U+8926,褦
21591,U+8927,褧
21592,U+8928,褨
21593,U+8929,褩
21594,U+892A,褪
21595,U+892B,褫
21596,U+892C,褬
21597,U+892D,褭
21598,U+892E,褮
21599,U+892F,褯
21600,U+8930,褰
21601,U+8931,褱
21602,U+8932,褲
21603,U+8933,褳
21604,U+8934,褴
21605,U+8935,褵
21606,U+8936,褶
21607,U+8937,褷
21608,U+8938,褸
21609,U+8939,褹
21610,U+893A,褺
21611,U+893B,褻
21612,U+893C,褼
21613,U+893D,褽
21614,U+893E,褾
21615,U+893F,褿
21616,U+8940,襀
21617,U+8941,襁
21618,U+8942,襂
21619,U+8943,襃
21620,U+8944,襄
21621,U+8945,襅
21622,U+8946,襆
21623,U+8947,襇
21624,U+8948,襈
21625,U+8949,襉
21626,U+894A,襊
21627,U+894B,襋
21628,U+894C,襌
21629,U+894D,襍
21630,U+894E,襎
21631,U+894F,襏
21632,U+8950,襐
21633,U+8951,襑
21634,U+8952,襒
21635,U+8953,襓
21636,U+8954,襔
21637,U+8955,襕
21638,U+8956,襖
21639,U+8957,襗
21640,U+8958,襘
21641,U+8959,襙
21642,U+895A,襚
21643,U+895B,襛
21644,U+895C,襜
21645,U+895D,襝
21646,U+895E,襞
21647,U+895F,襟
21648,U+8960,襠
21649,U+8961,襡
21650,U+8962,襢
21651,U+8963,襣
21652,U+8964,襤
21653,U+8965,襥
21654,U+8966,襦
21655,U+8967,襧
21656,U+8968,襨
21657,U+8969,襩
21658,U+896A,襪
21659,U+896B,襫
21660,U+896C,襬
21661,U+896D,襭
21662,U+896E,襮
21663,U+896F,襯
21664,U+8970,襰
21665,U+8971,襱
21666,U+8972,襲
21667,U+8973,襳
21668,U+8974,襴
21669,U+8975,襵
21670,U+8976,襶
21671,U+8977,襷
21672,U+8978,襸
21673,U+8979,襹
21674,U+897A,襺
21675,U+897B,襻
21676,U+897C,襼
21677,U+897D,襽
21678,U+897E,襾
21679,U+897F,西
21680,U+8980,覀
21681,U+8981,要
21682,U+8982,覂
21683,U+8983,覃
21684,U+8984,覄
21685,U+8985,覅
21686,U+8986,覆
21687,U+8987,覇
21688,U+8988,覈
21689,U+8989,覉
21690,U+898A,覊
21691,U+898B,見
21692,U+898C,覌
21693,U+898D,覍
21694,U+898E,覎
21695,U+898F,規
21696,U+8990,覐
21697,U+8991,覑
21698,U+8992,覒
21699,U+8993,覓
21700,U+8994,覔
21701,U+8995,覕
21702,U+8996,視
21703,U+8997,覗
21704,U+8998,覘
21705,U+8999,覙
21706,U+899A,覚
21707,U+899B,覛
21708,U+899C,覜
21709,U+899D,覝
21710,U+899E,覞
21711,U+899F,覟
21712,U+89A0,覠
21713,U+89A1,覡
21714,U+89A2,覢
21715,U+89A3,覣
21716,U+89A4,覤
21717,U+89A5,覥
21718,U+89A6,覦
21719,U+89A7,覧
21720,U+89A8,覨
21721,U+89A9,覩
21722,U+89AA,親
21723,U+89AB,覫
21724,U+89AC,覬
21725,U+89AD,覭
21726,U+89AE,覮
21727,U+89AF,覯
21728,U+89B0,覰
21729,U+89B1,覱
21730,U+89B2,覲
21731,U+89B3,観
21732,U+89B4,覴
21733,U+89B5,覵
21734,U+89B6,覶
21735,U+89B7,覷
21736,U+89B8,覸
21737,U+89B9,覹
21738,U+89BA,覺
21739,U+89BB,覻
21740,U+89BC,覼
21741,U+89BD,覽
21742,U+89BE,覾
21743,U+89BF,覿
21744,U+89C0,觀
21745,U+89C2,观
21746,U+89C3,觃
21747,U+89C4,规
21748,U+89C5,觅
21749,U+89C6,视
21750,U+89C7,觇
21751,U+89C8,览
21752,U+89C9,觉
21753,U+89CA,觊
21754,U+89CB,觋
21755,U+89CC,觌
21756,U+89CD,觍
21757,U+89CE,觎
21758,U+89CF,觏
21759,U+89D0,觐
21760,U+89D1,觑
21761,U+89D2,角
21762,U+89D3,觓
21763,U+89D4,觔
21764,U+89D5,觕
21765,U+89D6,觖
21766,U+89D7,觗
21767,U+89D8,觘
21768,U+89D9,觙
21769,U+89DA,觚
21770,U+89DB,觛
21771,U+89DC,觜
21772,U+89DD,觝
21773,U+89DE,觞
21774,U+89DF,觟
21775,U+89E0,觠
21776,U+89E1,觡
21777,U+89E2,觢
21778,U+89E3,解
21779,U+89E4,觤
21780,U+89E5,觥
21781,U+89E6,触
21782,U+89E7,觧
21783,U+89E8,觨
21784,U+89E9,觩
21785,U+89EA,觪
21786,U+89EB,觫
21787,U+89EC,觬
21788,U+89ED,觭
21789,U+89EE,觮
21790,U+89EF,觯
21791,U+89F0,觰
21792,U+89F1,觱
21793,U+89F2,觲
21794,U+89F3,觳
21795,U+89F4,觴
21796,U+89F5,觵
21797,U+89F6,觶
21798,U+89F7,觷
21799,U+89F8,觸
21800,U+89F9,觹
21801,U+89FA,觺
21802,U+89FB,觻
21803,U+89FC,觼
21804,U+89FD,觽
21805,U+89FE,觾
21806,U+89FF,觿
21807,U+8A00,言
21808,U+8A02,訂
21809,U+8A03,訃
21810,U+8A04,訄
21811,U+8A05,訅
21812,U+8A06,訆
21813,U+8A07,訇
21814,U+8A08,計
21815,U+8A09,訉
21816,U+8A0A,訊
21817,U+8A0B,訋
21818,U+8A0C,訌
21819,U+8A0D,訍
21820,U+8A0E,討
21821,U+8A0F,訏
21822,U+8A10,訐
21823,U+8A11,訑
21824,U+8A12,訒
21825,U+8A13,訓
21826,U+8A14,訔
21827,U+8A15,訕
21828,U+8A16,訖
21829,U+8A17,託
21830,U+8A18,記
21831,U+8A19,訙
21832,U+8A1A,訚
21833,U+8A1B,訛
21834,U+8A1C,訜
21835,U+8A1D,訝
21836,U+8A1E,訞
21837,U+8A1F,訟
21838,U+8A20,訠
21839,U+8A21,訡
21840,U+8A22,訢
21841,U+8A23,訣
21842,U+8A24,訤
21843,U+8A25,訥
21844,U+8A26,訦
21845,U+8A27,訧
21846,U+8A28,訨
21847,U+8A29,訩
21848,U+8A2A,訪
21849,U+8A2B,訫
21850,U+8A2C,訬
21851,U+8A2D,設
21852,U+8A2E,訮
21853,U+8A2F,訯
21854,U+8A30,訰
21855,U+8A31,許
21856,U+8A32,訲
21857,U+8A33,訳
21858,U+8A34,訴
21859,U+8A35,訵
21860,U+8A36,訶
21861,U+8A37,訷
21862,U+8A38,訸
21863,U+8A39,訹
21864,U+8A3A,診
21865,U+8A3B,註
21866,U+8A3C,証
21867,U+8A3D,訽
21868,U+8A3E,訾
21869,U+8A3F,訿
21870,U+8A40,詀
21871,U+8A41,詁
21872,U+8A42,詂
21873,U+8A43,詃
21874,U+8A44,詄
21875,U+8A45,詅
21876,U+8A46,詆
21877,U+8A47,詇
21878,U+8A48,詈
21879,U+8A49,詉
21880,U+8A4A,詊
21881,U+8A4B,詋
21882,U+8A4C,詌
21883,U+8A4D,詍
21884,U+8A4E,詎
21885,U+8A4F,詏
21886,U+8A50,詐
21887,U+8A51,詑
21888,U+8A52,詒
21889,U+8A53,詓
21890,U+8A54,詔
21891,U+8A55,評
21892,U+8A56,詖
21893,U+8A57,詗
21894,U+8A58,詘
21895,U+8A59,詙
21896,U+8A5A,詚
21897,U+8A5B,詛
21898,U+8A5C,詜
21899,U+8A5D,詝
21900,U+8A5E,詞
21901,U+8A5F,詟
21902,U+8A60,詠
21903,U+8A61,詡
21904,U+8A62,詢
21905,U+8A63,詣
21906,U+8A64,詤
21907,U+8A65,詥
21908,U+8A66,試
21909,U+8A67,詧
21910,U+8A68,詨
21911,U+8A69,詩
21912,U+8A6A,詪
21913,U+8A6B,詫
21914,U+8A6C,詬
21915,U+8A6D,詭
21916,U+8A6E,詮
21917,U+8A6F,詯
21918,U+8A70,詰
21919,U+8A71,話
21920,U+8A72,該
21921,U+8A73,詳
21922,U+8A74,詴
21923,U+8A75,詵
21924,U+8A76,詶
21925,U+8A77,詷
21926,U+8A78,詸
21927,U+8A79,詹
21928,U+8A7A,詺
21929,U+8A7B,詻
21930,U+8A7C,詼
21931,U+8A7D,詽
21932,U+8A7E,詾
21933,U+8A7F,詿
21934,U+8A80,誀
21935,U+8A81,誁
21936,U+8A82,誂
21937,U+8A83,誃
21938,U+8A84,誄
21939,U+8A85,誅
21940,U+8A86,誆
21941,U+8A87,誇
21942,U+8A88,誈
21943,U+8A89,誉
21944,U+8A8A,誊
21945,U+8A8B,誋
21946,U+8A8C,誌
21947,U+8A8D,認
21948,U+8A8E,誎
21949,U+8A8F,誏
21950,U+8A90,誐
21951,U+8A91,誑
21952,U+8A92,誒
21953,U+8A93,誓
21954,U+8A94,誔
21955,U+8A95,誕
21956,U+8A96,誖
21957,U+8A97,誗
21958,U+8A98,誘
21959,U+8A99,誙
21960,U+8A9A,誚
21961,U+8A9B,誛
21962,U+8A9C,誜
21963,U+8A9D,誝
21964,U+8A9E,語
21965,U+8A9F,誟
21966,U+8AA0,誠
21967,U+8AA1,誡
21968,U+8AA2,誢
21969,U+8AA3,誣
21970,U+8AA4,誤
21971,U+8AA5,誥
21972,U+8AA6,誦
21973,U+8AA7,誧
21974,U+8AA8,誨
21975,U+8AA9,誩
21976,U+8AAA,說
21977,U+8AAB,誫
21978,U+8AAC,説
21979,U+8AAD,読
21980,U+8AAE,誮
21981,U+8AAF,誯
21982,U+8AB0,誰
21983,U+8AB1,誱
21984,U+8AB2,課
21985,U+8AB3,誳
21986,U+8AB4,誴
21987,U+8AB5,誵
21988,U+8AB6,誶
21989,U+8AB7,誷
21990,U+8AB8,誸
21991,U+8AB9,誹
21992,U+8ABA,誺
21993,U+8ABB,誻
21994,U+8ABC,誼
21995,U+8ABD,誽
21996,U+8ABE,誾
21997,U+8ABF,調
21998,U+8AC0,諀
21999,U+8AC1,諁
22000,U+8AC2,諂
22001,U+8AC3,諃
22002,U+8AC4,諄
22003,U+8AC5,諅
22004,U+8AC6,諆
22005,U+8AC7,談
22006,U+8AC8,諈
22007,U+8AC9,諉
22008,U+8ACA,諊
22009,U+8ACB,請
22010,U+8ACC,諌
22011,U+8ACD,諍
22012,U+8ACE,諎
22013,U+8ACF,諏
22014,U+8AD0,諐
22015,U+8AD1,諑
22016,U+8AD2,諒
22017,U+8AD3,諓
22018,U+8AD4,諔
22019,U+8AD5,諕
22020,U+8AD6,論
22021,U+8AD7,諗
22022,U+8AD8,諘
22023,U+8AD9,諙
22024,U+8ADA,諚
22025,U+8ADB,諛
22026,U+8ADC,諜
22027,U+8ADD,諝
22028,U+8ADE,諞
22029,U+8ADF,諟
22030,U+8AE0,諠
22031,U+8AE1,諡
22032,U+8AE2,諢
22033,U+8AE3,諣
22034,U+8AE4,諤
22035,U+8AE5,諥
22036,U+8AE6,諦
22037,U+8AE7,諧
22038,U+8AE8,諨
22039,U+8AE9,諩
22040,U+8AEA,諪
22041,U+8AEB,諫
22042,U+8AEC,諬
22043,U+8AED,諭
22044,U+8AEE,諮
22045,U+8AEF,諯
22046,U+8AF0,諰
22047,U+8AF1,諱
22048,U+8AF2,諲
22049,U+8AF3,諳
22050,U+8AF4,諴
22051,U+8AF5,諵
22052,U+8AF6,諶
22053,U+8AF7,諷
22054,U+8AF8,諸
22055,U+8AF9,諹
22056,U+8AFA,諺
22057,U+8AFB,諻
22058,U+8AFC,諼
22059,U+8AFD,諽
22060,U+8AFE,諾
22061,U+8AFF,諿
22062,U+8B00,謀
22063,U+8B01,謁
22064,U+8B02,謂
22065,U+8B03,謃
22066,U+8B04,謄
22067,U+8B05,謅
22068,U+8B06,謆
22069,U+8B07,謇
22070,U+8B08,謈
22071,U+8B09,謉
22072,U+8B0A,謊
22073,U+8B0B,謋
22074,U+8B0C,謌
22075,U+8B0D,謍
22076,U+8B0E,謎
22077,U+8B0F,謏
22078,U+8B10,謐
22079,U+8B11,謑
22080,U+8B12,謒
22081,U+8B13,謓
22082,U+8B14,謔
22083,U+8B15,謕
22084,U+8B16,謖
22085,U+8B17,謗
22086,U+8B18,謘
22087,U+8B19,謙
22088,U+8B1A,謚
22089,U+8B1B,講
22090,U+8B1C,謜
22091,U+8B1D,謝
22092,U+8B1E,謞
22093,U+8B1F,謟
22094,U+8B20,謠
22095,U+8B21,謡
22096,U+8B22,謢
22097,U+8B23,謣
22098,U+8B24,謤
22099,U+8B25,謥
22100,U+8B26,謦
22101,U+8B27,謧
22102,U+8B28,謨
22103,U+8B29,謩
22104,U+8B2A,謪
22105,U+8B2B,謫
22106,U+8B2C,謬
22107,U+8B2D,謭
22108,U+8B2E,謮
22109,U+8B2F,謯
22110,U+8B30,謰
22111,U+8B31,謱
22112,U+8B32,謲
22113,U+8B33,謳
22114,U+8B34,謴
22115,U+8B35,謵
22116,U+8B36,謶
22117,U+8B37,謷
22118,U+8B38,謸
22119,U+8B39,謹
22120,U+8B3A,謺
22121,U+8B3B,謻
22122,U+8B3C,謼
22123,U+8B3D,謽
22124,U+8B3E,謾
22125,U+8B3F,謿
22126,U+8B40,譀
22127,U+8B41,譁
22128,U+8B42,譂
22129,U+8B43,譃
22130,U+8B44,譄
22131,U+8B45,譅
22132,U+8B46,譆
22133,U+8B47,譇
22134,U+8B48,譈
22135,U+8B49,證
22136,U+8B4A,譊
22137,U+8B4B,譋
22138,U+8B4C,譌
22139,U+8B4D,譍
22140,U+8B4E,譎
22141,U+8B4F,譏
22142,U+8B50,譐
22143,U+8B51,譑
22144,U+8B52,譒
22145,U+8B53,譓
22146,U+8B54,譔
22147,U+8B55,譕
22148,U+8B56,譖
22149,U+8B57,譗
22150,U+8B58,識
22151,U+8B59,譙
22152,U+8B5A,譚
22153,U+8B5B,譛
22154,U+8B5C,譜
22155,U+8B5D,譝
22156,U+8B5E,譞
22157,U+8B5F,譟
22158,U+8B60,譠
22159,U+8B61,譡
22160,U+8B62,譢
22161,U+8B63,譣
22162,U+8B64,譤
22163,U+8B65,譥
22164,U+8B66,警
22165,U+8B67,譧
22166,U+8B68,譨
22167,U+8B69,譩
22168,U+8B6A,譪
22169,U+8B6B,譫
22170,U+8B6C,譬
22171,U+8B6D,譭
22172,U+8B6E,譮
22173,U+8B6F,譯
22174,U+8B70,議
22175,U+8B71,譱
22176,U+8B72,譲
22177,U+8B73,譳
22178,U+8B74,譴
22179,U+8B75,譵
22180,U+8B76,譶
22181,U+8B77,護
22182,U+8B78,譸
22183,U+8B79,譹
22184,U+8B7A,譺
22185,U+8B7B,譻
22186,U+8B7C,譼
22187,U+8B7D,譽
22188,U+8B7E,譾
22189,U+8B7F,譿
22190,U+8B80,讀
22191,U+8B81,讁
22192,U+8B82,讂
22193,U+8B83,讃
22194,U+8B84,讄
22195,U+8B85,讅
22196,U+8B86,讆
22197,U+8B87,讇
22198,U+8B88,讈
22199,U+8B89,讉
22200,U+8B8A,變
22201,U+8B8B,讋
22202,U+8B8C,讌
22203,U+8B8D,讍
22204,U+8B8E,讎
22205,U+8B8F,讏
22206,U+8B90,讐
22207,U+8B91,讑
22208,U+8B92,讒
22209,U+8B93,讓
22210,U+8B94,讔
22211,U+8B95,讕
22212,U+8B96,讖
22213,U+8B97,讗
22214,U+8B98,讘
22215,U+8B99,讙
22216,U+8B9A,讚
22217,U+8B9B,讛
22218,U+8B9C,讜
22219,U+8B9D,讝
22220,U+8B9E,讞
22221,U+8B9F,讟
22222,U+8BA0,讠
22223,U+8BA1,计
22224,U+8BA2,订
22225,U+8BA3,讣
22226,U+8BA4,认
22227,U+8BA5,讥
22228,U+8BA6,讦
22229,U+8BA7,讧
22230,U+8BA8,讨
22231,U+8BA9,让
22232,U+8BAA,讪
22233,U+8BAB,讫
22234,U+8BAC,讬
22235,U+8BAD,训
22236,U+8BAE,议
22237,U+8BAF,讯
22238,U+8BB0,记
22239,U+8BB1,讱
22240,U+8BB2,讲
22241,U+8BB3,讳
22242,U+8BB4,讴
22243,U+8BB5,讵
22244,U+8BB6,讶
22245,U+8BB7,讷
22246,U+8BB8,许
22247,U+8BB9,讹
22248,U+8BBA,论
22249,U+8BBB,讻
22250,U+8BBC,讼
22251,U+8BBD,讽
22252,U+8BBE,设
22253,U+8BBF,访
22254,U+8BC0,诀
22255,U+8BC1,证
22256,U+8BC2,诂
22257,U+8BC3,诃
22258,U+8BC4,评
22259,U+8BC5,诅
22260,U+8BC6,识
22261,U+8BC7,诇
22262,U+8BC8,诈
22263,U+8BC9,诉
22264,U+8BCA,诊
22265,U+8BCB,诋
22266,U+8BCC,诌
22267,U+8BCD,词
22268,U+8BCE,诎
22269,U+8BCF,诏
22270,U+8BD0,诐
22271,U+8BD1,译
22272,U+8BD2,诒
22273,U+8BD3,诓
22274,U+8BD4,诔
22275,U+8BD5,试
22276,U+8BD6,诖
22277,U+8BD7,诗
22278,U+8BD8,诘
22279,U+8BD9,诙
22280,U+8BDA,诚
22281,U+8BDB,诛
22282,U+8BDC,诜
22283,U+8BDD,话
22284,U+8BDE,诞
22285,U+8BDF,诟
22286,U+8BE0,诠
22287,U+8BE1,诡
22288,U+8BE2,询
22289,U+8BE3,诣
22290,U+8BE4,诤
22291,U+8BE5,该
22292,U+8BE6,详
22293,U+8BE7,诧
22294,U+8BE8,诨
22295,U+8BE9,诩
22296,U+8BEA,诪
22297,U+8BEB,诫
22298,U+8BEC,诬
22299,U+8BED,语
22300,U+8BEE,诮
22301,U+8BEF,误
22302,U+8BF0,诰
22303,U+8BF1,诱
22304,U+8BF2,诲
22305,U+8BF3,诳
22306,U+8BF4,说
22307,U+8BF5,诵
22308,U+8BF6,诶
22309,U+8BF7,请
22310,U+8BF8,诸
22311,U+8BF9,诹
22312,U+8BFA,诺
22313,U+8BFB,读
22314,U+8BFC,诼
22315,U+8BFD,诽
22316,U+8BFE,课
22317,U+8BFF,诿
22318,U+8C00,谀
22319,U+8C01,谁
22320,U+8C02,谂
22321,U+8C03,调
22322,U+8C04,谄
22323,U+8C05,谅
22324,U+8C06,谆
22325,U+8C07,谇
22326,U+8C08,谈
22327,U+8C09,谉
22328,U+8C0A,谊
22329,U+8C0B,谋
22330,U+8C0C,谌
22331,U+8C0D,谍
22332,U+8C0E,谎
22333,U+8C0F,谏
22334,U+8C10,谐
22335,U+8C11,谑
22336,U+8C12,谒
22337,U+8C13,谓
22338,U+8C14,谔
22339,U+8C15,谕
22340,U+8C16,谖
22341,U+8C17,谗
22342,U+8C18,谘
22343,U+8C19,谙
22344,U+8C1A,谚
22345,U+8C1B,谛
22346,U+8C1C,谜
22347,U+8C1D,谝
22348,U+8C1E,谞
22349,U+8C1F,谟
22350,U+8C20,谠
22351,U+8C21,谡
22352,U+8C22,谢
22353,U+8C23,谣
22354,U+8C24,谤
22355,U+8C25,谥
22356,U+8C26,谦
22357,U+8C27,谧
22358,U+8C28,谨
22359,U+8C29,谩
22360,U+8C2A,谪
22361,U+8C2B,谫
22362,U+8C2C,谬
22363,U+8C2D,谭
22364,U+8C2E,谮
22365,U+8C2F,谯
22366,U+8C30,谰
22367,U+8C31,谱
22368,U+8C32,谲
22369,U+8C33,谳
22370,U+8C34,谴
22371,U+8C35,谵
22372,U+8C36,谶
22373,U+8C37,谷
22374,U+8C38,谸
22375,U+8C39,谹
22376,U+8C3A,谺
22377,U+8C3B,谻
22378,U+8C3C,谼
22379,U+8C3D,谽
22380,U+8C3E,谾
22381,U+8C3F,谿
22382,U+8C40,豀
22383,U+8C41,豁
22384,U+8C42,豂
22385,U+8C43,豃
22386,U+8C44,豄
22387,U+8C45,豅
22388,U+8C46,豆
22389,U+8C47,豇
22390,U+8C48,豈
22391,U+8C49,豉
22392,U+8C4A,豊
22393,U+8C4B,豋
22394,U+8C4C,豌
22395,U+8C4D,豍
22396,U+8C4E,豎
22397,U+8C4F,豏
22398,U+8C50,豐
22399,U+8C51,豑
22400,U+8C52,豒
22401,U+8C53,豓
22402,U+8C54,豔
22403,U+8C55,豕
22404,U+8C56,豖
22405,U+8C57,豗
22406,U+8C58,豘
22407,U+8C59,豙
22408,U+8C5A,豚
22409,U+8C5B,豛
22410,U+8C5C,豜
22411,U+8C5D,豝
22412,U+8C5E,豞
22413,U+8C5F,豟
22414,U+8C60,豠
22415,U+8C62,豢
22416,U+8C63,豣
22417,U+8C64,豤
22418,U+8C65,豥
22419,U+8C66,豦
22420,U+8C67,豧
22421,U+8C68,豨
22422,U+8C69,豩
22423,U+8C6A,豪
22424,U+8C6B,豫
22425,U+8C6C,豬
22426,U+8C6D,豭
22427,U+8C6E,豮
22428,U+8C6F,豯
22429,U+8C70,豰
22430,U+8C71,豱
22431,U+8C72,豲
22432,U+8C73,豳
22433,U+8C74,豴
22434,U+8C75,豵
22435,U+8C76,豶
22436,U+8C77,豷
22437,U+8C78,豸
22438,U+8C79,豹
22439,U+8C7A,豺
22440,U+8C7B,豻
22441,U+8C7C,豼
22442,U+8C7D,豽
22443,U+8C7E,豾
22444,U+8C7F,豿
22445,U+8C80,貀
22446,U+8C81,貁
22447,U+8C82,貂
22448,U+8C83,貃
22449,U+8C84,貄
22450,U+8C85,貅
22451,U+8C86,貆
22452,U+8C87,貇
22453,U+8C88,貈
22454,U+8C89,貉
22455,U+8C8A,貊
22456,U+8C8B,貋
22457,U+8C8C,貌
22458,U+8C8D,貍
22459,U+8C8E,貎
22460,U+8C8F,貏
22461,U+8C90,貐
22462,U+8C91,貑
22463,U+8C92,貒
22464,U+8C93,貓
22465,U+8C94,貔
22466,U+8C95,貕
22467,U+8C96,貖
22468,U+8C97,貗
22469,U+8C98,貘
22470,U+8C99,貙
22471,U+8C9A,貚
22472,U+8C9B,貛
22473,U+8C9C,貜
22474,U+8C9D,貝
22475,U+8C9E,貞
22476,U+8C9F,貟
22477,U+8CA0,負
22478,U+8CA1,財
22479,U+8CA2,貢
22480,U+8CA3,貣
22481,U+8CA4,貤
22482,U+8CA5,貥
22483,U+8CA6,貦
22484,U+8CA7,貧
22485,U+8CA8,貨
22486,U+8CA9,販
22487,U+8CAA,貪
22488,U+8CAB,貫
22489,U+8CAC,責
22490,U+8CAD,貭
22491,U+8CAE,貮
22492,U+8CAF,貯
22493,U+8CB0,貰
22494,U+8CB1,貱
22495,U+8CB2,貲
22496,U+8CB3,貳
22497,U+8CB4,貴
22498,U+8CB5,貵
22499,U+8CB6,貶
22500,U+8CB7,買
22501,U+8CB8,貸
22502,U+8CB9,貹
22503,U+8CBA,貺
22504,U+8CBB,費
22505,U+8CBC,貼
22506,U+8CBD,貽
22507,U+8CBE,貾
22508,U+8CBF,貿
22509,U+8CC0,賀
22510,U+8CC1,賁
22511,U+8CC2,賂
22512,U+8CC3,賃
22513,U+8CC4,賄
22514,U+8CC5,賅
22515,U+8CC6,賆
22516,U+8CC7,資
22517,U+8CC8,賈
22518,U+8CC9,賉
22519,U+8CCA,賊
22520,U+8CCB,賋
22521,U+8CCC,賌
22522,U+8CCD,賍
22523,U+8CCE,賎
22524,U+8CCF,賏
22525,U+8CD0,賐
22526,U+8CD1,賑
22527,U+8CD2,賒
22528,U+8CD3,賓
22529,U+8CD4,賔
22530,U+8CD5,賕
22531,U+8CD6,賖
22532,U+8CD7,賗
22533,U+8CD8,賘
22534,U+8CD9,賙
22535,U+8CDA,賚
22536,U+8CDB,賛
22537,U+8CDC,賜
22538,U+8CDD,賝
22539,U+8CDE,賞
22540,U+8CDF,賟
22541,U+8CE0,賠
22542,U+8CE1,賡
22543,U+8CE2,賢
22544,U+8CE3,賣
22545,U+8CE4,賤
22546,U+8CE5,賥
22547,U+8CE6,賦
22548,U+8CE7,賧
22549,U+8CE8,賨
22550,U+8CE9,賩
22551,U+8CEA,質
22552,U+8CEB,賫
22553,U+8CEC,賬
22554,U+8CED,賭
22555,U+8CEE,賮
22556,U+8CEF,賯
22557,U+8CF0,賰
22558,U+8CF1,賱
22559,U+8CF2,賲
22560,U+8CF3,賳
22561,U+8CF4,賴
22562,U+8CF5,賵
22563,U+8CF6,賶
22564,U+8CF7,賷
22565,U+8CF8,賸
22566,U+8CF9,賹
22567,U+8CFA,賺
22568,U+8CFB,賻
22569,U+8CFC,購
22570,U+8CFD,賽
22571,U+8CFE,賾
22572,U+8CFF,賿
22573,U+8D00,贀
22574,U+8D01,贁
22575,U+8D02,贂
22576,U+8D03,贃
22577,U+8D04,贄
22578,U+8D05,贅
22579,U+8D06,贆
22580,U+8D07,贇
22581,U+8D08,贈
22582,U+8D09,贉
22583,U+8D0A,贊
22584,U+8D0B,贋
22585,U+8D0C,贌
22586,U+8D0D,贍
22587,U+8D0E,贎
22588,U+8D0F,贏
22589,U+8D10,贐
22590,U+8D11,贑
22591,U+8D12,贒
22592,U+8D13,贓
22593,U+8D14,贔
22594,U+8D15,贕
22595,U+8D16,贖
22596,U+8D17,贗
22597,U+8D18,贘
22598,U+8D19,贙
22599,U+8D1A,贚
22600,U+8D1B,贛
22601,U+8D1C,贜
22602,U+8D1D,贝
22603,U+8D1E,贞
22604,U+8D1F,负
22605,U+8D20,贠
22606,U+8D21,贡
22607,U+8D22,财
22608,U+8D23,责
22609,U+8D24,贤
22610,U+8D25,败
22611,U+8D26,账
22612,U+8D27,货
22613,U+8D28,质
22614,U+8D29,贩
22615,U+8D2A,贪
22616,U+8D2B,贫
22617,U+8D2C,贬
22618,U+8D2D,购
22619,U+8D2E,贮
22620,U+8D2F,贯
22621,U+8D30,贰
22622,U+8D31,贱
22623,U+8D32,贲
22624,U+8D33,贳
22625,U+8D34,贴
22626,U+8D35,贵
22627,U+8D36,贶
22628,U+8D37,贷
22629,U+8D38,贸
22630,U+8D39,费
22631,U+8D3A,贺
22632,U+8D3B,贻
22633,U+8D3C,贼
22634,U+8D3D,贽
22635,U+8D3E,贾
22636,U+8D3F,贿
22637,U+8D40,赀
22638,U+8D41,赁
22639,U+8D42,赂
22640,U+8D43,赃
22641,U+8D44,资
22642,U+8D45,赅
22643,U+8D46,赆
22644,U+8D47,赇
22645,U+8D48,赈
22646,U+8D49,赉
22647,U+8D4A,赊
22648,U+8D4B,赋
22649,U+8D4C,赌
22650,U+8D4D,赍
22651,U+8D4E,赎
22652,U+8D4F,赏
22653,U+8D50,赐
22654,U+8D51,赑
22655,U+8D52,赒
22656,U+8D53,赓
22657,U+8D54,赔
22658,U+8D55,赕
22659,U+8D56,赖
22660,U+8D57,赗
22661,U+8D58,赘
22662,U+8D59,赙
22663,U+8D5A,赚
22664,U+8D5B,赛
22665,U+8D5C,赜
22666,U+8D5D,赝
22667,U+8D5E,赞
22668,U+8D5F,赟
22669,U+8D60,赠
22670,U+8D61,赡
22671,U+8D62,赢
22672,U+8D63,赣
22673,U+8D64,赤
22674,U+8D65,赥
22675,U+8D66,赦
22676,U+8D67,赧
22677,U+8D68,赨
22678,U+8D69,赩
22679,U+8D6A,赪
22680,U+8D6B,赫
22681,U+8D6C,赬
22682,U+8D6D,赭
22683,U+8D6E,赮
22684,U+8D6F,赯
22685,U+8D70,走
22686,U+8D71,赱
22687,U+8D72,赲
22688,U+8D73,赳
22689,U+8D74,赴
22690,U+8D75,赵
22691,U+8D76,赶
22692,U+8D77,起
22693,U+8D78,赸
22694,U+8D79,赹
22695,U+8D7A,赺
22696,U+8D7B,赻
22697,U+8D7C,赼
22698,U+8D7D,赽
22699,U+8D7E,赾
22700,U+8D7F,赿
22701,U+8D80,趀
22702,U+8D81,趁
22703,U+8D82,趂
22704,U+8D83,趃
22705,U+8D84,趄
22706,U+8D85,超
22707,U+8D86,趆
22708,U+8D87,趇
22709,U+8D88,趈
22710,U+8D89,趉
22711,U+8D8A,越
22712,U+8D8B,趋
22713,U+8D8C,趌
22714,U+8D8D,趍
22715,U+8D8E,趎
22716,U+8D8F,趏
22717,U+8D90,趐
22718,U+8D91,趑
22719,U+8D92,趒
22720,U+8D93,趓
22721,U+8D94,趔
22722,U+8D95,趕
22723,U+8D96,趖
22724,U+8D97,趗
22725,U+8D98,趘
22726,U+8D99,趙
22727,U+8D9A,趚
22728,U+8D9B,趛
22729,U+8D9C,趜
22730,U+8D9D,趝
22731,U+8D9E,趞
22732,U+8D9F,趟
22733,U+8DA0,趠
22734,U+8DA1,趡
22735,U+8DA2,趢
22736,U+8DA3,趣
22737,U+8DA4,趤
22738,U+8DA5,趥
22739,U+8DA6,趦
22740,U+8DA7,趧
22741,U+8DA8,趨
22742,U+8DA9,趩
22743,U+8DAA,趪
22744,U+8DAB,趫
22745,U+8DAC,趬
22746,U+8DAD,趭
22747,U+8DAE,趮
22748,U+8DAF,趯
22749,U+8DB0,趰
22750,U+8DB1,趱
22751,U+8DB2,趲
22752,U+8DB3,足
22753,U+8DB4,趴
22754,U+8DB5,趵
22755,U+8DB6,趶
22756,U+8DB7,趷
22757,U+8DB8,趸
22758,U+8DB9,趹
22759,U+8DBA,趺
22760,U+8DBB,趻
22761,U+8DBC,趼
22762,U+8DBD,趽
22763,U+8DBE,趾
22764,U+8DBF,趿
22765,U+8DC0,跀
22766,U+8DC1,跁
22767,U+8DC2,跂
22768,U+8DC3,跃
22769,U+8DC4,跄
22770,U+8DC5,跅
22771,U+8DC6,跆
22772,U+8DC7,跇
22773,U+8DC8,跈
22774,U+8DC9,跉
22775,U+8DCA,跊
22776,U+8DCB,跋
22777,U+8DCC,跌
22778,U+8DCD,跍
22779,U+8DCE,跎
22780,U+8DCF,跏
22781,U+8DD0,跐
22782,U+8DD1,跑
22783,U+8DD2,跒
22784,U+8DD3,跓
22785,U+8DD4,跔
22786,U+8DD5,跕
22787,U+8DD6,跖
22788,U+8DD7,跗
22789,U+8DD8,跘
22790,U+8DD9,跙
22791,U+8DDA,跚
22792,U+8DDB,跛
22793,U+8DDC,跜
22794,U+8DDD,距
22795,U+8DDE,跞
22796,U+8DDF,跟
22797,U+8DE0,跠
22798,U+8DE1,跡
22799,U+8DE2,跢
22800,U+8DE3,跣
22801,U+8DE4,跤
22802,U+8DE5,跥
22803,U+8DE6,跦
22804,U+8DE7,跧
22805,U+8DE8,跨
22806,U+8DE9,跩
22807,U+8DEA,跪
22808,U+8DEB,跫
22809,U+8DEC,跬
22810,U+8DED,跭
22811,U+8DEE,跮
22812,U+8DEF,路
22813,U+8DF0,跰
22814,U+8DF1,跱
22815,U+8DF2,跲
22816,U+8DF3,跳
22817,U+8DF4,跴
22818,U+8DF5,践
22819,U+8DF6,跶
22820,U+8DF7,跷
22821,U+8DF8,跸
22822,U+8DF9,跹
22823,U+8DFA,跺
22824,U+8DFB,跻
22825,U+8DFC,跼
22826,U+8DFD,跽
22827,U+8DFE,跾
22828,U+8DFF,跿
22829,U+8E00,踀
22830,U+8E01,踁
22831,U+8E02,踂
22832,U+8E03,踃
22833,U+8E04,踄
22834,U+8E05,踅
22835,U+8E06,踆
22836,U+8E07,踇
22837,U+8E08,踈
22838,U+8E09,踉
22839,U+8E0A,踊
22840,U+8E0B,踋
22841,U+8E0C,踌
22842,U+8E0D,踍
22843,U+8E0E,踎
22844,U+8E0F,踏
22845,U+8E10,踐
22846,U+8E11,踑
22847,U+8E12,踒
22848,U+8E13,踓
22849,U+8E14,踔
22850,U+8E15,踕
22851,U+8E16,踖
22852,U+8E17,踗
22853,U+8E18,踘
22854,U+8E19,踙
22855,U+8E1A,踚
22856,U+8E1B,踛
22857,U+8E1C,踜
22858,U+8E1D,踝
22859,U+8E1E,踞
22860,U+8E1F,踟
22861,U+8E20,踠
22862,U+8E21,踡
22863,U+8E22,踢
22864,U+8E23,踣
22865,U+8E24,踤
22866,U+8E25,踥
22867,U+8E26,踦
22868,U+8E27,踧
22869,U+8E28,踨
22870,U+8E29,踩
22871,U+8E2A,踪
22872,U+8E2B,踫
22873,U+8E2C,踬
22874,U+8E2D,踭
22875,U+8E2E,踮
22876,U+8E2F,踯
22877,U+8E30,踰
22878,U+8E31,踱
22879,U+8E32,踲
22880,U+8E33,踳
22881,U+8E34,踴
22882,U+8E35,踵
22883,U+8E36,踶
22884,U+8E37,踷
22885,U+8E38,踸
22886,U+8E39,踹
22887,U+8E3A,踺
22888,U+8E3B,踻
22889,U+8E3C,踼
22890,U+8E3D,踽
22891,U+8E3E,踾
22892,U+8E3F,踿
22893,U+8E40,蹀
22894,U+8E41,蹁
22895,U+8E42,蹂
22896,U+8E43,蹃
22897,U+8E44,蹄
22898,U+8E45,蹅
22899,U+8E46,蹆
22900,U+8E47,蹇
22901,U+8E48,蹈
22902,U+8E49,蹉
22903,U+8E4A,蹊
22904,U+8E4B,蹋
22905,U+8E4C,蹌
22906,U+8E4D,蹍
22907,U+8E4E,蹎
22908,U+8E4F,蹏
22909,U+8E50,蹐
22910,U+8E51,蹑
22911,U+8E52,蹒
22912,U+8E53,蹓
22913,U+8E54,蹔
22914,U+8E55,蹕
22915,U+8E56,蹖
22916,U+8E57,蹗
22917,U+8E58,蹘
22918,U+8E59,蹙
22919,U+8E5A,蹚
22920,U+8E5B,蹛
22921,U+8E5C,蹜
22922,U+8E5D,蹝
22923,U+8E5E,蹞
22924,U+8E5F,蹟
22925,U+8E60,蹠
22926,U+8E61,蹡
22927,U+8E62,蹢
22928,U+8E63,蹣
22929,U+8E64,蹤
22930,U+8E65,蹥
22931,U+8E66,蹦
22932,U+8E67,蹧
22933,U+8E68,蹨
22934,U+8E69,蹩
22935,U+8E6A,蹪
22936,U+8E6B,蹫
22937,U+8E6C,蹬
22938,U+8E6D,蹭
22939,U+8E6E,蹮
22940,U+8E6F,蹯
22941,U+8E70,蹰
22942,U+8E71,蹱
22943,U+8E72,蹲
22944,U+8E73,蹳
22945,U+8E74,蹴
22946,U+8E75,蹵
22947,U+8E76,蹶
22948,U+8E77,蹷
22949,U+8E78,蹸
22950,U+8E79,蹹
22951,U+8E7A,蹺
22952,U+8E7B,蹻
22953,U+8E7C,蹼
22954,U+8E7D,蹽
22955,U+8E7E,蹾
22956,U+8E7F,蹿
22957,U+8E80,躀
22958,U+8E81,躁
22959,U+8E82,躂
22960,U+8E83,躃
22961,U+8E84,躄
22962,U+8E85,躅
22963,U+8E86,躆
22964,U+8E87,躇
22965,U+8E88,躈
22966,U+8E89,躉
22967,U+8E8A,躊
22968,U+8E8B,躋
22969,U+8E8C,躌
22970,U+8E8D,躍
22971,U+8E8E,躎
22972,U+8E8F,躏
22973,U+8E90,躐
22974,U+8E91,躑
22975,U+8E92,躒
22976,U+8E93,躓
22977,U+8E94,躔
22978,U+8E95,躕
22979,U+8E96,躖
22980,U+8E97,躗
22981,U+8E98,躘
22982,U+8E99,躙
22983,U+8E9A,躚
22984,U+8E9B,躛
22985,U+8E9C,躜
22986,U+8E9D,躝
22987,U+8E9E,躞
22988,U+8E9F,躟
22989,U+8EA0,躠
22990,U+8EA1,躡
22991,U+8EA2,躢
22992,U+8EA3,躣
22993,U+8EA4,躤
22994,U+8EA5,躥
22995,U+8EA6,躦
22996,U+8EA7,躧
22997,U+8EA8,躨
22998,U+8EA9,躩
22999,U+8EAA,躪
23000,U+8EAB,身
23001,U+8EAC,躬
23002,U+8EAD,躭
23003,U+8EAE,躮
23004,U+8EAF,躯
23005,U+8EB0,躰
23006,U+8EB1,躱
23007,U+8EB2,躲
23008,U+8EB3,躳
23009,U+8EB4,躴
23010,U+8EB5,躵
23011,U+8EB6,躶
23012,U+8EB7,躷
23013,U+8EB8,躸
23014,U+8EB9,躹
23015,U+8EBA,躺
23016,U+8EBB,躻
23017,U+8EBC,躼
23018,U+8EBD,躽
23019,U+8EBE,躾
23020,U+8EBF,躿
23021,U+8EC0,軀
23022,U+8EC1,軁
23023,U+8EC2,軂
23024,U+8EC3,軃
23025,U+8EC4,軄
23026,U+8EC5,軅
23027,U+8EC6,軆
23028,U+8EC7,軇
23029,U+8EC8,軈
23030,U+8EC9,軉
23031,U+8ECA,車
23032,U+8ECB,軋
23033,U+8ECC,軌
23034,U+8ECD,軍
23035,U+8ECE,軎
23036,U+8ECF,軏
23037,U+8ED0,軐
23038,U+8ED1,軑
23039,U+8ED2,軒
23040,U+8ED3,軓
23041,U+8ED4,軔
23042,U+8ED5,軕
23043,U+8ED6,軖
23044,U+8ED7,軗
23045,U+8ED8,軘
23046,U+8ED9,軙
23047,U+8EDA,軚
23048,U+8EDB,軛
23049,U+8EDC,軜
23050,U+8EDD,軝
23051,U+8EDE,軞
23052,U+8EDF,軟
23053,U+8EE0,軠
23054,U+8EE1,軡
23055,U+8EE2,転
23056,U+8EE3,軣
23057,U+8EE4,軤
23058,U+8EE5,軥
23059,U+8EE6,軦
23060,U+8EE7,軧
23061,U+8EE8,軨
23062,U+8EE9,軩
23063,U+8EEA,軪
23064,U+8EEB,軫
23065,U+8EEC,軬
23066,U+8EED,軭
23067,U+8EEE,軮
23068,U+8EEF,軯
23069,U+8EF0,軰
23070,U+8EF1,軱
23071,U+8EF2,軲
23072,U+8EF3,軳
23073,U+8EF4,軴
23074,U+8EF5,軵
23075,U+8EF6,軶
23076,U+8EF7,軷
23077,U+8EF8,軸
23078,U+8EF9,軹
23079,U+8EFA,軺
23080,U+8EFB,軻
23081,U+8EFC,軼
23082,U+8EFD,軽
23083,U+8EFE,軾
23084,U+8EFF,軿
23085,U+8F00,輀
23086,U+8F01,輁
23087,U+8F02,輂
23088,U+8F03,較
23089,U+8F04,輄
23090,U+8F05,輅
23091,U+8F06,輆
23092,U+8F07,輇
23093,U+8F08,輈
23094,U+8F09,載
23095,U+8F0A,輊
23096,U+8F0B,輋
23097,U+8F0C,輌
23098,U+8F0D,輍
23099,U+8F0E,輎
23100,U+8F0F,輏
23101,U+8F10,輐
23102,U+8F11,輑
23103,U+8F12,輒
23104,U+8F13,輓
23105,U+8F14,輔
23106,U+8F15,輕
23107,U+8F16,輖
23108,U+8F17,輗
23109,U+8F18,輘
23110,U+8F19,輙
23111,U+8F1A,輚
23112,U+8F1B,輛
23113,U+8F1C,輜
23114,U+8F1D,輝
23115,U+8F1E,輞
23116,U+8F1F,輟
23117,U+8F20,輠
23118,U+8F21,輡
23119,U+8F22,輢
23120,U+8F23,輣
23121,U+8F24,輤
23122,U+8F25,輥
23123,U+8F26,輦
23124,U+8F27,輧
23125,U+8F28,輨
23126,U+8F29,輩
23127,U+8F2A,輪
23128,U+8F2B,輫
23129,U+8F2C,輬
23130,U+8F2D,輭
23131,U+8F2E,輮
23132,U+8F2F,輯
23133,U+8F30,輰
23134,U+8F31,輱
23135,U+8F32,輲
23136,U+8F33,輳
23137,U+8F34,輴
23138,U+8F35,輵
23139,U+8F36,輶
23140,U+8F37,輷
23141,U+8F38,輸
23142,U+8F39,輹
23143,U+8F3A,輺
23144,U+8F3B,輻
23145,U+8F3C,輼
23146,U+8F3D,輽
23147,U+8F3E,輾
23148,U+8F3F,輿
23149,U+8F40,轀
23150,U+8F41,轁
23151,U+8F42,轂
23152,U+8F43,轃
23153,U+8F44,轄
23154,U+8F45,轅
23155,U+8F46,轆
23156,U+8F47,轇
23157,U+8F48,轈
23158,U+8F49,轉
23159,U+8F4A,轊
23160,U+8F4B,轋
23161,U+8F4C,轌
23162,U+8F4D,轍
23163,U+8F4E,轎
23164,U+8F4F,轏
23165,U+8F50,轐
23166,U+8F51,轑
23167,U+8F52,轒
23168,U+8F53,轓
23169,U+8F54,轔
23170,U+8F55,轕
23171,U+8F56,轖
23172,U+8F57,轗
23173,U+8F58,轘
23174,U+8F59,轙
23175,U+8F5A,轚
23176,U+8F5B,轛
23177,U+8F5C,轜
23178,U+8F5D,轝
23179,U+8F5E,轞
23180,U+8F5F,轟
23181,U+8F60,轠
23182,U+8F61,轡
23183,U+8F62,轢
23184,U+8F63,轣
23185,U+8F64,轤
23186,U+8F65,轥
23187,U+8F66,车
23188,U+8F67,轧
23189,U+8F68,轨
23190,U+8F69,轩
23191,U+8F6A,轪
23192,U+8F6B,轫
23193,U+8F6C,转
23194,U+8F6D,轭
23195,U+8F6E,轮
23196,U+8F6F,软
23197,U+8F70,轰
23198,U+8F71,轱
23199,U+8F72,轲
23200,U+8F73,轳
23201,U+8F74,轴
23202,U+8F75,轵
23203,U+8F76,轶
23204,U+8F77,轷
23205,U+8F78,轸
23206,U+8F79,轹
23207,U+8F7A,轺
23208,U+8F7B,轻
23209,U+8F7C,轼
23210,U+8F7D,载
23211,U+8F7E,轾
23212,U+8F7F,轿
23213,U+8F80,辀
23214,U+8F81,辁
23215,U+8F82,辂
23216,U+8F83,较
23217,U+8F84,辄
23218,U+8F85,辅
23219,U+8F86,辆
23220,U+8F87,辇
23221,U+8F88,辈
23222,U+8F89,辉
23223,U+8F8A,辊
23224,U+8F8B,辋
23225,U+8F8C,辌
23226,U+8F8D,辍
23227,U+8F8E,辎
23228,U+8F8F,辏
23229,U+8F90,辐
23230,U+8F91,辑
23231,U+8F92,辒
23232,U+8F93,输
23233,U+8F94,辔
23234,U+8F95,辕
23235,U+8F96,辖
23236,U+8F97,辗
23237,U+8F98,辘
23238,U+8F99,辙
23239,U+8F9A,辚
23240,U+8F9B,辛
23241,U+8F9C,辜
23242,U+8F9D,辝
23243,U+8F9E,辞
23244,U+8F9F,辟
23245,U+8FA0,辠
23246,U+8FA1,辡
23247,U+8FA2,辢
23248,U+8FA3,辣
23249,U+8FA4,辤
23250,U+8FA5,辥
23251,U+8FA6,辦
23252,U+8FA7,辧
23253,U+8FA8,辨
23254,U+8FA9,辩
23255,U+8FAA,辪
23256,U+8FAB,辫
23257,U+8FAC,辬
23258,U+8FAD,辭
23259,U+8FAE,辮
23260,U+8FAF,辯
23261,U+8FB0,辰
23262,U+8FB1,辱
23263,U+8FB2,農
23264,U+8FB3,辳
23265,U+8FB4,辴
23266,U+8FB5,辵
23267,U+8FB6,辶
23268,U+8FB7,辷
23269,U+8FB8,辸
23270,U+8FB9,边
23271,U+8FBA,辺
23272,U+8FBB,辻
23273,U+8FBC,込
23274,U+8FBD,辽
23275,U+8FBE,达
23276,U+8FBF,辿
23277,U+8FC0,迀
23278,U+8FC1,迁
23279,U+8FC2,迂
23280,U+8FC3,迃
23281,U+8FC4,迄
23282,U+8FC5,迅
23283,U+8FC6,迆
23284,U+8FC7,过
23285,U+8FC8,迈
23286,U+8FC9,迉
23287,U+8FCA,迊
23288,U+8FCB,迋
23289,U+8FCC,迌
23290,U+8FCD,迍
23291,U+8FCE,迎
23292,U+8FCF,迏
23293,U+8FD0,运
23294,U+8FD1,近
23295,U+8FD2,迒
23296,U+8FD3,迓
23297,U+8FD4,返
23298,U+8FD5,迕
23299,U+8FD6,迖
23300,U+8FD7,迗
23301,U+8FD8,还
23302,U+8FD9,这
23303,U+8FDA,迚
23304,U+8FDB,进
23305,U+8FDC,远
23306,U+8FDD,违
23307,U+8FDE,连
23308,U+8FDF,迟
23309,U+8FE0,迠
23310,U+8FE1,迡
23311,U+8FE2,迢
23312,U+8FE3,迣
23313,U+8FE4,迤
23314,U+8FE5,迥
23315,U+8FE6,迦
23316,U+8FE7,迧
23317,U+8FE8,迨
23318,U+8FE9,迩
23319,U+8FEA,迪
23320,U+8FEB,迫
23321,U+8FEC,迬
23322,U+8FED,迭
23323,U+8FEE,迮
23324,U+8FEF,迯
23325,U+8FF0,述
23326,U+8FF1,迱
23327,U+8FF2,迲
23328,U+8FF3,迳
23329,U+8FF4,迴
23330,U+8FF5,迵
23331,U+8FF6,迶
23332,U+8FF7,迷
23333,U+8FF8,迸
23334,U+8FF9,迹
23335,U+8FFA,迺
23336,U+8FFB,迻
23337,U+8FFC,迼
23338,U+8FFD,追
23339,U+8FFE,迾
23340,U+8FFF,迿
23341,U+9000,退
23342,U+9001,送
23343,U+9002,适
23344,U+9003,逃
23345,U+9004,逄
23346,U+9005,逅
23347,U+9006,逆
23348,U+9007,逇
23349,U+9008,逈
23350,U+9009,选
23351,U+900A,逊
23352,U+900B,逋
23353,U+900C,逌
23354,U+900D,逍
23355,U+900E,逎
23356,U+900F,透
23357,U+9010,逐
23358,U+9011,逑
23359,U+9012,递
23360,U+9013,逓
23361,U+9014,途
23362,U+9015,逕
23363,U+9016,逖
23364,U+9017,逗
23365,U+9018,逘
23366,U+9019,這
23367,U+901A,通
23368,U+901B,逛
23369,U+901C,逜
23370,U+901D,逝
23371,U+901E,逞
23372,U+901F,速
23373,U+9020,造
23374,U+9021,逡
23375,U+9022,逢
23376,U+9023,連
23377,U+9024,逤
23378,U+9025,逥
23379,U+9026,逦
23380,U+9027,逧
23381,U+9028,逨
23382,U+9029,逩
23383,U+902A,逪
23384,U+902B,逫
23385,U+902C,逬
23386,U+902D,逭
23387,U+902E,逮
23388,U+902F,逯
23389,U+9030,逰
23390,U+9031,週
23391,U+9032,進
23392,U+9033,逳
23393,U+9034,逴
23394,U+9035,逵
23395,U+9036,逶
23396,U+9037,逷
23397,U+9038,逸
23398,U+9039,逹
23399,U+903A,逺
23400,U+903B,逻
23401,U+903C,逼
23402,U+903D,逽
23403,U+903E,逾
23404,U+903F,逿
23405,U+9040,遀
23406,U+9041,遁
23407,U+9042,遂
23408,U+9043,遃
23409,U+9044,遄
23410,U+9045,遅
23411,U+9046,遆
23412,U+9047,遇
23413,U+9048,遈
23414,U+9049,遉
23415,U+904A,遊
23416,U+904B,運
23417,U+904C,遌
23418,U+904D,遍
23419,U+904E,過
23420,U+904F,遏
23421,U+9050,遐
23422,U+9051,遑
23423,U+9052,遒
23424,U+9053,道
23425,U+9054,達
23426,U+9055,違
23427,U+9056,遖
23428,U+9057,遗
23429,U+9058,遘
23430,U+9059,遙
23431,U+905A,遚
23432,U+905B,遛
23433,U+905C,遜
23434,U+905D,遝
23435,U+905E,遞
23436,U+905F,遟
23437,U+9060,遠
23438,U+9061,遡
23439,U+9062,遢
23440,U+9063,遣
23441,U+9064,遤
23442,U+9065,遥
23443,U+9066,遦
23444,U+9067,遧
23445,U+9068,遨
23446,U+9069,適
23447,U+906A,遪
23448,U+906B,遫
23449,U+906C,遬
23450,U+906D,遭
23451,U+906E,遮
23452,U+906F,遯
23453,U+9070,遰
23454,U+9071,遱
23455,U+9072,遲
23456,U+9073,遳
23457,U+9074,遴
23458,U+9075,遵
23459,U+9076,遶
23460,U+9077,遷
23461,U+9078,選
23462,U+9079,遹
23463,U+907A,遺
23464,U+907B,遻
23465,U+907C,遼
23466,U+907D,遽
23467,U+907E,遾
23468,U+907F,避
23469,U+9080,邀
23470,U+9081,邁
23471,U+9082,邂
23472,U+9083,邃
23473,U+9084,還
23474,U+9085,邅
23475,U+9086,邆
23476,U+9087,邇
23477,U+9088,邈
23478,U+9089,邉
23479,U+908A,邊
23480,U+908B,邋
23481,U+908C,邌
23482,U+908D,邍
23483,U+908E,邎
23484,U+908F,邏
23485,U+9090,邐
23486,U+9091,邑
23487,U+9092,邒
23488,U+9093,邓
23489,U+9094,邔
23490,U+9095,邕
23491,U+9096,邖
23492,U+9097,邗
23493,U+9098,邘
23494,U+9099,邙
23495,U+909A,邚
23496,U+909B,邛
23497,U+909C,邜
23498,U+909D,邝
23499,U+909E,邞
23500,U+909F,邟
23501,U+90A0,邠
23502,U+90A1,邡
23503,U+90A2,邢
23504,U+90A3,那
23505,U+90A4,邤
23506,U+90A5,邥
23507,U+90A6,邦
23508,U+90A7,邧
23509,U+90A8,邨
23510,U+90A9,邩
23511,U+90AA,邪
23512,U+90AB,邫
23513,U+90AC,邬
23514,U+90AD,邭
23515,U+90AE,邮
23516,U+90AF,邯
23517,U+90B0,邰
23518,U+90B1,邱
23519,U+90B2,邲
23520,U+90B3,邳
23521,U+90B4,邴
23522,U+90B5,邵
23523,U+90B6,邶
23524,U+90B7,邷
23525,U+90B8,邸
23526,U+90B9,邹
23527,U+90BA,邺
23528,U+90BB,邻
23529,U+90BC,邼
23530,U+90BD,邽
23531,U+90BE,邾
23532,U+90BF,邿
23533,U+90C0,郀
23534,U+90C1,郁
23535,U+90C2,郂
23536,U+90C3,郃
23537,U+90C4,郄
23538,U+90C5,郅
23539,U+90C6,郆
23540,U+90C7,郇
23541,U+90C8,郈
23542,U+90C9,郉
23543,U+90CA,郊
23544,U+90CB,郋
23545,U+90CC,郌
23546,U+90CD,郍
23547,U+90CE,郎
23548,U+90CF,郏
23549,U+90D0,郐
23550,U+90D1,郑
23551,U+90D2,郒
23552,U+90D3,郓
23553,U+90D4,郔
23554,U+90D5,郕
23555,U+90D6,郖
23556,U+90D7,郗
23557,U+90D8,郘
23558,U+90D9,郙
23559,U+90DA,郚
23560,U+90DB,郛
23561,U+90DC,郜
23562,U+90DD,郝
23563,U+90DE,郞
23564,U+90DF,郟
23565,U+90E0,郠
23566,U+90E1,郡
23567,U+90E2,郢
23568,U+90E3,郣
23569,U+90E4,郤
23570,U+90E5,郥
23571,U+90E6,郦
23572,U+90E7,郧
23573,U+90E8,部
23574,U+90E9,郩
23575,U+90EA,郪
23576,U+90EB,郫
23577,U+90EC,郬
23578,U+90ED,郭
23579,U+90EE,郮
23580,U+90EF,郯
23581,U+90F0,郰
23582,U+90F1,郱
23583,U+90F2,郲
23584,U+90F3,郳
23585,U+90F4,郴
23586,U+90F5,郵
23587,U+90F6,郶
23588,U+90F7,郷
23589,U+90F8,郸
23590,U+90F9,郹
23591,U+90FA,郺
23592,U+90FB,郻
23593,U+90FC,郼
23594,U+90FD,都
23595,U+90FE,郾
23596,U+90FF,郿
23597,U+9100,鄀
23598,U+9101,鄁
23599,U+9102,鄂
23600,U+9103,鄃
23601,U+9104,鄄
23602,U+9105,鄅
23603,U+9106,鄆
23604,U+9107,鄇
23605,U+9108,鄈
23606,U+9109,鄉
23607,U+910A,鄊
23608,U+910B,鄋
23609,U+910C,鄌
23610,U+910D,鄍
23611,U+910E,鄎
23612,U+910F,鄏
23613,U+9110,鄐
23614,U+9111,鄑
23615,U+9112,鄒
23616,U+9113,鄓
23617,U+9114,鄔
23618,U+9115,鄕
23619,U+9116,鄖
23620,U+9117,鄗
23621,U+9118,鄘
23622,U+9119,鄙
23623,U+911A,鄚
23624,U+911B,鄛
23625,U+911C,鄜
23626,U+911D,鄝
23627,U+911E,鄞
23628,U+911F,鄟
23629,U+9120,鄠
23630,U+9121,鄡
23631,U+9122,鄢
23632,U+9123,鄣
23633,U+9124,鄤
23634,U+9125,鄥
23635,U+9126,鄦
23636,U+9127,鄧
23637,U+9128,鄨
23638,U+9129,鄩
23639,U+912A,鄪
23640,U+912B,鄫
23641,U+912C,鄬
23642,U+912D,鄭
23643,U+912E,鄮
23644,U+912F,鄯
23645,U+9130,鄰
23646,U+9131,鄱
23647,U+9132,鄲
23648,U+9133,鄳
23649,U+9134,鄴
23650,U+9135,鄵
23651,U+9136,鄶
23652,U+9137,鄷
23653,U+9138,鄸
23654,U+9139,鄹
23655,U+913A,鄺
23656,U+913B,鄻
23657,U+913C,鄼
23658,U+913D,鄽
23659,U+913E,鄾
23660,U+913F,鄿
23661,U+9140,酀
23662,U+9141,酁
23663,U+9142,酂
23664,U+9143,酃
23665,U+9144,酄
23666,U+9145,酅
23667,U+9146,酆
23668,U+9147,酇
23669,U+9148,酈
23670,U+9149,酉
23671,U+914A,酊
23672,U+914B,酋
23673,U+914C,酌
23674,U+914D,配
23675,U+914E,酎
23676,U+914F,酏
23677,U+9150,酐
23678,U+9151,酑
23679,U+9152,酒
23680,U+9153,酓
23681,U+9154,酔
23682,U+9155,酕
23683,U+9156,酖
23684,U+9157,酗
23685,U+9158,酘
23686,U+9159,酙
23687,U+915A,酚
23688,U+915B,酛
23689,U+915C,酜
23690,U+915D,酝
23691,U+915E,酞
23692,U+915F,酟
23693,U+9160,酠
23694,U+9161,酡
23695,U+9162,酢
23696,U+9163,酣
23697,U+9164,酤
23698,U+9165,酥
23699,U+9166,酦
23700,U+9167,酧
23701,U+9168,酨
23702,U+9169,酩
23703,U+916A,酪
23704,U+916B,酫
23705,U+916C,酬
23706,U+916D,酭
23707,U+916E,酮
23708,U+916F,酯
23709,U+9170,酰
23710,U+9171,酱
23711,U+9172,酲
23712,U+9173,酳
23713,U+9174,酴
23714,U+9175,酵
23715,U+9176,酶
23716,U+9177,酷
23717,U+9178,酸
23718,U+9179,酹
23719,U+917A,酺
23720,U+917B,酻
23721,U+917C,酼
23722,U+917D,酽
23723,U+917E,酾
23724,U+917F,酿
23725,U+9180,醀
23726,U+9181,醁
23727,U+9182,醂
23728,U+9183,醃
23729,U+9184,醄
23730,U+9185,醅
23731,U+9186,醆
23732,U+9187,醇
23733,U+9188,醈
23734,U+9189,醉
23735,U+918A,醊
23736,U+918B,醋
23737,U+918C,醌
23738,U+918D,醍
23739,U+918E,醎
23740,U+918F,醏
23741,U+9190,醐
23742,U+9191,醑
23743,U+9192,醒
23744,U+9193,醓
23745,U+9194,醔
23746,U+9195,醕
23747,U+9196,醖
23748,U+9197,醗
23749,U+9198,醘
23750,U+9199,醙
23751,U+919A,醚
23752,U+919B,醛
23753,U+919C,醜
23754,U+919D,醝
23755,U+919E,醞
23756,U+919F,醟
23757,U+91A0,醠
23758,U+91A1,醡
23759,U+91A2,醢
23760,U+91A3,醣
23761,U+91A4,醤
23762,U+91A5,醥
23763,U+91A6,醦
23764,U+91A7,醧
23765,U+91A8,醨
23766,U+91A9,醩
23767,U+91AA,醪
23768,U+91AB,醫
23769,U+91AC,醬
23770,U+91AD,醭
23771,U+91AE,醮
23772,U+91AF,醯
23773,U+91B0,醰
23774,U+91B1,醱
23775,U+91B2,醲
23776,U+91B3,醳
23777,U+91B4,醴
23778,U+91B5,醵
23779,U+91B6,醶
23780,U+91B7,醷
23781,U+91B8,醸
23782,U+91B9,醹
23783,U+91BA,醺
23784,U+91BB,醻
23785,U+91BC,醼
23786,U+91BD,醽
23787,U+91BE,醾
23788,U+91BF,醿
23789,U+91C0,釀
23790,U+91C1,釁
23791,U+91C2,釂
23792,U+91C3,釃
23793,U+91C4,釄
23794,U+91C5,釅
23795,U+91C6,釆
23796,U+91C7,采
23797,U+91C8,釈
23798,U+91C9,釉
23799,U+91CA,释
23800,U+91CB,釋
23801,U+91CC,里
23802,U+91CE,野
23803,U+91CF,量
23804,U+91D0,釐
23805,U+91D1,金
23806,U+91D3,釓
23807,U+91D4,釔
23808,U+91D5,釕
23809,U+91D6,釖
23810,U+91D7,釗
23811,U+91D8,釘
23812,U+91D9,釙
23813,U+91DA,釚
23814,U+91DB,釛
23815,U+91DC,釜
23816,U+91DD,針
23817,U+91DE,釞
23818,U+91DF,釟
23819,U+91E0,釠
23820,U+91E1,釡
23821,U+91E2,釢
23822,U+91E3,釣
23823,U+91E4,釤
23824,U+91E5,釥
23825,U+91E6,釦
23826,U+91E7,釧
23827,U+91E8,釨
23828,U+91E9,釩
23829,U+91EA,釪
23830,U+91EB,釫
23831,U+91EC,釬
23832,U+91ED,釭
23833,U+91EE,釮
23834,U+91EF,釯
23835,U+91F0,釰
23836,U+91F1,釱
23837,U+91F2,釲
23838,U+91F3,釳
23839,U+91F4,釴
23840,U+91F5,釵
23841,U+91F6,釶
23842,U+91F7,釷
23843,U+91F8,釸
23844,U+91F9,釹
23845,U+91FA,釺
23846,U+91FB,釻
23847,U+91FC,釼
23848,U+91FD,釽
23849,U+91FE,釾
23850,U+91FF,釿
23851,U+9200,鈀
23852,U+9201,鈁
23853,U+9202,鈂
23854,U+9203,鈃
23855,U+9204,鈄
23856,U+9205,鈅
23857,U+9206,鈆
23858,U+9207,鈇
23859,U+9208,鈈
23860,U+9209,鈉
23861,U+920A,鈊
23862,U+920B,鈋
23863,U+920C,鈌
23864,U+920D,鈍
23865,U+920E,鈎
23866,U+920F,鈏
23867,U+9210,鈐
23868,U+9211,鈑
23869,U+9212,鈒
23870,U+9213,鈓
23871,U+9214,鈔
23872,U+9215,鈕
23873,U+9216,鈖
23874,U+9217,鈗
23875,U+9218,鈘
23876,U+9219,鈙
23877,U+921A,鈚
23878,U+921B,鈛
23879,U+921C,鈜
23880,U+921D,鈝
23881,U+921E,鈞
23882,U+921F,鈟
23883,U+9220,鈠
23884,U+9221,鈡
23885,U+9222,鈢
23886,U+9223,鈣
23887,U+9224,鈤
23888,U+9225,鈥
23889,U+9226,鈦
23890,U+9227,鈧
23891,U+9228,鈨
23892,U+9229,鈩
23893,U+922A,鈪
23894,U+922B,鈫
23895,U+922C,鈬
23896,U+922D,鈭
23897,U+922E,鈮
23898,U+922F,鈯
23899,U+9230,鈰
23900,U+9231,鈱
23901,U+9232,鈲
23902,U+9233,鈳
23903,U+9234,鈴
23904,U+9235,鈵
23905,U+9236,鈶
23906,U+9237,鈷
23907,U+9238,鈸
23908,U+9239,鈹
23909,U+923A,鈺
23910,U+923B,鈻
23911,U+923C,鈼
23912,U+923D,鈽
23913,U+923E,鈾
23914,U+923F,鈿
23915,U+9240,鉀
23916,U+9241,鉁
23917,U+9242,鉂
23918,U+9243,鉃
23919,U+9244,鉄
23920,U+9245,鉅
23921,U+9246,鉆
23922,U+9247,鉇
23923,U+9248,鉈
23924,U+9249,鉉
23925,U+924A,鉊
23926,U+924B,鉋
23927,U+924C,鉌
23928,U+924D,鉍
23929,U+924E,鉎
23930,U+924F,鉏
23931,U+9250,鉐
23932,U+9251,鉑
23933,U+9252,鉒
23934,U+9253,鉓
23935,U+9254,鉔
23936,U+9255,鉕
23937,U+9256,鉖
23938,U+9257,鉗
23939,U+9258,鉘
23940,U+9259,鉙
23941,U+925A,鉚
23942,U+925B,鉛
23943,U+925C,鉜
23944,U+925D,鉝
23945,U+925E,鉞
23946,U+925F,鉟
23947,U+9260,鉠
23948,U+9261,鉡
23949,U+9262,鉢
23950,U+9263,鉣
23951,U+9264,鉤
23952,U+9265,鉥
23953,U+9266,鉦
23954,U+9267,鉧
23955,U+9268,鉨
23956,U+9269,鉩
23957,U+926A,鉪
23958,U+926B,鉫
23959,U+926C,鉬
23960,U+926D,鉭
23961,U+926E,鉮
23962,U+926F,鉯
23963,U+9270,鉰
23964,U+9271,鉱
23965,U+9272,鉲
23966,U+9273,鉳
23967,U+9274,鉴
23968,U+9275,鉵
23969,U+9276,鉶
23970,U+9277,鉷
23971,U+9278,鉸
23972,U+9279,鉹
23973,U+927A,鉺
23974,U+927B,鉻
23975,U+927C,鉼
23976,U+927D,鉽
23977,U+927E,鉾
23978,U+927F,鉿
23979,U+9280,銀
23980,U+9281,銁
23981,U+9282,銂
23982,U+9283,銃
23983,U+9284,銄
23984,U+9285,銅
23985,U+9286,銆
23986,U+9287,銇
23987,U+9288,銈
23988,U+9289,銉
23989,U+928A,銊
23990,U+928B,銋
23991,U+928C,銌
23992,U+928D,銍
23993,U+928E,銎
23994,U+928F,銏
23995,U+9290,銐
23996,U+9291,銑
23997,U+9292,銒
23998,U+9293,銓
23999,U+9294,銔
24000,U+9295,銕
24001,U+9296,銖
24002,U+9297,銗
24003,U+9298,銘
24004,U+9299,銙
24005,U+929A,銚
24006,U+929B,銛
24007,U+929C,銜
24008,U+929D,銝
24009,U+929E,銞
24010,U+929F,銟
24011,U+92A0,銠
24012,U+92A1,銡
24013,U+92A2,銢
24014,U+92A3,銣
24015,U+92A4,銤
24016,U+92A5,銥
24017,U+92A6,銦
24018,U+92A7,銧
24019,U+92A8,銨
24020,U+92A9,銩
24021,U+92AA,銪
24022,U+92AB,銫
24023,U+92AC,銬
24024,U+92AD,銭
24025,U+92AE,銮
24026,U+92AF,銯
24027,U+92B0,銰
24028,U+92B1,銱
24029,U+92B2,銲
24030,U+92B3,銳
24031,U+92B4,銴
24032,U+92B5,銵
24033,U+92B6,銶
24034,U+92B7,銷
24035,U+92B8,銸
24036,U+92B9,銹
24037,U+92BA,銺
24038,U+92BB,銻
24039,U+92BC,銼
24040,U+92BD,銽
24041,U+92BE,銾
24042,U+92BF,銿
24043,U+92C0,鋀
24044,U+92C1,鋁
24045,U+92C2,鋂
24046,U+92C3,鋃
24047,U+92C4,鋄
24048,U+92C5,鋅
24049,U+92C6,鋆
24050,U+92C7,鋇
24051,U+92C8,鋈
24052,U+92C9,鋉
24053,U+92CA,鋊
24054,U+92CB,鋋
24055,U+92CC,鋌
24056,U+92CD,鋍
24057,U+92CE,鋎
24058,U+92CF,鋏
24059,U+92D0,鋐
24060,U+92D1,鋑
24061,U+92D2,鋒
24062,U+92D3,鋓
24063,U+92D4,鋔
24064,U+92D5,鋕
24065,U+92D6,鋖
24066,U+92D7,鋗
24067,U+92D8,鋘
24068,U+92D9,鋙
24069,U+92DA,鋚
24070,U+92DB,鋛
24071,U+92DC,鋜
24072,U+92DD,鋝
24073,U+92DE,鋞
24074,U+92DF,鋟
24075,U+92E0,鋠
24076,U+92E1,鋡
24077,U+92E2,鋢
24078,U+92E3,鋣
24079,U+92E4,鋤
24080,U+92E5,鋥
24081,U+92E6,鋦
24082,U+92E7,鋧
24083,U+92E8,鋨
24084,U+92E9,鋩
24085,U+92EA,鋪
24086,U+92EB,鋫
24087,U+92EC,鋬
24088,U+92ED,鋭
24089,U+92EE,鋮
24090,U+92EF,鋯
24091,U+92F0,鋰
24092,U+92F1,鋱
24093,U+92F2,鋲
24094,U+92F3,鋳
24095,U+92F4,鋴
24096,U+92F5,鋵
24097,U+92F6,鋶
24098,U+92F7,鋷
24099,U+92F8,鋸
24100,U+92F9,鋹
24101,U+92FA,鋺
24102,U+92FB,鋻
24103,U+92FC,鋼
24104,U+92FD,鋽
24105,U+92FE,鋾
24106,U+92FF,鋿
24107,U+9300,錀
24108,U+9301,錁
24109,U+9302,錂
24110,U+9303,錃
24111,U+9304,錄
24112,U+9305,錅
24113,U+9306,錆
24114,U+9307,錇
24115,U+9308,錈
24116,U+9309,錉
24117,U+930A,錊
24118,U+930B,錋
24119,U+930C,錌
24120,U+930D,錍
24121,U+930E,錎
24122,U+930F,錏
24123,U+9310,錐
24124,U+9311,錑
24125,U+9312,錒
24126,U+9313,錓
24127,U+9314,錔
24128,U+9315,錕
24129,U+9316,錖
24130,U+9317,錗
24131,U+9318,錘
24132,U+9319,錙
24133,U+931A,錚
24134,U+931B,錛
24135,U+931C,錜
24136,U+931D,錝
24137,U+931E,錞
24138,U+931F,錟
24139,U+9320,錠
24140,U+9321,錡
24141,U+9322,錢
24142,U+9323,錣
24143,U+9324,錤
24144,U+9325,錥
24145,U+9326,錦
24146,U+9327,錧
24147,U+9328,錨
24148,U+9329,錩
24149,U+932A,錪
24150,U+932B,錫
24151,U+932C,錬
24152,U+932D,錭
24153,U+932E,錮
24154,U+932F,錯
24155,U+9330,錰
24156,U+9331,錱
24157,U+9332,録
24158,U+9333,錳
24159,U+9334,錴
24160,U+9335,錵
24161,U+9336,錶
24162,U+9337,錷
24163,U+9338,錸
24164,U+9339,錹
24165,U+933A,錺
24166,U+933B,錻
24167,U+933C,錼
24168,U+933D,錽
24169,U+933E,錾
24170,U+933F,錿
24171,U+9340,鍀
24172,U+9341,鍁
24173,U+9342,鍂
24174,U+9343,鍃
24175,U+9344,鍄
24176,U+9345,鍅
24177,U+9346,鍆
24178,U+9347,鍇
24179,U+9348,鍈
24180,U+9349,鍉
24181,U+934A,鍊
24182,U+934B,鍋
24183,U+934C,鍌
24184,U+934D,鍍
24185,U+934E,鍎
24186,U+934F,鍏
24187,U+9350,鍐
24188,U+9351,鍑
24189,U+9352,鍒
24190,U+9353,鍓
24191,U+9354,鍔
24192,U+9355,鍕
24193,U+9356,鍖
24194,U+9357,鍗
24195,U+9358,鍘
24196,U+9359,鍙
24197,U+935A,鍚
24198,U+935B,鍛
24199,U+935C,鍜
24200,U+935D,鍝
24201,U+935E,鍞
24202,U+935F,鍟
24203,U+9360,鍠
24204,U+9361,鍡
24205,U+9362,鍢
24206,U+9363,鍣
24207,U+9364,鍤
24208,U+9365,鍥
24209,U+9366,鍦
24210,U+9367,鍧
24211,U+9368,鍨
24212,U+9369,鍩
24213,U+936A,鍪
24214,U+936B,鍫
24215,U+936C,鍬
24216,U+936D,鍭
24217,U+936E,鍮
24218,U+936F,鍯
24219,U+9370,鍰
24220,U+9371,鍱
24221,U+9372,鍲
24222,U+9373,鍳
24223,U+9374,鍴
24224,U+9375,鍵
24225,U+9376,鍶
24226,U+9377,鍷
24227,U+9378,鍸
24228,U+9379,鍹
24229,U+937A,鍺
24230,U+937B,鍻
24231,U+937C,鍼
24232,U+937D,鍽
24233,U+937E,鍾
24234,U+937F,鍿
24235,U+9380,鎀
24236,U+9381,鎁
24237,U+9382,鎂
24238,U+9383,鎃
24239,U+9384,鎄
24240,U+9385,鎅
24241,U+9386,鎆
24242,U+9387,鎇
24243,U+9388,鎈
24244,U+9389,鎉
24245,U+938A,鎊
24246,U+938B,鎋
24247,U+938C,鎌
24248,U+938D,鎍
24249,U+938E,鎎
24250,U+938F,鎏
24251,U+9390,鎐
24252,U+9391,鎑
24253,U+9392,鎒
24254,U+9393,鎓
24255,U+9394,鎔
24256,U+9395,鎕
24257,U+9396,鎖
24258,U+9397,鎗
24259,U+9398,鎘
24260,U+9399,鎙
24261,U+939A,鎚
24262,U+939B,鎛
24263,U+939C,鎜
24264,U+939D,鎝
24265,U+939E,鎞
24266,U+939F,鎟
24267,U+93A0,鎠
24268,U+93A1,鎡
24269,U+93A2,鎢
24270,U+93A3,鎣
24271,U+93A4,鎤
24272,U+93A5,鎥
24273,U+93A6,鎦
24274,U+93A7,鎧
24275,U+93A8,鎨
24276,U+93A9,鎩
24277,U+93AA,鎪
24278,U+93AB,鎫
24279,U+93AC,鎬
24280,U+93AD,鎭
24281,U+93AE,鎮
24282,U+93AF,鎯
24283,U+93B0,鎰
24284,U+93B1,鎱
24285,U+93B2,鎲
24286,U+93B3,鎳
24287,U+93B4,鎴
24288,U+93B5,鎵
24289,U+93B6,鎶
24290,U+93B7,鎷
24291,U+93B8,鎸
24292,U+93B9,鎹
24293,U+93BA,鎺
24294,U+93BB,鎻
24295,U+93BC,鎼
24296,U+93BD,鎽
24297,U+93BE,鎾
24298,U+93BF,鎿
24299,U+93C0,鏀
24300,U+93C1,鏁
24301,U+93C2,鏂
24302,U+93C3,鏃
24303,U+93C4,鏄
24304,U+93C5,鏅
24305,U+93C6,鏆
24306,U+93C7,鏇
24307,U+93C8,鏈
24308,U+93C9,鏉
24309,U+93CA,鏊
24310,U+93CB,鏋
24311,U+93CC,鏌
24312,U+93CD,鏍
24313,U+93CE,鏎
24314,U+93CF,鏏
24315,U+93D0,鏐
24316,U+93D1,鏑
24317,U+93D2,鏒
24318,U+93D3,鏓
24319,U+93D4,鏔
24320,U+93D5,鏕
24321,U+93D6,鏖
24322,U+93D7,鏗
24323,U+93D8,鏘
24324,U+93D9,鏙
24325,U+93DA,鏚
24326,U+93DB,鏛
24327,U+93DC,鏜
24328,U+93DD,鏝
24329,U+93DE,鏞
24330,U+93DF,鏟
24331,U+93E0,鏠
24332,U+93E1,鏡
24333,U+93E2,鏢
24334,U+93E3,鏣
24335,U+93E4,鏤
24336,U+93E5,鏥
24337,U+93E6,鏦
24338,U+93E7,鏧
24339,U+93E8,鏨
24340,U+93E9,鏩
24341,U+93EA,鏪
24342,U+93EB,鏫
24343,U+93EC,鏬
24344,U+93ED,鏭
24345,U+93EE,鏮
24346,U+93EF,鏯
24347,U+93F0,鏰
24348,U+93F1,鏱
24349,U+93F2,鏲
24350,U+93F3,鏳
24351,U+93F4,鏴
24352,U+93F5,鏵
24353,U+93F6,鏶
24354,U+93F7,鏷
24355,U+93F8,鏸
24356,U+93F9,鏹
24357,U+93FA,鏺
24358,U+93FB,鏻
24359,U+93FC,鏼
24360,U+93FD,鏽
24361,U+93FE,鏾
24362,U+93FF,鏿
24363,U+9400,鐀
24364,U+9401,鐁
24365,U+9402,鐂
24366,U+9403,鐃
24367,U+9404,鐄
24368,U+9405,鐅
24369,U+9406,鐆
24370,U+9407,鐇
24371,U+9408,鐈
24372,U+9409,鐉
24373,U+940A,鐊
24374,U+940B,鐋
24375,U+940C,鐌
24376,U+940D,鐍
24377,U+940E,鐎
24378,U+940F,鐏
24379,U+9410,鐐
24380,U+9411,鐑
24381,U+9412,鐒
24382,U+9413,鐓
24383,U+9414,鐔
24384,U+9415,鐕
24385,U+9416,鐖
24386,U+9417,鐗
24387,U+9418,鐘
24388,U+9419,鐙
24389,U+941A,鐚
24390,U+941B,鐛
24391,U+941C,鐜
24392,U+941D,鐝
24393,U+941E,鐞
24394,U+941F,鐟
24395,U+9420,鐠
24396,U+9421,鐡
24397,U+9422,鐢
24398,U+9423,鐣
24399,U+9424,鐤
24400,U+9425,鐥
24401,U+9426,鐦
24402,U+9427,鐧
24403,U+9428,鐨
24404,U+9429,鐩
24405,U+942A,鐪
24406,U+942B,鐫
24407,U+942C,鐬
24408,U+942D,鐭
24409,U+942E,鐮
24410,U+942F,鐯
24411,U+9430,鐰
24412,U+9431,鐱
24413,U+9432,鐲
24414,U+9433,鐳
24415,U+9434,鐴
24416,U+9435,鐵
24417,U+9436,鐶
24418,U+9437,鐷
24419,U+9438,鐸
24420,U+9439,鐹
24421,U+943A,鐺
24422,U+943B,鐻
24423,U+943C,鐼
24424,U+943D,鐽
24425,U+943E,鐾
24426,U+943F,鐿
24427,U+9440,鑀
24428,U+9441,鑁
24429,U+9442,鑂
24430,U+9443,鑃
24431,U+9444,鑄
24432,U+9445,鑅
24433,U+9446,鑆
24434,U+9447,鑇
24435,U+9448,鑈
24436,U+9449,鑉
24437,U+944A,鑊
24438,U+944B,鑋
24439,U+944C,鑌
24440,U+944D,鑍
24441,U+944E,鑎
24442,U+944F,鑏
24443,U+9450,鑐
24444,U+9451,鑑
24445,U+9452,鑒
24446,U+9453,鑓
24447,U+9454,鑔
24448,U+9455,鑕
24449,U+9456,鑖
24450,U+9457,鑗
24451,U+9458,鑘
24452,U+9459,鑙
24453,U+945A,鑚
24454,U+945B,鑛
24455,U+945C,鑜
24456,U+945D,鑝
24457,U+945E,鑞
24458,U+945F,鑟
24459,U+9460,鑠
24460,U+9461,鑡
24461,U+9462,鑢
24462,U+9463,鑣
24463,U+9464,鑤
24464,U+9465,鑥
24465,U+9466,鑦
24466,U+9467,鑧
24467,U+9468,鑨
24468,U+9469,鑩
24469,U+946A,鑪
24470,U+946B,鑫
24471,U+946C,鑬
24472,U+946D,鑭
24473,U+946E,鑮
24474,U+946F,鑯
24475,U+9470,鑰
24476,U+9471,鑱
24477,U+9472,鑲
24478,U+9473,鑳
24479,U+9474,鑴
24480,U+9475,鑵
24481,U+9476,鑶
24482,U+9477,鑷
24483,U+9478,鑸
24484,U+9479,鑹
24485,U+947A,鑺
24486,U+947B,鑻
24487,U+947C,鑼
24488,U+947D,鑽
24489,U+947E,鑾
24490,U+947F,鑿
24491,U+9480,钀
24492,U+9481,钁
24493,U+9482,钂
24494,U+9483,钃
24495,U+9484,钄
24496,U+9485,钅
24497,U+9486,钆
24498,U+9487,钇
24499,U+9488,针
24500,U+9489,钉
24501,U+948A,钊
24502,U+948B,钋
24503,U+948C,钌
24504,U+948D,钍
24505,U+948E,钎
24506,U+948F,钏
24507,U+9490,钐
24508,U+9491,钑
24509,U+9492,钒
24510,U+9493,钓
24511,U+9494,钔
24512,U+9495,钕
24513,U+9496,钖
24514,U+9497,钗
24515,U+9498,钘
24516,U+9499,钙
24517,U+949A,钚
24518,U+949B,钛
24519,U+949C,钜
24520,U+949D,钝
24521,U+949E,钞
24522,U+949F,钟
24523,U+94A0,钠
24524,U+94A1,钡
24525,U+94A2,钢
24526,U+94A3,钣
24527,U+94A4,钤
24528,U+94A5,钥
24529,U+94A6,钦
24530,U+94A7,钧
24531,U+94A8,钨
24532,U+94A9,钩
24533,U+94AA,钪
24534,U+94AB,钫
24535,U+94AC,钬
24536,U+94AD,钭
24537,U+94AE,钮
24538,U+94AF,钯
24539,U+94B0,钰
24540,U+94B1,钱
24541,U+94B2,钲
24542,U+94B3,钳
24543,U+94B4,钴
24544,U+94B5,钵
24545,U+94B6,钶
24546,U+94B7,钷
24547,U+94B8,钸
24548,U+94B9,钹
24549,U+94BA,钺
24550,U+94BB,钻
24551,U+94BC,钼
24552,U+94BD,钽
24553,U+94BE,钾
24554,U+94BF,钿
24555,U+94C0,铀
24556,U+94C1,铁
24557,U+94C2,铂
24558,U+94C3,铃
24559,U+94C4,铄
24560,U+94C5,铅
24561,U+94C6,铆
24562,U+94C7,铇
24563,U+94C8,铈
24564,U+94C9,铉
24565,U+94CA,铊
24566,U+94CB,铋
24567,U+94CC,铌
24568,U+94CD,铍
24569,U+94CE,铎
24570,U+94CF,铏
24571,U+94D0,铐
24572,U+94D1,铑
24573,U+94D2,铒
24574,U+94D3,铓
24575,U+94D4,铔
24576,U+94D5,铕
24577,U+94D6,铖
24578,U+94D7,铗
24579,U+94D8,铘
24580,U+94D9,铙
24581,U+94DA,铚
24582,U+94DB,铛
24583,U+94DC,铜
24584,U+94DD,铝
24585,U+94DE,铞
24586,U+94DF,铟
24587,U+94E0,铠
24588,U+94E1,铡
24589,U+94E2,铢
24590,U+94E3,铣
24591,U+94E4,铤
24592,U+94E5,铥
24593,U+94E6,铦
24594,U+94E7,铧
24595,U+94E8,铨
24596,U+94E9,铩
24597,U+94EA,铪
24598,U+94EB,铫
24599,U+94EC,铬
24600,U+94ED,铭
24601,U+94EE,铮
24602,U+94EF,铯
24603,U+94F0,铰
24604,U+94F1,铱
24605,U+94F2,铲
24606,U+94F3,铳
24607,U+94F4,铴
24608,U+94F5,铵
24609,U+94F6,银
24610,U+94F7,铷
24611,U+94F8,铸
24612,U+94F9,铹
24613,U+94FA,铺
24614,U+94FB,铻
24615,U+94FC,铼
24616,U+94FD,铽
24617,U+94FE,链
24618,U+94FF,铿
24619,U+9500,销
24620,U+9501,锁
24621,U+9502,锂
24622,U+9503,锃
24623,U+9504,锄
24624,U+9505,锅
24625,U+9506,锆
24626,U+9507,锇
24627,U+9508,锈
24628,U+9509,锉
24629,U+950A,锊
24630,U+950B,锋
24631,U+950C,锌
24632,U+950D,锍
24633,U+950E,锎
24634,U+950F,锏
24635,U+9510,锐
24636,U+9511,锑
24637,U+9512,锒
24638,U+9513,锓
24639,U+9514,锔
24640,U+9515,锕
24641,U+9516,锖
24642,U+9517,锗
24643,U+9518,锘
24644,U+9519,错
24645,U+951A,锚
24646,U+951B,锛
24647,U+951C,锜
24648,U+951D,锝
24649,U+951E,锞
24650,U+951F,锟
24651,U+9520,锠
24652,U+9521,锡
24653,U+9522,锢
24654,U+9523,锣
24655,U+9524,锤
24656,U+9525,锥
24657,U+9526,锦
24658,U+9527,锧
24659,U+9528,锨
24660,U+9529,锩
24661,U+952A,锪
24662,U+952B,锫
24663,U+952C,锬
24664,U+952D,锭
24665,U+952E,键
24666,U+952F,锯
24667,U+9530,锰
24668,U+9531,锱
24669,U+9532,锲
24670,U+9533,锳
24671,U+9534,锴
24672,U+9535,锵
24673,U+9536,锶
24674,U+9537,锷
24675,U+9538,锸
24676,U+9539,锹
24677,U+953A,锺
24678,U+953B,锻
24679,U+953C,锼
24680,U+953D,锽
24681,U+953E,锾
24682,U+953F,锿
24683,U+9540,镀
24684,U+9541,镁
24685,U+9542,镂
24686,U+9543,镃
24687,U+9544,镄
24688,U+9545,镅
24689,U+9546,镆
24690,U+9547,镇
24691,U+9548,镈
24692,U+9549,镉
24693,U+954A,镊
24694,U+954B,镋
24695,U+954C,镌
24696,U+954D,镍
24697,U+954E,镎
24698,U+954F,镏
24699,U+9550,镐
24700,U+9551,镑
24701,U+9552,镒
24702,U+9553,镓
24703,U+9554,镔
24704,U+9555,镕
24705,U+9556,镖
24706,U+9557,镗
24707,U+9558,镘
24708,U+9559,镙
24709,U+955A,镚
24710,U+955B,镛
24711,U+955C,镜
24712,U+955D,镝
24713,U+955E,镞
24714,U+955F,镟
24715,U+9560,镠
24716,U+9561,镡
24717,U+9562,镢
24718,U+9563,镣
24719,U+9564,镤
24720,U+9565,镥
24721,U+9566,镦
24722,U+9567,镧
24723,U+9568,镨
24724,U+9569,镩
24725,U+956A,镪
24726,U+956B,镫
24727,U+956C,镬
24728,U+956D,镭
24729,U+956E,镮
24730,U+956F,镯
24731,U+9570,镰
24732,U+9571,镱
24733,U+9572,镲
24734,U+9573,镳
24735,U+9574,镴
24736,U+9575,镵
24737,U+9576,镶
24738,U+9577,長
24739,U+9579,镹
24740,U+957A,镺
24741,U+957B,镻
24742,U+957C,镼
24743,U+957D,镽
24744,U+957E,镾
24745,U+957F,长
24746,U+9581,閁
24747,U+9582,閂
24748,U+9583,閃
24749,U+9584,閄
24750,U+9585,閅
24751,U+9586,閆
24752,U+9587,閇
24753,U+9588,閈
24754,U+9589,閉
24755,U+958A,閊
24756,U+958B,開
24757,U+958C,閌
24758,U+958D,閍
24759,U+958E,閎
24760,U+958F,閏
24761,U+9590,閐
24762,U+9591,閑
24763,U+9592,閒
24764,U+9593,間
24765,U+9594,閔
24766,U+9595,閕
24767,U+9596,閖
24768,U+9597,閗
24769,U+9598,閘
24770,U+9599,閙
24771,U+959A,閚
24772,U+959B,閛
24773,U+959C,閜
24774,U+959D,閝
24775,U+959E,閞
24776,U+959F,閟
24777,U+95A0,閠
24778,U+95A1,閡
24779,U+95A2,関
24780,U+95A3,閣
24781,U+95A4,閤
24782,U+95A5,閥
24783,U+95A6,閦
24784,U+95A7,閧
24785,U+95A8,閨
24786,U+95A9,閩
24787,U+95AA,閪
24788,U+95AB,閫
24789,U+95AC,閬
24790,U+95AD,閭
24791,U+95AE,閮
24792,U+95AF,閯
24793,U+95B0,閰
24794,U+95B1,閱
24795,U+95B2,閲
24796,U+95B3,閳
24797,U+95B4,閴
24798,U+95B5,閵
24799,U+95B6,閶
24800,U+95B7,閷
24801,U+95B8,閸
24802,U+95B9,閹
24803,U+95BA,閺
24804,U+95BB,閻
24805,U+95BC,閼
24806,U+95BD,閽
24807,U+95BE,閾
24808,U+95BF,閿
24809,U+95C0,闀
24810,U+95C1,闁
24811,U+95C2,闂
24812,U+95C3,闃
24813,U+95C4,闄
24814,U+95C5,闅
24815,U+95C6,闆
24816,U+95C7,闇
24817,U+95C8,闈
24818,U+95C9,闉
24819,U+95CA,闊
24820,U+95CB,闋
24821,U+95CC,闌
24822,U+95CD,闍
24823,U+95CE,闎
24824,U+95CF,闏
24825,U+95D0,闐
24826,U+95D1,闑
24827,U+95D2,闒
24828,U+95D3,闓
24829,U+95D4,闔
24830,U+95D5,闕
24831,U+95D6,闖
24832,U+95D7,闗
24833,U+95D8,闘
24834,U+95D9,闙
24835,U+95DA,闚
24836,U+95DB,闛
24837,U+95DC,關
24838,U+95DD,闝
24839,U+95DE,闞
24840,U+95DF,闟
24841,U+95E0,闠
24842,U+95E1,闡
24843,U+95E2,闢
24844,U+95E3,闣
24845,U+95E4,闤
24846,U+95E5,闥
24847,U+95E6,闦
24848,U+95E7,闧
24849,U+95E8,门
24850,U+95E9,闩
24851,U+95EA,闪
24852,U+95EB,闫
24853,U+95EC,闬
24854,U+95ED,闭
24855,U+95EE,问
24856,U+95EF,闯
24857,U+95F0,闰
24858,U+95F1,闱
24859,U+95F2,闲
24860,U+95F3,闳
24861,U+95F4,间
24862,U+95F5,闵
24863,U+95F6,闶
24864,U+95F7,闷
24865,U+95F8,闸
24866,U+95F9,闹
24867,U+95FA,闺
24868,U+95FB,闻
24869,U+95FC,闼
24870,U+95FD,闽
24871,U+95FE,闾
24872,U+95FF,闿
24873,U+9600,阀
24874,U+9601,阁
24875,U+9602,阂
24876,U+9603,阃
24877,U+9604,阄
24878,U+9605,阅
24879,U+9606,阆
24880,U+9607,阇
24881,U+9608,阈
24882,U+9609,阉
24883,U+960A,阊
24884,U+960B,阋
24885,U+960C,阌
24886,U+960D,阍
24887,U+960E,阎
24888,U+960F,阏
24889,U+9610,阐
24890,U+9611,阑
24891,U+9612,阒
24892,U+9613,阓
24893,U+9614,阔
24894,U+9615,阕
24895,U+9616,阖
24896,U+9617,阗
24897,U+9618,阘
24898,U+9619,阙
24899,U+961A,阚
24900,U+961B,阛
24901,U+961C,阜
24902,U+961E,阞
24903,U+961F,队
24904,U+9620,阠
24905,U+9621,阡
24906,U+9622,阢
24907,U+9623,阣
24908,U+9624,阤
24909,U+9625,阥
24910,U+9626,阦
24911,U+9627,阧
24912,U+9628,阨
24913,U+9629,阩
24914,U+962A,阪
24915,U+962B,阫
24916,U+962C,阬
24917,U+962D,阭
24918,U+962E,阮
24919,U+962F,阯
24920,U+9630,阰
24921,U+9631,阱
24922,U+9632,防
24923,U+9633,阳
24924,U+9634,阴
24925,U+9635,阵
24926,U+9636,阶
24927,U+9637,阷
24928,U+9638,阸
24929,U+9639,阹
24930,U+963A,阺
24931,U+963B,阻
24932,U+963C,阼
24933,U+963D,阽
24934,U+963E,阾
24935,U+963F,阿
24936,U+9640,陀
24937,U+9641,陁
24938,U+9642,陂
24939,U+9643,陃
24940,U+9644,附
24941,U+9645,际
24942,U+9646,陆
24943,U+9647,陇
24944,U+9648,陈
24945,U+9649,陉
24946,U+964A,陊
24947,U+964B,陋
24948,U+964C,陌
24949,U+964D,降
24950,U+964E,陎
24951,U+964F,陏
24952,U+9650,限
24953,U+9651,陑
24954,U+9652,陒
24955,U+9653,陓
24956,U+9654,陔
24957,U+9655,陕
24958,U+9656,陖
24959,U+9657,陗
24960,U+9658,陘
24961,U+9659,陙
24962,U+965A,陚
24963,U+965B,陛
24964,U+965C,陜
24965,U+965D,陝
24966,U+965E,陞
24967,U+965F,陟
24968,U+9660,陠
24969,U+9661,陡
24970,U+9662,院
24971,U+9663,陣
24972,U+9664,除
24973,U+9665,陥
24974,U+9666,陦
24975,U+9667,陧
24976,U+9668,陨
24977,U+9669,险
24978,U+966A,陪
24979,U+966B,陫
24980,U+966C,陬
24981,U+966D,陭
24982,U+966E,陮
24983,U+966F,陯
24984,U+9670,陰
24985,U+9671,陱
24986,U+9672,陲
24987,U+9673,陳
24988,U+9674,陴
24989,U+9675,陵
24990,U+9676,陶
24991,U+9677,陷
24992,U+9678,陸
24993,U+9679,陹
24994,U+967A,険
24995,U+967B,陻
24996,U+967C,陼
24997,U+967D,陽
24998,U+967E,陾
24999,U+967F,陿
25000,U+9680,隀
25001,U+9681,隁
25002,U+9682,隂
25003,U+9683,隃
25004,U+9684,隄
25005,U+9685,隅
25006,U+9686,隆
25007,U+9687,隇
25008,U+9688,隈
25009,U+9689,隉
25010,U+968A,隊
25011,U+968B,隋
25012,U+968C,隌
25013,U+968D,隍
25014,U+968E,階
25015,U+968F,随
25016,U+9690,隐
25017,U+9691,隑
25018,U+9692,隒
25019,U+9693,隓
25020,U+9694,隔
25021,U+9695,隕
25022,U+9696,隖
25023,U+9697,隗
25024,U+9698,隘
25025,U+9699,隙
25026,U+969A,隚
25027,U+969B,際
25028,U+969C,障
25029,U+969D,隝
25030,U+969E,隞
25031,U+969F,隟
25032,U+96A0,隠
25033,U+96A1,隡
25034,U+96A2,隢
25035,U+96A3,隣
25036,U+96A4,隤
25037,U+96A5,隥
25038,U+96A6,隦
25039,U+96A7,隧
25040,U+96A8,隨
25041,U+96A9,隩
25042,U+96AA,險
25043,U+96AB,隫
25044,U+96AC,隬
25045,U+96AD,隭
25046,U+96AE,隮
25047,U+96AF,隯
25048,U+96B0,隰
25049,U+96B1,隱
25050,U+96B2,隲
25051,U+96B3,隳
25052,U+96B4,隴
25053,U+96B5,隵
25054,U+96B6,隶
25055,U+96B7,隷
25056,U+96B8,隸
25057,U+96B9,隹
25058,U+96BA,隺
25059,U+96BB,隻
25060,U+96BC,隼
25061,U+96BD,隽
25062,U+96BE,难
25063,U+96BF,隿
25064,U+96C0,雀
25065,U+96C1,雁
25066,U+96C2,雂
25067,U+96C3,雃
25068,U+96C4,雄
25069,U+96C5,雅
25070,U+96C6,集
25071,U+96C7,雇
25072,U+96C8,雈
25073,U+96C9,雉
25074,U+96CA,雊
25075,U+96CB,雋
25076,U+96CC,雌
25077,U+96CD,雍
25078,U+96CE,雎
25079,U+96CF,雏
25080,U+96D0,雐
25081,U+96D1,雑
25082,U+96D2,雒
25083,U+96D3,雓
25084,U+96D4,雔
25085,U+96D5,雕
25086,U+96D6,雖
25087,U+96D7,雗
25088,U+96D8,雘
25089,U+96D9,雙
25090,U+96DA,雚
25091,U+96DB,雛
25092,U+96DC,雜
25093,U+96DD,雝
25094,U+96DE,雞
25095,U+96DF,雟
25096,U+96E0,雠
25097,U+96E1,雡
25098,U+96E2,離
25099,U+96E3,難
25100,U+96E4,雤
25101,U+96E5,雥
25102,U+96E6,雦
25103,U+96E7,雧
25104,U+96E8,雨
25105,U+96E9,雩
25106,U+96EA,雪
25107,U+96EB,雫
25108,U+96EC,雬
25109,U+96ED,雭
25110,U+96EE,雮
25111,U+96EF,雯
25112,U+96F0,雰
25113,U+96F1,雱
25114,U+96F2,雲
25115,U+96F3,雳
25116,U+96F4,雴
25117,U+96F5,雵
25118,U+96F6,零
25119,U+96F7,雷
25120,U+96F8,雸
25121,U+96F9,雹
25122,U+96FA,雺
25123,U+96FB,電
25124,U+96FC,雼
25125,U+96FD,雽
25126,U+96FE,雾
25127,U+96FF,雿
25128,U+9700,需
25129,U+9701,霁
25130,U+9702,霂
25131,U+9703,霃
25132,U+9704,霄
25133,U+9705,霅
25134,U+9706,霆
25135,U+9707,震
25136,U+9708,霈
25137,U+9709,霉
25138,U+970A,霊
25139,U+970B,霋
25140,U+970C,霌
25141,U+970D,霍
25142,U+970E,霎
25143,U+970F,霏
25144,U+9710,霐
25145,U+9711,霑
25146,U+9712,霒
25147,U+9713,霓
25148,U+9714,霔
25149,U+9715,霕
25150,U+9716,霖
25151,U+9717,霗
25152,U+9718,霘
25153,U+9719,霙
25154,U+971A,霚
25155,U+971B,霛
25156,U+971C,霜
25157,U+971D,霝
25158,U+971E,霞
25159,U+971F,霟
25160,U+9720,霠
25161,U+9721,霡
25162,U+9722,霢
25163,U+9723,霣
25164,U+9724,霤
25165,U+9725,霥
25166,U+9726,霦
25167,U+9727,霧
25168,U+9728,霨
25169,U+9729,霩
25170,U+972A,霪
25171,U+972B,霫
25172,U+972C,霬
25173,U+972D,霭
25174,U+972E,霮
25175,U+972F,霯
25176,U+9730,霰
25177,U+9731,霱
25178,U+9732,露
25179,U+9733,霳
25180,U+9734,霴
25181,U+9735,霵
25182,U+9736,霶
25183,U+9737,霷
25184,U+9738,霸
25185,U+9739,霹
25186,U+973A,霺
25187,U+973B,霻
25188,U+973C,霼
25189,U+973D,霽
25190,U+973E,霾
25191,U+973F,霿
25192,U+9740,靀
25193,U+9741,靁
25194,U+9742,靂
25195,U+9743,靃
25196,U+9744,靄
25197,U+9745,靅
25198,U+9746,靆
25199,U+9747,靇
25200,U+9748,靈
25201,U+9749,靉
25202,U+974A,靊
25203,U+974B,靋
25204,U+974C,靌
25205,U+974D,靍
25206,U+974E,靎
25207,U+974F,靏
25208,U+9750,靐
25209,U+9751,靑
25210,U+9752,青
25211,U+9753,靓
25212,U+9754,靔
25213,U+9755,靕
25214,U+9756,靖
25215,U+9757,靗
25216,U+9758,靘
25217,U+9759,静
25218,U+975A,靚
25219,U+975B,靛
25220,U+975C,靜
25221,U+975D,靝
25222,U+975E,非
25223,U+975F,靟
25224,U+9760,靠
25225,U+9761,靡
25226,U+9762,面
25227,U+9763,靣
25228,U+9764,靤
25229,U+9765,靥
25230,U+9766,靦
25231,U+9767,靧
25232,U+9768,靨
25233,U+9769,革
25234,U+976A,靪
25235,U+976B,靫
25236,U+976C,靬
25237,U+976D,靭
25238,U+976E,靮
25239,U+976F,靯
25240,U+9770,靰
25241,U+9771,靱
25242,U+9772,靲
25243,U+9773,靳
25244,U+9774,靴
25245,U+9775,靵
25246,U+9776,靶
25247,U+9777,靷
25248,U+9778,靸
25249,U+9779,靹
25250,U+977A,靺
25251,U+977B,靻
25252,U+977C,靼
25253,U+977D,靽
25254,U+977E,靾
25255,U+977F,靿
25256,U+9780,鞀
25257,U+9781,鞁
25258,U+9782,鞂
25259,U+9783,鞃
25260,U+9784,鞄
25261,U+9785,鞅
25262,U+9786,鞆
25263,U+9787,鞇
25264,U+9788,鞈
25265,U+9789,鞉
25266,U+978A,鞊
25267,U+978B,鞋
25268,U+978C,鞌
25269,U+978D,鞍
25270,U+978E,鞎
25271,U+978F,鞏
25272,U+9790,鞐
25273,U+9791,鞑
25274,U+9792,鞒
25275,U+9793,鞓
25276,U+9794,鞔
25277,U+9795,鞕
25278,U+9796,鞖
25279,U+9797,鞗
25280,U+9798,鞘
25281,U+9799,鞙
25282,U+979A,鞚
25283,U+979B,鞛
25284,U+979C,鞜
25285,U+979D,鞝
25286,U+979E,鞞
25287,U+979F,鞟
25288,U+97A0,鞠
25289,U+97A1,鞡
25290,U+97A2,鞢
25291,U+97A3,鞣
25292,U+97A4,鞤
25293,U+97A5,鞥
25294,U+97A6,鞦
25295,U+97A7,鞧
25296,U+97A8,鞨
25297,U+97A9,鞩
25298,U+97AA,鞪
25299,U+97AB,鞫
25300,U+97AC,鞬
25301,U+97AD,鞭
25302,U+97AE,鞮
25303,U+97AF,鞯
25304,U+97B0,鞰
25305,U+97B1,鞱
25306,U+97B2,鞲
25307,U+97B3,鞳
25308,U+97B4,鞴
25309,U+97B5,鞵
25310,U+97B6,鞶
25311,U+97B7,鞷
25312,U+97B8,鞸
25313,U+97B9,鞹
25314,U+97BA,鞺
25315,U+97BB,鞻
25316,U+97BC,鞼
25317,U+97BD,鞽
25318,U+97BE,鞾
25319,U+97BF,鞿
25320,U+97C0,韀
25321,U+97C1,韁
25322,U+97C2,韂
25323,U+97C3,韃
25324,U+97C4,韄
25325,U+97C5,韅
25326,U+97C6,韆
25327,U+97C7,韇
25328,U+97C8,韈
25329,U+97C9,韉
25330,U+97CA,韊
25331,U+97CB,韋
25332,U+97CC,韌
25333,U+97CD,韍
25334,U+97CE,韎
25335,U+97CF,韏
25336,U+97D0,韐
25337,U+97D1,韑
25338,U+97D2,韒
25339,U+97D3,韓
25340,U+97D4,韔
25341,U+97D5,韕
25342,U+97D6,韖
25343,U+97D7,韗
25344,U+97D8,韘
25345,U+97D9,韙
25346,U+97DA,韚
25347,U+97DB,韛
25348,U+97DC,韜
25349,U+97DD,韝
25350,U+97DE,韞
25351,U+97DF,韟
25352,U+97E0,韠
25353,U+97E1,韡
25354,U+97E2,韢
25355,U+97E3,韣
25356,U+97E4,韤
25357,U+97E5,韥
25358,U+97E7,韧
25359,U+97E8,韨
25360,U+97E9,韩
25361,U+97EA,韪
25362,U+97EB,韫
25363,U+97EC,韬
25364,U+97ED,韭
25365,U+97EE,韮
25366,U+97EF,韯
25367,U+97F0,韰
25368,U+97F1,韱
25369,U+97F2,韲
25370,U+97F3,音
25371,U+97F4,韴
25372,U+97F5,韵
25373,U+97F6,韶
25374,U+97F7,韷
25375,U+97F8,韸
25376,U+97F9,韹
25377,U+97FA,韺
25378,U+97FB,韻
25379,U+97FC,韼
25380,U+97FD,韽
25381,U+97FE,韾
25382,U+97FF,響
25383,U+9800,頀
25384,U+9801,頁
25385,U+9802,頂
25386,U+9803,頃
25387,U+9804,頄
25388,U+9805,項
25389,U+9806,順
25390,U+9807,頇
25391,U+9808,須
25392,U+9809,頉
25393,U+980A,頊
25394,U+980B,頋
25395,U+980C,頌
25396,U+980D,頍
25397,U+980E,頎
25398,U+980F,頏
25399,U+9810,預
25400,U+9811,頑
25401,U+9812,頒
25402,U+9813,頓
25403,U+9814,頔
25404,U+9815,頕
25405,U+9816,頖
25406,U+9817,頗
25407,U+9818,領
25408,U+9819,頙
25409,U+981A,頚
25410,U+981B,頛
25411,U+981C,頜
25412,U+981D,頝
25413,U+981E,頞
25414,U+981F,頟
25415,U+9820,頠
25416,U+9821,頡
25417,U+9822,頢
25418,U+9823,頣
25419,U+9824,頤
25420,U+9825,頥
25421,U+9826,頦
25422,U+9827,頧
25423,U+9828,頨
25424,U+9829,頩
25425,U+982A,頪
25426,U+982B,頫
25427,U+982C,頬
25428,U+982D,頭
25429,U+982E,頮
25430,U+982F,頯
25431,U+9830,頰
25432,U+9831,頱
25433,U+9832,頲
25434,U+9833,頳
25435,U+9834,頴
25436,U+9835,頵
25437,U+9836,頶
25438,U+9837,頷
25439,U+9838,頸
25440,U+9839,頹
25441,U+983A,頺
25442,U+983B,頻
25443,U+983C,頼
25444,U+983D,頽
25445,U+983E,頾
25446,U+983F,頿
25447,U+9840,顀
25448,U+9841,顁
25449,U+9842,顂
25450,U+9843,顃
25451,U+9844,顄
25452,U+9845,顅
25453,U+9846,顆
25454,U+9847,顇
25455,U+9848,顈
25456,U+9849,顉
25457,U+984A,顊
25458,U+984B,顋
25459,U+984C,題
25460,U+984D,額
25461,U+984E,顎
25462,U+984F,顏
25463,U+9850,顐
25464,U+9851,顑
25465,U+9852,顒
25466,U+9853,顓
25467,U+9854,顔
25468,U+9855,顕
25469,U+9856,顖
25470,U+9857,顗
25471,U+9858,願
25472,U+9859,顙
25473,U+985A,顚
25474,U+985B,顛
25475,U+985C,顜
25476,U+985D,顝
25477,U+985E,類
25478,U+985F,顟
25479,U+9860,顠
25480,U+9861,顡
25481,U+9862,顢
25482,U+9863,顣
25483,U+9864,顤
25484,U+9865,顥
25485,U+9866,顦
25486,U+9867,顧
25487,U+9868,顨
25488,U+9869,顩
25489,U+986A,顪
25490,U+986B,顫
25491,U+986C,顬
25492,U+986D,顭
25493,U+986E,顮
25494,U+986F,顯
25495,U+9870,顰
25496,U+9871,顱
25497,U+9872,顲
25498,U+9873,顳
25499,U+9874,顴
25500,U+9875,页
25501,U+9876,顶
25502,U+9877,顷
25503,U+9878,顸
25504,U+9879,项
25505,U+987A,顺
25506,U+987B,须
25507,U+987C,顼
25508,U+987D,顽
25509,U+987E,顾
25510,U+987F,顿
25511,U+9880,颀
25512,U+9881,颁
25513,U+9882,颂
25514,U+9883,颃
25515,U+9884,预
25516,U+9885,颅
25517,U+9886,领
25518,U+9887,颇
25519,U+9888,颈
25520,U+9889,颉
25521,U+988A,颊
25522,U+988B,颋
25523,U+988C,颌
25524,U+988D,颍
25525,U+988E,颎
25526,U+988F,颏
25527,U+9890,颐
25528,U+9891,频
25529,U+9892,颒
25530,U+9893,颓
25531,U+9894,颔
25532,U+9895,颕
25533,U+9896,颖
25534,U+9897,颗
25535,U+9898,题
25536,U+9899,颙
25537,U+989A,颚
25538,U+989B,颛
25539,U+989C,颜
25540,U+989D,额
25541,U+989E,颞
25542,U+989F,颟
25543,U+98A0,颠
25544,U+98A1,颡
25545,U+98A2,颢
25546,U+98A3,颣
25547,U+98A4,颤
25548,U+98A5,颥
25549,U+98A6,颦
25550,U+98A7,颧
25551,U+98A8,風
25552,U+98A9,颩
25553,U+98AA,颪
25554,U+98AB,颫
25555,U+98AC,颬
25556,U+98AD,颭
25557,U+98AE,颮
25558,U+98AF,颯
25559,U+98B0,颰
25560,U+98B1,颱
25561,U+98B2,颲
25562,U+98B3,颳
25563,U+98B4,颴
25564,U+98B5,颵
25565,U+98B6,颶
25566,U+98B7,颷
25567,U+98B8,颸
25568,U+98B9,颹
25569,U+98BA,颺
25570,U+98BB,颻
25571,U+98BC,颼
25572,U+98BD,颽
25573,U+98BE,颾
25574,U+98BF,颿
25575,U+98C0,飀
25576,U+98C1,飁
25577,U+98C2,飂
25578,U+98C3,飃
25579,U+98C4,飄
25580,U+98C5,飅
25581,U+98C6,飆
25582,U+98C7,飇
25583,U+98C8,飈
25584,U+98C9,飉
25585,U+98CA,飊
25586,U+98CB,飋
25587,U+98CC,飌
25588,U+98CD,飍
25589,U+98CE,风
25590,U+98CF,飏
25591,U+98D0,飐
25592,U+98D1,飑
25593,U+98D2,飒
25594,U+98D3,飓
25595,U+98D4,飔
25596,U+98D5,飕
25597,U+98D6,飖
25598,U+98D7,飗
25599,U+98D8,飘
25600,U+98D9,飙
25601,U+98DA,飚
25602,U+98DB,飛
25603,U+98DC,飜
25604,U+98DD,飝
25605,U+98DE,飞
25606,U+98DF,食
25607,U+98E0,飠
25608,U+98E1,飡
25609,U+98E2,飢
25610,U+98E3,飣
25611,U+98E4,飤
25612,U+98E5,飥
25613,U+98E6,飦
25614,U+98E7,飧
25615,U+98E8,飨
25616,U+98E9,飩
25617,U+98EA,飪
25618,U+98EB,飫
25619,U+98EC,飬
25620,U+98ED,飭
25621,U+98EE,飮
25622,U+98EF,飯
25623,U+98F0,飰
25624,U+98F1,飱
25625,U+98F2,飲
25626,U+98F3,飳
25627,U+98F4,飴
25628,U+98F5,飵
25629,U+98F6,飶
25630,U+98F7,飷
25631,U+98F8,飸
25632,U+98F9,飹
25633,U+98FA,飺
25634,U+98FB,飻
25635,U+98FC,飼
25636,U+98FD,飽
25637,U+98FE,飾
25638,U+98FF,飿
25639,U+9900,餀
25640,U+9901,餁
25641,U+9902,餂
25642,U+9903,餃
25643,U+9904,餄
25644,U+9905,餅
25645,U+9906,餆
25646,U+9907,餇
25647,U+9908,餈
25648,U+9909,餉
25649,U+990A,養
25650,U+990B,餋
25651,U+990C,餌
25652,U+990D,餍
25653,U+990E,餎
25654,U+990F,餏
25655,U+9910,餐
25656,U+9911,餑
25657,U+9912,餒
25658,U+9913,餓
25659,U+9914,餔
25660,U+9915,餕
25661,U+9916,餖
25662,U+9917,餗
25663,U+9918,餘
25664,U+9919,餙
25665,U+991A,餚
25666,U+991B,餛
25667,U+991C,餜
25668,U+991D,餝
25669,U+991E,餞
25670,U+991F,餟
25671,U+9920,餠
25672,U+9921,餡
25673,U+9922,餢
25674,U+9923,餣
25675,U+9924,餤
25676,U+9925,餥
25677,U+9926,餦
25678,U+9927,餧
25679,U+9928,館
25680,U+9929,餩
25681,U+992A,餪
25682,U+992B,餫
25683,U+992C,餬
25684,U+992D,餭
25685,U+992E,餮
25686,U+992F,餯
25687,U+9930,餰
25688,U+9931,餱
25689,U+9932,餲
25690,U+9933,餳
25691,U+9934,餴
25692,U+9935,餵
25693,U+9936,餶
25694,U+9937,餷
25695,U+9938,餸
25696,U+9939,餹
25697,U+993A,餺
25698,U+993B,餻
25699,U+993C,餼
25700,U+993D,餽
25701,U+993E,餾
25702,U+993F,餿
25703,U+9940,饀
25704,U+9941,饁
25705,U+9942,饂
25706,U+9943,饃
25707,U+9944,饄
25708,U+9945,饅
25709,U+9946,饆
25710,U+9947,饇
25711,U+9948,饈
25712,U+9949,饉
25713,U+994A,饊
25714,U+994B,饋
25715,U+994C,饌
25716,U+994D,饍
25717,U+994E,饎
25718,U+994F,饏
25719,U+9950,饐
25720,U+9951,饑
25721,U+9952,饒
25722,U+9953,饓
25723,U+9954,饔
25724,U+9955,饕
25725,U+9956,饖
25726,U+9957,饗
25727,U+9958,饘
25728,U+9959,饙
25729,U+995A,饚
25730,U+995B,饛
25731,U+995C,饜
25732,U+995D,饝
25733,U+995E,饞
25734,U+995F,饟
25735,U+9960,饠
25736,U+9961,饡
25737,U+9962,饢
25738,U+9963,饣
25739,U+9964,饤
25740,U+9965,饥
25741,U+9966,饦
25742,U+9967,饧
25743,U+9968,饨
25744,U+9969,饩
25745,U+996A,饪
25746,U+996B,饫
25747,U+996C,饬
25748,U+996D,饭
25749,U+996E,饮
25750,U+996F,饯
25751,U+9970,饰
25752,U+9971,饱
25753,U+9972,饲
25754,U+9973,饳
25755,U+9974,饴
25756,U+9975,饵
25757,U+9976,饶
25758,U+9977,饷
25759,U+9978,饸
25760,U+9979,饹
25761,U+997A,饺
25762,U+997B,饻
25763,U+997C,饼
25764,U+997D,饽
25765,U+997E,饾
25766,U+997F,饿
25767,U+9980,馀
25768,U+9981,馁
25769,U+9982,馂
25770,U+9983,馃
25771,U+9984,馄
25772,U+9985,馅
25773,U+9986,馆
25774,U+9987,馇
25775,U+9988,馈
25776,U+9989,馉
25777,U+998A,馊
25778,U+998B,馋
25779,U+998C,馌
25780,U+998D,馍
25781,U+998E,馎
25782,U+998F,馏
25783,U+9990,馐
25784,U+9991,馑
25785,U+9992,馒
25786,U+9993,馓
25787,U+9994,馔
25788,U+9995,馕
25789,U+9996,首
25790,U+9997,馗
25791,U+9998,馘
25792,U+9999,香
25793,U+999A,馚
25794,U+999B,馛
25795,U+999C,馜
25796,U+999D,馝
25797,U+999E,馞
25798,U+999F,馟
25799,U+99A0,馠
25800,U+99A1,馡
25801,U+99A2,馢
25802,U+99A3,馣
25803,U+99A4,馤
25804,U+99A5,馥
25805,U+99A6,馦
25806,U+99A7,馧
25807,U+99A8,馨
25808,U+99A9,馩
25809,U+99AA,馪
25810,U+99AB,馫
25811,U+99AC,馬
25812,U+99AD,馭
25813,U+99AE,馮
25814,U+99AF,馯
25815,U+99B0,馰
25816,U+99B1,馱
25817,U+99B2,馲
25818,U+99B3,馳
25819,U+99B4,馴
25820,U+99B5,馵
25821,U+99B6,馶
25822,U+99B7,馷
25823,U+99B8,馸
25824,U+99B9,馹
25825,U+99BA,馺
25826,U+99BB,馻
25827,U+99BC,馼
25828,U+99BD,馽
25829,U+99BE,馾
25830,U+99BF,馿
25831,U+99C0,駀
25832,U+99C1,駁
25833,U+99C2,駂
25834,U+99C3,駃
25835,U+99C4,駄
25836,U+99C5,駅
25837,U+99C6,駆
25838,U+99C7,駇
25839,U+99C8,駈
25840,U+99C9,駉
25841,U+99CA,駊
25842,U+99CB,駋
25843,U+99CC,駌
25844,U+99CD,駍
25845,U+99CE,駎
25846,U+99CF,駏
25847,U+99D0,駐
25848,U+99D1,駑
25849,U+99D2,駒
25850,U+99D3,駓
25851,U+99D4,駔
25852,U+99D5,駕
25853,U+99D6,駖
25854,U+99D7,駗
25855,U+99D8,駘
25856,U+99D9,駙
25857,U+99DA,駚
25858,U+99DB,駛
25859,U+99DC,駜
25860,U+99DD,駝
25861,U+99DE,駞
25862,U+99DF,駟
25863,U+99E0,駠
25864,U+99E1,駡
25865,U+99E2,駢
25866,U+99E3,駣
25867,U+99E4,駤
25868,U+99E5,駥
25869,U+99E6,駦
25870,U+99E7,駧
25871,U+99E8,駨
25872,U+99E9,駩
25873,U+99EA,駪
25874,U+99EB,駫
25875,U+99EC,駬
25876,U+99ED,駭
25877,U+99EE,駮
25878,U+99EF,駯
25879,U+99F0,駰
25880,U+99F1,駱
25881,U+99F2,駲
25882,U+99F3,駳
25883,U+99F4,駴
25884,U+99F5,駵
25885,U+99F6,駶
25886,U+99F7,駷
25887,U+99F8,駸
25888,U+99F9,駹
25889,U+99FA,駺
25890,U+99FB,駻
25891,U+99FC,駼
25892,U+99FD,駽
25893,U+99FE,駾
25894,U+99FF,駿
25895,U+9A00,騀
25896,U+9A01,騁
25897,U+9A02,騂
25898,U+9A03,騃
25899,U+9A04,騄
25900,U+9A05,騅
25901,U+9A06,騆
25902,U+9A07,騇
25903,U+9A08,騈
25904,U+9A09,騉
25905,U+9A0A,騊
25906,U+9A0B,騋
25907,U+9A0C,騌
25908,U+9A0D,騍
25909,U+9A0E,騎
25910,U+9A0F,騏
25911,U+9A10,騐
25912,U+9A11,騑
25913,U+9A12,騒
25914,U+9A13,験
25915,U+9A14,騔
25916,U+9A15,騕
25917,U+9A16,騖
25918,U+9A17,騗
25919,U+9A18,騘
25920,U+9A19,騙
25921,U+9A1A,騚
25922,U+9A1B,騛
25923,U+9A1C,騜
25924,U+9A1D,騝
25925,U+9A1E,騞
25926,U+9A1F,騟
25927,U+9A20,騠
25928,U+9A21,騡
25929,U+9A22,騢
25930,U+9A23,騣
25931,U+9A24,騤
25932,U+9A25,騥
25933,U+9A26,騦
25934,U+9A27,騧
25935,U+9A28,騨
25936,U+9A29,騩
25937,U+9A2A,騪
25938,U+9A2B,騫
25939,U+9A2C,騬
25940,U+9A2D,騭
25941,U+9A2E,騮
25942,U+9A2F,騯
25943,U+9A30,騰
25944,U+9A31,騱
25945,U+9A32,騲
25946,U+9A33,騳
25947,U+9A34,騴
25948,U+9A35,騵
25949,U+9A36,騶
25950,U+9A37,騷
25951,U+9A38,騸
25952,U+9A39,騹
25953,U+9A3A,騺
25954,U+9A3B,騻
25955,U+9A3C,騼
25956,U+9A3D,騽
25957,U+9A3E,騾
25958,U+9A3F,騿
25959,U+9A40,驀
25960,U+9A41,驁
25961,U+9A42,驂
25962,U+9A43,驃
25963,U+9A44,驄
25964,U+9A45,驅
25965,U+9A46,驆
25966,U+9A47,驇
25967,U+9A48,驈
25968,U+9A49,驉
25969,U+9A4A,驊
25970,U+9A4B,驋
25971,U+9A4C,驌
25972,U+9A4D,驍
25973,U+9A4E,驎
25974,U+9A4F,驏
25975,U+9A50,驐
25976,U+9A51,驑
25977,U+9A52,驒
25978,U+9A53,驓
25979,U+9A54,驔
25980,U+9A55,驕
25981,U+9A56,驖
25982,U+9A57,驗
25983,U+9A58,驘
25984,U+9A59,驙
25985,U+9A5A,驚
25986,U+9A5B,驛
25987,U+9A5C,驜
25988,U+9A5D,驝
25989,U+9A5E,驞
25990,U+9A5F,驟
25991,U+9A60,驠
25992,U+9A61,驡
25993,U+9A62,驢
25994,U+9A63,驣
25995,U+9A64,驤
25996,U+9A65,驥
25997,U+9A66,驦
25998,U+9A67,驧
25999,U+9A68,驨
26000,U+9A69,驩
26001,U+9A6A,驪
26002,U+9A6B,驫
26003,U+9A6C,马
26004,U+9A6D,驭
26005,U+9A6E,驮
26006,U+9A6F,驯
26007,U+9A70,驰
26008,U+9A71,驱
26009,U+9A72,驲
26010,U+9A73,驳
26011,U+9A74,驴
26012,U+9A75,驵
26013,U+9A76,驶
26014,U+9A77,驷
26015,U+9A78,驸
26016,U+9A79,驹
26017,U+9A7A,驺
26018,U+9A7B,驻
26019,U+9A7C,驼
26020,U+9A7D,驽
26021,U+9A7E,驾
26022,U+9A7F,驿
26023,U+9A80,骀
26024,U+9A81,骁
26025,U+9A82,骂
26026,U+9A83,骃
26027,U+9A84,骄
26028,U+9A85,骅
26029,U+9A86,骆
26030,U+9A87,骇
26031,U+9A88,骈
26032,U+9A89,骉
26033,U+9A8A,骊
26034,U+9A8B,骋
26035,U+9A8C,验
26036,U+9A8D,骍
26037,U+9A8E,骎
26038,U+9A8F,骏
26039,U+9A90,骐
26040,U+9A91,骑
26041,U+9A92,骒
26042,U+9A93,骓
26043,U+9A94,骔
26044,U+9A95,骕
26045,U+9A96,骖
26046,U+9A97,骗
26047,U+9A98,骘
26048,U+9A99,骙
26049,U+9A9A,骚
26050,U+9A9B,骛
26051,U+9A9C,骜
26052,U+9A9D,骝
26053,U+9A9E,骞
26054,U+9A9F,骟
26055,U+9AA0,骠
26056,U+9AA1,骡
26057,U+9AA2,骢
26058,U+9AA3,骣
26059,U+9AA4,骤
26060,U+9AA5,骥
26061,U+9AA6,骦
26062,U+9AA7,骧
26063,U+9AA8,骨
26064,U+9AA9,骩
26065,U+9AAA,骪
26066,U+9AAB,骫
26067,U+9AAC,骬
26068,U+9AAD,骭
26069,U+9AAE,骮
26070,U+9AAF,骯
26071,U+9AB0,骰
26072,U+9AB1,骱
26073,U+9AB2,骲
26074,U+9AB3,骳
26075,U+9AB4,骴
26076,U+9AB5,骵
26077,U+9AB6,骶
26078,U+9AB7,骷
26079,U+9AB8,骸
26080,U+9AB9,骹
26081,U+9ABA,骺
26082,U+9ABB,骻
26083,U+9ABC,骼
26084,U+9ABD,骽
26085,U+9ABE,骾
26086,U+9ABF,骿
26087,U+9AC0,髀
26088,U+9AC1,髁
26089,U+9AC2,髂
26090,U+9AC3,髃
26091,U+9AC4,髄
26092,U+9AC5,髅
26093,U+9AC6,髆
26094,U+9AC7,髇
26095,U+9AC8,髈
26096,U+9AC9,髉
26097,U+9ACA,髊
26098,U+9ACB,髋
26099,U+9ACC,髌
26100,U+9ACD,髍
26101,U+9ACE,髎
26102,U+9ACF,髏
26103,U+9AD0,髐
26104,U+9AD1,髑
26105,U+9AD2,髒
26106,U+9AD3,髓
26107,U+9AD4,體
26108,U+9AD5,髕
26109,U+9AD6,髖
26110,U+9AD7,髗
26111,U+9AD8,高
26112,U+9AD9,髙
26113,U+9ADA,髚
26114,U+9ADB,髛
26115,U+9ADC,髜
26116,U+9ADD,髝
26117,U+9ADE,髞
26118,U+9ADF,髟
26119,U+9AE0,髠
26120,U+9AE1,髡
26121,U+9AE2,髢
26122,U+9AE3,髣
26123,U+9AE4,髤
26124,U+9AE5,髥
26125,U+9AE6,髦
26126,U+9AE7,髧
26127,U+9AE8,髨
26128,U+9AE9,髩
26129,U+9AEA,髪
26130,U+9AEB,髫
26131,U+9AEC,髬
26132,U+9AED,髭
26133,U+9AEE,髮
26134,U+9AEF,髯
26135,U+9AF0,髰
26136,U+9AF1,髱
26137,U+9AF2,髲
26138,U+9AF3,髳
26139,U+9AF4,髴
26140,U+9AF5,髵
26141,U+9AF6,髶
26142,U+9AF7,髷
26143,U+9AF8,髸
26144,U+9AF9,髹
26145,U+9AFA,髺
26146,U+9AFB,髻
26147,U+9AFC,髼
26148,U+9AFD,髽
26149,U+9AFE,髾
26150,U+9AFF,髿
26151,U+9B00,鬀
26152,U+9B01,鬁
26153,U+9B02,鬂
26154,U+9B03,鬃
26155,U+9B04,鬄
26156,U+9B05,鬅
26157,U+9B06,鬆
26158,U+9B07,鬇
26159,U+9B08,鬈
26160,U+9B09,鬉
26161,U+9B0A,鬊
26162,U+9B0B,鬋
26163,U+9B0C,鬌
26164,U+9B0D,鬍
26165,U+9B0E,鬎
26166,U+9B0F,鬏
26167,U+9B10,鬐
26168,U+9B11,鬑
26169,U+9B12,鬒
26170,U+9B13,鬓
26171,U+9B14,鬔
26172,U+9B15,鬕
26173,U+9B16,鬖
26174,U+9B17,鬗
26175,U+9B18,鬘
26176,U+9B19,鬙
26177,U+9B1A,鬚
26178,U+9B1B,鬛
26179,U+9B1C,鬜
26180,U+9B1D,鬝
26181,U+9B1E,鬞
26182,U+9B1F,鬟
26183,U+9B20,鬠
26184,U+9B21,鬡
26185,U+9B22,鬢
26186,U+9B23,鬣
26187,U+9B24,鬤
26188,U+9B26,鬦
26189,U+9B27,鬧
26190,U+9B28,鬨
26191,U+9B29,鬩
26192,U+9B2A,鬪
26193,U+9B2B,鬫
26194,U+9B2C,鬬
26195,U+9B2D,鬭
26196,U+9B2E,鬮
26197,U+9B2F,鬯
26198,U+9B30,鬰
26199,U+9B31,鬱
26200,U+9B32,鬲
26201,U+9B33,鬳
26202,U+9B34,鬴
26203,U+9B35,鬵
26204,U+9B36,鬶
26205,U+9B37,鬷
26206,U+9B38,鬸
26207,U+9B39,鬹
26208,U+9B3A,鬺
26209,U+9B3B,鬻
26210,U+9B3C,鬼
26211,U+9B3D,鬽
26212,U+9B3E,鬾
26213,U+9B3F,鬿
26214,U+9B40,魀
26215,U+9B41,魁
26216,U+9B42,魂
26217,U+9B43,魃
26218,U+9B44,魄
26219,U+9B45,魅
26220,U+9B46,魆
26221,U+9B47,魇
26222,U+9B48,魈
26223,U+9B49,魉
26224,U+9B4A,魊
26225,U+9B4B,魋
26226,U+9B4C,魌
26227,U+9B4D,魍
26228,U+9B4E,魎
26229,U+9B4F,魏
26230,U+9B50,魐
26231,U+9B51,魑
26232,U+9B52,魒
26233,U+9B53,魓
26234,U+9B54,魔
26235,U+9B55,魕
26236,U+9B56,魖
26237,U+9B57,魗
26238,U+9B58,魘
26239,U+9B59,魙
26240,U+9B5A,魚
26241,U+9B5B,魛
26242,U+9B5C,魜
26243,U+9B5D,魝
26244,U+9B5E,魞
26245,U+9B5F,魟
26246,U+9B60,魠
26247,U+9B61,魡
26248,U+9B62,魢
26249,U+9B63,魣
26250,U+9B64,魤
26251,U+9B65,魥
26252,U+9B66,魦
26253,U+9B67,魧
26254,U+9B68,魨
26255,U+9B69,魩
26256,U+9B6A,魪
26257,U+9B6B,魫
26258,U+9B6C,魬
26259,U+9B6D,魭
26260,U+9B6E,魮
26261,U+9B6F,魯
26262,U+9B70,魰
26263,U+9B71,魱
26264,U+9B72,魲
26265,U+9B73,魳
26266,U+9B74,魴
26267,U+9B75,魵
26268,U+9B76,魶
26269,U+9B77,魷
26270,U+9B78,魸
26271,U+9B79,魹
26272,U+9B7A,魺
26273,U+9B7B,魻
26274,U+9B7C,魼
26275,U+9B7D,魽
26276,U+9B7E,魾
26277,U+9B7F,魿
26278,U+9B80,鮀
26279,U+9B81,鮁
26280,U+9B82,鮂
26281,U+9B83,鮃
26282,U+9B84,鮄
26283,U+9B85,鮅
26284,U+9B86,鮆
26285,U+9B87,鮇
26286,U+9B88,鮈
26287,U+9B89,鮉
26288,U+9B8A,鮊
26289,U+9B8B,鮋
26290,U+9B8C,鮌
26291,U+9B8D,鮍
26292,U+9B8E,鮎
26293,U+9B8F,鮏
26294,U+9B90,鮐
26295,U+9B91,鮑
26296,U+9B92,鮒
26297,U+9B93,鮓
26298,U+9B94,鮔
26299,U+9B95,鮕
26300,U+9B96,鮖
26301,U+9B97,鮗
26302,U+9B98,鮘
26303,U+9B99,鮙
26304,U+9B9A,鮚
26305,U+9B9B,鮛
26306,U+9B9C,鮜
26307,U+9B9D,鮝
26308,U+9B9E,鮞
26309,U+9B9F,鮟
26310,U+9BA0,鮠
26311,U+9BA1,鮡
26312,U+9BA2,鮢
26313,U+9BA3,鮣
26314,U+9BA4,鮤
26315,U+9BA5,鮥
26316,U+9BA6,鮦
26317,U+9BA7,鮧
26318,U+9BA8,鮨
26319,U+9BA9,鮩
26320,U+9BAA,鮪
26321,U+9BAB,鮫
26322,U+9BAC,鮬
26323,U+9BAD,鮭
26324,U+9BAE,鮮
26325,U+9BAF,鮯
26326,U+9BB0,鮰
26327,U+9BB1,鮱
26328,U+9BB2,鮲
26329,U+9BB3,鮳
26330,U+9BB4,鮴
26331,U+9BB5,鮵
26332,U+9BB6,鮶
26333,U+9BB7,鮷
26334,U+9BB8,鮸
26335,U+9BB9,鮹
26336,U+9BBA,鮺
26337,U+9BBB,鮻
26338,U+9BBC,鮼
26339,U+9BBD,鮽
26340,U+9BBE,鮾
26341,U+9BBF,鮿
26342,U+9BC0,鯀
26343,U+9BC1,鯁
26344,U+9BC2,鯂
26345,U+9BC3,鯃
26346,U+9BC4,鯄
26347,U+9BC5,鯅
26348,U+9BC6,鯆
26349,U+9BC7,鯇
26350,U+9BC8,鯈
26351,U+9BC9,鯉
26352,U+9BCA,鯊
26353,U+9BCB,鯋
26354,U+9BCC,鯌
26355,U+9BCD,鯍
26356,U+9BCE,鯎
26357,U+9BCF,鯏
26358,U+9BD0,鯐
26359,U+9BD1,鯑
26360,U+9BD2,鯒
26361,U+9BD3,鯓
26362,U+9BD4,鯔
26363,U+9BD5,鯕
26364,U+9BD6,鯖
26365,U+9BD7,鯗
26366,U+9BD8,鯘
26367,U+9BD9,鯙
26368,U+9BDA,鯚
26369,U+9BDB,鯛
26370,U+9BDC,鯜
26371,U+9BDD,鯝
26372,U+9BDE,鯞
26373,U+9BDF,鯟
26374,U+9BE0,鯠
26375,U+9BE1,鯡
26376,U+9BE2,鯢
26377,U+9BE3,鯣
26378,U+9BE4,鯤
26379,U+9BE5,鯥
26380,U+9BE6,鯦
26381,U+9BE7,鯧
26382,U+9BE8,鯨
26383,U+9BE9,鯩
26384,U+9BEA,鯪
26385,U+9BEB,鯫
26386,U+9BEC,鯬
26387,U+9BED,鯭
26388,U+9BEE,鯮
26389,U+9BEF,鯯
26390,U+9BF0,鯰
26391,U+9BF1,鯱
26392,U+9BF2,鯲
26393,U+9BF3,鯳
26394,U+9BF4,鯴
26395,U+9BF5,鯵
26396,U+9BF6,鯶
26397,U+9BF7,鯷
26398,U+9BF8,鯸
26399,U+9BF9,鯹
26400,U+9BFA,鯺
26401,U+9BFB,鯻
26402,U+9BFC,鯼
26403,U+9BFD,鯽
26404,U+9BFE,鯾
26405,U+9BFF,鯿
26406,U+9C00,鰀
26407,U+9C01,鰁
26408,U+9C02,鰂
26409,U+9C03,鰃
26410,U+9C04,鰄
26411,U+9C05,鰅
26412,U+9C06,鰆
26413,U+9C07,鰇
26414,U+9C08,鰈
26415,U+9C09,鰉
26416,U+9C0A,鰊
26417,U+9C0B,鰋
26418,U+9C0C,鰌
26419,U+9C0D,鰍
26420,U+9C0E,鰎
26421,U+9C0F,鰏
26422,U+9C10,鰐
26423,U+9C11,鰑
26424,U+9C12,鰒
26425,U+9C13,鰓
26426,U+9C14,鰔
26427,U+9C15,鰕
26428,U+9C16,鰖
26429,U+9C17,鰗
26430,U+9C18,鰘
26431,U+9C19,鰙
26432,U+9C1A,鰚
26433,U+9C1B,鰛
26434,U+9C1C,鰜
26435,U+9C1D,鰝
26436,U+9C1E,鰞
26437,U+9C1F,鰟
26438,U+9C20,鰠
26439,U+9C21,鰡
26440,U+9C22,鰢
26441,U+9C23,鰣
26442,U+9C24,鰤
26443,U+9C25,鰥
26444,U+9C26,鰦
26445,U+9C27,鰧
26446,U+9C28,鰨
26447,U+9C29,鰩
26448,U+9C2A,鰪
26449,U+9C2B,鰫
26450,U+9C2C,鰬
26451,U+9C2D,鰭
26452,U+9C2E,鰮
26453,U+9C2F,鰯
26454,U+9C30,鰰
26455,U+9C31,鰱
26456,U+9C32,鰲
26457,U+9C33,鰳
26458,U+9C34,鰴
26459,U+9C35,鰵
26460,U+9C36,鰶
26461,U+9C37,鰷
26462,U+9C38,鰸
26463,U+9C39,鰹
26464,U+9C3A,鰺
26465,U+9C3B,鰻
26466,U+9C3C,鰼
26467,U+9C3D,鰽
26468,U+9C3E,鰾
26469,U+9C3F,鰿
26470,U+9C40,鱀
26471,U+9C41,鱁
26472,U+9C42,鱂
26473,U+9C43,鱃
26474,U+9C44,鱄
26475,U+9C45,鱅
26476,U+9C46,鱆
26477,U+9C47,鱇
26478,U+9C48,鱈
26479,U+9C49,鱉
26480,U+9C4A,鱊
26481,U+9C4B,鱋
26482,U+9C4C,鱌
26483,U+9C4D,鱍
26484,U+9C4E,鱎
26485,U+9C4F,鱏
26486,U+9C50,鱐
26487,U+9C51,鱑
26488,U+9C52,鱒
26489,U+9C53,鱓
26490,U+9C54,鱔
26491,U+9C55,鱕
26492,U+9C56,鱖
26493,U+9C57,鱗
26494,U+9C58,鱘
26495,U+9C59,鱙
26496,U+9C5A,鱚
26497,U+9C5B,鱛
26498,U+9C5C,鱜
26499,U+9C5D,鱝
26500,U+9C5E,鱞
26501,U+9C5F,鱟
26502,U+9C60,鱠
26503,U+9C61,鱡
26504,U+9C62,鱢
26505,U+9C63,鱣
26506,U+9C64,鱤
26507,U+9C65,鱥
26508,U+9C66,鱦
26509,U+9C67,鱧
26510,U+9C68,鱨
26511,U+9C69,鱩
26512,U+9C6A,鱪
26513,U+9C6B,鱫
26514,U+9C6C,鱬
26515,U+9C6D,鱭
26516,U+9C6E,鱮
26517,U+9C6F,鱯
26518,U+9C70,鱰
26519,U+9C71,鱱
26520,U+9C72,鱲
26521,U+9C73,鱳
26522,U+9C74,鱴
26523,U+9C75,鱵
26524,U+9C76,鱶
26525,U+9C77,鱷
26526,U+9C78,鱸
26527,U+9C79,鱹
26528,U+9C7A,鱺
26529,U+9C7B,鱻
26530,U+9C7C,鱼
26531,U+9C7D,鱽
26532,U+9C7E,鱾
26533,U+9C7F,鱿
26534,U+9C80,鲀
26535,U+9C81,鲁
26536,U+9C82,鲂
26537,U+9C83,鲃
26538,U+9C84,鲄
26539,U+9C85,鲅
26540,U+9C86,鲆
26541,U+9C87,鲇
26542,U+9C88,鲈
26543,U+9C89,鲉
26544,U+9C8A,鲊
26545,U+9C8B,鲋
26546,U+9C8C,鲌
26547,U+9C8D,鲍
26548,U+9C8E,鲎
26549,U+9C8F,鲏
26550,U+9C90,鲐
26551,U+9C91,鲑
26552,U+9C92,鲒
26553,U+9C93,鲓
26554,U+9C94,鲔
26555,U+9C95,鲕
26556,U+9C96,鲖
26557,U+9C97,鲗
26558,U+9C98,鲘
26559,U+9C99,鲙
26560,U+9C9A,鲚
26561,U+9C9B,鲛
26562,U+9C9C,鲜
26563,U+9C9D,鲝
26564,U+9C9E,鲞
26565,U+9C9F,鲟
26566,U+9CA0,鲠
26567,U+9CA1,鲡
26568,U+9CA2,鲢
26569,U+9CA3,鲣
26570,U+9CA4,鲤
26571,U+9CA5,鲥
26572,U+9CA6,鲦
26573,U+9CA7,鲧
26574,U+9CA8,鲨
26575,U+9CA9,鲩
26576,U+9CAA,鲪
26577,U+9CAB,鲫
26578,U+9CAC,鲬
26579,U+9CAD,鲭
26580,U+9CAE,鲮
26581,U+9CAF,鲯
26582,U+9CB0,鲰
26583,U+9CB1,鲱
26584,U+9CB2,鲲
26585,U+9CB3,鲳
26586,U+9CB4,鲴
26587,U+9CB5,鲵
26588,U+9CB6,鲶
26589,U+9CB7,鲷
26590,U+9CB8,鲸
26591,U+9CB9,鲹
26592,U+9CBA,鲺
26593,U+9CBB,鲻
26594,U+9CBC,鲼
26595,U+9CBD,鲽
26596,U+9CBE,鲾
26597,U+9CBF,鲿
26598,U+9CC0,鳀
26599,U+9CC1,鳁
26600,U+9CC2,鳂
26601,U+9CC3,鳃
26602,U+9CC4,鳄
26603,U+9CC5,鳅
26604,U+9CC6,鳆
26605,U+9CC7,鳇
26606,U+9CC8,鳈
26607,U+9CC9,鳉
26608,U+9CCA,鳊
26609,U+9CCB,鳋
26610,U+9CCC,鳌
26611,U+9CCD,鳍
26612,U+9CCE,鳎
26613,U+9CCF,鳏
26614,U+9CD0,鳐
26615,U+9CD1,鳑
26616,U+9CD2,鳒
26617,U+9CD3,鳓
26618,U+9CD4,鳔
26619,U+9CD5,鳕
26620,U+9CD6,鳖
26621,U+9CD7,鳗
26622,U+9CD8,鳘
26623,U+9CD9,鳙
26624,U+9CDA,鳚
26625,U+9CDB,鳛
26626,U+9CDC,鳜
26627,U+9CDD,鳝
26628,U+9CDE,鳞
26629,U+9CDF,鳟
26630,U+9CE0,鳠
26631,U+9CE1,鳡
26632,U+9CE2,鳢
26633,U+9CE3,鳣
26634,U+9CE4,鳤
26635,U+9CE5,鳥
26636,U+9CE6,鳦
26637,U+9CE7,鳧
26638,U+9CE8,鳨
26639,U+9CE9,鳩
26640,U+9CEA,鳪
26641,U+9CEB,鳫
26642,U+9CEC,鳬
26643,U+9CED,鳭
26644,U+9CEE,鳮
26645,U+9CEF,鳯
26646,U+9CF0,鳰
26647,U+9CF1,鳱
26648,U+9CF2,鳲
26649,U+9CF3,鳳
26650,U+9CF4,鳴
26651,U+9CF5,鳵
26652,U+9CF6,鳶
26653,U+9CF7,鳷
26654,U+9CF8,鳸
26655,U+9CF9,鳹
26656,U+9CFA,鳺
26657,U+9CFB,鳻
26658,U+9CFC,鳼
26659,U+9CFD,鳽
26660,U+9CFE,鳾
26661,U+9CFF,鳿
26662,U+9D00,鴀
26663,U+9D01,鴁
26664,U+9D02,鴂
26665,U+9D03,鴃
26666,U+9D04,鴄
26667,U+9D05,鴅
26668,U+9D06,鴆
26669,U+9D07,鴇
26670,U+9D08,鴈
26671,U+9D09,鴉
26672,U+9D0A,鴊
26673,U+9D0B,鴋
26674,U+9D0C,鴌
26675,U+9D0D,鴍
26676,U+9D0E,鴎
26677,U+9D0F,鴏
26678,U+9D10,鴐
26679,U+9D11,鴑
26680,U+9D12,鴒
26681,U+9D13,鴓
26682,U+9D14,鴔
26683,U+9D15,鴕
26684,U+9D16,鴖
26685,U+9D17,鴗
26686,U+9D18,鴘
26687,U+9D19,鴙
26688,U+9D1A,鴚
26689,U+9D1B,鴛
26690,U+9D1C,鴜
26691,U+9D1D,鴝
26692,U+9D1E,鴞
26693,U+9D1F,鴟
26694,U+9D20,鴠
26695,U+9D21,鴡
26696,U+9D22,鴢
26697,U+9D23,鴣
26698,U+9D24,鴤
26699,U+9D25,鴥
26700,U+9D26,鴦
26701,U+9D27,鴧
26702,U+9D28,鴨
26703,U+9D29,鴩
26704,U+9D2A,鴪
26705,U+9D2B,鴫
26706,U+9D2C,鴬
26707,U+9D2D,鴭
26708,U+9D2E,鴮
26709,U+9D2F,鴯
26710,U+9D30,鴰
26711,U+9D31,鴱
26712,U+9D32,鴲
26713,U+9D33,鴳
26714,U+9D34,鴴
26715,U+9D35,鴵
26716,U+9D36,鴶
26717,U+9D37,鴷
26718,U+9D38,鴸
26719,U+9D39,鴹
26720,U+9D3A,鴺
26721,U+9D3B,鴻
26722,U+9D3C,鴼
26723,U+9D3D,鴽
26724,U+9D3E,鴾
26725,U+9D3F,鴿
26726,U+9D40,鵀
26727,U+9D41,鵁
26728,U+9D42,鵂
26729,U+9D43,鵃
26730,U+9D44,鵄
26731,U+9D45,鵅
26732,U+9D46,鵆
26733,U+9D47,鵇
26734,U+9D48,鵈
26735,U+9D49,鵉
26736,U+9D4A,鵊
26737,U+9D4B,鵋
26738,U+9D4C,鵌
26739,U+9D4D,鵍
26740,U+9D4E,鵎
26741,U+9D4F,鵏
26742,U+9D50,鵐
26743,U+9D51,鵑
26744,U+9D52,鵒
26745,U+9D53,鵓
26746,U+9D54,鵔
26747,U+9D55,鵕
26748,U+9D56,鵖
26749,U+9D57,鵗
26750,U+9D58,鵘
26751,U+9D59,鵙
26752,U+9D5A,鵚
26753,U+9D5B,鵛
26754,U+9D5C,鵜
26755,U+9D5D,鵝
26756,U+9D5E,鵞
26757,U+9D5F,鵟
26758,U+9D60,鵠
26759,U+9D61,鵡
26760,U+9D62,鵢
26761,U+9D63,鵣
26762,U+9D64,鵤
26763,U+9D65,鵥
26764,U+9D66,鵦
26765,U+9D67,鵧
26766,U+9D68,鵨
26767,U+9D69,鵩
26768,U+9D6A,鵪
26769,U+9D6B,鵫
26770,U+9D6C,鵬
26771,U+9D6D,鵭
26772,U+9D6E,鵮
26773,U+9D6F,鵯
26774,U+9D70,鵰
26775,U+9D71,鵱
26776,U+9D72,鵲
26777,U+9D73,鵳
26778,U+9D74,鵴
26779,U+9D75,鵵
26780,U+9D76,鵶
26781,U+9D77,鵷
26782,U+9D78,鵸
26783,U+9D79,鵹
26784,U+9D7A,鵺
26785,U+9D7B,鵻
26786,U+9D7C,鵼
26787,U+9D7D,鵽
26788,U+9D7E,鵾
26789,U+9D7F,鵿
26790,U+9D80,鶀
26791,U+9D81,鶁
26792,U+9D82,鶂
26793,U+9D83,鶃
26794,U+9D84,鶄
26795,U+9D85,鶅
26796,U+9D86,鶆
26797,U+9D87,鶇
26798,U+9D88,鶈
26799,U+9D89,鶉
26800,U+9D8A,鶊
26801,U+9D8B,鶋
26802,U+9D8C,鶌
26803,U+9D8D,鶍
26804,U+9D8E,鶎
26805,U+9D8F,鶏
26806,U+9D90,鶐
26807,U+9D91,鶑
26808,U+9D92,鶒
26809,U+9D93,鶓
26810,U+9D94,鶔
26811,U+9D95,鶕
26812,U+9D96,鶖
26813,U+9D97,鶗
26814,U+9D98,鶘
26815,U+9D99,鶙
26816,U+9D9A,鶚
26817,U+9D9B,鶛
26818,U+9D9C,鶜
26819,U+9D9D,鶝
26820,U+9D9E,鶞
26821,U+9D9F,鶟
26822,U+9DA0,鶠
26823,U+9DA1,鶡
26824,U+9DA2,鶢
26825,U+9DA3,鶣
26826,U+9DA4,鶤
26827,U+9DA5,鶥
26828,U+9DA6,鶦
26829,U+9DA7,鶧
26830,U+9DA8,鶨
26831,U+9DA9,鶩
26832,U+9DAA,鶪
26833,U+9DAB,鶫
26834,U+9DAC,鶬
26835,U+9DAD,鶭
26836,U+9DAE,鶮
26837,U+9DAF,鶯
26838,U+9DB0,鶰
26839,U+9DB1,鶱
26840,U+9DB2,鶲
26841,U+9DB3,鶳
26842,U+9DB4,鶴
26843,U+9DB5,鶵
26844,U+9DB6,鶶
26845,U+9DB7,鶷
26846,U+9DB8,鶸
26847,U+9DB9,鶹
26848,U+9DBA,鶺
26849,U+9DBB,鶻
26850,U+9DBC,鶼
26851,U+9DBD,鶽
26852,U+9DBE,鶾
26853,U+9DBF,鶿
26854,U+9DC0,鷀
26855,U+9DC1,鷁
26856,U+9DC2,鷂
26857,U+9DC3,鷃
26858,U+9DC4,鷄
26859,U+9DC5,鷅
26860,U+9DC6,鷆
26861,U+9DC7,鷇
26862,U+9DC8,鷈
26863,U+9DC9,鷉
26864,U+9DCA,鷊
26865,U+9DCB,鷋
26866,U+9DCC,鷌
26867,U+9DCD,鷍
26868,U+9DCE,鷎
26869,U+9DCF,鷏
26870,U+9DD0,鷐
26871,U+9DD1,鷑
26872,U+9DD2,鷒
26873,U+9DD3,鷓
26874,U+9DD4,鷔
26875,U+9DD5,鷕
26876,U+9DD6,鷖
26877,U+9DD7,鷗
26878,U+9DD8,鷘
26879,U+9DD9,鷙
26880,U+9DDA,鷚
26881,U+9DDB,鷛
26882,U+9DDC,鷜
26883,U+9DDD,鷝
26884,U+9DDE,鷞
26885,U+9DDF,鷟
26886,U+9DE0,鷠
26887,U+9DE1,鷡
26888,U+9DE2,鷢
26889,U+9DE3,鷣
26890,U+9DE4,鷤
26891,U+9DE5,鷥
26892,U+9DE6,鷦
26893,U+9DE7,鷧
26894,U+9DE8,鷨
26895,U+9DE9,鷩
26896,U+9DEA,鷪
26897,U+9DEB,鷫
26898,U+9DEC,鷬
26899,U+9DED,鷭
26900,U+9DEE,鷮
26901,U+9DEF,鷯
26902,U+9DF0,鷰
26903,U+9DF1,鷱
26904,U+9DF2,鷲
26905,U+9DF3,鷳
26906,U+9DF4,鷴
26907,U+9DF5,鷵
26908,U+9DF6,鷶
26909,U+9DF7,鷷
26910,U+9DF8,鷸
26911,U+9DF9,鷹
26912,U+9DFA,鷺
26913,U+9DFB,鷻
26914,U+9DFC,鷼
26915,U+9DFD,鷽
26916,U+9DFE,鷾
26917,U+9DFF,鷿
26918,U+9E00,鸀
26919,U+9E01,鸁
26920,U+9E02,鸂
26921,U+9E03,鸃
26922,U+9E04,鸄
26923,U+9E05,鸅
26924,U+9E06,鸆
26925,U+9E07,鸇
26926,U+9E08,鸈
26927,U+9E09,鸉
26928,U+9E0A,鸊
26929,U+9E0B,鸋
26930,U+9E0C,鸌
26931,U+9E0D,鸍
26932,U+9E0E,鸎
26933,U+9E0F,鸏
26934,U+9E10,鸐
26935,U+9E11,鸑
26936,U+9E12,鸒
26937,U+9E13,鸓
26938,U+9E14,鸔
26939,U+9E15,鸕
26940,U+9E16,鸖
26941,U+9E17,鸗
26942,U+9E18,鸘
26943,U+9E19,鸙
26944,U+9E1A,鸚
26945,U+9E1B,鸛
26946,U+9E1C,鸜
26947,U+9E1D,鸝
26948,U+9E1E,鸞
26949,U+9E1F,鸟
26950,U+9E20,鸠
26951,U+9E21,鸡
26952,U+9E22,鸢
26953,U+9E23,鸣
26954,U+9E24,鸤
26955,U+9E25,鸥
26956,U+9E26,鸦
26957,U+9E27,鸧
26958,U+9E28,鸨
26959,U+9E29,鸩
26960,U+9E2A,鸪
26961,U+9E2B,鸫
26962,U+9E2C,鸬
26963,U+9E2D,鸭
26964,U+9E2E,鸮
26965,U+9E2F,鸯
26966,U+9E30,鸰
26967,U+9E31,鸱
26968,U+9E32,鸲
26969,U+9E33,鸳
26970,U+9E34,鸴
26971,U+9E35,鸵
26972,U+9E36,鸶
26973,U+9E37,鸷
26974,U+9E38,鸸
26975,U+9E39,鸹
26976,U+9E3A,鸺
26977,U+9E3B,鸻
26978,U+9E3C,鸼
26979,U+9E3D,鸽
26980,U+9E3E,鸾
26981,U+9E3F,鸿
26982,U+9E40,鹀
26983,U+9E41,鹁
26984,U+9E42,鹂
26985,U+9E43,鹃
26986,U+9E44,鹄
26987,U+9E45,鹅
26988,U+9E46,鹆
26989,U+9E47,鹇
26990,U+9E48,鹈
26991,U+9E49,鹉
26992,U+9E4A,鹊
26993,U+9E4B,鹋
26994,U+9E4C,鹌
26995,U+9E4D,鹍
26996,U+9E4E,鹎
26997,U+9E4F,鹏
26998,U+9E50,鹐
26999,U+9E51,鹑
27000,U+9E52,鹒
27001,U+9E53,鹓
27002,U+9E54,鹔
27003,U+9E55,鹕
27004,U+9E56,鹖
27005,U+9E57,鹗
27006,U+9E58,鹘
27007,U+9E59,鹙
27008,U+9E5A,鹚
27009,U+9E5B,鹛
27010,U+9E5C,鹜
27011,U+9E5D,鹝
27012,U+9E5E,鹞
27013,U+9E5F,鹟
27014,U+9E60,鹠
27015,U+9E61,鹡
27016,U+9E62,鹢
27017,U+9E63,鹣
27018,U+9E64,鹤
27019,U+9E65,鹥
27020,U+9E66,鹦
27021,U+9E67,鹧
27022,U+9E68,鹨
27023,U+9E69,鹩
27024,U+9E6A,鹪
27025,U+9E6B,鹫
27026,U+9E6C,鹬
27027,U+9E6D,鹭
27028,U+9E6E,鹮
27029,U+9E6F,鹯
27030,U+9E70,鹰
27031,U+9E71,鹱
27032,U+9E72,鹲
27033,U+9E73,鹳
27034,U+9E74,鹴
27035,U+9E75,鹵
27036,U+9E76,鹶
27037,U+9E77,鹷
27038,U+9E78,鹸
27039,U+9E79,鹹
27040,U+9E7A,鹺
27041,U+9E7B,鹻
27042,U+9E7C,鹼
27043,U+9E7D,鹽
27044,U+9E7E,鹾
27045,U+9E7F,鹿
27046,U+9E80,麀
27047,U+9E81,麁
27048,U+9E82,麂
27049,U+9E83,麃
27050,U+9E84,麄
27051,U+9E85,麅
27052,U+9E86,麆
27053,U+9E87,麇
27054,U+9E88,麈
27055,U+9E89,麉
27056,U+9E8A,麊
27057,U+9E8B,麋
27058,U+9E8C,麌
27059,U+9E8D,麍
27060,U+9E8E,麎
27061,U+9E8F,麏
27062,U+9E90,麐
27063,U+9E91,麑
27064,U+9E92,麒
27065,U+9E93,麓
27066,U+9E94,麔
27067,U+9E95,麕
27068,U+9E96,麖
27069,U+9E97,麗
27070,U+9E98,麘
27071,U+9E99,麙
27072,U+9E9A,麚
27073,U+9E9B,麛
27074,U+9E9C,麜
27075,U+9E9D,麝
27076,U+9E9E,麞
27077,U+9E9F,麟
27078,U+9EA0,麠
27079,U+9EA1,麡
27080,U+9EA2,麢
27081,U+9EA3,麣
27082,U+9EA4,麤
27083,U+9EA5,麥
27084,U+9EA6,麦
27085,U+9EA7,麧
27086,U+9EA8,麨
27087,U+9EA9,麩
27088,U+9EAA,麪
27089,U+9EAB,麫
27090,U+9EAC,麬
27091,U+9EAD,麭
27092,U+9EAE,麮
27093,U+9EAF,麯
27094,U+9EB0,麰
27095,U+9EB1,麱
27096,U+9EB2,麲
27097,U+9EB3,麳
27098,U+9EB4,麴
27099,U+9EB5,麵
27100,U+9EB6,麶
27101,U+9EB7,麷
27102,U+9EB8,麸
27103,U+9EB9,麹
27104,U+9EBA,麺
27105,U+9EBB,麻
27106,U+9EBC,麼
27107,U+9EBD,麽
27108,U+9EBE,麾
27109,U+9EBF,麿
27110,U+9EC0,黀
27111,U+9EC1,黁
27112,U+9EC2,黂
27113,U+9EC3,黃
27114,U+9EC4,黄
27115,U+9EC5,黅
27116,U+9EC6,黆
27117,U+9EC7,黇
27118,U+9EC8,黈
27119,U+9EC9,黉
27120,U+9ECA,黊
27121,U+9ECB,黋
27122,U+9ECC,黌
27123,U+9ECD,黍
27124,U+9ECE,黎
27125,U+9ECF,黏
27126,U+9ED0,黐
27127,U+9ED1,黑
27128,U+9ED2,黒
27129,U+9ED3,黓
27130,U+9ED4,黔
27131,U+9ED5,黕
27132,U+9ED6,黖
27133,U+9ED7,黗
27134,U+9ED8,默
27135,U+9ED9,黙
27136,U+9EDA,黚
27137,U+9EDB,黛
27138,U+9EDC,黜
27139,U+9EDD,黝
27140,U+9EDE,點
27141,U+9EDF,黟
27142,U+9EE0,黠
27143,U+9EE1,黡
27144,U+9EE2,黢
27145,U+9EE3,黣
27146,U+9EE4,黤
27147,U+9EE5,黥
27148,U+9EE6,黦
27149,U+9EE7,黧
27150,U+9EE8,黨
27151,U+9EE9,黩
27152,U+9EEA,黪
27153,U+9EEB,黫
27154,U+9EEC,黬
27155,U+9EED,黭
27156,U+9EEE,黮
27157,U+9EEF,黯
27158,U+9EF0,黰
27159,U+9EF1,黱
27160,U+9EF2,黲
27161,U+9EF3,黳
27162,U+9EF4,黴
27163,U+9EF5,黵
27164,U+9EF6,黶
27165,U+9EF7,黷
27166,U+9EF8,黸
27167,U+9EF9,黹
27168,U+9EFA,黺
27169,U+9EFB,黻
27170,U+9EFC,黼
27171,U+9EFD,黽
27172,U+9EFE,黾
27173,U+9EFF,黿
27174,U+9F00,鼀
27175,U+9F01,鼁
27176,U+9F02,鼂
27177,U+9F03,鼃
27178,U+9F04,鼄
27179,U+9F05,鼅
27180,U+9F06,鼆
27181,U+9F07,鼇
27182,U+9F08,鼈
27183,U+9F09,鼉
27184,U+9F0A,鼊
27185,U+9F0B,鼋
27186,U+9F0C,鼌
27187,U+9F0D,鼍
27188,U+9F0E,鼎
27189,U+9F0F,鼏
27190,U+9F10,鼐
27191,U+9F11,鼑
27192,U+9F12,鼒
27193,U+9F13,鼓
27194,U+9F14,鼔
27195,U+9F15,鼕
27196,U+9F16,鼖
27197,U+9F17,鼗
27198,U+9F18,鼘
27199,U+9F19,鼙
27200,U+9F1A,鼚
27201,U+9F1B,鼛
27202,U+9F1C,鼜
27203,U+9F1D,鼝
27204,U+9F1E,鼞
27205,U+9F1F,鼟
27206,U+9F20,鼠
27207,U+9F22,鼢
27208,U+9F23,鼣
27209,U+9F24,鼤
27210,U+9F25,鼥
27211,U+9F26,鼦
27212,U+9F27,鼧
27213,U+9F28,鼨
27214,U+9F29,鼩
27215,U+9F2A,鼪
27216,U+9F2B,鼫
27217,U+9F2C,鼬
27218,U+9F2D,鼭
27219,U+9F2E,鼮
27220,U+9F2F,鼯
27221,U+9F30,鼰
27222,U+9F31,鼱
27223,U+9F32,鼲
27224,U+9F33,鼳
27225,U+9F34,鼴
27226,U+9F35,鼵
27227,U+9F36,鼶
27228,U+9F37,鼷
27229,U+9F38,鼸
27230,U+9F39,鼹
27231,U+9F3A,鼺
27232,U+9F3B,鼻
27233,U+9F3C,鼼
27234,U+9F3D,鼽
27235,U+9F3E,鼾
27236,U+9F3F,鼿
27237,U+9F40,齀
27238,U+9F41,齁
27239,U+9F42,齂
27240,U+9F43,齃
27241,U+9F44,齄
27242,U+9F45,齅
27243,U+9F46,齆
27244,U+9F47,齇
27245,U+9F48,齈
27246,U+9F49,齉
27247,U+9F4A,齊
27248,U+9F4B,齋
27249,U+9F4C,齌
27250,U+9F4D,齍
27251,U+9F4E,齎
27252,U+9F4F,齏
27253,U+9F50,齐
27254,U+9F51,齑
27255,U+9F52,齒
27256,U+9F53,齓
27257,U+9F54,齔
27258,U+9F55,齕
27259,U+9F56,齖
27260,U+9F57,齗
27261,U+9F58,齘
27262,U+9F59,齙
27263,U+9F5A,齚
27264,U+9F5B,齛
27265,U+9F5C,齜
27266,U+9F5D,齝
27267,U+9F5E,齞
27268,U+9F5F,齟
27269,U+9F60,齠
27270,U+9F61,齡
27271,U+9F62,齢
27272,U+9F63,齣
27273,U+9F64,齤
27274,U+9F65,齥
27275,U+9F66,齦
27276,U+9F67,齧
27277,U+9F68,齨
27278,U+9F69,齩
27279,U+9F6A,齪
27280,U+9F6B,齫
27281,U+9F6C,齬
27282,U+9F6D,齭
27283,U+9F6E,齮
27284,U+9F6F,齯
27285,U+9F70,齰
27286,U+9F71,齱
27287,U+9F72,齲
27288,U+9F73,齳
27289,U+9F74,齴
27290,U+9F75,齵
27291,U+9F76,齶
27292,U+9F77,齷
27293,U+9F78,齸
27294,U+9F79,齹
27295,U+9F7A,齺
27296,U+9F7B,齻
27297,U+9F7C,齼
27298,U+9F7D,齽
27299,U+9F7E,齾
27300,U+9F7F,齿
27301,U+9F80,龀
27302,U+9F81,龁
27303,U+9F82,龂
27304,U+9F83,龃
27305,U+9F84,龄
27306,U+9F85,龅
27307,U+9F86,龆
27308,U+9F87,龇
27309,U+9F88,龈
27310,U+9F89,龉
27311,U+9F8A,龊
27312,U+9F8B,龋
27313,U+9F8C,龌
27314,U+9F8E,龎
27315,U+9F8F,龏
27316,U+9F90,龐
27317,U+9F91,龑
27318,U+9F92,龒
27319,U+9F93,龓
27320,U+9F94,龔
27321,U+9F95,龕
27322,U+9F96,龖
27323,U+9F97,龗
27324,U+9F98,龘
27325,U+9F99,龙
27326,U+9F9A,龚
27327,U+9F9B,龛
27328,U+9F9C,龜
27329,U+9F9D,龝
27330,U+9F9E,龞
27331,U+9F9F,龟
27332,U+9FA0,龠
27333,U+9FA1,龡
27334,U+9FA2,龢
27335,U+9FA3,龣
27336,U+9FA4,龤
27337,U+9FA5,龥
27338,U+9FA6,龦
27339,U+9FA7,龧
27340,U+9FA8,龨
27341,U+9FA9,龩
27342,U+9FAA,龪
27343,U+9FAB,龫
27344,U+9FAC,龬
27345,U+9FAD,龭
27346,U+9FAE,龮
27347,U+9FAF,龯
27348,U+9FB1,龱
27349,U+9FB2,龲
27350,U+9FB3,龳
27351,U+9FB7,龷
27352,U+9FB8,龸
27353,U+9FB9,龹
27354,U+9FBA,龺
27355,U+9FBB,龻
27356,U+9FBC,龼
27357,U+9FBD,龽
27358,U+9FBE,龾
27359,U+9FBF,龿
27360,U+9FC0,鿀
27361,U+9FC1,鿁
27362,U+9FC2,鿂
27363,U+9FC3,鿃
27364,U+9FC4,鿄
27365,U+9FC5,鿅
27366,U+9FC6,鿆
27367,U+9FC7,鿇
27368,U+9FC8,鿈
27369,U+9FC9,鿉
27370,U+9FCA,鿊
27371,U+9FCB,鿋
27372,U+9FCC,鿌
27373,U+9FCD,鿍
27374,U+9FCE,鿎
27375,U+9FCF,鿏
27376,U+9FD0,鿐
27377,U+9FD1,鿑
27378,U+9FD2,鿒
27379,U+9FD3,鿓
27380,U+9FD4,鿔
27381,U+9FD5,鿕
27382,U+9FD6,鿖
27383,U+9FD7,鿗
27384,U+9FD8,鿘
27385,U+9FD9,鿙
27386,U+9FDA,鿚
27387,U+9FDB,鿛
27388,U+9FDC,鿜
27389,U+9FDD,鿝
27390,U+9FDE,鿞
27391,U+9FDF,鿟
27392,U+9FE0,鿠
27393,U+9FE1,鿡
27394,U+9FE2,鿢
27395,U+9FE3,鿣
27396,U+9FE4,鿤
27397,U+9FE5,鿥
27398,U+9FE6,鿦
27399,U+9FE7,鿧
27400,U+9FE8,鿨
27401,U+9FE9,鿩
27402,U+9FEA,鿪
27403,U+9FEB,鿫
27404,U+9FEC,鿬
27405,U+9FED,鿭
27406,U+9FEE,鿮
27407,U+9FEF,鿯
