metric,value
count,81505
mean,0.8090738061911541
median,0.79752672
std,0.07984754607633564
min,0.52286391
max,1.0
q25,0.75427878
q75,0.85184813
pct_equal_1_0,3.0979694497270107
