row_id,codepoint,char,cluster_kmeans,cluster_agglomerative,k,space
0,U+3400,㐀,53,,60,semantic
1,U+3402,㐂,47,,60,semantic
2,U+3403,㐃,0,,60,semantic
3,U+3407,㐇,0,,60,semantic
4,U+3408,㐈,0,,60,semantic
5,U+3409,㐉,0,,60,semantic
6,U+340A,㐊,0,,60,semantic
7,U+340B,㐋,0,,60,semantic
8,U+340C,㐌,43,,60,semantic
9,U+340D,㐍,0,,60,semantic
10,U+340E,㐎,0,,60,semantic
11,U+340F,㐏,0,,60,semantic
12,U+3410,㐐,0,,60,semantic
13,U+3411,㐑,0,,60,semantic
14,U+3412,㐒,0,,60,semantic
15,U+3413,㐓,0,,60,semantic
16,U+3414,㐔,0,,60,semantic
17,U+3415,㐕,0,,60,semantic
18,U+3416,㐖,32,,60,semantic
19,U+3417,㐗,0,,60,semantic
20,U+3418,㐘,0,,60,semantic
21,U+3419,㐙,0,,60,semantic
22,U+341A,㐚,0,,60,semantic
23,U+341B,㐛,0,,60,semantic
24,U+341C,㐜,42,,60,semantic
25,U+341D,㐝,0,,60,semantic
26,U+341E,㐞,0,,60,semantic
27,U+341F,㐟,0,,60,semantic
28,U+3420,㐠,0,,60,semantic
29,U+3421,㐡,45,,60,semantic
30,U+3422,㐢,0,,60,semantic
31,U+3423,㐣,0,,60,semantic
32,U+3424,㐤,20,,60,semantic
33,U+3425,㐥,0,,60,semantic
34,U+3426,㐦,0,,60,semantic
35,U+3428,㐨,25,,60,semantic
36,U+3429,㐩,24,,60,semantic
37,U+342A,㐪,0,,60,semantic
38,U+342B,㐫,15,,60,semantic
39,U+342D,㐭,48,,60,semantic
40,U+342E,㐮,20,,60,semantic
41,U+342F,㐯,20,,60,semantic
42,U+3430,㐰,20,,60,semantic
43,U+3431,㐱,4,,60,semantic
44,U+3432,㐲,32,,60,semantic
45,U+3433,㐳,18,,60,semantic
46,U+3434,㐴,13,,60,semantic
47,U+3435,㐵,12,,60,semantic
48,U+3436,㐶,0,,60,semantic
49,U+3437,㐷,42,,60,semantic
50,U+3438,㐸,29,,60,semantic
51,U+3439,㐹,18,,60,semantic
52,U+343A,㐺,47,,60,semantic
53,U+343B,㐻,32,,60,semantic
54,U+343C,㐼,13,,60,semantic
55,U+343D,㐽,32,,60,semantic
56,U+343E,㐾,0,,60,semantic
57,U+343F,㐿,0,,60,semantic
58,U+3440,㑀,0,,60,semantic
59,U+3441,㑁,47,,60,semantic
60,U+3442,㑂,20,,60,semantic
61,U+3443,㑃,13,,60,semantic
62,U+3444,㑄,42,,60,semantic
63,U+3445,㑅,20,,60,semantic
64,U+3446,㑆,0,,60,semantic
65,U+3447,㑇,28,,60,semantic
66,U+3448,㑈,45,,60,semantic
67,U+3449,㑉,47,,60,semantic
68,U+344A,㑊,56,,60,semantic
69,U+344B,㑋,45,,60,semantic
70,U+344C,㑌,45,,60,semantic
71,U+344D,㑍,45,,60,semantic
72,U+344E,㑎,32,,60,semantic
73,U+344F,㑏,20,,60,semantic
74,U+3450,㑐,20,,60,semantic
75,U+3451,㑑,0,,60,semantic
76,U+3452,㑒,0,,60,semantic
77,U+3453,㑓,0,,60,semantic
78,U+3454,㑔,47,,60,semantic
79,U+3455,㑕,0,,60,semantic
80,U+3456,㑖,0,,60,semantic
81,U+3457,㑗,57,,60,semantic
82,U+3458,㑘,29,,60,semantic
83,U+3459,㑙,45,,60,semantic
84,U+345A,㑚,47,,60,semantic
85,U+345B,㑛,16,,60,semantic
86,U+345C,㑜,47,,60,semantic
87,U+345D,㑝,42,,60,semantic
88,U+345E,㑞,57,,60,semantic
89,U+345F,㑟,42,,60,semantic
90,U+3460,㑠,0,,60,semantic
91,U+3461,㑡,0,,60,semantic
92,U+3462,㑢,0,,60,semantic
93,U+3463,㑣,45,,60,semantic
94,U+3464,㑤,28,,60,semantic
95,U+3465,㑥,42,,60,semantic
96,U+3466,㑦,15,,60,semantic
97,U+3467,㑧,15,,60,semantic
98,U+3468,㑨,18,,60,semantic
99,U+3469,㑩,47,,60,semantic
100,U+346A,㑪,47,,60,semantic
101,U+346B,㑫,0,,60,semantic
102,U+346C,㑬,0,,60,semantic
103,U+346D,㑭,0,,60,semantic
104,U+346E,㑮,32,,60,semantic
105,U+346F,㑯,32,,60,semantic
106,U+3470,㑰,15,,60,semantic
107,U+3471,㑱,46,,60,semantic
108,U+3472,㑲,0,,60,semantic
109,U+3473,㑳,20,,60,semantic
110,U+3474,㑴,20,,60,semantic
111,U+3475,㑵,15,,60,semantic
112,U+3476,㑶,15,,60,semantic
113,U+3477,㑷,20,,60,semantic
114,U+3478,㑸,0,,60,semantic
115,U+3479,㑹,20,,60,semantic
116,U+347A,㑺,28,,60,semantic
117,U+347B,㑻,18,,60,semantic
118,U+347C,㑼,12,,60,semantic
119,U+347D,㑽,20,,60,semantic
120,U+347E,㑾,28,,60,semantic
121,U+347F,㑿,18,,60,semantic
122,U+3480,㒀,20,,60,semantic
123,U+3481,㒁,18,,60,semantic
124,U+3482,㒂,20,,60,semantic
125,U+3483,㒃,20,,60,semantic
126,U+3484,㒄,36,,60,semantic
127,U+3485,㒅,27,,60,semantic
128,U+3486,㒆,3,,60,semantic
129,U+3487,㒇,31,,60,semantic
130,U+3488,㒈,18,,60,semantic
131,U+3489,㒉,36,,60,semantic
132,U+348A,㒊,47,,60,semantic
133,U+348B,㒋,12,,60,semantic
134,U+348C,㒌,34,,60,semantic
135,U+348D,㒍,45,,60,semantic
136,U+348E,㒎,42,,60,semantic
137,U+348F,㒏,0,,60,semantic
138,U+3490,㒐,0,,60,semantic
139,U+3491,㒑,29,,60,semantic
140,U+3492,㒒,12,,60,semantic
141,U+3493,㒓,31,,60,semantic
142,U+3494,㒔,4,,60,semantic
143,U+3495,㒕,34,,60,semantic
144,U+3496,㒖,3,,60,semantic
145,U+3497,㒗,12,,60,semantic
146,U+3498,㒘,0,,60,semantic
147,U+3499,㒙,20,,60,semantic
148,U+349A,㒚,47,,60,semantic
149,U+349B,㒛,34,,60,semantic
150,U+349C,㒜,20,,60,semantic
151,U+349D,㒝,42,,60,semantic
152,U+349E,㒞,28,,60,semantic
153,U+349F,㒟,28,,60,semantic
154,U+34A0,㒠,45,,60,semantic
155,U+34A1,㒡,32,,60,semantic
156,U+34A2,㒢,0,,60,semantic
157,U+34A3,㒣,0,,60,semantic
158,U+34A4,㒤,20,,60,semantic
159,U+34A5,㒥,12,,60,semantic
160,U+34A6,㒦,45,,60,semantic
161,U+34A7,㒧,28,,60,semantic
162,U+34A8,㒨,12,,60,semantic
163,U+34A9,㒩,27,,60,semantic
164,U+34AA,㒪,53,,60,semantic
165,U+34AB,㒫,17,,60,semantic
166,U+34AC,㒬,0,,60,semantic
167,U+34AD,㒭,57,,60,semantic
168,U+34AE,㒮,0,,60,semantic
169,U+34AF,㒯,0,,60,semantic
170,U+34B0,㒰,47,,60,semantic
171,U+34B1,㒱,0,,60,semantic
172,U+34B2,㒲,29,,60,semantic
173,U+34B3,㒳,47,,60,semantic
174,U+34B4,㒴,31,,60,semantic
175,U+34B5,㒵,47,,60,semantic
176,U+34B6,㒶,12,,60,semantic
177,U+34B7,㒷,20,,60,semantic
178,U+34B8,㒸,20,,60,semantic
179,U+34B9,㒹,5,,60,semantic
180,U+34BA,㒺,0,,60,semantic
181,U+34BB,㒻,20,,60,semantic
182,U+34BC,㒼,47,,60,semantic
183,U+34BD,㒽,53,,60,semantic
184,U+34BE,㒾,4,,60,semantic
185,U+34BF,㒿,12,,60,semantic
186,U+34C0,㓀,0,,60,semantic
187,U+34C1,㓁,53,,60,semantic
188,U+34C2,㓂,42,,60,semantic
189,U+34C3,㓃,24,,60,semantic
190,U+34C4,㓄,52,,60,semantic
191,U+34C5,㓅,49,,60,semantic
192,U+34C6,㓆,0,,60,semantic
193,U+34C7,㓇,0,,60,semantic
194,U+34C8,㓈,8,,60,semantic
195,U+34C9,㓉,49,,60,semantic
196,U+34CA,㓊,34,,60,semantic
197,U+34CB,㓋,52,,60,semantic
198,U+34CC,㓌,15,,60,semantic
199,U+34CD,㓍,0,,60,semantic
200,U+34CE,㓎,16,,60,semantic
201,U+34CF,㓏,15,,60,semantic
202,U+34D0,㓐,16,,60,semantic
203,U+34D1,㓑,34,,60,semantic
204,U+34D2,㓒,0,,60,semantic
205,U+34D3,㓓,49,,60,semantic
206,U+34D4,㓔,5,,60,semantic
207,U+34D5,㓕,0,,60,semantic
208,U+34D6,㓖,16,,60,semantic
209,U+34D7,㓗,49,,60,semantic
210,U+34D8,㓘,40,,60,semantic
211,U+34D9,㓙,15,,60,semantic
212,U+34DA,㓚,52,,60,semantic
213,U+34DB,㓛,28,,60,semantic
214,U+34DC,㓜,45,,60,semantic
215,U+34DD,㓝,42,,60,semantic
216,U+34DE,㓞,47,,60,semantic
217,U+34DF,㓟,52,,60,semantic
218,U+34E0,㓠,52,,60,semantic
219,U+34E1,㓡,46,,60,semantic
220,U+34E2,㓢,52,,60,semantic
221,U+34E3,㓣,52,,60,semantic
222,U+34E4,㓤,52,,60,semantic
223,U+34E5,㓥,1,,60,semantic
224,U+34E6,㓦,20,,60,semantic
225,U+34E7,㓧,48,,60,semantic
226,U+34E8,㓨,1,,60,semantic
227,U+34E9,㓩,4,,60,semantic
228,U+34EA,㓪,28,,60,semantic
229,U+34EB,㓫,0,,60,semantic
230,U+34EC,㓬,52,,60,semantic
231,U+34ED,㓭,51,,60,semantic
232,U+34EE,㓮,2,,60,semantic
233,U+34EF,㓯,52,,60,semantic
234,U+34F0,㓰,52,,60,semantic
235,U+34F1,㓱,52,,60,semantic
236,U+34F2,㓲,52,,60,semantic
237,U+34F3,㓳,52,,60,semantic
238,U+34F4,㓴,52,,60,semantic
239,U+34F5,㓵,2,,60,semantic
240,U+34F6,㓶,52,,60,semantic
241,U+34F7,㓷,52,,60,semantic
242,U+34F8,㓸,52,,60,semantic
243,U+34F9,㓹,1,,60,semantic
244,U+34FA,㓺,52,,60,semantic
245,U+34FB,㓻,45,,60,semantic
246,U+34FC,㓼,52,,60,semantic
247,U+34FD,㓽,2,,60,semantic
248,U+34FE,㓾,52,,60,semantic
249,U+34FF,㓿,0,,60,semantic
250,U+3500,㔀,42,,60,semantic
251,U+3501,㔁,2,,60,semantic
252,U+3502,㔂,52,,60,semantic
253,U+3503,㔃,52,,60,semantic
254,U+3504,㔄,45,,60,semantic
255,U+3505,㔅,52,,60,semantic
256,U+3506,㔆,52,,60,semantic
257,U+3507,㔇,2,,60,semantic
258,U+3508,㔈,0,,60,semantic
259,U+3509,㔉,14,,60,semantic
260,U+350A,㔊,1,,60,semantic
261,U+350B,㔋,52,,60,semantic
262,U+350C,㔌,52,,60,semantic
263,U+350D,㔍,52,,60,semantic
264,U+350E,㔎,52,,60,semantic
265,U+350F,㔏,1,,60,semantic
266,U+3510,㔐,52,,60,semantic
267,U+3511,㔑,52,,60,semantic
268,U+3512,㔒,52,,60,semantic
269,U+3513,㔓,47,,60,semantic
270,U+3514,㔔,0,,60,semantic
271,U+3515,㔕,20,,60,semantic
272,U+3516,㔖,0,,60,semantic
273,U+3517,㔗,20,,60,semantic
274,U+3518,㔘,5,,60,semantic
275,U+3519,㔙,18,,60,semantic
276,U+351A,㔚,20,,60,semantic
277,U+351B,㔛,0,,60,semantic
278,U+351C,㔜,47,,60,semantic
279,U+351D,㔝,45,,60,semantic
280,U+351E,㔞,18,,60,semantic
281,U+351F,㔟,0,,60,semantic
282,U+3520,㔠,33,,60,semantic
283,U+3521,㔡,18,,60,semantic
284,U+3522,㔢,52,,60,semantic
285,U+3523,㔣,1,,60,semantic
286,U+3524,㔤,20,,60,semantic
287,U+3525,㔥,15,,60,semantic
288,U+3526,㔦,20,,60,semantic
289,U+3527,㔧,20,,60,semantic
290,U+3528,㔨,32,,60,semantic
291,U+3529,㔩,4,,60,semantic
292,U+352A,㔪,51,,60,semantic
293,U+352B,㔫,0,,60,semantic
294,U+352C,㔬,20,,60,semantic
295,U+352D,㔭,26,,60,semantic
296,U+352E,㔮,19,,60,semantic
297,U+352F,㔯,21,,60,semantic
298,U+3530,㔰,47,,60,semantic
299,U+3531,㔱,48,,60,semantic
300,U+3532,㔲,0,,60,semantic
301,U+3533,㔳,37,,60,semantic
302,U+3534,㔴,2,,60,semantic
303,U+3535,㔵,55,,60,semantic
304,U+3536,㔶,26,,60,semantic
305,U+3537,㔷,14,,60,semantic
306,U+3538,㔸,53,,60,semantic
307,U+3539,㔹,29,,60,semantic
308,U+353A,㔺,57,,60,semantic
309,U+353B,㔻,18,,60,semantic
310,U+353C,㔼,47,,60,semantic
311,U+353D,㔽,26,,60,semantic
312,U+353F,㔿,20,,60,semantic
313,U+3540,㕀,0,,60,semantic
314,U+3541,㕁,20,,60,semantic
315,U+3542,㕂,20,,60,semantic
316,U+3543,㕃,5,,60,semantic
317,U+3544,㕄,20,,60,semantic
318,U+3545,㕅,18,,60,semantic
319,U+3546,㕆,40,,60,semantic
320,U+3547,㕇,14,,60,semantic
321,U+3548,㕈,20,,60,semantic
322,U+3549,㕉,14,,60,semantic
323,U+354A,㕊,14,,60,semantic
324,U+354B,㕋,14,,60,semantic
325,U+354C,㕌,9,,60,semantic
326,U+354D,㕍,14,,60,semantic
327,U+354E,㕎,14,,60,semantic
328,U+354F,㕏,42,,60,semantic
329,U+3550,㕐,51,,60,semantic
330,U+3551,㕑,47,,60,semantic
331,U+3552,㕒,22,,60,semantic
332,U+3553,㕓,0,,60,semantic
333,U+3554,㕔,9,,60,semantic
334,U+3555,㕕,42,,60,semantic
335,U+3556,㕖,34,,60,semantic
336,U+3557,㕗,20,,60,semantic
337,U+3558,㕘,20,,60,semantic
338,U+3559,㕙,58,,60,semantic
339,U+355A,㕚,51,,60,semantic
340,U+355B,㕛,20,,60,semantic
341,U+355C,㕜,12,,60,semantic
342,U+355D,㕝,0,,60,semantic
343,U+355E,㕞,52,,60,semantic
344,U+355F,㕟,20,,60,semantic
345,U+3560,㕠,47,,60,semantic
346,U+3561,㕡,23,,60,semantic
347,U+3562,㕢,28,,60,semantic
348,U+3563,㕣,10,,60,semantic
349,U+3564,㕤,2,,60,semantic
350,U+3565,㕥,20,,60,semantic
351,U+3566,㕦,8,,60,semantic
352,U+3567,㕧,8,,60,semantic
353,U+3568,㕨,0,,60,semantic
354,U+3569,㕩,8,,60,semantic
355,U+356A,㕪,8,,60,semantic
356,U+356B,㕫,8,,60,semantic
357,U+356C,㕬,20,,60,semantic
358,U+356D,㕭,8,,60,semantic
359,U+356E,㕮,17,,60,semantic
360,U+356F,㕯,8,,60,semantic
361,U+3570,㕰,8,,60,semantic
362,U+3571,㕱,8,,60,semantic
363,U+3572,㕲,20,,60,semantic
364,U+3573,㕳,8,,60,semantic
365,U+3574,㕴,0,,60,semantic
366,U+3575,㕵,0,,60,semantic
367,U+3576,㕶,36,,60,semantic
368,U+3577,㕷,8,,60,semantic
369,U+3578,㕸,55,,60,semantic
370,U+3579,㕹,2,,60,semantic
371,U+357A,㕺,42,,60,semantic
372,U+357B,㕻,20,,60,semantic
373,U+357C,㕼,8,,60,semantic
374,U+357D,㕽,8,,60,semantic
375,U+357E,㕾,0,,60,semantic
376,U+357F,㕿,0,,60,semantic
377,U+3580,㖀,8,,60,semantic
378,U+3581,㖁,42,,60,semantic
379,U+3582,㖂,20,,60,semantic
380,U+3583,㖃,15,,60,semantic
381,U+3584,㖄,8,,60,semantic
382,U+3585,㖅,8,,60,semantic
383,U+3586,㖆,20,,60,semantic
384,U+3587,㖇,17,,60,semantic
385,U+3588,㖈,0,,60,semantic
386,U+3589,㖉,0,,60,semantic
387,U+358A,㖊,47,,60,semantic
388,U+358B,㖋,0,,60,semantic
389,U+358C,㖌,0,,60,semantic
390,U+358D,㖍,0,,60,semantic
391,U+358E,㖎,0,,60,semantic
392,U+358F,㖏,42,,60,semantic
393,U+3590,㖐,44,,60,semantic
394,U+3591,㖑,8,,60,semantic
395,U+3592,㖒,8,,60,semantic
396,U+3593,㖓,8,,60,semantic
397,U+3594,㖔,45,,60,semantic
398,U+3595,㖕,49,,60,semantic
399,U+3596,㖖,49,,60,semantic
400,U+3597,㖗,22,,60,semantic
401,U+3598,㖘,36,,60,semantic
402,U+3599,㖙,0,,60,semantic
403,U+359A,㖚,0,,60,semantic
404,U+359B,㖛,0,,60,semantic
405,U+359C,㖜,0,,60,semantic
406,U+359D,㖝,0,,60,semantic
407,U+359E,㖞,17,,60,semantic
408,U+359F,㖟,20,,60,semantic
409,U+35A0,㖠,47,,60,semantic
410,U+35A1,㖡,44,,60,semantic
411,U+35A2,㖢,54,,60,semantic
412,U+35A3,㖣,8,,60,semantic
413,U+35A4,㖤,15,,60,semantic
414,U+35A5,㖥,17,,60,semantic
415,U+35A6,㖦,47,,60,semantic
416,U+35A7,㖧,17,,60,semantic
417,U+35A8,㖨,8,,60,semantic
418,U+35A9,㖩,20,,60,semantic
419,U+35AA,㖪,8,,60,semantic
420,U+35AB,㖫,43,,60,semantic
421,U+35AC,㖬,0,,60,semantic
422,U+35AD,㖭,17,,60,semantic
423,U+35AE,㖮,47,,60,semantic
424,U+35AF,㖯,0,,60,semantic
425,U+35B0,㖰,0,,60,semantic
426,U+35B1,㖱,0,,60,semantic
427,U+35B2,㖲,0,,60,semantic
428,U+35B3,㖳,0,,60,semantic
429,U+35B4,㖴,0,,60,semantic
430,U+35B5,㖵,0,,60,semantic
431,U+35B6,㖶,20,,60,semantic
432,U+35B7,㖷,44,,60,semantic
433,U+35B8,㖸,8,,60,semantic
434,U+35B9,㖹,8,,60,semantic
435,U+35BA,㖺,8,,60,semantic
436,U+35BB,㖻,8,,60,semantic
437,U+35BC,㖼,20,,60,semantic
438,U+35BD,㖽,42,,60,semantic
439,U+35BE,㖾,20,,60,semantic
440,U+35BF,㖿,8,,60,semantic
441,U+35C0,㗀,8,,60,semantic
442,U+35C1,㗁,17,,60,semantic
443,U+35C2,㗂,20,,60,semantic
444,U+35C3,㗃,17,,60,semantic
445,U+35C4,㗄,42,,60,semantic
446,U+35C5,㗅,15,,60,semantic
447,U+35C6,㗆,8,,60,semantic
448,U+35C7,㗇,17,,60,semantic
449,U+35C8,㗈,18,,60,semantic
450,U+35C9,㗉,52,,60,semantic
451,U+35CA,㗊,49,,60,semantic
452,U+35CB,㗋,17,,60,semantic
453,U+35CC,㗌,8,,60,semantic
454,U+35CD,㗍,17,,60,semantic
455,U+35CE,㗎,8,,60,semantic
456,U+35CF,㗏,0,,60,semantic
457,U+35D0,㗐,0,,60,semantic
458,U+35D1,㗑,47,,60,semantic
459,U+35D2,㗒,15,,60,semantic
460,U+35D3,㗓,17,,60,semantic
461,U+35D4,㗔,28,,60,semantic
462,U+35D5,㗕,8,,60,semantic
463,U+35D6,㗖,20,,60,semantic
464,U+35D7,㗗,52,,60,semantic
465,U+35D8,㗘,54,,60,semantic
466,U+35D9,㗙,8,,60,semantic
467,U+35DA,㗚,45,,60,semantic
468,U+35DB,㗛,20,,60,semantic
469,U+35DC,㗜,49,,60,semantic
470,U+35DD,㗝,0,,60,semantic
471,U+35DE,㗞,0,,60,semantic
472,U+35DF,㗟,0,,60,semantic
473,U+35E0,㗠,0,,60,semantic
474,U+35E1,㗡,0,,60,semantic
475,U+35E2,㗢,8,,60,semantic
476,U+35E3,㗣,17,,60,semantic
477,U+35E4,㗤,15,,60,semantic
478,U+35E5,㗥,8,,60,semantic
479,U+35E6,㗦,8,,60,semantic
480,U+35E7,㗧,42,,60,semantic
481,U+35E8,㗨,8,,60,semantic
482,U+35E9,㗩,8,,60,semantic
483,U+35EA,㗪,17,,60,semantic
484,U+35EB,㗫,8,,60,semantic
485,U+35EC,㗬,17,,60,semantic
486,U+35ED,㗭,8,,60,semantic
487,U+35EE,㗮,0,,60,semantic
488,U+35EF,㗯,0,,60,semantic
489,U+35F0,㗰,32,,60,semantic
490,U+35F1,㗱,42,,60,semantic
491,U+35F2,㗲,20,,60,semantic
492,U+35F3,㗳,42,,60,semantic
493,U+35F4,㗴,1,,60,semantic
494,U+35F5,㗵,16,,60,semantic
495,U+35F6,㗶,5,,60,semantic
496,U+35F7,㗷,17,,60,semantic
497,U+35F8,㗸,0,,60,semantic
498,U+35F9,㗹,0,,60,semantic
499,U+35FA,㗺,0,,60,semantic
500,U+35FB,㗻,8,,60,semantic
501,U+35FC,㗼,17,,60,semantic
502,U+35FD,㗽,8,,60,semantic
503,U+35FE,㗾,8,,60,semantic
504,U+35FF,㗿,20,,60,semantic
505,U+3600,㘀,8,,60,semantic
506,U+3601,㘁,8,,60,semantic
507,U+3602,㘂,15,,60,semantic
508,U+3603,㘃,0,,60,semantic
509,U+3604,㘄,0,,60,semantic
510,U+3605,㘅,47,,60,semantic
511,U+3606,㘆,8,,60,semantic
512,U+3607,㘇,0,,60,semantic
513,U+3608,㘈,20,,60,semantic
514,U+3609,㘉,8,,60,semantic
515,U+360A,㘊,8,,60,semantic
516,U+360B,㘋,8,,60,semantic
517,U+360C,㘌,8,,60,semantic
518,U+360D,㘍,8,,60,semantic
519,U+360E,㘎,19,,60,semantic
520,U+360F,㘏,0,,60,semantic
521,U+3610,㘐,8,,60,semantic
522,U+3611,㘑,42,,60,semantic
523,U+3612,㘒,0,,60,semantic
524,U+3613,㘓,42,,60,semantic
525,U+3614,㘔,17,,60,semantic
526,U+3615,㘕,8,,60,semantic
527,U+3616,㘖,1,,60,semantic
528,U+3617,㘗,8,,60,semantic
529,U+3618,㘘,0,,60,semantic
530,U+3619,㘙,8,,60,semantic
531,U+361A,㘚,15,,60,semantic
532,U+361B,㘛,34,,60,semantic
533,U+361C,㘜,58,,60,semantic
534,U+361D,㘝,46,,60,semantic
535,U+361E,㘞,8,,60,semantic
536,U+361F,㘟,0,,60,semantic
537,U+3620,㘠,5,,60,semantic
538,U+3621,㘡,19,,60,semantic
539,U+3622,㘢,14,,60,semantic
540,U+3623,㘣,47,,60,semantic
541,U+3624,㘤,10,,60,semantic
542,U+3625,㘥,20,,60,semantic
543,U+3626,㘦,14,,60,semantic
544,U+3627,㘧,9,,60,semantic
545,U+3628,㘨,34,,60,semantic
546,U+3629,㘩,57,,60,semantic
547,U+362A,㘪,42,,60,semantic
548,U+362B,㘫,14,,60,semantic
549,U+362C,㘬,12,,60,semantic
550,U+362D,㘭,14,,60,semantic
551,U+362E,㘮,0,,60,semantic
552,U+362F,㘯,0,,60,semantic
553,U+3630,㘰,32,,60,semantic
554,U+3631,㘱,5,,60,semantic
555,U+3632,㘲,14,,60,semantic
556,U+3633,㘳,14,,60,semantic
557,U+3634,㘴,20,,60,semantic
558,U+3635,㘵,43,,60,semantic
559,U+3636,㘶,12,,60,semantic
560,U+3637,㘷,3,,60,semantic
561,U+3638,㘸,14,,60,semantic
562,U+3639,㘹,14,,60,semantic
563,U+363A,㘺,3,,60,semantic
564,U+363B,㘻,20,,60,semantic
565,U+363C,㘼,0,,60,semantic
566,U+363D,㘽,3,,60,semantic
567,U+363E,㘾,0,,60,semantic
568,U+363F,㘿,23,,60,semantic
569,U+3640,㙀,3,,60,semantic
570,U+3641,㙁,14,,60,semantic
571,U+3642,㙂,9,,60,semantic
572,U+3643,㙃,14,,60,semantic
573,U+3644,㙄,31,,60,semantic
574,U+3645,㙅,9,,60,semantic
575,U+3646,㙆,0,,60,semantic
576,U+3647,㙇,19,,60,semantic
577,U+3648,㙈,43,,60,semantic
578,U+3649,㙉,28,,60,semantic
579,U+364A,㙊,14,,60,semantic
580,U+364B,㙋,0,,60,semantic
581,U+364C,㙌,0,,60,semantic
582,U+364D,㙍,43,,60,semantic
583,U+364E,㙎,23,,60,semantic
584,U+364F,㙏,14,,60,semantic
585,U+3650,㙐,13,,60,semantic
586,U+3651,㙑,9,,60,semantic
587,U+3652,㙒,34,,60,semantic
588,U+3653,㙓,14,,60,semantic
589,U+3654,㙔,12,,60,semantic
590,U+3655,㙕,47,,60,semantic
591,U+3656,㙖,0,,60,semantic
592,U+3657,㙗,14,,60,semantic
593,U+3658,㙘,32,,60,semantic
594,U+3659,㙙,52,,60,semantic
595,U+365A,㙚,49,,60,semantic
596,U+365B,㙛,32,,60,semantic
597,U+365C,㙜,9,,60,semantic
598,U+365D,㙝,9,,60,semantic
599,U+365E,㙞,22,,60,semantic
600,U+365F,㙟,43,,60,semantic
601,U+3660,㙠,50,,60,semantic
602,U+3661,㙡,54,,60,semantic
603,U+3662,㙢,14,,60,semantic
604,U+3663,㙣,14,,60,semantic
605,U+3664,㙤,52,,60,semantic
606,U+3665,㙥,49,,60,semantic
607,U+3666,㙦,0,,60,semantic
608,U+3667,㙧,21,,60,semantic
609,U+3668,㙨,12,,60,semantic
610,U+3669,㙩,9,,60,semantic
611,U+366A,㙪,50,,60,semantic
612,U+366B,㙫,23,,60,semantic
613,U+366C,㙬,9,,60,semantic
614,U+366D,㙭,0,,60,semantic
615,U+366E,㙮,43,,60,semantic
616,U+366F,㙯,2,,60,semantic
617,U+3670,㙰,32,,60,semantic
618,U+3671,㙱,54,,60,semantic
619,U+3672,㙲,5,,60,semantic
620,U+3673,㙳,45,,60,semantic
621,U+3674,㙴,34,,60,semantic
622,U+3675,㙵,9,,60,semantic
623,U+3676,㙶,9,,60,semantic
624,U+3677,㙷,14,,60,semantic
625,U+3678,㙸,14,,60,semantic
626,U+3679,㙹,10,,60,semantic
627,U+367A,㙺,14,,60,semantic
628,U+367B,㙻,9,,60,semantic
629,U+367C,㙼,14,,60,semantic
630,U+367D,㙽,0,,60,semantic
631,U+367E,㙾,22,,60,semantic
632,U+367F,㙿,0,,60,semantic
633,U+3680,㚀,42,,60,semantic
634,U+3681,㚁,4,,60,semantic
635,U+3682,㚂,14,,60,semantic
636,U+3683,㚃,20,,60,semantic
637,U+3684,㚄,0,,60,semantic
638,U+3685,㚅,20,,60,semantic
639,U+3686,㚆,31,,60,semantic
640,U+3687,㚇,51,,60,semantic
641,U+3688,㚈,0,,60,semantic
642,U+3689,㚉,29,,60,semantic
643,U+368A,㚊,18,,60,semantic
644,U+368B,㚋,18,,60,semantic
645,U+368C,㚌,47,,60,semantic
646,U+368D,㚍,18,,60,semantic
647,U+368E,㚎,0,,60,semantic
648,U+368F,㚏,42,,60,semantic
649,U+3690,㚐,20,,60,semantic
650,U+3691,㚑,0,,60,semantic
651,U+3692,㚒,27,,60,semantic
652,U+3693,㚓,55,,60,semantic
653,U+3694,㚔,42,,60,semantic
654,U+3695,㚕,18,,60,semantic
655,U+3696,㚖,20,,60,semantic
656,U+3697,㚗,18,,60,semantic
657,U+3698,㚘,20,,60,semantic
658,U+3699,㚙,0,,60,semantic
659,U+369A,㚚,18,,60,semantic
660,U+369B,㚛,18,,60,semantic
661,U+369C,㚜,18,,60,semantic
662,U+369D,㚝,31,,60,semantic
663,U+369E,㚞,36,,60,semantic
664,U+369F,㚟,19,,60,semantic
665,U+36A0,㚠,18,,60,semantic
666,U+36A1,㚡,34,,60,semantic
667,U+36A2,㚢,42,,60,semantic
668,U+36A3,㚣,20,,60,semantic
669,U+36A4,㚤,12,,60,semantic
670,U+36A5,㚥,28,,60,semantic
671,U+36A6,㚦,57,,60,semantic
672,U+36A7,㚧,20,,60,semantic
673,U+36A8,㚨,32,,60,semantic
674,U+36A9,㚩,28,,60,semantic
675,U+36AA,㚪,42,,60,semantic
676,U+36AB,㚫,32,,60,semantic
677,U+36AC,㚬,57,,60,semantic
678,U+36AD,㚭,32,,60,semantic
679,U+36AE,㚮,28,,60,semantic
680,U+36AF,㚯,32,,60,semantic
681,U+36B0,㚰,57,,60,semantic
682,U+36B1,㚱,32,,60,semantic
683,U+36B2,㚲,57,,60,semantic
684,U+36B3,㚳,57,,60,semantic
685,U+36B4,㚴,28,,60,semantic
686,U+36B5,㚵,32,,60,semantic
687,U+36B6,㚶,57,,60,semantic
688,U+36B7,㚷,57,,60,semantic
689,U+36B8,㚸,32,,60,semantic
690,U+36B9,㚹,28,,60,semantic
691,U+36BA,㚺,47,,60,semantic
692,U+36BB,㚻,42,,60,semantic
693,U+36BC,㚼,32,,60,semantic
694,U+36BD,㚽,32,,60,semantic
695,U+36BE,㚾,20,,60,semantic
696,U+36BF,㚿,32,,60,semantic
697,U+36C0,㛀,0,,60,semantic
698,U+36C1,㛁,36,,60,semantic
699,U+36C2,㛂,45,,60,semantic
700,U+36C3,㛃,49,,60,semantic
701,U+36C4,㛄,32,,60,semantic
702,U+36C5,㛅,32,,60,semantic
703,U+36C6,㛆,20,,60,semantic
704,U+36C7,㛇,0,,60,semantic
705,U+36C8,㛈,0,,60,semantic
706,U+36C9,㛉,0,,60,semantic
707,U+36CA,㛊,20,,60,semantic
708,U+36CB,㛋,0,,60,semantic
709,U+36CC,㛌,0,,60,semantic
710,U+36CD,㛍,20,,60,semantic
711,U+36CE,㛎,57,,60,semantic
712,U+36CF,㛏,32,,60,semantic
713,U+36D0,㛐,57,,60,semantic
714,U+36D1,㛑,57,,60,semantic
715,U+36D2,㛒,8,,60,semantic
716,U+36D3,㛓,32,,60,semantic
717,U+36D4,㛔,28,,60,semantic
718,U+36D5,㛕,28,,60,semantic
719,U+36D6,㛖,32,,60,semantic
720,U+36D7,㛗,42,,60,semantic
721,U+36D8,㛘,54,,60,semantic
722,U+36D9,㛙,57,,60,semantic
723,U+36DA,㛚,47,,60,semantic
724,U+36DB,㛛,20,,60,semantic
725,U+36DC,㛜,32,,60,semantic
726,U+36DD,㛝,32,,60,semantic
727,U+36DE,㛞,32,,60,semantic
728,U+36DF,㛟,0,,60,semantic
729,U+36E0,㛠,0,,60,semantic
730,U+36E1,㛡,0,,60,semantic
731,U+36E2,㛢,0,,60,semantic
732,U+36E3,㛣,32,,60,semantic
733,U+36E4,㛤,0,,60,semantic
734,U+36E5,㛥,20,,60,semantic
735,U+36E6,㛦,28,,60,semantic
736,U+36E7,㛧,43,,60,semantic
737,U+36E8,㛨,42,,60,semantic
738,U+36E9,㛩,57,,60,semantic
739,U+36EA,㛪,42,,60,semantic
740,U+36EB,㛫,32,,60,semantic
741,U+36EC,㛬,32,,60,semantic
742,U+36ED,㛭,32,,60,semantic
743,U+36EE,㛮,57,,60,semantic
744,U+36EF,㛯,20,,60,semantic
745,U+36F0,㛰,57,,60,semantic
746,U+36F1,㛱,28,,60,semantic
747,U+36F2,㛲,4,,60,semantic
748,U+36F3,㛳,34,,60,semantic
749,U+36F4,㛴,15,,60,semantic
750,U+36F5,㛵,32,,60,semantic
751,U+36F6,㛶,34,,60,semantic
752,U+36F7,㛷,32,,60,semantic
753,U+36F8,㛸,32,,60,semantic
754,U+36F9,㛹,28,,60,semantic
755,U+36FA,㛺,49,,60,semantic
756,U+36FB,㛻,57,,60,semantic
757,U+36FC,㛼,36,,60,semantic
758,U+36FD,㛽,31,,60,semantic
759,U+36FE,㛾,49,,60,semantic
760,U+36FF,㛿,42,,60,semantic
761,U+3700,㜀,0,,60,semantic
762,U+3701,㜁,0,,60,semantic
763,U+3702,㜂,32,,60,semantic
764,U+3703,㜃,20,,60,semantic
765,U+3704,㜄,32,,60,semantic
766,U+3705,㜅,20,,60,semantic
767,U+3706,㜆,57,,60,semantic
768,U+3707,㜇,15,,60,semantic
769,U+3708,㜈,28,,60,semantic
770,U+3709,㜉,32,,60,semantic
771,U+370A,㜊,28,,60,semantic
772,U+370B,㜋,32,,60,semantic
773,U+370C,㜌,54,,60,semantic
774,U+370D,㜍,32,,60,semantic
775,U+370E,㜎,57,,60,semantic
776,U+370F,㜏,32,,60,semantic
777,U+3710,㜐,32,,60,semantic
778,U+3711,㜑,57,,60,semantic
779,U+3712,㜒,57,,60,semantic
780,U+3713,㜓,57,,60,semantic
781,U+3714,㜔,0,,60,semantic
782,U+3715,㜕,57,,60,semantic
783,U+3716,㜖,28,,60,semantic
784,U+3717,㜗,42,,60,semantic
785,U+3718,㜘,28,,60,semantic
786,U+3719,㜙,32,,60,semantic
787,U+371A,㜚,12,,60,semantic
788,U+371B,㜛,45,,60,semantic
789,U+371C,㜜,28,,60,semantic
790,U+371D,㜝,20,,60,semantic
791,U+371E,㜞,28,,60,semantic
792,U+371F,㜟,0,,60,semantic
793,U+3720,㜠,32,,60,semantic
794,U+3721,㜡,32,,60,semantic
795,U+3722,㜢,57,,60,semantic
796,U+3723,㜣,59,,60,semantic
797,U+3724,㜤,45,,60,semantic
798,U+3725,㜥,28,,60,semantic
799,U+3726,㜦,32,,60,semantic
800,U+3727,㜧,4,,60,semantic
801,U+3728,㜨,28,,60,semantic
802,U+3729,㜩,28,,60,semantic
803,U+372A,㜪,32,,60,semantic
804,U+372B,㜫,28,,60,semantic
805,U+372C,㜬,0,,60,semantic
806,U+372D,㜭,0,,60,semantic
807,U+372E,㜮,20,,60,semantic
808,U+372F,㜯,57,,60,semantic
809,U+3730,㜰,28,,60,semantic
810,U+3731,㜱,32,,60,semantic
811,U+3732,㜲,29,,60,semantic
812,U+3733,㜳,28,,60,semantic
813,U+3734,㜴,34,,60,semantic
814,U+3735,㜵,28,,60,semantic
815,U+3736,㜶,57,,60,semantic
816,U+3737,㜷,57,,60,semantic
817,U+3738,㜸,42,,60,semantic
818,U+3739,㜹,32,,60,semantic
819,U+373A,㜺,50,,60,semantic
820,U+373B,㜻,20,,60,semantic
821,U+373C,㜼,57,,60,semantic
822,U+373D,㜽,41,,60,semantic
823,U+373E,㜾,32,,60,semantic
824,U+373F,㜿,25,,60,semantic
825,U+3740,㝀,20,,60,semantic
826,U+3741,㝁,28,,60,semantic
827,U+3742,㝂,58,,60,semantic
828,U+3743,㝃,47,,60,semantic
829,U+3744,㝄,28,,60,semantic
830,U+3745,㝅,42,,60,semantic
831,U+3746,㝆,0,,60,semantic
832,U+3747,㝇,53,,60,semantic
833,U+3748,㝈,47,,60,semantic
834,U+3749,㝉,9,,60,semantic
835,U+374A,㝊,20,,60,semantic
836,U+374B,㝋,0,,60,semantic
837,U+374C,㝌,15,,60,semantic
838,U+374D,㝍,47,,60,semantic
839,U+374E,㝎,20,,60,semantic
840,U+374F,㝏,34,,60,semantic
841,U+3750,㝐,47,,60,semantic
842,U+3751,㝑,47,,60,semantic
843,U+3752,㝒,12,,60,semantic
844,U+3753,㝓,18,,60,semantic
845,U+3754,㝔,9,,60,semantic
846,U+3755,㝕,28,,60,semantic
847,U+3756,㝖,42,,60,semantic
848,U+3757,㝗,18,,60,semantic
849,U+3758,㝘,28,,60,semantic
850,U+3759,㝙,47,,60,semantic
851,U+375A,㝚,0,,60,semantic
852,U+375B,㝛,9,,60,semantic
853,U+375C,㝜,50,,60,semantic
854,U+375D,㝝,18,,60,semantic
855,U+375E,㝞,20,,60,semantic
856,U+375F,㝟,42,,60,semantic
857,U+3760,㝠,34,,60,semantic
858,U+3761,㝡,18,,60,semantic
859,U+3762,㝢,9,,60,semantic
860,U+3763,㝣,34,,60,semantic
861,U+3764,㝤,50,,60,semantic
862,U+3765,㝥,36,,60,semantic
863,U+3766,㝦,18,,60,semantic
864,U+3767,㝧,47,,60,semantic
865,U+3768,㝨,0,,60,semantic
866,U+3769,㝩,34,,60,semantic
867,U+376A,㝪,9,,60,semantic
868,U+376B,㝫,16,,60,semantic
869,U+376C,㝬,0,,60,semantic
870,U+376D,㝭,20,,60,semantic
871,U+376E,㝮,34,,60,semantic
872,U+376F,㝯,31,,60,semantic
873,U+3770,㝰,34,,60,semantic
874,U+3771,㝱,20,,60,semantic
875,U+3772,㝲,20,,60,semantic
876,U+3773,㝳,0,,60,semantic
877,U+3774,㝴,52,,60,semantic
878,U+3775,㝵,20,,60,semantic
879,U+3776,㝶,47,,60,semantic
880,U+3777,㝷,0,,60,semantic
881,U+3778,㝸,12,,60,semantic
882,U+3779,㝹,57,,60,semantic
883,U+377A,㝺,45,,60,semantic
884,U+377B,㝻,47,,60,semantic
885,U+377C,㝼,51,,60,semantic
886,U+377D,㝽,45,,60,semantic
887,U+377E,㝾,31,,60,semantic
888,U+377F,㝿,45,,60,semantic
889,U+3780,㞀,1,,60,semantic
890,U+3781,㞁,51,,60,semantic
891,U+3782,㞂,56,,60,semantic
892,U+3783,㞃,45,,60,semantic
893,U+3784,㞄,45,,60,semantic
894,U+3785,㞅,47,,60,semantic
895,U+3786,㞆,51,,60,semantic
896,U+3787,㞇,56,,60,semantic
897,U+3788,㞈,31,,60,semantic
898,U+3789,㞉,51,,60,semantic
899,U+378A,㞊,31,,60,semantic
900,U+378B,㞋,45,,60,semantic
901,U+378C,㞌,47,,60,semantic
902,U+378D,㞍,0,,60,semantic
903,U+378E,㞎,54,,60,semantic
904,U+378F,㞏,45,,60,semantic
905,U+3790,㞐,20,,60,semantic
906,U+3791,㞑,47,,60,semantic
907,U+3792,㞒,18,,60,semantic
908,U+3793,㞓,56,,60,semantic
909,U+3794,㞔,9,,60,semantic
910,U+3795,㞕,52,,60,semantic
911,U+3796,㞖,20,,60,semantic
912,U+3797,㞗,42,,60,semantic
913,U+3798,㞘,19,,60,semantic
914,U+3799,㞙,49,,60,semantic
915,U+379A,㞚,52,,60,semantic
916,U+379B,㞛,51,,60,semantic
917,U+379C,㞜,51,,60,semantic
918,U+379D,㞝,0,,60,semantic
919,U+379E,㞞,27,,60,semantic
920,U+379F,㞟,29,,60,semantic
921,U+37A0,㞠,57,,60,semantic
922,U+37A1,㞡,20,,60,semantic
923,U+37A2,㞢,20,,60,semantic
924,U+37A3,㞣,49,,60,semantic
925,U+37A4,㞤,20,,60,semantic
926,U+37A5,㞥,22,,60,semantic
927,U+37A6,㞦,22,,60,semantic
928,U+37A7,㞧,20,,60,semantic
929,U+37A8,㞨,22,,60,semantic
930,U+37A9,㞩,16,,60,semantic
931,U+37AA,㞪,22,,60,semantic
932,U+37AB,㞫,31,,60,semantic
933,U+37AC,㞬,34,,60,semantic
934,U+37AD,㞭,32,,60,semantic
935,U+37AE,㞮,47,,60,semantic
936,U+37AF,㞯,22,,60,semantic
937,U+37B0,㞰,22,,60,semantic
938,U+37B1,㞱,50,,60,semantic
939,U+37B2,㞲,22,,60,semantic
940,U+37B3,㞳,22,,60,semantic
941,U+37B4,㞴,43,,60,semantic
942,U+37B5,㞵,42,,60,semantic
943,U+37B6,㞶,43,,60,semantic
944,U+37B7,㞷,28,,60,semantic
945,U+37B8,㞸,47,,60,semantic
946,U+37B9,㞹,43,,60,semantic
947,U+37BA,㞺,12,,60,semantic
948,U+37BB,㞻,22,,60,semantic
949,U+37BC,㞼,29,,60,semantic
950,U+37BD,㞽,22,,60,semantic
951,U+37BE,㞾,12,,60,semantic
952,U+37BF,㞿,43,,60,semantic
953,U+37C0,㟀,22,,60,semantic
954,U+37C1,㟁,10,,60,semantic
955,U+37C2,㟂,43,,60,semantic
956,U+37C3,㟃,42,,60,semantic
957,U+37C4,㟄,22,,60,semantic
958,U+37C5,㟅,18,,60,semantic
959,U+37C6,㟆,22,,60,semantic
960,U+37C7,㟇,22,,60,semantic
961,U+37C8,㟈,22,,60,semantic
962,U+37C9,㟉,43,,60,semantic
963,U+37CA,㟊,22,,60,semantic
964,U+37CB,㟋,22,,60,semantic
965,U+37CC,㟌,43,,60,semantic
966,U+37CD,㟍,22,,60,semantic
967,U+37CE,㟎,22,,60,semantic
968,U+37CF,㟏,22,,60,semantic
969,U+37D0,㟐,18,,60,semantic
970,U+37D1,㟑,22,,60,semantic
971,U+37D2,㟒,22,,60,semantic
972,U+37D3,㟓,22,,60,semantic
973,U+37D4,㟔,22,,60,semantic
974,U+37D5,㟕,0,,60,semantic
975,U+37D6,㟖,43,,60,semantic
976,U+37D7,㟗,43,,60,semantic
977,U+37D8,㟘,22,,60,semantic
978,U+37D9,㟙,43,,60,semantic
979,U+37DA,㟚,43,,60,semantic
980,U+37DB,㟛,18,,60,semantic
981,U+37DC,㟜,22,,60,semantic
982,U+37DD,㟝,20,,60,semantic
983,U+37DE,㟞,22,,60,semantic
984,U+37DF,㟟,9,,60,semantic
985,U+37E0,㟠,22,,60,semantic
986,U+37E1,㟡,0,,60,semantic
987,U+37E2,㟢,22,,60,semantic
988,U+37E3,㟣,0,,60,semantic
989,U+37E4,㟤,43,,60,semantic
990,U+37E5,㟥,22,,60,semantic
991,U+37E6,㟦,22,,60,semantic
992,U+37E7,㟧,22,,60,semantic
993,U+37E8,㟨,22,,60,semantic
994,U+37E9,㟩,43,,60,semantic
995,U+37EA,㟪,22,,60,semantic
996,U+37EB,㟫,23,,60,semantic
997,U+37EC,㟬,43,,60,semantic
998,U+37ED,㟭,43,,60,semantic
999,U+37EE,㟮,18,,60,semantic
1000,U+37EF,㟯,0,,60,semantic
1001,U+37F0,㟰,22,,60,semantic
1002,U+37F1,㟱,22,,60,semantic
1003,U+37F2,㟲,22,,60,semantic
1004,U+37F3,㟳,22,,60,semantic
1005,U+37F4,㟴,14,,60,semantic
1006,U+37F5,㟵,22,,60,semantic
1007,U+37F6,㟶,22,,60,semantic
1008,U+37F7,㟷,56,,60,semantic
1009,U+37F8,㟸,43,,60,semantic
1010,U+37F9,㟹,22,,60,semantic
1011,U+37FA,㟺,22,,60,semantic
1012,U+37FB,㟻,14,,60,semantic
1013,U+37FC,㟼,43,,60,semantic
1014,U+37FD,㟽,22,,60,semantic
1015,U+37FE,㟾,43,,60,semantic
1016,U+37FF,㟿,22,,60,semantic
1017,U+3800,㠀,12,,60,semantic
1018,U+3801,㠁,22,,60,semantic
1019,U+3802,㠂,22,,60,semantic
1020,U+3803,㠃,0,,60,semantic
1021,U+3804,㠄,43,,60,semantic
1022,U+3805,㠅,14,,60,semantic
1023,U+3806,㠆,22,,60,semantic
1024,U+3807,㠇,22,,60,semantic
1025,U+3808,㠈,32,,60,semantic
1026,U+3809,㠉,22,,60,semantic
1027,U+380A,㠊,22,,60,semantic
1028,U+380B,㠋,22,,60,semantic
1029,U+380C,㠌,18,,60,semantic
1030,U+380D,㠍,22,,60,semantic
1031,U+380E,㠎,22,,60,semantic
1032,U+380F,㠏,22,,60,semantic
1033,U+3810,㠐,22,,60,semantic
1034,U+3811,㠑,22,,60,semantic
1035,U+3812,㠒,22,,60,semantic
1036,U+3813,㠓,22,,60,semantic
1037,U+3814,㠔,22,,60,semantic
1038,U+3815,㠕,22,,60,semantic
1039,U+3816,㠖,22,,60,semantic
1040,U+3817,㠗,22,,60,semantic
1041,U+3818,㠘,47,,60,semantic
1042,U+3819,㠙,22,,60,semantic
1043,U+381A,㠚,18,,60,semantic
1044,U+381B,㠛,32,,60,semantic
1045,U+381C,㠜,43,,60,semantic
1046,U+381D,㠝,22,,60,semantic
1047,U+381E,㠞,0,,60,semantic
1048,U+381F,㠟,43,,60,semantic
1049,U+3820,㠠,22,,60,semantic
1050,U+3821,㠡,18,,60,semantic
1051,U+3822,㠢,45,,60,semantic
1052,U+3823,㠣,43,,60,semantic
1053,U+3824,㠤,0,,60,semantic
1054,U+3825,㠥,22,,60,semantic
1055,U+3826,㠦,22,,60,semantic
1056,U+3827,㠧,22,,60,semantic
1057,U+3828,㠨,16,,60,semantic
1058,U+3829,㠩,20,,60,semantic
1059,U+382A,㠪,47,,60,semantic
1060,U+382B,㠫,0,,60,semantic
1061,U+382C,㠬,0,,60,semantic
1062,U+382D,㠭,20,,60,semantic
1063,U+382E,㠮,18,,60,semantic
1064,U+3830,㠰,0,,60,semantic
1065,U+3831,㠱,14,,60,semantic
1066,U+3832,㠲,52,,60,semantic
1067,U+3833,㠳,0,,60,semantic
1068,U+3834,㠴,27,,60,semantic
1069,U+3835,㠵,27,,60,semantic
1070,U+3836,㠶,55,,60,semantic
1071,U+3837,㠷,21,,60,semantic
1072,U+3838,㠸,27,,60,semantic
1073,U+3839,㠹,27,,60,semantic
1074,U+383A,㠺,46,,60,semantic
1075,U+383B,㠻,34,,60,semantic
1076,U+383C,㠼,0,,60,semantic
1077,U+383D,㠽,27,,60,semantic
1078,U+383E,㠾,27,,60,semantic
1079,U+383F,㠿,27,,60,semantic
1080,U+3840,㡀,45,,60,semantic
1081,U+3841,㡁,27,,60,semantic
1082,U+3842,㡂,34,,60,semantic
1083,U+3843,㡃,11,,60,semantic
1084,U+3844,㡄,27,,60,semantic
1085,U+3845,㡅,9,,60,semantic
1086,U+3846,㡆,11,,60,semantic
1087,U+3847,㡇,27,,60,semantic
1088,U+3848,㡈,46,,60,semantic
1089,U+3849,㡉,43,,60,semantic
1090,U+384A,㡊,43,,60,semantic
1091,U+384B,㡋,27,,60,semantic
1092,U+384C,㡌,53,,60,semantic
1093,U+384D,㡍,0,,60,semantic
1094,U+384E,㡎,53,,60,semantic
1095,U+384F,㡏,52,,60,semantic
1096,U+3850,㡐,53,,60,semantic
1097,U+3851,㡑,27,,60,semantic
1098,U+3852,㡒,48,,60,semantic
1099,U+3853,㡓,27,,60,semantic
1100,U+3854,㡔,26,,60,semantic
1101,U+3855,㡕,50,,60,semantic
1102,U+3856,㡖,27,,60,semantic
1103,U+3857,㡗,46,,60,semantic
1104,U+3858,㡘,27,,60,semantic
1105,U+3859,㡙,27,,60,semantic
1106,U+385A,㡚,27,,60,semantic
1107,U+385B,㡛,50,,60,semantic
1108,U+385C,㡜,27,,60,semantic
1109,U+385D,㡝,4,,60,semantic
1110,U+385E,㡞,35,,60,semantic
1111,U+385F,㡟,27,,60,semantic
1112,U+3860,㡠,47,,60,semantic
1113,U+3861,㡡,47,,60,semantic
1114,U+3862,㡢,9,,60,semantic
1115,U+3863,㡣,12,,60,semantic
1116,U+3864,㡤,0,,60,semantic
1117,U+3865,㡥,20,,60,semantic
1118,U+3866,㡦,52,,60,semantic
1119,U+3867,㡧,27,,60,semantic
1120,U+3868,㡨,52,,60,semantic
1121,U+3869,㡩,46,,60,semantic
1122,U+386A,㡪,52,,60,semantic
1123,U+386B,㡫,36,,60,semantic
1124,U+386C,㡬,0,,60,semantic
1125,U+386E,㡮,36,,60,semantic
1126,U+386F,㡯,20,,60,semantic
1127,U+3870,㡰,9,,60,semantic
1128,U+3871,㡱,39,,60,semantic
1129,U+3872,㡲,51,,60,semantic
1130,U+3873,㡳,22,,60,semantic
1131,U+3874,㡴,8,,60,semantic
1132,U+3875,㡵,9,,60,semantic
1133,U+3876,㡶,42,,60,semantic
1134,U+3877,㡷,32,,60,semantic
1135,U+3878,㡸,45,,60,semantic
1136,U+3879,㡹,20,,60,semantic
1137,U+387A,㡺,9,,60,semantic
1138,U+387B,㡻,43,,60,semantic
1139,U+387C,㡼,9,,60,semantic
1140,U+387D,㡽,42,,60,semantic
1141,U+387E,㡾,9,,60,semantic
1142,U+387F,㡿,42,,60,semantic
1143,U+3880,㢀,9,,60,semantic
1144,U+3881,㢁,18,,60,semantic
1145,U+3882,㢂,14,,60,semantic
1146,U+3883,㢃,18,,60,semantic
1147,U+3884,㢄,20,,60,semantic
1148,U+3885,㢅,9,,60,semantic
1149,U+3886,㢆,12,,60,semantic
1150,U+3887,㢇,0,,60,semantic
1151,U+3888,㢈,14,,60,semantic
1152,U+3889,㢉,43,,60,semantic
1153,U+388A,㢊,20,,60,semantic
1154,U+388B,㢋,18,,60,semantic
1155,U+388C,㢌,0,,60,semantic
1156,U+388D,㢍,9,,60,semantic
1157,U+388E,㢎,34,,60,semantic
1158,U+388F,㢏,26,,60,semantic
1159,U+3890,㢐,0,,60,semantic
1160,U+3891,㢑,52,,60,semantic
1161,U+3892,㢒,9,,60,semantic
1162,U+3893,㢓,20,,60,semantic
1163,U+3894,㢔,18,,60,semantic
1164,U+3895,㢕,28,,60,semantic
1165,U+3896,㢖,20,,60,semantic
1166,U+3897,㢗,18,,60,semantic
1167,U+3898,㢘,47,,60,semantic
1168,U+3899,㢙,9,,60,semantic
1169,U+389A,㢚,9,,60,semantic
1170,U+389B,㢛,26,,60,semantic
1171,U+389C,㢜,18,,60,semantic
1172,U+389D,㢝,9,,60,semantic
1173,U+389E,㢞,9,,60,semantic
1174,U+389F,㢟,31,,60,semantic
1175,U+38A0,㢠,34,,60,semantic
1176,U+38A1,㢡,20,,60,semantic
1177,U+38A2,㢢,0,,60,semantic
1178,U+38A3,㢣,13,,60,semantic
1179,U+38A4,㢤,0,,60,semantic
1180,U+38A5,㢥,46,,60,semantic
1181,U+38A6,㢦,52,,60,semantic
1182,U+38A7,㢧,47,,60,semantic
1183,U+38A8,㢨,20,,60,semantic
1184,U+38A9,㢩,1,,60,semantic
1185,U+38AA,㢪,20,,60,semantic
1186,U+38AB,㢫,0,,60,semantic
1187,U+38AC,㢬,46,,60,semantic
1188,U+38AD,㢭,2,,60,semantic
1189,U+38AE,㢮,20,,60,semantic
1190,U+38AF,㢯,2,,60,semantic
1191,U+38B0,㢰,46,,60,semantic
1192,U+38B1,㢱,0,,60,semantic
1193,U+38B2,㢲,47,,60,semantic
1194,U+38B3,㢳,46,,60,semantic
1195,U+38B4,㢴,12,,60,semantic
1196,U+38B5,㢵,2,,60,semantic
1197,U+38B6,㢶,46,,60,semantic
1198,U+38B7,㢷,0,,60,semantic
1199,U+38B8,㢸,46,,60,semantic
1200,U+38B9,㢹,0,,60,semantic
1201,U+38BA,㢺,46,,60,semantic
1202,U+38BB,㢻,46,,60,semantic
1203,U+38BC,㢼,45,,60,semantic
1204,U+38BD,㢽,54,,60,semantic
1205,U+38BE,㢾,46,,60,semantic
1206,U+38BF,㢿,0,,60,semantic
1207,U+38C0,㣀,20,,60,semantic
1208,U+38C1,㣁,46,,60,semantic
1209,U+38C2,㣂,46,,60,semantic
1210,U+38C3,㣃,29,,60,semantic
1211,U+38C4,㣄,2,,60,semantic
1212,U+38C5,㣅,46,,60,semantic
1213,U+38C6,㣆,46,,60,semantic
1214,U+38C7,㣇,19,,60,semantic
1215,U+38C8,㣈,19,,60,semantic
1216,U+38C9,㣉,20,,60,semantic
1217,U+38CA,㣊,0,,60,semantic
1218,U+38CB,㣋,53,,60,semantic
1219,U+38CC,㣌,20,,60,semantic
1220,U+38CD,㣍,12,,60,semantic
1221,U+38CE,㣎,28,,60,semantic
1222,U+38CF,㣏,34,,60,semantic
1223,U+38D0,㣐,20,,60,semantic
1224,U+38D1,㣑,47,,60,semantic
1225,U+38D2,㣒,4,,60,semantic
1226,U+38D3,㣓,28,,60,semantic
1227,U+38D4,㣔,31,,60,semantic
1228,U+38D5,㣕,0,,60,semantic
1229,U+38D6,㣖,0,,60,semantic
1230,U+38D7,㣗,0,,60,semantic
1231,U+38D8,㣘,51,,60,semantic
1232,U+38D9,㣙,31,,60,semantic
1233,U+38DA,㣚,31,,60,semantic
1234,U+38DB,㣛,31,,60,semantic
1235,U+38DC,㣜,31,,60,semantic
1236,U+38DD,㣝,43,,60,semantic
1237,U+38DE,㣞,31,,60,semantic
1238,U+38DF,㣟,31,,60,semantic
1239,U+38E0,㣠,46,,60,semantic
1240,U+38E1,㣡,0,,60,semantic
1241,U+38E2,㣢,20,,60,semantic
1242,U+38E3,㣣,31,,60,semantic
1243,U+38E4,㣤,31,,60,semantic
1244,U+38E5,㣥,29,,60,semantic
1245,U+38E6,㣦,31,,60,semantic
1246,U+38E7,㣧,57,,60,semantic
1247,U+38E8,㣨,0,,60,semantic
1248,U+38E9,㣩,0,,60,semantic
1249,U+38EA,㣪,31,,60,semantic
1250,U+38EB,㣫,31,,60,semantic
1251,U+38EC,㣬,31,,60,semantic
1252,U+38ED,㣭,47,,60,semantic
1253,U+38EE,㣮,0,,60,semantic
1254,U+38EF,㣯,16,,60,semantic
1255,U+38F0,㣰,8,,60,semantic
1256,U+38F1,㣱,20,,60,semantic
1257,U+38F2,㣲,45,,60,semantic
1258,U+38F3,㣳,0,,60,semantic
1259,U+38F4,㣴,0,,60,semantic
1260,U+38F5,㣵,31,,60,semantic
1261,U+38F6,㣶,31,,60,semantic
1262,U+38F7,㣷,31,,60,semantic
1263,U+38F8,㣸,0,,60,semantic
1264,U+38F9,㣹,0,,60,semantic
1265,U+38FA,㣺,47,,60,semantic
1266,U+38FB,㣻,15,,60,semantic
1267,U+38FC,㣼,20,,60,semantic
1268,U+38FD,㣽,42,,60,semantic
1269,U+38FE,㣾,36,,60,semantic
1270,U+38FF,㣿,15,,60,semantic
1271,U+3900,㤀,0,,60,semantic
1272,U+3901,㤁,42,,60,semantic
1273,U+3902,㤂,36,,60,semantic
1274,U+3903,㤃,42,,60,semantic
1275,U+3904,㤄,15,,60,semantic
1276,U+3905,㤅,20,,60,semantic
1277,U+3906,㤆,15,,60,semantic
1278,U+3907,㤇,36,,60,semantic
1279,U+3908,㤈,15,,60,semantic
1280,U+3909,㤉,36,,60,semantic
1281,U+390A,㤊,28,,60,semantic
1282,U+390B,㤋,36,,60,semantic
1283,U+390C,㤌,20,,60,semantic
1284,U+390D,㤍,28,,60,semantic
1285,U+390E,㤎,20,,60,semantic
1286,U+390F,㤏,15,,60,semantic
1287,U+3910,㤐,20,,60,semantic
1288,U+3911,㤑,20,,60,semantic
1289,U+3912,㤒,20,,60,semantic
1290,U+3913,㤓,45,,60,semantic
1291,U+3914,㤔,20,,60,semantic
1292,U+3915,㤕,15,,60,semantic
1293,U+3916,㤖,28,,60,semantic
1294,U+3917,㤗,0,,60,semantic
1295,U+3918,㤘,42,,60,semantic
1296,U+3919,㤙,28,,60,semantic
1297,U+391A,㤚,28,,60,semantic
1298,U+391B,㤛,20,,60,semantic
1299,U+391C,㤜,42,,60,semantic
1300,U+391D,㤝,36,,60,semantic
1301,U+391E,㤞,15,,60,semantic
1302,U+391F,㤟,36,,60,semantic
1303,U+3920,㤠,15,,60,semantic
1304,U+3921,㤡,36,,60,semantic
1305,U+3922,㤢,36,,60,semantic
1306,U+3923,㤣,28,,60,semantic
1307,U+3924,㤤,15,,60,semantic
1308,U+3925,㤥,15,,60,semantic
1309,U+3926,㤦,15,,60,semantic
1310,U+3927,㤧,20,,60,semantic
1311,U+3928,㤨,36,,60,semantic
1312,U+3929,㤩,20,,60,semantic
1313,U+392A,㤪,42,,60,semantic
1314,U+392B,㤫,0,,60,semantic
1315,U+392C,㤬,15,,60,semantic
1316,U+392D,㤭,47,,60,semantic
1317,U+392E,㤮,42,,60,semantic
1318,U+392F,㤯,20,,60,semantic
1319,U+3930,㤰,15,,60,semantic
1320,U+3931,㤱,42,,60,semantic
1321,U+3932,㤲,36,,60,semantic
1322,U+3933,㤳,20,,60,semantic
1323,U+3934,㤴,20,,60,semantic
1324,U+3935,㤵,28,,60,semantic
1325,U+3936,㤶,45,,60,semantic
1326,U+3937,㤷,5,,60,semantic
1327,U+3938,㤸,36,,60,semantic
1328,U+3939,㤹,15,,60,semantic
1329,U+393A,㤺,42,,60,semantic
1330,U+393B,㤻,45,,60,semantic
1331,U+393C,㤼,0,,60,semantic
1332,U+393D,㤽,15,,60,semantic
1333,U+393E,㤾,15,,60,semantic
1334,U+393F,㤿,28,,60,semantic
1335,U+3940,㥀,28,,60,semantic
1336,U+3941,㥁,42,,60,semantic
1337,U+3942,㥂,31,,60,semantic
1338,U+3943,㥃,15,,60,semantic
1339,U+3944,㥄,15,,60,semantic
1340,U+3945,㥅,32,,60,semantic
1341,U+3946,㥆,20,,60,semantic
1342,U+3947,㥇,42,,60,semantic
1343,U+3948,㥈,36,,60,semantic
1344,U+3949,㥉,15,,60,semantic
1345,U+394A,㥊,15,,60,semantic
1346,U+394B,㥋,15,,60,semantic
1347,U+394C,㥌,36,,60,semantic
1348,U+394D,㥍,42,,60,semantic
1349,U+394E,㥎,20,,60,semantic
1350,U+394F,㥏,36,,60,semantic
1351,U+3950,㥐,42,,60,semantic
1352,U+3951,㥑,15,,60,semantic
1353,U+3952,㥒,42,,60,semantic
1354,U+3953,㥓,28,,60,semantic
1355,U+3954,㥔,36,,60,semantic
1356,U+3955,㥕,15,,60,semantic
1357,U+3956,㥖,50,,60,semantic
1358,U+3957,㥗,0,,60,semantic
1359,U+3958,㥘,0,,60,semantic
1360,U+3959,㥙,0,,60,semantic
1361,U+395A,㥚,15,,60,semantic
1362,U+395B,㥛,20,,60,semantic
1363,U+395C,㥜,45,,60,semantic
1364,U+395D,㥝,20,,60,semantic
1365,U+395E,㥞,20,,60,semantic
1366,U+395F,㥟,42,,60,semantic
1367,U+3960,㥠,42,,60,semantic
1368,U+3961,㥡,45,,60,semantic
1369,U+3962,㥢,42,,60,semantic
1370,U+3963,㥣,28,,60,semantic
1371,U+3964,㥤,15,,60,semantic
1372,U+3965,㥥,28,,60,semantic
1373,U+3966,㥦,28,,60,semantic
1374,U+3967,㥧,20,,60,semantic
1375,U+3968,㥨,15,,60,semantic
1376,U+3969,㥩,45,,60,semantic
1377,U+396A,㥪,20,,60,semantic
1378,U+396B,㥫,28,,60,semantic
1379,U+396C,㥬,36,,60,semantic
1380,U+396D,㥭,29,,60,semantic
1381,U+396E,㥮,42,,60,semantic
1382,U+396F,㥯,36,,60,semantic
1383,U+3970,㥰,15,,60,semantic
1384,U+3971,㥱,15,,60,semantic
1385,U+3972,㥲,15,,60,semantic
1386,U+3973,㥳,20,,60,semantic
1387,U+3974,㥴,42,,60,semantic
1388,U+3975,㥵,42,,60,semantic
1389,U+3976,㥶,20,,60,semantic
1390,U+3977,㥷,34,,60,semantic
1391,U+3978,㥸,15,,60,semantic
1392,U+3979,㥹,31,,60,semantic
1393,U+397A,㥺,39,,60,semantic
1394,U+397B,㥻,0,,60,semantic
1395,U+397C,㥼,20,,60,semantic
1396,U+397D,㥽,20,,60,semantic
1397,U+397E,㥾,15,,60,semantic
1398,U+397F,㥿,28,,60,semantic
1399,U+3980,㦀,28,,60,semantic
1400,U+3981,㦁,15,,60,semantic
1401,U+3982,㦂,47,,60,semantic
1402,U+3983,㦃,18,,60,semantic
1403,U+3984,㦄,36,,60,semantic
1404,U+3985,㦅,36,,60,semantic
1405,U+3986,㦆,42,,60,semantic
1406,U+3987,㦇,20,,60,semantic
1407,U+3988,㦈,0,,60,semantic
1408,U+3989,㦉,28,,60,semantic
1409,U+398A,㦊,18,,60,semantic
1410,U+398B,㦋,36,,60,semantic
1411,U+398C,㦌,45,,60,semantic
1412,U+398D,㦍,36,,60,semantic
1413,U+398E,㦎,45,,60,semantic
1414,U+398F,㦏,45,,60,semantic
1415,U+3990,㦐,20,,60,semantic
1416,U+3991,㦑,15,,60,semantic
1417,U+3992,㦒,42,,60,semantic
1418,U+3993,㦓,36,,60,semantic
1419,U+3994,㦔,20,,60,semantic
1420,U+3995,㦕,20,,60,semantic
1421,U+3996,㦖,15,,60,semantic
1422,U+3997,㦗,28,,60,semantic
1423,U+3998,㦘,31,,60,semantic
1424,U+3999,㦙,0,,60,semantic
1425,U+399A,㦚,15,,60,semantic
1426,U+399B,㦛,20,,60,semantic
1427,U+399C,㦜,36,,60,semantic
1428,U+399D,㦝,28,,60,semantic
1429,U+399E,㦞,15,,60,semantic
1430,U+399F,㦟,28,,60,semantic
1431,U+39A0,㦠,0,,60,semantic
1432,U+39A1,㦡,28,,60,semantic
1433,U+39A2,㦢,28,,60,semantic
1434,U+39A3,㦣,20,,60,semantic
1435,U+39A4,㦤,28,,60,semantic
1436,U+39A5,㦥,20,,60,semantic
1437,U+39A6,㦦,36,,60,semantic
1438,U+39A7,㦧,15,,60,semantic
1439,U+39A8,㦨,45,,60,semantic
1440,U+39A9,㦩,15,,60,semantic
1441,U+39AA,㦪,15,,60,semantic
1442,U+39AB,㦫,45,,60,semantic
1443,U+39AC,㦬,15,,60,semantic
1444,U+39AD,㦭,15,,60,semantic
1445,U+39AE,㦮,29,,60,semantic
1446,U+39AF,㦯,47,,60,semantic
1447,U+39B0,㦰,5,,60,semantic
1448,U+39B1,㦱,0,,60,semantic
1449,U+39B2,㦲,15,,60,semantic
1450,U+39B3,㦳,3,,60,semantic
1451,U+39B4,㦴,1,,60,semantic
1452,U+39B5,㦵,20,,60,semantic
1453,U+39B6,㦶,18,,60,semantic
1454,U+39B7,㦷,28,,60,semantic
1455,U+39B8,㦸,2,,60,semantic
1456,U+39B9,㦹,2,,60,semantic
1457,U+39BA,㦺,2,,60,semantic
1458,U+39BB,㦻,20,,60,semantic
1459,U+39BC,㦼,55,,60,semantic
1460,U+39BD,㦽,28,,60,semantic
1461,U+39BE,㦾,9,,60,semantic
1462,U+39BF,㦿,9,,60,semantic
1463,U+39C0,㧀,9,,60,semantic
1464,U+39C1,㧁,43,,60,semantic
1465,U+39C2,㧂,14,,60,semantic
1466,U+39C3,㧃,20,,60,semantic
1467,U+39C4,㧄,13,,60,semantic
1468,U+39C5,㧅,20,,60,semantic
1469,U+39C6,㧆,27,,60,semantic
1470,U+39C7,㧇,20,,60,semantic
1471,U+39C8,㧈,20,,60,semantic
1472,U+39C9,㧉,1,,60,semantic
1473,U+39CA,㧊,1,,60,semantic
1474,U+39CB,㧋,47,,60,semantic
1475,U+39CC,㧌,20,,60,semantic
1476,U+39CD,㧍,20,,60,semantic
1477,U+39CE,㧎,20,,60,semantic
1478,U+39CF,㧏,13,,60,semantic
1479,U+39D0,㧐,20,,60,semantic
1480,U+39D1,㧑,47,,60,semantic
1481,U+39D2,㧒,1,,60,semantic
1482,U+39D3,㧓,20,,60,semantic
1483,U+39D4,㧔,42,,60,semantic
1484,U+39D5,㧕,20,,60,semantic
1485,U+39D6,㧖,13,,60,semantic
1486,U+39D7,㧗,1,,60,semantic
1487,U+39D8,㧘,4,,60,semantic
1488,U+39D9,㧙,1,,60,semantic
1489,U+39DA,㧚,26,,60,semantic
1490,U+39DB,㧛,18,,60,semantic
1491,U+39DC,㧜,20,,60,semantic
1492,U+39DD,㧝,20,,60,semantic
1493,U+39DE,㧞,0,,60,semantic
1494,U+39DF,㧟,52,,60,semantic
1495,U+39E0,㧠,0,,60,semantic
1496,U+39E1,㧡,20,,60,semantic
1497,U+39E2,㧢,20,,60,semantic
1498,U+39E3,㧣,5,,60,semantic
1499,U+39E4,㧤,1,,60,semantic
1500,U+39E5,㧥,13,,60,semantic
1501,U+39E6,㧦,1,,60,semantic
1502,U+39E7,㧧,4,,60,semantic
1503,U+39E8,㧨,31,,60,semantic
1504,U+39E9,㧩,20,,60,semantic
1505,U+39EA,㧪,5,,60,semantic
1506,U+39EB,㧫,20,,60,semantic
1507,U+39EC,㧬,13,,60,semantic
1508,U+39ED,㧭,13,,60,semantic
1509,U+39EE,㧮,18,,60,semantic
1510,U+39EF,㧯,13,,60,semantic
1511,U+39F0,㧰,1,,60,semantic
1512,U+39F1,㧱,20,,60,semantic
1513,U+39F2,㧲,8,,60,semantic
1514,U+39F3,㧳,47,,60,semantic
1515,U+39F4,㧴,51,,60,semantic
1516,U+39F5,㧵,52,,60,semantic
1517,U+39F6,㧶,1,,60,semantic
1518,U+39F7,㧷,52,,60,semantic
1519,U+39F8,㧸,1,,60,semantic
1520,U+39F9,㧹,1,,60,semantic
1521,U+39FA,㧺,46,,60,semantic
1522,U+39FB,㧻,1,,60,semantic
1523,U+39FC,㧼,5,,60,semantic
1524,U+39FD,㧽,43,,60,semantic
1525,U+39FE,㧾,1,,60,semantic
1526,U+39FF,㧿,1,,60,semantic
1527,U+3A00,㨀,47,,60,semantic
1528,U+3A01,㨁,1,,60,semantic
1529,U+3A02,㨂,1,,60,semantic
1530,U+3A03,㨃,1,,60,semantic
1531,U+3A04,㨄,1,,60,semantic
1532,U+3A05,㨅,52,,60,semantic
1533,U+3A06,㨆,1,,60,semantic
1534,U+3A07,㨇,5,,60,semantic
1535,U+3A08,㨈,20,,60,semantic
1536,U+3A09,㨉,52,,60,semantic
1537,U+3A0A,㨊,5,,60,semantic
1538,U+3A0B,㨋,1,,60,semantic
1539,U+3A0C,㨌,19,,60,semantic
1540,U+3A0D,㨍,20,,60,semantic
1541,U+3A0E,㨎,20,,60,semantic
1542,U+3A0F,㨏,1,,60,semantic
1543,U+3A10,㨐,1,,60,semantic
1544,U+3A11,㨑,20,,60,semantic
1545,U+3A12,㨒,52,,60,semantic
1546,U+3A13,㨓,5,,60,semantic
1547,U+3A14,㨔,16,,60,semantic
1548,U+3A15,㨕,20,,60,semantic
1549,U+3A16,㨖,20,,60,semantic
1550,U+3A17,㨗,47,,60,semantic
1551,U+3A18,㨘,1,,60,semantic
1552,U+3A19,㨙,13,,60,semantic
1553,U+3A1A,㨚,20,,60,semantic
1554,U+3A1B,㨛,45,,60,semantic
1555,U+3A1C,㨜,20,,60,semantic
1556,U+3A1D,㨝,52,,60,semantic
1557,U+3A1E,㨞,20,,60,semantic
1558,U+3A1F,㨟,20,,60,semantic
1559,U+3A20,㨠,20,,60,semantic
1560,U+3A21,㨡,13,,60,semantic
1561,U+3A22,㨢,52,,60,semantic
1562,U+3A23,㨣,0,,60,semantic
1563,U+3A24,㨤,52,,60,semantic
1564,U+3A25,㨥,1,,60,semantic
1565,U+3A26,㨦,20,,60,semantic
1566,U+3A27,㨧,37,,60,semantic
1567,U+3A28,㨨,52,,60,semantic
1568,U+3A29,㨩,20,,60,semantic
1569,U+3A2A,㨪,16,,60,semantic
1570,U+3A2B,㨫,20,,60,semantic
1571,U+3A2C,㨬,0,,60,semantic
1572,U+3A2D,㨭,42,,60,semantic
1573,U+3A2E,㨮,13,,60,semantic
1574,U+3A2F,㨯,18,,60,semantic
1575,U+3A30,㨰,31,,60,semantic
1576,U+3A31,㨱,16,,60,semantic
1577,U+3A32,㨲,20,,60,semantic
1578,U+3A33,㨳,20,,60,semantic
1579,U+3A34,㨴,5,,60,semantic
1580,U+3A35,㨵,5,,60,semantic
1581,U+3A36,㨶,1,,60,semantic
1582,U+3A37,㨷,52,,60,semantic
1583,U+3A38,㨸,1,,60,semantic
1584,U+3A39,㨹,52,,60,semantic
1585,U+3A3A,㨺,20,,60,semantic
1586,U+3A3B,㨻,1,,60,semantic
1587,U+3A3C,㨼,47,,60,semantic
1588,U+3A3D,㨽,52,,60,semantic
1589,U+3A3E,㨾,47,,60,semantic
1590,U+3A3F,㨿,20,,60,semantic
1591,U+3A40,㩀,20,,60,semantic
1592,U+3A41,㩁,20,,60,semantic
1593,U+3A42,㩂,0,,60,semantic
1594,U+3A43,㩃,13,,60,semantic
1595,U+3A44,㩄,1,,60,semantic
1596,U+3A45,㩅,5,,60,semantic
1597,U+3A46,㩆,1,,60,semantic
1598,U+3A47,㩇,52,,60,semantic
1599,U+3A48,㩈,36,,60,semantic
1600,U+3A49,㩉,20,,60,semantic
1601,U+3A4A,㩊,20,,60,semantic
1602,U+3A4B,㩋,1,,60,semantic
1603,U+3A4C,㩌,1,,60,semantic
1604,U+3A4D,㩍,20,,60,semantic
1605,U+3A4E,㩎,20,,60,semantic
1606,U+3A4F,㩏,0,,60,semantic
1607,U+3A50,㩐,13,,60,semantic
1608,U+3A51,㩑,0,,60,semantic
1609,U+3A52,㩒,13,,60,semantic
1610,U+3A53,㩓,1,,60,semantic
1611,U+3A54,㩔,1,,60,semantic
1612,U+3A55,㩕,13,,60,semantic
1613,U+3A56,㩖,20,,60,semantic
1614,U+3A57,㩗,20,,60,semantic
1615,U+3A58,㩘,47,,60,semantic
1616,U+3A59,㩙,46,,60,semantic
1617,U+3A5A,㩚,29,,60,semantic
1618,U+3A5B,㩛,20,,60,semantic
1619,U+3A5C,㩜,20,,60,semantic
1620,U+3A5D,㩝,47,,60,semantic
1621,U+3A5E,㩞,20,,60,semantic
1622,U+3A5F,㩟,27,,60,semantic
1623,U+3A60,㩠,20,,60,semantic
1624,U+3A61,㩡,16,,60,semantic
1625,U+3A62,㩢,1,,60,semantic
1626,U+3A63,㩣,20,,60,semantic
1627,U+3A64,㩤,20,,60,semantic
1628,U+3A65,㩥,53,,60,semantic
1629,U+3A66,㩦,32,,60,semantic
1630,U+3A67,㩧,1,,60,semantic
1631,U+3A68,㩨,52,,60,semantic
1632,U+3A69,㩩,5,,60,semantic
1633,U+3A6A,㩪,20,,60,semantic
1634,U+3A6B,㩫,0,,60,semantic
1635,U+3A6C,㩬,1,,60,semantic
1636,U+3A6D,㩭,20,,60,semantic
1637,U+3A6E,㩮,13,,60,semantic
1638,U+3A6F,㩯,20,,60,semantic
1639,U+3A70,㩰,1,,60,semantic
1640,U+3A71,㩱,13,,60,semantic
1641,U+3A72,㩲,1,,60,semantic
1642,U+3A73,㩳,13,,60,semantic
1643,U+3A74,㩴,13,,60,semantic
1644,U+3A75,㩵,1,,60,semantic
1645,U+3A76,㩶,13,,60,semantic
1646,U+3A77,㩷,0,,60,semantic
1647,U+3A78,㩸,52,,60,semantic
1648,U+3A79,㩹,52,,60,semantic
1649,U+3A7A,㩺,17,,60,semantic
1650,U+3A7B,㩻,22,,60,semantic
1651,U+3A7C,㩼,18,,60,semantic
1652,U+3A7D,㩽,41,,60,semantic
1653,U+3A7E,㩾,5,,60,semantic
1654,U+3A7F,㩿,45,,60,semantic
1655,U+3A80,㪀,20,,60,semantic
1656,U+3A81,㪁,20,,60,semantic
1657,U+3A82,㪂,45,,60,semantic
1658,U+3A83,㪃,1,,60,semantic
1659,U+3A84,㪄,52,,60,semantic
1660,U+3A85,㪅,20,,60,semantic
1661,U+3A86,㪆,34,,60,semantic
1662,U+3A87,㪇,8,,60,semantic
1663,U+3A88,㪈,5,,60,semantic
1664,U+3A89,㪉,20,,60,semantic
1665,U+3A8A,㪊,42,,60,semantic
1666,U+3A8B,㪋,20,,60,semantic
1667,U+3A8C,㪌,31,,60,semantic
1668,U+3A8D,㪍,20,,60,semantic
1669,U+3A8E,㪎,36,,60,semantic
1670,U+3A8F,㪏,5,,60,semantic
1671,U+3A90,㪐,45,,60,semantic
1672,U+3A91,㪑,20,,60,semantic
1673,U+3A92,㪒,5,,60,semantic
1674,U+3A93,㪓,15,,60,semantic
1675,U+3A94,㪔,5,,60,semantic
1676,U+3A95,㪕,1,,60,semantic
1677,U+3A96,㪖,8,,60,semantic
1678,U+3A97,㪗,20,,60,semantic
1679,U+3A98,㪘,20,,60,semantic
1680,U+3A99,㪙,20,,60,semantic
1681,U+3A9A,㪚,5,,60,semantic
1682,U+3A9B,㪛,1,,60,semantic
1683,U+3A9C,㪜,20,,60,semantic
1684,U+3A9D,㪝,1,,60,semantic
1685,U+3A9E,㪞,20,,60,semantic
1686,U+3A9F,㪟,28,,60,semantic
1687,U+3AA0,㪠,20,,60,semantic
1688,U+3AA1,㪡,1,,60,semantic
1689,U+3AA2,㪢,1,,60,semantic
1690,U+3AA3,㪣,1,,60,semantic
1691,U+3AA4,㪤,5,,60,semantic
1692,U+3AA5,㪥,13,,60,semantic
1693,U+3AA6,㪦,1,,60,semantic
1694,U+3AA7,㪧,1,,60,semantic
1695,U+3AA8,㪨,20,,60,semantic
1696,U+3AA9,㪩,1,,60,semantic
1697,U+3AAA,㪪,2,,60,semantic
1698,U+3AAB,㪫,42,,60,semantic
1699,U+3AAC,㪬,52,,60,semantic
1700,U+3AAD,㪭,20,,60,semantic
1701,U+3AAE,㪮,1,,60,semantic
1702,U+3AAF,㪯,20,,60,semantic
1703,U+3AB0,㪰,20,,60,semantic
1704,U+3AB1,㪱,50,,60,semantic
1705,U+3AB2,㪲,0,,60,semantic
1706,U+3AB3,㪳,0,,60,semantic
1707,U+3AB4,㪴,47,,60,semantic
1708,U+3AB5,㪵,47,,60,semantic
1709,U+3AB6,㪶,48,,60,semantic
1710,U+3AB7,㪷,0,,60,semantic
1711,U+3AB8,㪸,26,,60,semantic
1712,U+3AB9,㪹,42,,60,semantic
1713,U+3ABA,㪺,23,,60,semantic
1714,U+3ABB,㪻,21,,60,semantic
1715,U+3ABC,㪼,13,,60,semantic
1716,U+3ABD,㪽,0,,60,semantic
1717,U+3ABE,㪾,52,,60,semantic
1718,U+3ABF,㪿,52,,60,semantic
1719,U+3AC0,㫀,59,,60,semantic
1720,U+3AC1,㫁,5,,60,semantic
1721,U+3AC2,㫂,52,,60,semantic
1722,U+3AC3,㫃,53,,60,semantic
1723,U+3AC4,㫄,47,,60,semantic
1724,U+3AC5,㫅,47,,60,semantic
1725,U+3AC6,㫆,0,,60,semantic
1726,U+3AC7,㫇,0,,60,semantic
1727,U+3AC8,㫈,0,,60,semantic
1728,U+3AC9,㫉,0,,60,semantic
1729,U+3ACA,㫊,16,,60,semantic
1730,U+3ACB,㫋,27,,60,semantic
1731,U+3ACC,㫌,0,,60,semantic
1732,U+3ACD,㫍,2,,60,semantic
1733,U+3ACE,㫎,47,,60,semantic
1734,U+3ACF,㫏,53,,60,semantic
1735,U+3AD0,㫐,34,,60,semantic
1736,U+3AD1,㫑,20,,60,semantic
1737,U+3AD2,㫒,20,,60,semantic
1738,U+3AD3,㫓,16,,60,semantic
1739,U+3AD4,㫔,47,,60,semantic
1740,U+3AD5,㫕,50,,60,semantic
1741,U+3AD6,㫖,0,,60,semantic
1742,U+3AD7,㫗,28,,60,semantic
1743,U+3AD8,㫘,34,,60,semantic
1744,U+3AD9,㫙,50,,60,semantic
1745,U+3ADA,㫚,50,,60,semantic
1746,U+3ADB,㫛,50,,60,semantic
1747,U+3ADC,㫜,50,,60,semantic
1748,U+3ADD,㫝,50,,60,semantic
1749,U+3ADE,㫞,50,,60,semantic
1750,U+3ADF,㫟,50,,60,semantic
1751,U+3AE0,㫠,23,,60,semantic
1752,U+3AE1,㫡,12,,60,semantic
1753,U+3AE2,㫢,0,,60,semantic
1754,U+3AE3,㫣,0,,60,semantic
1755,U+3AE4,㫤,50,,60,semantic
1756,U+3AE5,㫥,34,,60,semantic
1757,U+3AE6,㫦,50,,60,semantic
1758,U+3AE7,㫧,42,,60,semantic
1759,U+3AE8,㫨,0,,60,semantic
1760,U+3AE9,㫩,28,,60,semantic
1761,U+3AEA,㫪,53,,60,semantic
1762,U+3AEB,㫫,28,,60,semantic
1763,U+3AEC,㫬,0,,60,semantic
1764,U+3AED,㫭,0,,60,semantic
1765,U+3AEE,㫮,0,,60,semantic
1766,U+3AEF,㫯,42,,60,semantic
1767,U+3AF0,㫰,50,,60,semantic
1768,U+3AF1,㫱,49,,60,semantic
1769,U+3AF2,㫲,45,,60,semantic
1770,U+3AF3,㫳,50,,60,semantic
1771,U+3AF4,㫴,8,,60,semantic
1772,U+3AF5,㫵,19,,60,semantic
1773,U+3AF6,㫶,50,,60,semantic
1774,U+3AF7,㫷,20,,60,semantic
1775,U+3AF8,㫸,50,,60,semantic
1776,U+3AF9,㫹,50,,60,semantic
1777,U+3AFA,㫺,12,,60,semantic
1778,U+3AFB,㫻,50,,60,semantic
1779,U+3AFC,㫼,28,,60,semantic
1780,U+3AFD,㫽,50,,60,semantic
1781,U+3AFE,㫾,0,,60,semantic
1782,U+3AFF,㫿,0,,60,semantic
1783,U+3B00,㬀,0,,60,semantic
1784,U+3B01,㬁,50,,60,semantic
1785,U+3B02,㬂,32,,60,semantic
1786,U+3B03,㬃,50,,60,semantic
1787,U+3B04,㬄,39,,60,semantic
1788,U+3B05,㬅,18,,60,semantic
1789,U+3B06,㬆,12,,60,semantic
1790,U+3B07,㬇,50,,60,semantic
1791,U+3B08,㬈,50,,60,semantic
1792,U+3B09,㬉,28,,60,semantic
1793,U+3B0A,㬊,50,,60,semantic
1794,U+3B0B,㬋,32,,60,semantic
1795,U+3B0C,㬌,50,,60,semantic
1796,U+3B0D,㬍,39,,60,semantic
1797,U+3B0E,㬎,20,,60,semantic
1798,U+3B0F,㬏,50,,60,semantic
1799,U+3B10,㬐,43,,60,semantic
1800,U+3B11,㬑,0,,60,semantic
1801,U+3B12,㬒,50,,60,semantic
1802,U+3B13,㬓,50,,60,semantic
1803,U+3B14,㬔,42,,60,semantic
1804,U+3B15,㬕,50,,60,semantic
1805,U+3B16,㬖,0,,60,semantic
1806,U+3B17,㬗,50,,60,semantic
1807,U+3B18,㬘,45,,60,semantic
1808,U+3B19,㬙,50,,60,semantic
1809,U+3B1A,㬚,50,,60,semantic
1810,U+3B1B,㬛,50,,60,semantic
1811,U+3B1C,㬜,20,,60,semantic
1812,U+3B1D,㬝,50,,60,semantic
1813,U+3B1E,㬞,50,,60,semantic
1814,U+3B1F,㬟,34,,60,semantic
1815,U+3B20,㬠,50,,60,semantic
1816,U+3B21,㬡,50,,60,semantic
1817,U+3B22,㬢,50,,60,semantic
1818,U+3B23,㬣,28,,60,semantic
1819,U+3B24,㬤,23,,60,semantic
1820,U+3B25,㬥,50,,60,semantic
1821,U+3B26,㬦,28,,60,semantic
1822,U+3B27,㬧,27,,60,semantic
1823,U+3B28,㬨,0,,60,semantic
1824,U+3B29,㬩,47,,60,semantic
1825,U+3B2A,㬪,47,,60,semantic
1826,U+3B2B,㬫,16,,60,semantic
1827,U+3B2C,㬬,32,,60,semantic
1828,U+3B2D,㬭,50,,60,semantic
1829,U+3B2E,㬮,28,,60,semantic
1830,U+3B2F,㬯,50,,60,semantic
1831,U+3B30,㬰,34,,60,semantic
1832,U+3B31,㬱,20,,60,semantic
1833,U+3B32,㬲,20,,60,semantic
1834,U+3B33,㬳,50,,60,semantic
1835,U+3B34,㬴,12,,60,semantic
1836,U+3B35,㬵,51,,60,semantic
1837,U+3B36,㬶,19,,60,semantic
1838,U+3B37,㬷,0,,60,semantic
1839,U+3B38,㬸,29,,60,semantic
1840,U+3B39,㬹,51,,60,semantic
1841,U+3B3A,㬺,0,,60,semantic
1842,U+3B3B,㬻,43,,60,semantic
1843,U+3B3C,㬼,20,,60,semantic
1844,U+3B3D,㬽,0,,60,semantic
1845,U+3B3E,㬾,0,,60,semantic
1846,U+3B3F,㬿,50,,60,semantic
1847,U+3B40,㭀,0,,60,semantic
1848,U+3B41,㭁,41,,60,semantic
1849,U+3B42,㭂,51,,60,semantic
1850,U+3B43,㭃,46,,60,semantic
1851,U+3B44,㭄,41,,60,semantic
1852,U+3B45,㭅,0,,60,semantic
1853,U+3B46,㭆,0,,60,semantic
1854,U+3B47,㭇,41,,60,semantic
1855,U+3B48,㭈,26,,60,semantic
1856,U+3B49,㭉,2,,60,semantic
1857,U+3B4A,㭊,52,,60,semantic
1858,U+3B4B,㭋,20,,60,semantic
1859,U+3B4C,㭌,47,,60,semantic
1860,U+3B4D,㭍,47,,60,semantic
1861,U+3B4E,㭎,41,,60,semantic
1862,U+3B4F,㭏,2,,60,semantic
1863,U+3B50,㭐,0,,60,semantic
1864,U+3B51,㭑,41,,60,semantic
1865,U+3B52,㭒,2,,60,semantic
1866,U+3B53,㭓,12,,60,semantic
1867,U+3B54,㭔,41,,60,semantic
1868,U+3B55,㭕,35,,60,semantic
1869,U+3B56,㭖,0,,60,semantic
1870,U+3B57,㭗,0,,60,semantic
1871,U+3B58,㭘,2,,60,semantic
1872,U+3B59,㭙,2,,60,semantic
1873,U+3B5A,㭚,41,,60,semantic
1874,U+3B5B,㭛,27,,60,semantic
1875,U+3B5C,㭜,41,,60,semantic
1876,U+3B5D,㭝,43,,60,semantic
1877,U+3B5E,㭞,2,,60,semantic
1878,U+3B5F,㭟,12,,60,semantic
1879,U+3B60,㭠,0,,60,semantic
1880,U+3B61,㭡,22,,60,semantic
1881,U+3B62,㭢,33,,60,semantic
1882,U+3B63,㭣,0,,60,semantic
1883,U+3B64,㭤,47,,60,semantic
1884,U+3B65,㭥,0,,60,semantic
1885,U+3B66,㭦,0,,60,semantic
1886,U+3B67,㭧,0,,60,semantic
1887,U+3B68,㭨,48,,60,semantic
1888,U+3B69,㭩,41,,60,semantic
1889,U+3B6A,㭪,3,,60,semantic
1890,U+3B6B,㭫,41,,60,semantic
1891,U+3B6C,㭬,42,,60,semantic
1892,U+3B6D,㭭,2,,60,semantic
1893,U+3B6E,㭮,42,,60,semantic
1894,U+3B6F,㭯,41,,60,semantic
1895,U+3B70,㭰,7,,60,semantic
1896,U+3B71,㭱,47,,60,semantic
1897,U+3B72,㭲,35,,60,semantic
1898,U+3B73,㭳,0,,60,semantic
1899,U+3B74,㭴,53,,60,semantic
1900,U+3B75,㭵,0,,60,semantic
1901,U+3B76,㭶,0,,60,semantic
1902,U+3B77,㭷,0,,60,semantic
1903,U+3B78,㭸,41,,60,semantic
1904,U+3B79,㭹,43,,60,semantic
1905,U+3B7A,㭺,41,,60,semantic
1906,U+3B7B,㭻,41,,60,semantic
1907,U+3B7C,㭼,14,,60,semantic
1908,U+3B7D,㭽,9,,60,semantic
1909,U+3B7E,㭾,52,,60,semantic
1910,U+3B7F,㭿,51,,60,semantic
1911,U+3B80,㮀,23,,60,semantic
1912,U+3B81,㮁,3,,60,semantic
1913,U+3B82,㮂,54,,60,semantic
1914,U+3B83,㮃,41,,60,semantic
1915,U+3B84,㮄,7,,60,semantic
1916,U+3B85,㮅,41,,60,semantic
1917,U+3B86,㮆,41,,60,semantic
1918,U+3B87,㮇,2,,60,semantic
1919,U+3B88,㮈,20,,60,semantic
1920,U+3B89,㮉,0,,60,semantic
1921,U+3B8A,㮊,0,,60,semantic
1922,U+3B8B,㮋,41,,60,semantic
1923,U+3B8C,㮌,48,,60,semantic
1924,U+3B8D,㮍,47,,60,semantic
1925,U+3B8E,㮎,26,,60,semantic
1926,U+3B8F,㮏,41,,60,semantic
1927,U+3B90,㮐,46,,60,semantic
1928,U+3B91,㮑,52,,60,semantic
1929,U+3B92,㮒,2,,60,semantic
1930,U+3B93,㮓,18,,60,semantic
1931,U+3B94,㮔,3,,60,semantic
1932,U+3B95,㮕,41,,60,semantic
1933,U+3B96,㮖,20,,60,semantic
1934,U+3B97,㮗,2,,60,semantic
1935,U+3B98,㮘,41,,60,semantic
1936,U+3B99,㮙,14,,60,semantic
1937,U+3B9A,㮚,41,,60,semantic
1938,U+3B9B,㮛,26,,60,semantic
1939,U+3B9C,㮜,2,,60,semantic
1940,U+3B9D,㮝,51,,60,semantic
1941,U+3B9E,㮞,2,,60,semantic
1942,U+3B9F,㮟,14,,60,semantic
1943,U+3BA0,㮠,0,,60,semantic
1944,U+3BA1,㮡,39,,60,semantic
1945,U+3BA2,㮢,41,,60,semantic
1946,U+3BA3,㮣,52,,60,semantic
1947,U+3BA4,㮤,41,,60,semantic
1948,U+3BA5,㮥,55,,60,semantic
1949,U+3BA6,㮦,41,,60,semantic
1950,U+3BA7,㮧,41,,60,semantic
1951,U+3BA8,㮨,43,,60,semantic
1952,U+3BA9,㮩,41,,60,semantic
1953,U+3BAA,㮪,55,,60,semantic
1954,U+3BAB,㮫,2,,60,semantic
1955,U+3BAC,㮬,41,,60,semantic
1956,U+3BAD,㮭,29,,60,semantic
1957,U+3BAE,㮮,49,,60,semantic
1958,U+3BAF,㮯,41,,60,semantic
1959,U+3BB0,㮰,55,,60,semantic
1960,U+3BB1,㮱,3,,60,semantic
1961,U+3BB2,㮲,46,,60,semantic
1962,U+3BB3,㮳,41,,60,semantic
1963,U+3BB4,㮴,55,,60,semantic
1964,U+3BB5,㮵,41,,60,semantic
1965,U+3BB6,㮶,9,,60,semantic
1966,U+3BB7,㮷,41,,60,semantic
1967,U+3BB8,㮸,29,,60,semantic
1968,U+3BB9,㮹,41,,60,semantic
1969,U+3BBA,㮺,47,,60,semantic
1970,U+3BBB,㮻,42,,60,semantic
1971,U+3BBC,㮼,0,,60,semantic
1972,U+3BBD,㮽,0,,60,semantic
1973,U+3BBE,㮾,43,,60,semantic
1974,U+3BBF,㮿,41,,60,semantic
1975,U+3BC0,㯀,46,,60,semantic
1976,U+3BC1,㯁,2,,60,semantic
1977,U+3BC2,㯂,11,,60,semantic
1978,U+3BC3,㯃,26,,60,semantic
1979,U+3BC4,㯄,28,,60,semantic
1980,U+3BC5,㯅,41,,60,semantic
1981,U+3BC6,㯆,41,,60,semantic
1982,U+3BC7,㯇,2,,60,semantic
1983,U+3BC8,㯈,41,,60,semantic
1984,U+3BC9,㯉,41,,60,semantic
1985,U+3BCA,㯊,53,,60,semantic
1986,U+3BCB,㯋,27,,60,semantic
1987,U+3BCC,㯌,20,,60,semantic
1988,U+3BCD,㯍,47,,60,semantic
1989,U+3BCE,㯎,45,,60,semantic
1990,U+3BCF,㯏,48,,60,semantic
1991,U+3BD0,㯐,14,,60,semantic
1992,U+3BD1,㯑,0,,60,semantic
1993,U+3BD2,㯒,0,,60,semantic
1994,U+3BD3,㯓,9,,60,semantic
1995,U+3BD4,㯔,18,,60,semantic
1996,U+3BD5,㯕,2,,60,semantic
1997,U+3BD6,㯖,2,,60,semantic
1998,U+3BD7,㯗,41,,60,semantic
1999,U+3BD8,㯘,2,,60,semantic
2000,U+3BD9,㯙,41,,60,semantic
2001,U+3BDA,㯚,41,,60,semantic
2002,U+3BDB,㯛,53,,60,semantic
2003,U+3BDC,㯜,2,,60,semantic
2004,U+3BDD,㯝,38,,60,semantic
2005,U+3BDE,㯞,41,,60,semantic
2006,U+3BDF,㯟,22,,60,semantic
2007,U+3BE0,㯠,2,,60,semantic
2008,U+3BE1,㯡,49,,60,semantic
2009,U+3BE2,㯢,11,,60,semantic
2010,U+3BE3,㯣,39,,60,semantic
2011,U+3BE4,㯤,41,,60,semantic
2012,U+3BE5,㯥,43,,60,semantic
2013,U+3BE6,㯦,47,,60,semantic
2014,U+3BE7,㯧,0,,60,semantic
2015,U+3BE8,㯨,0,,60,semantic
2016,U+3BE9,㯩,11,,60,semantic
2017,U+3BEA,㯪,9,,60,semantic
2018,U+3BEB,㯫,37,,60,semantic
2019,U+3BEC,㯬,28,,60,semantic
2020,U+3BED,㯭,2,,60,semantic
2021,U+3BEE,㯮,41,,60,semantic
2022,U+3BEF,㯯,26,,60,semantic
2023,U+3BF0,㯰,3,,60,semantic
2024,U+3BF1,㯱,27,,60,semantic
2025,U+3BF2,㯲,37,,60,semantic
2026,U+3BF3,㯳,2,,60,semantic
2027,U+3BF4,㯴,0,,60,semantic
2028,U+3BF5,㯵,0,,60,semantic
2029,U+3BF6,㯶,41,,60,semantic
2030,U+3BF7,㯷,41,,60,semantic
2031,U+3BF8,㯸,23,,60,semantic
2032,U+3BF9,㯹,42,,60,semantic
2033,U+3BFA,㯺,14,,60,semantic
2034,U+3BFB,㯻,46,,60,semantic
2035,U+3BFC,㯼,0,,60,semantic
2036,U+3BFD,㯽,48,,60,semantic
2037,U+3BFE,㯾,41,,60,semantic
2038,U+3BFF,㯿,41,,60,semantic
2039,U+3C00,㰀,41,,60,semantic
2040,U+3C01,㰁,41,,60,semantic
2041,U+3C02,㰂,24,,60,semantic
2042,U+3C03,㰃,41,,60,semantic
2043,U+3C04,㰄,41,,60,semantic
2044,U+3C05,㰅,27,,60,semantic
2045,U+3C06,㰆,39,,60,semantic
2046,U+3C07,㰇,43,,60,semantic
2047,U+3C08,㰈,28,,60,semantic
2048,U+3C09,㰉,41,,60,semantic
2049,U+3C0A,㰊,41,,60,semantic
2050,U+3C0B,㰋,41,,60,semantic
2051,U+3C0C,㰌,47,,60,semantic
2052,U+3C0D,㰍,9,,60,semantic
2053,U+3C0E,㰎,43,,60,semantic
2054,U+3C0F,㰏,37,,60,semantic
2055,U+3C10,㰐,47,,60,semantic
2056,U+3C11,㰑,41,,60,semantic
2057,U+3C12,㰒,0,,60,semantic
2058,U+3C13,㰓,0,,60,semantic
2059,U+3C14,㰔,54,,60,semantic
2060,U+3C15,㰕,49,,60,semantic
2061,U+3C16,㰖,38,,60,semantic
2062,U+3C17,㰗,41,,60,semantic
2063,U+3C18,㰘,41,,60,semantic
2064,U+3C19,㰙,45,,60,semantic
2065,U+3C1A,㰚,37,,60,semantic
2066,U+3C1B,㰛,32,,60,semantic
2067,U+3C1C,㰜,0,,60,semantic
2068,U+3C1D,㰝,8,,60,semantic
2069,U+3C1E,㰞,42,,60,semantic
2070,U+3C1F,㰟,20,,60,semantic
2071,U+3C20,㰠,29,,60,semantic
2072,U+3C21,㰡,36,,60,semantic
2073,U+3C22,㰢,56,,60,semantic
2074,U+3C23,㰣,5,,60,semantic
2075,U+3C24,㰤,8,,60,semantic
2076,U+3C25,㰥,8,,60,semantic
2077,U+3C26,㰦,8,,60,semantic
2078,U+3C27,㰧,17,,60,semantic
2079,U+3C28,㰨,16,,60,semantic
2080,U+3C29,㰩,8,,60,semantic
2081,U+3C2A,㰪,42,,60,semantic
2082,U+3C2B,㰫,28,,60,semantic
2083,U+3C2C,㰬,20,,60,semantic
2084,U+3C2D,㰭,28,,60,semantic
2085,U+3C2E,㰮,8,,60,semantic
2086,U+3C2F,㰯,20,,60,semantic
2087,U+3C30,㰰,8,,60,semantic
2088,U+3C31,㰱,17,,60,semantic
2089,U+3C32,㰲,16,,60,semantic
2090,U+3C33,㰳,16,,60,semantic
2091,U+3C34,㰴,20,,60,semantic
2092,U+3C35,㰵,17,,60,semantic
2093,U+3C36,㰶,15,,60,semantic
2094,U+3C37,㰷,29,,60,semantic
2095,U+3C38,㰸,20,,60,semantic
2096,U+3C39,㰹,20,,60,semantic
2097,U+3C3A,㰺,17,,60,semantic
2098,U+3C3B,㰻,42,,60,semantic
2099,U+3C3C,㰼,42,,60,semantic
2100,U+3C3D,㰽,20,,60,semantic
2101,U+3C3E,㰾,12,,60,semantic
2102,U+3C3F,㰿,15,,60,semantic
2103,U+3C40,㱀,17,,60,semantic
2104,U+3C41,㱁,20,,60,semantic
2105,U+3C42,㱂,54,,60,semantic
2106,U+3C43,㱃,17,,60,semantic
2107,U+3C44,㱄,8,,60,semantic
2108,U+3C45,㱅,28,,60,semantic
2109,U+3C46,㱆,28,,60,semantic
2110,U+3C47,㱇,36,,60,semantic
2111,U+3C48,㱈,32,,60,semantic
2112,U+3C49,㱉,17,,60,semantic
2113,U+3C4A,㱊,8,,60,semantic
2114,U+3C4B,㱋,18,,60,semantic
2115,U+3C4C,㱌,20,,60,semantic
2116,U+3C4D,㱍,42,,60,semantic
2117,U+3C4E,㱎,34,,60,semantic
2118,U+3C4F,㱏,20,,60,semantic
2119,U+3C51,㱑,0,,60,semantic
2120,U+3C52,㱒,8,,60,semantic
2121,U+3C53,㱓,0,,60,semantic
2122,U+3C54,㱔,47,,60,semantic
2123,U+3C55,㱕,57,,60,semantic
2124,U+3C56,㱖,5,,60,semantic
2125,U+3C57,㱗,20,,60,semantic
2126,U+3C58,㱘,53,,60,semantic
2127,U+3C59,㱙,42,,60,semantic
2128,U+3C5A,㱚,42,,60,semantic
2129,U+3C5B,㱛,20,,60,semantic
2130,U+3C5C,㱜,58,,60,semantic
2131,U+3C5D,㱝,0,,60,semantic
2132,U+3C5E,㱞,42,,60,semantic
2133,U+3C5F,㱟,52,,60,semantic
2134,U+3C60,㱠,42,,60,semantic
2135,U+3C61,㱡,12,,60,semantic
2136,U+3C62,㱢,34,,60,semantic
2137,U+3C63,㱣,45,,60,semantic
2138,U+3C64,㱤,5,,60,semantic
2139,U+3C65,㱥,42,,60,semantic
2140,U+3C66,㱦,5,,60,semantic
2141,U+3C67,㱧,49,,60,semantic
2142,U+3C68,㱨,14,,60,semantic
2143,U+3C69,㱩,57,,60,semantic
2144,U+3C6A,㱪,36,,60,semantic
2145,U+3C6B,㱫,5,,60,semantic
2146,U+3C6C,㱬,34,,60,semantic
2147,U+3C6D,㱭,53,,60,semantic
2148,U+3C6E,㱮,56,,60,semantic
2149,U+3C6F,㱯,19,,60,semantic
2150,U+3C70,㱰,5,,60,semantic
2151,U+3C71,㱱,45,,60,semantic
2152,U+3C72,㱲,5,,60,semantic
2153,U+3C73,㱳,34,,60,semantic
2154,U+3C74,㱴,56,,60,semantic
2155,U+3C75,㱵,56,,60,semantic
2156,U+3C76,㱶,56,,60,semantic
2157,U+3C77,㱷,0,,60,semantic
2158,U+3C78,㱸,18,,60,semantic
2159,U+3C79,㱹,56,,60,semantic
2160,U+3C7A,㱺,56,,60,semantic
2161,U+3C7B,㱻,56,,60,semantic
2162,U+3C7C,㱼,12,,60,semantic
2163,U+3C7D,㱽,1,,60,semantic
2164,U+3C7E,㱾,12,,60,semantic
2165,U+3C7F,㱿,20,,60,semantic
2166,U+3C80,㲀,1,,60,semantic
2167,U+3C81,㲁,1,,60,semantic
2168,U+3C82,㲂,31,,60,semantic
2169,U+3C83,㲃,1,,60,semantic
2170,U+3C84,㲄,14,,60,semantic
2171,U+3C85,㲅,20,,60,semantic
2172,U+3C86,㲆,8,,60,semantic
2173,U+3C87,㲇,53,,60,semantic
2174,U+3C88,㲈,53,,60,semantic
2175,U+3C89,㲉,53,,60,semantic
2176,U+3C8A,㲊,42,,60,semantic
2177,U+3C8B,㲋,19,,60,semantic
2178,U+3C8C,㲌,4,,60,semantic
2179,U+3C8D,㲍,11,,60,semantic
2180,U+3C8E,㲎,11,,60,semantic
2181,U+3C8F,㲏,50,,60,semantic
2182,U+3C90,㲐,0,,60,semantic
2183,U+3C91,㲑,0,,60,semantic
2184,U+3C92,㲒,47,,60,semantic
2185,U+3C93,㲓,4,,60,semantic
2186,U+3C94,㲔,11,,60,semantic
2187,U+3C95,㲕,11,,60,semantic
2188,U+3C96,㲖,11,,60,semantic
2189,U+3C97,㲗,11,,60,semantic
2190,U+3C98,㲘,11,,60,semantic
2191,U+3C99,㲙,27,,60,semantic
2192,U+3C9A,㲚,4,,60,semantic
2193,U+3C9B,㲛,19,,60,semantic
2194,U+3C9C,㲜,27,,60,semantic
2195,U+3C9D,㲝,4,,60,semantic
2196,U+3C9E,㲞,4,,60,semantic
2197,U+3C9F,㲟,4,,60,semantic
2198,U+3CA0,㲠,4,,60,semantic
2199,U+3CA1,㲡,27,,60,semantic
2200,U+3CA2,㲢,4,,60,semantic
2201,U+3CA3,㲣,11,,60,semantic
2202,U+3CA4,㲤,4,,60,semantic
2203,U+3CA5,㲥,11,,60,semantic
2204,U+3CA6,㲦,4,,60,semantic
2205,U+3CA7,㲧,4,,60,semantic
2206,U+3CA8,㲨,27,,60,semantic
2207,U+3CA9,㲩,0,,60,semantic
2208,U+3CAA,㲪,11,,60,semantic
2209,U+3CAB,㲫,4,,60,semantic
2210,U+3CAC,㲬,4,,60,semantic
2211,U+3CAD,㲭,27,,60,semantic
2212,U+3CAE,㲮,0,,60,semantic
2213,U+3CAF,㲯,4,,60,semantic
2214,U+3CB0,㲰,4,,60,semantic
2215,U+3CB1,㲱,4,,60,semantic
2216,U+3CB2,㲲,11,,60,semantic
2217,U+3CB3,㲳,13,,60,semantic
2218,U+3CB4,㲴,15,,60,semantic
2219,U+3CB5,㲵,16,,60,semantic
2220,U+3CB6,㲶,6,,60,semantic
2221,U+3CB7,㲷,26,,60,semantic
2222,U+3CB8,㲸,23,,60,semantic
2223,U+3CB9,㲹,10,,60,semantic
2224,U+3CBA,㲺,23,,60,semantic
2225,U+3CBB,㲻,5,,60,semantic
2226,U+3CBC,㲼,10,,60,semantic
2227,U+3CBD,㲽,10,,60,semantic
2228,U+3CBE,㲾,23,,60,semantic
2229,U+3CBF,㲿,23,,60,semantic
2230,U+3CC0,㳀,10,,60,semantic
2231,U+3CC1,㳁,23,,60,semantic
2232,U+3CC2,㳂,31,,60,semantic
2233,U+3CC3,㳃,2,,60,semantic
2234,U+3CC4,㳄,17,,60,semantic
2235,U+3CC5,㳅,20,,60,semantic
2236,U+3CC6,㳆,32,,60,semantic
2237,U+3CC7,㳇,43,,60,semantic
2238,U+3CC8,㳈,23,,60,semantic
2239,U+3CC9,㳉,0,,60,semantic
2240,U+3CCA,㳊,10,,60,semantic
2241,U+3CCB,㳋,10,,60,semantic
2242,U+3CCC,㳌,23,,60,semantic
2243,U+3CCD,㳍,12,,60,semantic
2244,U+3CCE,㳎,23,,60,semantic
2245,U+3CCF,㳏,10,,60,semantic
2246,U+3CD0,㳐,23,,60,semantic
2247,U+3CD1,㳑,47,,60,semantic
2248,U+3CD2,㳒,47,,60,semantic
2249,U+3CD3,㳓,0,,60,semantic
2250,U+3CD4,㳔,23,,60,semantic
2251,U+3CD5,㳕,21,,60,semantic
2252,U+3CD6,㳖,10,,60,semantic
2253,U+3CD7,㳗,10,,60,semantic
2254,U+3CD8,㳘,23,,60,semantic
2255,U+3CD9,㳙,23,,60,semantic
2256,U+3CDA,㳚,23,,60,semantic
2257,U+3CDB,㳛,49,,60,semantic
2258,U+3CDC,㳜,23,,60,semantic
2259,U+3CDD,㳝,43,,60,semantic
2260,U+3CDE,㳞,34,,60,semantic
2261,U+3CDF,㳟,0,,60,semantic
2262,U+3CE0,㳠,51,,60,semantic
2263,U+3CE1,㳡,10,,60,semantic
2264,U+3CE2,㳢,0,,60,semantic
2265,U+3CE3,㳣,0,,60,semantic
2266,U+3CE4,㳤,28,,60,semantic
2267,U+3CE5,㳥,10,,60,semantic
2268,U+3CE6,㳦,10,,60,semantic
2269,U+3CE7,㳧,23,,60,semantic
2270,U+3CE8,㳨,23,,60,semantic
2271,U+3CE9,㳩,16,,60,semantic
2272,U+3CEA,㳪,10,,60,semantic
2273,U+3CEB,㳫,47,,60,semantic
2274,U+3CEC,㳬,16,,60,semantic
2275,U+3CED,㳭,17,,60,semantic
2276,U+3CEE,㳮,49,,60,semantic
2277,U+3CEF,㳯,12,,60,semantic
2278,U+3CF0,㳰,10,,60,semantic
2279,U+3CF1,㳱,0,,60,semantic
2280,U+3CF2,㳲,0,,60,semantic
2281,U+3CF3,㳳,0,,60,semantic
2282,U+3CF4,㳴,49,,60,semantic
2283,U+3CF5,㳵,10,,60,semantic
2284,U+3CF6,㳶,24,,60,semantic
2285,U+3CF7,㳷,50,,60,semantic
2286,U+3CF8,㳸,10,,60,semantic
2287,U+3CF9,㳹,10,,60,semantic
2288,U+3CFA,㳺,20,,60,semantic
2289,U+3CFB,㳻,10,,60,semantic
2290,U+3CFC,㳼,23,,60,semantic
2291,U+3CFD,㳽,23,,60,semantic
2292,U+3CFE,㳾,10,,60,semantic
2293,U+3CFF,㳿,52,,60,semantic
2294,U+3D00,㴀,34,,60,semantic
2295,U+3D01,㴁,18,,60,semantic
2296,U+3D02,㴂,18,,60,semantic
2297,U+3D03,㴃,15,,60,semantic
2298,U+3D04,㴄,23,,60,semantic
2299,U+3D05,㴅,5,,60,semantic
2300,U+3D06,㴆,20,,60,semantic
2301,U+3D07,㴇,20,,60,semantic
2302,U+3D08,㴈,10,,60,semantic
2303,U+3D09,㴉,47,,60,semantic
2304,U+3D0A,㴊,34,,60,semantic
2305,U+3D0B,㴋,23,,60,semantic
2306,U+3D0C,㴌,0,,60,semantic
2307,U+3D0D,㴍,0,,60,semantic
2308,U+3D0E,㴎,0,,60,semantic
2309,U+3D0F,㴏,10,,60,semantic
2310,U+3D10,㴐,23,,60,semantic
2311,U+3D11,㴑,10,,60,semantic
2312,U+3D12,㴒,23,,60,semantic
2313,U+3D13,㴓,21,,60,semantic
2314,U+3D14,㴔,23,,60,semantic
2315,U+3D15,㴕,23,,60,semantic
2316,U+3D16,㴖,43,,60,semantic
2317,U+3D17,㴗,34,,60,semantic
2318,U+3D18,㴘,23,,60,semantic
2319,U+3D19,㴙,23,,60,semantic
2320,U+3D1A,㴚,14,,60,semantic
2321,U+3D1B,㴛,23,,60,semantic
2322,U+3D1C,㴜,47,,60,semantic
2323,U+3D1D,㴝,47,,60,semantic
2324,U+3D1E,㴞,20,,60,semantic
2325,U+3D1F,㴟,0,,60,semantic
2326,U+3D20,㴠,0,,60,semantic
2327,U+3D21,㴡,0,,60,semantic
2328,U+3D22,㴢,0,,60,semantic
2329,U+3D23,㴣,0,,60,semantic
2330,U+3D24,㴤,0,,60,semantic
2331,U+3D25,㴥,25,,60,semantic
2332,U+3D26,㴦,23,,60,semantic
2333,U+3D27,㴧,10,,60,semantic
2334,U+3D28,㴨,23,,60,semantic
2335,U+3D29,㴩,10,,60,semantic
2336,U+3D2A,㴪,10,,60,semantic
2337,U+3D2B,㴫,10,,60,semantic
2338,U+3D2C,㴬,10,,60,semantic
2339,U+3D2D,㴭,18,,60,semantic
2340,U+3D2E,㴮,23,,60,semantic
2341,U+3D2F,㴯,10,,60,semantic
2342,U+3D30,㴰,10,,60,semantic
2343,U+3D31,㴱,18,,60,semantic
2344,U+3D32,㴲,10,,60,semantic
2345,U+3D33,㴳,42,,60,semantic
2346,U+3D34,㴴,23,,60,semantic
2347,U+3D35,㴵,23,,60,semantic
2348,U+3D36,㴶,23,,60,semantic
2349,U+3D37,㴷,23,,60,semantic
2350,U+3D38,㴸,23,,60,semantic
2351,U+3D39,㴹,0,,60,semantic
2352,U+3D3A,㴺,0,,60,semantic
2353,U+3D3B,㴻,0,,60,semantic
2354,U+3D3C,㴼,23,,60,semantic
2355,U+3D3D,㴽,23,,60,semantic
2356,U+3D3E,㴾,43,,60,semantic
2357,U+3D3F,㴿,23,,60,semantic
2358,U+3D40,㵀,23,,60,semantic
2359,U+3D41,㵁,23,,60,semantic
2360,U+3D42,㵂,10,,60,semantic
2361,U+3D43,㵃,10,,60,semantic
2362,U+3D44,㵄,12,,60,semantic
2363,U+3D45,㵅,43,,60,semantic
2364,U+3D46,㵆,23,,60,semantic
2365,U+3D47,㵇,0,,60,semantic
2366,U+3D48,㵈,0,,60,semantic
2367,U+3D49,㵉,0,,60,semantic
2368,U+3D4A,㵊,16,,60,semantic
2369,U+3D4B,㵋,43,,60,semantic
2370,U+3D4C,㵌,31,,60,semantic
2371,U+3D4D,㵍,23,,60,semantic
2372,U+3D4E,㵎,10,,60,semantic
2373,U+3D4F,㵏,20,,60,semantic
2374,U+3D50,㵐,10,,60,semantic
2375,U+3D51,㵑,10,,60,semantic
2376,U+3D52,㵒,23,,60,semantic
2377,U+3D53,㵓,23,,60,semantic
2378,U+3D54,㵔,34,,60,semantic
2379,U+3D55,㵕,20,,60,semantic
2380,U+3D56,㵖,23,,60,semantic
2381,U+3D57,㵗,23,,60,semantic
2382,U+3D58,㵘,23,,60,semantic
2383,U+3D59,㵙,42,,60,semantic
2384,U+3D5A,㵚,0,,60,semantic
2385,U+3D5B,㵛,0,,60,semantic
2386,U+3D5C,㵜,0,,60,semantic
2387,U+3D5D,㵝,31,,60,semantic
2388,U+3D5E,㵞,23,,60,semantic
2389,U+3D5F,㵟,16,,60,semantic
2390,U+3D60,㵠,23,,60,semantic
2391,U+3D61,㵡,23,,60,semantic
2392,U+3D62,㵢,43,,60,semantic
2393,U+3D63,㵣,20,,60,semantic
2394,U+3D64,㵤,23,,60,semantic
2395,U+3D65,㵥,23,,60,semantic
2396,U+3D66,㵦,51,,60,semantic
2397,U+3D67,㵧,10,,60,semantic
2398,U+3D68,㵨,10,,60,semantic
2399,U+3D69,㵩,3,,60,semantic
2400,U+3D6A,㵪,23,,60,semantic
2401,U+3D6B,㵫,23,,60,semantic
2402,U+3D6C,㵬,32,,60,semantic
2403,U+3D6D,㵭,10,,60,semantic
2404,U+3D6E,㵮,23,,60,semantic
2405,U+3D6F,㵯,23,,60,semantic
2406,U+3D70,㵰,10,,60,semantic
2407,U+3D71,㵱,23,,60,semantic
2408,U+3D72,㵲,10,,60,semantic
2409,U+3D73,㵳,10,,60,semantic
2410,U+3D74,㵴,23,,60,semantic
2411,U+3D75,㵵,23,,60,semantic
2412,U+3D76,㵶,18,,60,semantic
2413,U+3D77,㵷,23,,60,semantic
2414,U+3D78,㵸,23,,60,semantic
2415,U+3D79,㵹,23,,60,semantic
2416,U+3D7A,㵺,10,,60,semantic
2417,U+3D7B,㵻,15,,60,semantic
2418,U+3D7C,㵼,0,,60,semantic
2419,U+3D7D,㵽,10,,60,semantic
2420,U+3D7E,㵾,49,,60,semantic
2421,U+3D7F,㵿,23,,60,semantic
2422,U+3D80,㶀,10,,60,semantic
2423,U+3D81,㶁,23,,60,semantic
2424,U+3D82,㶂,0,,60,semantic
2425,U+3D83,㶃,0,,60,semantic
2426,U+3D84,㶄,23,,60,semantic
2427,U+3D85,㶅,10,,60,semantic
2428,U+3D86,㶆,10,,60,semantic
2429,U+3D87,㶇,55,,60,semantic
2430,U+3D88,㶈,10,,60,semantic
2431,U+3D89,㶉,44,,60,semantic
2432,U+3D8A,㶊,0,,60,semantic
2433,U+3D8B,㶋,0,,60,semantic
2434,U+3D8C,㶌,10,,60,semantic
2435,U+3D8D,㶍,10,,60,semantic
2436,U+3D8E,㶎,10,,60,semantic
2437,U+3D8F,㶏,43,,60,semantic
2438,U+3D90,㶐,0,,60,semantic
2439,U+3D91,㶑,23,,60,semantic
2440,U+3D92,㶒,23,,60,semantic
2441,U+3D93,㶓,23,,60,semantic
2442,U+3D94,㶔,23,,60,semantic
2443,U+3D95,㶕,21,,60,semantic
2444,U+3D96,㶖,16,,60,semantic
2445,U+3D97,㶗,23,,60,semantic
2446,U+3D98,㶘,23,,60,semantic
2447,U+3D99,㶙,0,,60,semantic
2448,U+3D9A,㶚,10,,60,semantic
2449,U+3D9B,㶛,10,,60,semantic
2450,U+3D9D,㶝,0,,60,semantic
2451,U+3D9E,㶞,10,,60,semantic
2452,U+3D9F,㶟,43,,60,semantic
2453,U+3DA0,㶠,23,,60,semantic
2454,U+3DA1,㶡,39,,60,semantic
2455,U+3DA2,㶢,0,,60,semantic
2456,U+3DA3,㶣,39,,60,semantic
2457,U+3DA4,㶤,54,,60,semantic
2458,U+3DA5,㶥,0,,60,semantic
2459,U+3DA6,㶦,49,,60,semantic
2460,U+3DA7,㶧,39,,60,semantic
2461,U+3DA8,㶨,39,,60,semantic
2462,U+3DA9,㶩,0,,60,semantic
2463,U+3DAA,㶪,0,,60,semantic
2464,U+3DAB,㶫,50,,60,semantic
2465,U+3DAC,㶬,39,,60,semantic
2466,U+3DAD,㶭,49,,60,semantic
2467,U+3DAE,㶮,39,,60,semantic
2468,U+3DAF,㶯,39,,60,semantic
2469,U+3DB0,㶰,39,,60,semantic
2470,U+3DB1,㶱,0,,60,semantic
2471,U+3DB2,㶲,47,,60,semantic
2472,U+3DB3,㶳,49,,60,semantic
2473,U+3DB4,㶴,39,,60,semantic
2474,U+3DB5,㶵,54,,60,semantic
2475,U+3DB6,㶶,39,,60,semantic
2476,U+3DB7,㶷,0,,60,semantic
2477,U+3DB8,㶸,0,,60,semantic
2478,U+3DB9,㶹,39,,60,semantic
2479,U+3DBA,㶺,39,,60,semantic
2480,U+3DBB,㶻,14,,60,semantic
2481,U+3DBC,㶼,39,,60,semantic
2482,U+3DBD,㶽,54,,60,semantic
2483,U+3DBE,㶾,39,,60,semantic
2484,U+3DBF,㶿,39,,60,semantic
2485,U+3DC0,㷀,34,,60,semantic
2486,U+3DC1,㷁,0,,60,semantic
2487,U+3DC2,㷂,50,,60,semantic
2488,U+3DC3,㷃,39,,60,semantic
2489,U+3DC4,㷄,39,,60,semantic
2490,U+3DC5,㷅,54,,60,semantic
2491,U+3DC6,㷆,28,,60,semantic
2492,U+3DC7,㷇,18,,60,semantic
2493,U+3DC8,㷈,39,,60,semantic
2494,U+3DC9,㷉,47,,60,semantic
2495,U+3DCA,㷊,39,,60,semantic
2496,U+3DCB,㷋,49,,60,semantic
2497,U+3DCC,㷌,0,,60,semantic
2498,U+3DCD,㷍,6,,60,semantic
2499,U+3DCE,㷎,50,,60,semantic
2500,U+3DCF,㷏,32,,60,semantic
2501,U+3DD0,㷐,39,,60,semantic
2502,U+3DD1,㷑,39,,60,semantic
2503,U+3DD2,㷒,54,,60,semantic
2504,U+3DD3,㷓,39,,60,semantic
2505,U+3DD4,㷔,39,,60,semantic
2506,U+3DD5,㷕,8,,60,semantic
2507,U+3DD6,㷖,50,,60,semantic
2508,U+3DD7,㷗,42,,60,semantic
2509,U+3DD8,㷘,39,,60,semantic
2510,U+3DD9,㷙,54,,60,semantic
2511,U+3DDA,㷚,0,,60,semantic
2512,U+3DDB,㷛,26,,60,semantic
2513,U+3DDC,㷜,0,,60,semantic
2514,U+3DDD,㷝,0,,60,semantic
2515,U+3DDE,㷞,0,,60,semantic
2516,U+3DDF,㷟,19,,60,semantic
2517,U+3DE0,㷠,50,,60,semantic
2518,U+3DE1,㷡,20,,60,semantic
2519,U+3DE2,㷢,39,,60,semantic
2520,U+3DE3,㷣,39,,60,semantic
2521,U+3DE4,㷤,50,,60,semantic
2522,U+3DE5,㷥,39,,60,semantic
2523,U+3DE6,㷦,7,,60,semantic
2524,U+3DE7,㷧,0,,60,semantic
2525,U+3DE8,㷨,0,,60,semantic
2526,U+3DE9,㷩,28,,60,semantic
2527,U+3DEA,㷪,54,,60,semantic
2528,U+3DEB,㷫,39,,60,semantic
2529,U+3DEC,㷬,39,,60,semantic
2530,U+3DED,㷭,14,,60,semantic
2531,U+3DEE,㷮,39,,60,semantic
2532,U+3DEF,㷯,49,,60,semantic
2533,U+3DF0,㷰,39,,60,semantic
2534,U+3DF1,㷱,0,,60,semantic
2535,U+3DF2,㷲,0,,60,semantic
2536,U+3DF3,㷳,39,,60,semantic
2537,U+3DF4,㷴,39,,60,semantic
2538,U+3DF5,㷵,39,,60,semantic
2539,U+3DF6,㷶,39,,60,semantic
2540,U+3DF7,㷷,54,,60,semantic
2541,U+3DF8,㷸,39,,60,semantic
2542,U+3DF9,㷹,39,,60,semantic
2543,U+3DFA,㷺,0,,60,semantic
2544,U+3DFB,㷻,39,,60,semantic
2545,U+3DFC,㷼,20,,60,semantic
2546,U+3DFD,㷽,0,,60,semantic
2547,U+3DFE,㷾,39,,60,semantic
2548,U+3DFF,㷿,39,,60,semantic
2549,U+3E00,㸀,53,,60,semantic
2550,U+3E01,㸁,39,,60,semantic
2551,U+3E02,㸂,0,,60,semantic
2552,U+3E03,㸃,47,,60,semantic
2553,U+3E04,㸄,39,,60,semantic
2554,U+3E05,㸅,39,,60,semantic
2555,U+3E06,㸆,0,,60,semantic
2556,U+3E07,㸇,0,,60,semantic
2557,U+3E08,㸈,15,,60,semantic
2558,U+3E09,㸉,20,,60,semantic
2559,U+3E0A,㸊,39,,60,semantic
2560,U+3E0B,㸋,54,,60,semantic
2561,U+3E0C,㸌,50,,60,semantic
2562,U+3E0D,㸍,39,,60,semantic
2563,U+3E0E,㸎,39,,60,semantic
2564,U+3E0F,㸏,54,,60,semantic
2565,U+3E10,㸐,39,,60,semantic
2566,U+3E11,㸑,54,,60,semantic
2567,U+3E12,㸒,20,,60,semantic
2568,U+3E13,㸓,34,,60,semantic
2569,U+3E14,㸔,0,,60,semantic
2570,U+3E15,㸕,13,,60,semantic
2571,U+3E16,㸖,34,,60,semantic
2572,U+3E17,㸗,57,,60,semantic
2573,U+3E18,㸘,18,,60,semantic
2574,U+3E19,㸙,57,,60,semantic
2575,U+3E1A,㸚,5,,60,semantic
2576,U+3E1B,㸛,0,,60,semantic
2577,U+3E1C,㸜,9,,60,semantic
2578,U+3E1D,㸝,14,,60,semantic
2579,U+3E1E,㸞,9,,60,semantic
2580,U+3E1F,㸟,5,,60,semantic
2581,U+3E20,㸠,2,,60,semantic
2582,U+3E21,㸡,10,,60,semantic
2583,U+3E22,㸢,27,,60,semantic
2584,U+3E23,㸣,2,,60,semantic
2585,U+3E24,㸤,27,,60,semantic
2586,U+3E25,㸥,9,,60,semantic
2587,U+3E27,㸧,17,,60,semantic
2588,U+3E28,㸨,19,,60,semantic
2589,U+3E29,㸩,19,,60,semantic
2590,U+3E2A,㸪,19,,60,semantic
2591,U+3E2B,㸫,19,,60,semantic
2592,U+3E2C,㸬,19,,60,semantic
2593,U+3E2D,㸭,19,,60,semantic
2594,U+3E2E,㸮,19,,60,semantic
2595,U+3E2F,㸯,19,,60,semantic
2596,U+3E30,㸰,19,,60,semantic
2597,U+3E31,㸱,19,,60,semantic
2598,U+3E32,㸲,19,,60,semantic
2599,U+3E33,㸳,19,,60,semantic
2600,U+3E34,㸴,0,,60,semantic
2601,U+3E35,㸵,19,,60,semantic
2602,U+3E36,㸶,50,,60,semantic
2603,U+3E37,㸷,19,,60,semantic
2604,U+3E38,㸸,19,,60,semantic
2605,U+3E39,㸹,19,,60,semantic
2606,U+3E3A,㸺,19,,60,semantic
2607,U+3E3B,㸻,19,,60,semantic
2608,U+3E3C,㸼,53,,60,semantic
2609,U+3E3D,㸽,19,,60,semantic
2610,U+3E3E,㸾,18,,60,semantic
2611,U+3E3F,㸿,19,,60,semantic
2612,U+3E40,㹀,19,,60,semantic
2613,U+3E41,㹁,19,,60,semantic
2614,U+3E42,㹂,19,,60,semantic
2615,U+3E43,㹃,52,,60,semantic
2616,U+3E44,㹄,19,,60,semantic
2617,U+3E45,㹅,47,,60,semantic
2618,U+3E46,㹆,19,,60,semantic
2619,U+3E47,㹇,19,,60,semantic
2620,U+3E48,㹈,19,,60,semantic
2621,U+3E49,㹉,19,,60,semantic
2622,U+3E4A,㹊,19,,60,semantic
2623,U+3E4B,㹋,19,,60,semantic
2624,U+3E4C,㹌,19,,60,semantic
2625,U+3E4D,㹍,19,,60,semantic
2626,U+3E4E,㹎,19,,60,semantic
2627,U+3E4F,㹏,19,,60,semantic
2628,U+3E50,㹐,55,,60,semantic
2629,U+3E51,㹑,19,,60,semantic
2630,U+3E52,㹒,19,,60,semantic
2631,U+3E53,㹓,19,,60,semantic
2632,U+3E54,㹔,19,,60,semantic
2633,U+3E55,㹕,45,,60,semantic
2634,U+3E56,㹖,54,,60,semantic
2635,U+3E57,㹗,19,,60,semantic
2636,U+3E58,㹘,19,,60,semantic
2637,U+3E59,㹙,19,,60,semantic
2638,U+3E5A,㹚,19,,60,semantic
2639,U+3E5B,㹛,19,,60,semantic
2640,U+3E5C,㹜,19,,60,semantic
2641,U+3E5D,㹝,58,,60,semantic
2642,U+3E5E,㹞,19,,60,semantic
2643,U+3E5F,㹟,19,,60,semantic
2644,U+3E60,㹠,19,,60,semantic
2645,U+3E61,㹡,36,,60,semantic
2646,U+3E62,㹢,19,,60,semantic
2647,U+3E63,㹣,19,,60,semantic
2648,U+3E64,㹤,36,,60,semantic
2649,U+3E65,㹥,19,,60,semantic
2650,U+3E66,㹦,19,,60,semantic
2651,U+3E67,㹧,19,,60,semantic
2652,U+3E68,㹨,19,,60,semantic
2653,U+3E69,㹩,0,,60,semantic
2654,U+3E6A,㹪,19,,60,semantic
2655,U+3E6B,㹫,43,,60,semantic
2656,U+3E6C,㹬,19,,60,semantic
2657,U+3E6D,㹭,58,,60,semantic
2658,U+3E6E,㹮,19,,60,semantic
2659,U+3E6F,㹯,19,,60,semantic
2660,U+3E70,㹰,0,,60,semantic
2661,U+3E71,㹱,19,,60,semantic
2662,U+3E72,㹲,19,,60,semantic
2663,U+3E73,㹳,58,,60,semantic
2664,U+3E74,㹴,19,,60,semantic
2665,U+3E75,㹵,19,,60,semantic
2666,U+3E76,㹶,19,,60,semantic
2667,U+3E77,㹷,19,,60,semantic
2668,U+3E78,㹸,19,,60,semantic
2669,U+3E79,㹹,19,,60,semantic
2670,U+3E7A,㹺,54,,60,semantic
2671,U+3E7B,㹻,19,,60,semantic
2672,U+3E7C,㹼,19,,60,semantic
2673,U+3E7D,㹽,17,,60,semantic
2674,U+3E7E,㹾,28,,60,semantic
2675,U+3E7F,㹿,19,,60,semantic
2676,U+3E80,㺀,58,,60,semantic
2677,U+3E81,㺁,19,,60,semantic
2678,U+3E82,㺂,19,,60,semantic
2679,U+3E83,㺃,19,,60,semantic
2680,U+3E84,㺄,47,,60,semantic
2681,U+3E85,㺅,58,,60,semantic
2682,U+3E86,㺆,0,,60,semantic
2683,U+3E87,㺇,12,,60,semantic
2684,U+3E88,㺈,31,,60,semantic
2685,U+3E89,㺉,19,,60,semantic
2686,U+3E8A,㺊,19,,60,semantic
2687,U+3E8B,㺋,19,,60,semantic
2688,U+3E8C,㺌,8,,60,semantic
2689,U+3E8D,㺍,19,,60,semantic
2690,U+3E8E,㺎,19,,60,semantic
2691,U+3E8F,㺏,19,,60,semantic
2692,U+3E90,㺐,47,,60,semantic
2693,U+3E91,㺑,19,,60,semantic
2694,U+3E92,㺒,36,,60,semantic
2695,U+3E93,㺓,31,,60,semantic
2696,U+3E94,㺔,19,,60,semantic
2697,U+3E95,㺕,8,,60,semantic
2698,U+3E96,㺖,43,,60,semantic
2699,U+3E97,㺗,17,,60,semantic
2700,U+3E98,㺘,19,,60,semantic
2701,U+3E99,㺙,0,,60,semantic
2702,U+3E9A,㺚,19,,60,semantic
2703,U+3E9B,㺛,43,,60,semantic
2704,U+3E9C,㺜,43,,60,semantic
2705,U+3E9D,㺝,8,,60,semantic
2706,U+3E9E,㺞,15,,60,semantic
2707,U+3E9F,㺟,19,,60,semantic
2708,U+3EA0,㺠,19,,60,semantic
2709,U+3EA1,㺡,19,,60,semantic
2710,U+3EA2,㺢,19,,60,semantic
2711,U+3EA3,㺣,19,,60,semantic
2712,U+3EA4,㺤,19,,60,semantic
2713,U+3EA5,㺥,44,,60,semantic
2714,U+3EA6,㺦,19,,60,semantic
2715,U+3EA7,㺧,19,,60,semantic
2716,U+3EA8,㺨,40,,60,semantic
2717,U+3EA9,㺩,40,,60,semantic
2718,U+3EAA,㺪,40,,60,semantic
2719,U+3EAB,㺫,40,,60,semantic
2720,U+3EAC,㺬,40,,60,semantic
2721,U+3EAD,㺭,40,,60,semantic
2722,U+3EAE,㺮,40,,60,semantic
2723,U+3EAF,㺯,0,,60,semantic
2724,U+3EB0,㺰,40,,60,semantic
2725,U+3EB1,㺱,40,,60,semantic
2726,U+3EB2,㺲,46,,60,semantic
2727,U+3EB3,㺳,50,,60,semantic
2728,U+3EB4,㺴,40,,60,semantic
2729,U+3EB5,㺵,40,,60,semantic
2730,U+3EB6,㺶,0,,60,semantic
2731,U+3EB7,㺷,40,,60,semantic
2732,U+3EB8,㺸,40,,60,semantic
2733,U+3EB9,㺹,40,,60,semantic
2734,U+3EBA,㺺,40,,60,semantic
2735,U+3EBB,㺻,0,,60,semantic
2736,U+3EBC,㺼,0,,60,semantic
2737,U+3EBD,㺽,0,,60,semantic
2738,U+3EBE,㺾,0,,60,semantic
2739,U+3EBF,㺿,40,,60,semantic
2740,U+3EC0,㻀,40,,60,semantic
2741,U+3EC1,㻁,40,,60,semantic
2742,U+3EC2,㻂,40,,60,semantic
2743,U+3EC3,㻃,51,,60,semantic
2744,U+3EC4,㻄,28,,60,semantic
2745,U+3EC5,㻅,40,,60,semantic
2746,U+3EC6,㻆,0,,60,semantic
2747,U+3EC7,㻇,0,,60,semantic
2748,U+3EC8,㻈,0,,60,semantic
2749,U+3EC9,㻉,40,,60,semantic
2750,U+3ECA,㻊,40,,60,semantic
2751,U+3ECB,㻋,40,,60,semantic
2752,U+3ECC,㻌,40,,60,semantic
2753,U+3ECD,㻍,40,,60,semantic
2754,U+3ECE,㻎,46,,60,semantic
2755,U+3ECF,㻏,40,,60,semantic
2756,U+3ED0,㻐,0,,60,semantic
2757,U+3ED1,㻑,40,,60,semantic
2758,U+3ED2,㻒,40,,60,semantic
2759,U+3ED3,㻓,40,,60,semantic
2760,U+3ED4,㻔,40,,60,semantic
2761,U+3ED5,㻕,40,,60,semantic
2762,U+3ED6,㻖,40,,60,semantic
2763,U+3ED7,㻗,46,,60,semantic
2764,U+3ED8,㻘,0,,60,semantic
2765,U+3ED9,㻙,0,,60,semantic
2766,U+3EDA,㻚,0,,60,semantic
2767,U+3EDB,㻛,0,,60,semantic
2768,U+3EDC,㻜,0,,60,semantic
2769,U+3EDD,㻝,40,,60,semantic
2770,U+3EDE,㻞,40,,60,semantic
2771,U+3EDF,㻟,40,,60,semantic
2772,U+3EE0,㻠,40,,60,semantic
2773,U+3EE1,㻡,40,,60,semantic
2774,U+3EE2,㻢,0,,60,semantic
2775,U+3EE3,㻣,0,,60,semantic
2776,U+3EE4,㻤,0,,60,semantic
2777,U+3EE5,㻥,0,,60,semantic
2778,U+3EE6,㻦,0,,60,semantic
2779,U+3EE7,㻧,40,,60,semantic
2780,U+3EE8,㻨,40,,60,semantic
2781,U+3EE9,㻩,0,,60,semantic
2782,U+3EEA,㻪,40,,60,semantic
2783,U+3EEB,㻫,2,,60,semantic
2784,U+3EEC,㻬,40,,60,semantic
2785,U+3EED,㻭,40,,60,semantic
2786,U+3EEE,㻮,28,,60,semantic
2787,U+3EEF,㻯,40,,60,semantic
2788,U+3EF0,㻰,40,,60,semantic
2789,U+3EF1,㻱,40,,60,semantic
2790,U+3EF2,㻲,20,,60,semantic
2791,U+3EF3,㻳,0,,60,semantic
2792,U+3EF4,㻴,0,,60,semantic
2793,U+3EF5,㻵,40,,60,semantic
2794,U+3EF6,㻶,40,,60,semantic
2795,U+3EF7,㻷,40,,60,semantic
2796,U+3EF8,㻸,40,,60,semantic
2797,U+3EF9,㻹,52,,60,semantic
2798,U+3EFA,㻺,40,,60,semantic
2799,U+3EFB,㻻,0,,60,semantic
2800,U+3EFC,㻼,0,,60,semantic
2801,U+3EFD,㻽,40,,60,semantic
2802,U+3EFE,㻾,40,,60,semantic
2803,U+3EFF,㻿,40,,60,semantic
2804,U+3F00,㼀,0,,60,semantic
2805,U+3F01,㼁,0,,60,semantic
2806,U+3F02,㼂,40,,60,semantic
2807,U+3F03,㼃,0,,60,semantic
2808,U+3F04,㼄,40,,60,semantic
2809,U+3F05,㼅,0,,60,semantic
2810,U+3F06,㼆,32,,60,semantic
2811,U+3F07,㼇,40,,60,semantic
2812,U+3F08,㼈,47,,60,semantic
2813,U+3F09,㼉,3,,60,semantic
2814,U+3F0A,㼊,3,,60,semantic
2815,U+3F0B,㼋,3,,60,semantic
2816,U+3F0C,㼌,3,,60,semantic
2817,U+3F0D,㼍,3,,60,semantic
2818,U+3F0E,㼎,3,,60,semantic
2819,U+3F0F,㼏,3,,60,semantic
2820,U+3F10,㼐,3,,60,semantic
2821,U+3F11,㼑,3,,60,semantic
2822,U+3F12,㼒,3,,60,semantic
2823,U+3F13,㼓,3,,60,semantic
2824,U+3F14,㼔,3,,60,semantic
2825,U+3F15,㼕,3,,60,semantic
2826,U+3F16,㼖,53,,60,semantic
2827,U+3F17,㼗,14,,60,semantic
2828,U+3F18,㼘,22,,60,semantic
2829,U+3F19,㼙,14,,60,semantic
2830,U+3F1A,㼚,26,,60,semantic
2831,U+3F1B,㼛,24,,60,semantic
2832,U+3F1C,㼜,26,,60,semantic
2833,U+3F1D,㼝,26,,60,semantic
2834,U+3F1E,㼞,26,,60,semantic
2835,U+3F1F,㼟,9,,60,semantic
2836,U+3F20,㼠,26,,60,semantic
2837,U+3F21,㼡,26,,60,semantic
2838,U+3F22,㼢,14,,60,semantic
2839,U+3F23,㼣,14,,60,semantic
2840,U+3F24,㼤,26,,60,semantic
2841,U+3F25,㼥,26,,60,semantic
2842,U+3F26,㼦,26,,60,semantic
2843,U+3F27,㼧,14,,60,semantic
2844,U+3F28,㼨,23,,60,semantic
2845,U+3F29,㼩,46,,60,semantic
2846,U+3F2A,㼪,14,,60,semantic
2847,U+3F2B,㼫,26,,60,semantic
2848,U+3F2C,㼬,26,,60,semantic
2849,U+3F2D,㼭,20,,60,semantic
2850,U+3F2E,㼮,52,,60,semantic
2851,U+3F2F,㼯,26,,60,semantic
2852,U+3F30,㼰,26,,60,semantic
2853,U+3F31,㼱,27,,60,semantic
2854,U+3F32,㼲,8,,60,semantic
2855,U+3F33,㼳,26,,60,semantic
2856,U+3F34,㼴,26,,60,semantic
2857,U+3F35,㼵,26,,60,semantic
2858,U+3F36,㼶,26,,60,semantic
2859,U+3F37,㼷,14,,60,semantic
2860,U+3F38,㼸,26,,60,semantic
2861,U+3F39,㼹,26,,60,semantic
2862,U+3F3A,㼺,26,,60,semantic
2863,U+3F3B,㼻,26,,60,semantic
2864,U+3F3C,㼼,49,,60,semantic
2865,U+3F3D,㼽,14,,60,semantic
2866,U+3F3E,㼾,14,,60,semantic
2867,U+3F3F,㼿,26,,60,semantic
2868,U+3F40,㽀,26,,60,semantic
2869,U+3F41,㽁,26,,60,semantic
2870,U+3F42,㽂,26,,60,semantic
2871,U+3F43,㽃,14,,60,semantic
2872,U+3F44,㽄,26,,60,semantic
2873,U+3F45,㽅,12,,60,semantic
2874,U+3F46,㽆,26,,60,semantic
2875,U+3F47,㽇,14,,60,semantic
2876,U+3F48,㽈,26,,60,semantic
2877,U+3F49,㽉,26,,60,semantic
2878,U+3F4A,㽊,52,,60,semantic
2879,U+3F4B,㽋,14,,60,semantic
2880,U+3F4C,㽌,22,,60,semantic
2881,U+3F4D,㽍,55,,60,semantic
2882,U+3F4E,㽎,39,,60,semantic
2883,U+3F4F,㽏,0,,60,semantic
2884,U+3F50,㽐,53,,60,semantic
2885,U+3F51,㽑,28,,60,semantic
2886,U+3F52,㽒,57,,60,semantic
2887,U+3F53,㽓,0,,60,semantic
2888,U+3F54,㽔,0,,60,semantic
2889,U+3F55,㽕,41,,60,semantic
2890,U+3F56,㽖,20,,60,semantic
2891,U+3F57,㽗,0,,60,semantic
2892,U+3F58,㽘,14,,60,semantic
2893,U+3F59,㽙,12,,60,semantic
2894,U+3F5A,㽚,48,,60,semantic
2895,U+3F5B,㽛,43,,60,semantic
2896,U+3F5C,㽜,0,,60,semantic
2897,U+3F5D,㽝,20,,60,semantic
2898,U+3F5E,㽞,20,,60,semantic
2899,U+3F5F,㽟,14,,60,semantic
2900,U+3F60,㽠,10,,60,semantic
2901,U+3F61,㽡,23,,60,semantic
2902,U+3F62,㽢,2,,60,semantic
2903,U+3F63,㽣,9,,60,semantic
2904,U+3F64,㽤,14,,60,semantic
2905,U+3F65,㽥,43,,60,semantic
2906,U+3F66,㽦,14,,60,semantic
2907,U+3F67,㽧,32,,60,semantic
2908,U+3F68,㽨,42,,60,semantic
2909,U+3F69,㽩,14,,60,semantic
2910,U+3F6A,㽪,21,,60,semantic
2911,U+3F6B,㽫,3,,60,semantic
2912,U+3F6C,㽬,18,,60,semantic
2913,U+3F6D,㽭,10,,60,semantic
2914,U+3F6E,㽮,50,,60,semantic
2915,U+3F6F,㽯,0,,60,semantic
2916,U+3F70,㽰,52,,60,semantic
2917,U+3F71,㽱,56,,60,semantic
2918,U+3F72,㽲,56,,60,semantic
2919,U+3F73,㽳,56,,60,semantic
2920,U+3F74,㽴,56,,60,semantic
2921,U+3F75,㽵,12,,60,semantic
2922,U+3F76,㽶,0,,60,semantic
2923,U+3F77,㽷,23,,60,semantic
2924,U+3F78,㽸,56,,60,semantic
2925,U+3F79,㽹,15,,60,semantic
2926,U+3F7A,㽺,45,,60,semantic
2927,U+3F7B,㽻,56,,60,semantic
2928,U+3F7C,㽼,0,,60,semantic
2929,U+3F7D,㽽,56,,60,semantic
2930,U+3F7E,㽾,56,,60,semantic
2931,U+3F7F,㽿,56,,60,semantic
2932,U+3F80,㾀,45,,60,semantic
2933,U+3F81,㾁,15,,60,semantic
2934,U+3F82,㾂,56,,60,semantic
2935,U+3F83,㾃,53,,60,semantic
2936,U+3F84,㾄,42,,60,semantic
2937,U+3F85,㾅,56,,60,semantic
2938,U+3F86,㾆,58,,60,semantic
2939,U+3F87,㾇,56,,60,semantic
2940,U+3F88,㾈,51,,60,semantic
2941,U+3F89,㾉,45,,60,semantic
2942,U+3F8A,㾊,45,,60,semantic
2943,U+3F8B,㾋,56,,60,semantic
2944,U+3F8C,㾌,58,,60,semantic
2945,U+3F8D,㾍,56,,60,semantic
2946,U+3F8E,㾎,56,,60,semantic
2947,U+3F8F,㾏,56,,60,semantic
2948,U+3F90,㾐,56,,60,semantic
2949,U+3F91,㾑,56,,60,semantic
2950,U+3F92,㾒,56,,60,semantic
2951,U+3F93,㾓,15,,60,semantic
2952,U+3F94,㾔,56,,60,semantic
2953,U+3F95,㾕,36,,60,semantic
2954,U+3F96,㾖,15,,60,semantic
2955,U+3F97,㾗,7,,60,semantic
2956,U+3F98,㾘,56,,60,semantic
2957,U+3F99,㾙,56,,60,semantic
2958,U+3F9A,㾚,56,,60,semantic
2959,U+3F9B,㾛,45,,60,semantic
2960,U+3F9C,㾜,45,,60,semantic
2961,U+3F9D,㾝,5,,60,semantic
2962,U+3F9E,㾞,56,,60,semantic
2963,U+3F9F,㾟,56,,60,semantic
2964,U+3FA0,㾠,56,,60,semantic
2965,U+3FA1,㾡,56,,60,semantic
2966,U+3FA2,㾢,56,,60,semantic
2967,U+3FA3,㾣,36,,60,semantic
2968,U+3FA4,㾤,56,,60,semantic
2969,U+3FA5,㾥,56,,60,semantic
2970,U+3FA6,㾦,56,,60,semantic
2971,U+3FA7,㾧,56,,60,semantic
2972,U+3FA8,㾨,45,,60,semantic
2973,U+3FA9,㾩,56,,60,semantic
2974,U+3FAA,㾪,45,,60,semantic
2975,U+3FAB,㾫,56,,60,semantic
2976,U+3FAC,㾬,58,,60,semantic
2977,U+3FAD,㾭,5,,60,semantic
2978,U+3FAE,㾮,56,,60,semantic
2979,U+3FAF,㾯,56,,60,semantic
2980,U+3FB0,㾰,17,,60,semantic
2981,U+3FB1,㾱,56,,60,semantic
2982,U+3FB2,㾲,0,,60,semantic
2983,U+3FB3,㾳,0,,60,semantic
2984,U+3FB4,㾴,38,,60,semantic
2985,U+3FB5,㾵,50,,60,semantic
2986,U+3FB6,㾶,51,,60,semantic
2987,U+3FB7,㾷,15,,60,semantic
2988,U+3FB8,㾸,56,,60,semantic
2989,U+3FB9,㾹,45,,60,semantic
2990,U+3FBA,㾺,56,,60,semantic
2991,U+3FBB,㾻,56,,60,semantic
2992,U+3FBC,㾼,36,,60,semantic
2993,U+3FBD,㾽,51,,60,semantic
2994,U+3FBE,㾾,56,,60,semantic
2995,U+3FBF,㾿,8,,60,semantic
2996,U+3FC0,㿀,56,,60,semantic
2997,U+3FC1,㿁,0,,60,semantic
2998,U+3FC2,㿂,56,,60,semantic
2999,U+3FC3,㿃,56,,60,semantic
3000,U+3FC4,㿄,15,,60,semantic
3001,U+3FC5,㿅,58,,60,semantic
3002,U+3FC6,㿆,48,,60,semantic
3003,U+3FC7,㿇,36,,60,semantic
3004,U+3FC8,㿈,56,,60,semantic
3005,U+3FC9,㿉,56,,60,semantic
3006,U+3FCA,㿊,15,,60,semantic
3007,U+3FCB,㿋,56,,60,semantic
3008,U+3FCC,㿌,56,,60,semantic
3009,U+3FCD,㿍,53,,60,semantic
3010,U+3FCE,㿎,15,,60,semantic
3011,U+3FCF,㿏,36,,60,semantic
3012,U+3FD0,㿐,0,,60,semantic
3013,U+3FD1,㿑,56,,60,semantic
3014,U+3FD2,㿒,56,,60,semantic
3015,U+3FD3,㿓,56,,60,semantic
3016,U+3FD4,㿔,56,,60,semantic
3017,U+3FD5,㿕,56,,60,semantic
3018,U+3FD6,㿖,56,,60,semantic
3019,U+3FD7,㿗,56,,60,semantic
3020,U+3FD8,㿘,56,,60,semantic
3021,U+3FD9,㿙,23,,60,semantic
3022,U+3FDA,㿚,56,,60,semantic
3023,U+3FDB,㿛,56,,60,semantic
3024,U+3FDC,㿜,45,,60,semantic
3025,U+3FDD,㿝,28,,60,semantic
3026,U+3FDE,㿞,12,,60,semantic
3027,U+3FDF,㿟,50,,60,semantic
3028,U+3FE0,㿠,0,,60,semantic
3029,U+3FE1,㿡,4,,60,semantic
3030,U+3FE2,㿢,39,,60,semantic
3031,U+3FE3,㿣,50,,60,semantic
3032,U+3FE4,㿤,50,,60,semantic
3033,U+3FE5,㿥,50,,60,semantic
3034,U+3FE6,㿦,42,,60,semantic
3035,U+3FE7,㿧,32,,60,semantic
3036,U+3FE8,㿨,14,,60,semantic
3037,U+3FE9,㿩,50,,60,semantic
3038,U+3FEA,㿪,56,,60,semantic
3039,U+3FEB,㿫,46,,60,semantic
3040,U+3FEC,㿬,56,,60,semantic
3041,U+3FED,㿭,17,,60,semantic
3042,U+3FEE,㿮,50,,60,semantic
3043,U+3FEF,㿯,27,,60,semantic
3044,U+3FF0,㿰,27,,60,semantic
3045,U+3FF1,㿱,52,,60,semantic
3046,U+3FF2,㿲,28,,60,semantic
3047,U+3FF3,㿳,0,,60,semantic
3048,U+3FF4,㿴,27,,60,semantic
3049,U+3FF5,㿵,27,,60,semantic
3050,U+3FF6,㿶,51,,60,semantic
3051,U+3FF7,㿷,21,,60,semantic
3052,U+3FF8,㿸,52,,60,semantic
3053,U+3FF9,㿹,52,,60,semantic
3054,U+3FFA,㿺,1,,60,semantic
3055,U+3FFB,㿻,54,,60,semantic
3056,U+3FFC,㿼,26,,60,semantic
3057,U+3FFD,㿽,26,,60,semantic
3058,U+3FFE,㿾,55,,60,semantic
3059,U+3FFF,㿿,24,,60,semantic
3060,U+4000,䀀,26,,60,semantic
3061,U+4001,䀁,23,,60,semantic
3062,U+4002,䀂,18,,60,semantic
3063,U+4003,䀃,55,,60,semantic
3064,U+4004,䀄,54,,60,semantic
3065,U+4005,䀅,55,,60,semantic
3066,U+4006,䀆,47,,60,semantic
3067,U+4007,䀇,26,,60,semantic
3068,U+4008,䀈,55,,60,semantic
3069,U+4009,䀉,26,,60,semantic
3070,U+400A,䀊,23,,60,semantic
3071,U+400B,䀋,49,,60,semantic
3072,U+400C,䀌,0,,60,semantic
3073,U+400D,䀍,26,,60,semantic
3074,U+400E,䀎,20,,60,semantic
3075,U+400F,䀏,7,,60,semantic
3076,U+4010,䀐,7,,60,semantic
3077,U+4011,䀑,7,,60,semantic
3078,U+4012,䀒,34,,60,semantic
3079,U+4013,䀓,7,,60,semantic
3080,U+4014,䀔,7,,60,semantic
3081,U+4015,䀕,7,,60,semantic
3082,U+4016,䀖,20,,60,semantic
3083,U+4017,䀗,7,,60,semantic
3084,U+4018,䀘,7,,60,semantic
3085,U+4019,䀙,7,,60,semantic
3086,U+401A,䀚,7,,60,semantic
3087,U+401B,䀛,7,,60,semantic
3088,U+401C,䀜,5,,60,semantic
3089,U+401D,䀝,0,,60,semantic
3090,U+401E,䀞,7,,60,semantic
3091,U+401F,䀟,7,,60,semantic
3092,U+4020,䀠,44,,60,semantic
3093,U+4021,䀡,7,,60,semantic
3094,U+4022,䀢,7,,60,semantic
3095,U+4023,䀣,7,,60,semantic
3096,U+4024,䀤,15,,60,semantic
3097,U+4025,䀥,7,,60,semantic
3098,U+4026,䀦,7,,60,semantic
3099,U+4027,䀧,7,,60,semantic
3100,U+4028,䀨,7,,60,semantic
3101,U+4029,䀩,7,,60,semantic
3102,U+402A,䀪,44,,60,semantic
3103,U+402B,䀫,7,,60,semantic
3104,U+402C,䀬,7,,60,semantic
3105,U+402D,䀭,7,,60,semantic
3106,U+402E,䀮,7,,60,semantic
3107,U+402F,䀯,7,,60,semantic
3108,U+4030,䀰,7,,60,semantic
3109,U+4031,䀱,7,,60,semantic
3110,U+4032,䀲,56,,60,semantic
3111,U+4033,䀳,7,,60,semantic
3112,U+4034,䀴,7,,60,semantic
3113,U+4035,䀵,7,,60,semantic
3114,U+4036,䀶,7,,60,semantic
3115,U+4037,䀷,7,,60,semantic
3116,U+4038,䀸,7,,60,semantic
3117,U+4039,䀹,7,,60,semantic
3118,U+403A,䀺,7,,60,semantic
3119,U+403B,䀻,7,,60,semantic
3120,U+403C,䀼,15,,60,semantic
3121,U+403D,䀽,7,,60,semantic
3122,U+403E,䀾,18,,60,semantic
3123,U+403F,䀿,7,,60,semantic
3124,U+4040,䁀,0,,60,semantic
3125,U+4041,䁁,7,,60,semantic
3126,U+4042,䁂,7,,60,semantic
3127,U+4043,䁃,7,,60,semantic
3128,U+4044,䁄,7,,60,semantic
3129,U+4045,䁅,15,,60,semantic
3130,U+4046,䁆,7,,60,semantic
3131,U+4047,䁇,7,,60,semantic
3132,U+4048,䁈,7,,60,semantic
3133,U+4049,䁉,7,,60,semantic
3134,U+404A,䁊,7,,60,semantic
3135,U+404B,䁋,7,,60,semantic
3136,U+404C,䁌,7,,60,semantic
3137,U+404D,䁍,7,,60,semantic
3138,U+404E,䁎,7,,60,semantic
3139,U+404F,䁏,34,,60,semantic
3140,U+4050,䁐,7,,60,semantic
3141,U+4051,䁑,7,,60,semantic
3142,U+4052,䁒,15,,60,semantic
3143,U+4053,䁓,7,,60,semantic
3144,U+4054,䁔,7,,60,semantic
3145,U+4055,䁕,7,,60,semantic
3146,U+4056,䁖,7,,60,semantic
3147,U+4057,䁗,50,,60,semantic
3148,U+4058,䁘,7,,60,semantic
3149,U+4059,䁙,7,,60,semantic
3150,U+405A,䁚,7,,60,semantic
3151,U+405B,䁛,7,,60,semantic
3152,U+405C,䁜,7,,60,semantic
3153,U+405D,䁝,50,,60,semantic
3154,U+405E,䁞,20,,60,semantic
3155,U+405F,䁟,42,,60,semantic
3156,U+4060,䁠,5,,60,semantic
3157,U+4061,䁡,0,,60,semantic
3158,U+4062,䁢,28,,60,semantic
3159,U+4063,䁣,7,,60,semantic
3160,U+4064,䁤,7,,60,semantic
3161,U+4065,䁥,7,,60,semantic
3162,U+4066,䁦,7,,60,semantic
3163,U+4067,䁧,7,,60,semantic
3164,U+4068,䁨,7,,60,semantic
3165,U+4069,䁩,25,,60,semantic
3166,U+406A,䁪,7,,60,semantic
3167,U+406B,䁫,49,,60,semantic
3168,U+406C,䁬,7,,60,semantic
3169,U+406D,䁭,7,,60,semantic
3170,U+406E,䁮,15,,60,semantic
3171,U+406F,䁯,7,,60,semantic
3172,U+4070,䁰,7,,60,semantic
3173,U+4071,䁱,7,,60,semantic
3174,U+4072,䁲,7,,60,semantic
3175,U+4073,䁳,7,,60,semantic
3176,U+4074,䁴,7,,60,semantic
3177,U+4075,䁵,7,,60,semantic
3178,U+4076,䁶,7,,60,semantic
3179,U+4077,䁷,7,,60,semantic
3180,U+4078,䁸,7,,60,semantic
3181,U+4079,䁹,20,,60,semantic
3182,U+407A,䁺,7,,60,semantic
3183,U+407B,䁻,7,,60,semantic
3184,U+407C,䁼,7,,60,semantic
3185,U+407D,䁽,7,,60,semantic
3186,U+407E,䁾,7,,60,semantic
3187,U+407F,䁿,36,,60,semantic
3188,U+4080,䂀,7,,60,semantic
3189,U+4081,䂁,7,,60,semantic
3190,U+4082,䂂,7,,60,semantic
3191,U+4083,䂃,7,,60,semantic
3192,U+4084,䂄,36,,60,semantic
3193,U+4085,䂅,20,,60,semantic
3194,U+4086,䂆,2,,60,semantic
3195,U+4087,䂇,1,,60,semantic
3196,U+4088,䂈,1,,60,semantic
3197,U+4089,䂉,2,,60,semantic
3198,U+408A,䂊,2,,60,semantic
3199,U+408B,䂋,0,,60,semantic
3200,U+408C,䂌,2,,60,semantic
3201,U+408D,䂍,12,,60,semantic
3202,U+408E,䂎,2,,60,semantic
3203,U+408F,䂏,19,,60,semantic
3204,U+4090,䂐,45,,60,semantic
3205,U+4091,䂑,47,,60,semantic
3206,U+4092,䂒,45,,60,semantic
3207,U+4093,䂓,47,,60,semantic
3208,U+4094,䂔,45,,60,semantic
3209,U+4095,䂕,45,,60,semantic
3210,U+4096,䂖,14,,60,semantic
3211,U+4097,䂗,20,,60,semantic
3212,U+4098,䂘,14,,60,semantic
3213,U+4099,䂙,0,,60,semantic
3214,U+409A,䂚,14,,60,semantic
3215,U+409B,䂛,14,,60,semantic
3216,U+409C,䂜,40,,60,semantic
3217,U+409D,䂝,1,,60,semantic
3218,U+409E,䂞,41,,60,semantic
3219,U+409F,䂟,14,,60,semantic
3220,U+40A0,䂠,14,,60,semantic
3221,U+40A1,䂡,53,,60,semantic
3222,U+40A2,䂢,8,,60,semantic
3223,U+40A3,䂣,6,,60,semantic
3224,U+40A4,䂤,14,,60,semantic
3225,U+40A5,䂥,40,,60,semantic
3226,U+40A6,䂦,14,,60,semantic
3227,U+40A7,䂧,14,,60,semantic
3228,U+40A8,䂨,0,,60,semantic
3229,U+40A9,䂩,8,,60,semantic
3230,U+40AA,䂪,14,,60,semantic
3231,U+40AB,䂫,14,,60,semantic
3232,U+40AC,䂬,10,,60,semantic
3233,U+40AD,䂭,43,,60,semantic
3234,U+40AE,䂮,52,,60,semantic
3235,U+40AF,䂯,40,,60,semantic
3236,U+40B0,䂰,14,,60,semantic
3237,U+40B1,䂱,5,,60,semantic
3238,U+40B2,䂲,18,,60,semantic
3239,U+40B3,䂳,49,,60,semantic
3240,U+40B4,䂴,20,,60,semantic
3241,U+40B5,䂵,8,,60,semantic
3242,U+40B6,䂶,25,,60,semantic
3243,U+40B7,䂷,52,,60,semantic
3244,U+40B8,䂸,52,,60,semantic
3245,U+40B9,䂹,8,,60,semantic
3246,U+40BA,䂺,14,,60,semantic
3247,U+40BB,䂻,52,,60,semantic
3248,U+40BC,䂼,14,,60,semantic
3249,U+40BD,䂽,14,,60,semantic
3250,U+40BE,䂾,52,,60,semantic
3251,U+40BF,䂿,48,,60,semantic
3252,U+40C0,䃀,52,,60,semantic
3253,U+40C1,䃁,14,,60,semantic
3254,U+40C2,䃂,8,,60,semantic
3255,U+40C3,䃃,0,,60,semantic
3256,U+40C4,䃄,0,,60,semantic
3257,U+40C5,䃅,50,,60,semantic
3258,U+40C6,䃆,0,,60,semantic
3259,U+40C7,䃇,25,,60,semantic
3260,U+40C8,䃈,40,,60,semantic
3261,U+40C9,䃉,40,,60,semantic
3262,U+40CA,䃊,52,,60,semantic
3263,U+40CB,䃋,40,,60,semantic
3264,U+40CC,䃌,22,,60,semantic
3265,U+40CD,䃍,5,,60,semantic
3266,U+40CE,䃎,43,,60,semantic
3267,U+40CF,䃏,14,,60,semantic
3268,U+40D0,䃐,0,,60,semantic
3269,U+40D1,䃑,14,,60,semantic
3270,U+40D2,䃒,45,,60,semantic
3271,U+40D3,䃓,42,,60,semantic
3272,U+40D4,䃔,8,,60,semantic
3273,U+40D5,䃕,14,,60,semantic
3274,U+40D6,䃖,9,,60,semantic
3275,U+40D7,䃗,14,,60,semantic
3276,U+40D8,䃘,8,,60,semantic
3277,U+40D9,䃙,14,,60,semantic
3278,U+40DA,䃚,14,,60,semantic
3279,U+40DB,䃛,46,,60,semantic
3280,U+40DC,䃜,14,,60,semantic
3281,U+40DD,䃝,14,,60,semantic
3282,U+40DE,䃞,14,,60,semantic
3283,U+40DF,䃟,43,,60,semantic
3284,U+40E0,䃠,9,,60,semantic
3285,U+40E1,䃡,14,,60,semantic
3286,U+40E2,䃢,22,,60,semantic
3287,U+40E3,䃣,5,,60,semantic
3288,U+40E4,䃤,14,,60,semantic
3289,U+40E5,䃥,14,,60,semantic
3290,U+40E6,䃦,14,,60,semantic
3291,U+40E7,䃧,8,,60,semantic
3292,U+40E8,䃨,0,,60,semantic
3293,U+40E9,䃩,6,,60,semantic
3294,U+40EA,䃪,12,,60,semantic
3295,U+40EB,䃫,49,,60,semantic
3296,U+40EC,䃬,14,,60,semantic
3297,U+40ED,䃭,14,,60,semantic
3298,U+40EE,䃮,14,,60,semantic
3299,U+40EF,䃯,14,,60,semantic
3300,U+40F0,䃰,14,,60,semantic
3301,U+40F1,䃱,50,,60,semantic
3302,U+40F2,䃲,47,,60,semantic
3303,U+40F3,䃳,14,,60,semantic
3304,U+40F4,䃴,14,,60,semantic
3305,U+40F5,䃵,14,,60,semantic
3306,U+40F6,䃶,14,,60,semantic
3307,U+40F7,䃷,14,,60,semantic
3308,U+40F8,䃸,50,,60,semantic
3309,U+40F9,䃹,40,,60,semantic
3310,U+40FA,䃺,52,,60,semantic
3311,U+40FB,䃻,10,,60,semantic
3312,U+40FC,䃼,0,,60,semantic
3313,U+40FD,䃽,28,,60,semantic
3314,U+40FE,䃾,29,,60,semantic
3315,U+40FF,䃿,29,,60,semantic
3316,U+4100,䄀,15,,60,semantic
3317,U+4101,䄁,29,,60,semantic
3318,U+4102,䄂,20,,60,semantic
3319,U+4103,䄃,42,,60,semantic
3320,U+4104,䄄,29,,60,semantic
3321,U+4105,䄅,29,,60,semantic
3322,U+4106,䄆,29,,60,semantic
3323,U+4107,䄇,32,,60,semantic
3324,U+4108,䄈,29,,60,semantic
3325,U+4109,䄉,28,,60,semantic
3326,U+410A,䄊,0,,60,semantic
3327,U+410B,䄋,15,,60,semantic
3328,U+410C,䄌,24,,60,semantic
3329,U+410D,䄍,29,,60,semantic
3330,U+410E,䄎,28,,60,semantic
3331,U+410F,䄏,42,,60,semantic
3332,U+4110,䄐,29,,60,semantic
3333,U+4111,䄑,20,,60,semantic
3334,U+4112,䄒,21,,60,semantic
3335,U+4113,䄓,29,,60,semantic
3336,U+4114,䄔,32,,60,semantic
3337,U+4115,䄕,12,,60,semantic
3338,U+4116,䄖,32,,60,semantic
3339,U+4117,䄗,0,,60,semantic
3340,U+4118,䄘,29,,60,semantic
3341,U+4119,䄙,28,,60,semantic
3342,U+411A,䄚,29,,60,semantic
3343,U+411B,䄛,29,,60,semantic
3344,U+411C,䄜,28,,60,semantic
3345,U+411D,䄝,12,,60,semantic
3346,U+411E,䄞,0,,60,semantic
3347,U+411F,䄟,29,,60,semantic
3348,U+4120,䄠,12,,60,semantic
3349,U+4121,䄡,27,,60,semantic
3350,U+4122,䄢,12,,60,semantic
3351,U+4123,䄣,0,,60,semantic
3352,U+4124,䄤,20,,60,semantic
3353,U+4125,䄥,12,,60,semantic
3354,U+4126,䄦,48,,60,semantic
3355,U+4127,䄧,48,,60,semantic
3356,U+4128,䄨,48,,60,semantic
3357,U+4129,䄩,48,,60,semantic
3358,U+412A,䄪,46,,60,semantic
3359,U+412B,䄫,3,,60,semantic
3360,U+412C,䄬,20,,60,semantic
3361,U+412D,䄭,57,,60,semantic
3362,U+412E,䄮,21,,60,semantic
3363,U+412F,䄯,21,,60,semantic
3364,U+4130,䄰,48,,60,semantic
3365,U+4131,䄱,48,,60,semantic
3366,U+4132,䄲,34,,60,semantic
3367,U+4133,䄳,0,,60,semantic
3368,U+4134,䄴,0,,60,semantic
3369,U+4135,䄵,0,,60,semantic
3370,U+4136,䄶,21,,60,semantic
3371,U+4137,䄷,47,,60,semantic
3372,U+4138,䄸,48,,60,semantic
3373,U+4139,䄹,57,,60,semantic
3374,U+413A,䄺,53,,60,semantic
3375,U+413B,䄻,21,,60,semantic
3376,U+413C,䄼,32,,60,semantic
3377,U+413D,䄽,21,,60,semantic
3378,U+413E,䄾,18,,60,semantic
3379,U+413F,䄿,21,,60,semantic
3380,U+4140,䅀,48,,60,semantic
3381,U+4141,䅁,21,,60,semantic
3382,U+4142,䅂,48,,60,semantic
3383,U+4143,䅃,48,,60,semantic
3384,U+4144,䅄,48,,60,semantic
3385,U+4145,䅅,48,,60,semantic
3386,U+4146,䅆,18,,60,semantic
3387,U+4147,䅇,48,,60,semantic
3388,U+4148,䅈,0,,60,semantic
3389,U+4149,䅉,21,,60,semantic
3390,U+414A,䅊,21,,60,semantic
3391,U+414B,䅋,21,,60,semantic
3392,U+414C,䅌,48,,60,semantic
3393,U+414D,䅍,21,,60,semantic
3394,U+414E,䅎,47,,60,semantic
3395,U+414F,䅏,21,,60,semantic
3396,U+4150,䅐,48,,60,semantic
3397,U+4151,䅑,48,,60,semantic
3398,U+4152,䅒,3,,60,semantic
3399,U+4153,䅓,41,,60,semantic
3400,U+4154,䅔,48,,60,semantic
3401,U+4155,䅕,53,,60,semantic
3402,U+4156,䅖,48,,60,semantic
3403,U+4157,䅗,48,,60,semantic
3404,U+4158,䅘,48,,60,semantic
3405,U+4159,䅙,3,,60,semantic
3406,U+415A,䅚,21,,60,semantic
3407,U+415B,䅛,21,,60,semantic
3408,U+415C,䅜,48,,60,semantic
3409,U+415D,䅝,48,,60,semantic
3410,U+415E,䅞,21,,60,semantic
3411,U+415F,䅟,48,,60,semantic
3412,U+4160,䅠,3,,60,semantic
3413,U+4161,䅡,3,,60,semantic
3414,U+4162,䅢,48,,60,semantic
3415,U+4163,䅣,48,,60,semantic
3416,U+4164,䅤,3,,60,semantic
3417,U+4165,䅥,48,,60,semantic
3418,U+4166,䅦,21,,60,semantic
3419,U+4167,䅧,21,,60,semantic
3420,U+4168,䅨,49,,60,semantic
3421,U+4169,䅩,51,,60,semantic
3422,U+416A,䅪,56,,60,semantic
3423,U+416B,䅫,0,,60,semantic
3424,U+416C,䅬,21,,60,semantic
3425,U+416D,䅭,48,,60,semantic
3426,U+416E,䅮,48,,60,semantic
3427,U+416F,䅯,53,,60,semantic
3428,U+4170,䅰,3,,60,semantic
3429,U+4171,䅱,54,,60,semantic
3430,U+4172,䅲,48,,60,semantic
3431,U+4173,䅳,48,,60,semantic
3432,U+4174,䅴,21,,60,semantic
3433,U+4175,䅵,48,,60,semantic
3434,U+4176,䅶,3,,60,semantic
3435,U+4177,䅷,21,,60,semantic
3436,U+4178,䅸,48,,60,semantic
3437,U+4179,䅹,48,,60,semantic
3438,U+417A,䅺,17,,60,semantic
3439,U+417B,䅻,17,,60,semantic
3440,U+417C,䅼,48,,60,semantic
3441,U+417D,䅽,48,,60,semantic
3442,U+417E,䅾,17,,60,semantic
3443,U+417F,䅿,28,,60,semantic
3444,U+4180,䆀,42,,60,semantic
3445,U+4181,䆁,48,,60,semantic
3446,U+4182,䆂,48,,60,semantic
3447,U+4183,䆃,21,,60,semantic
3448,U+4184,䆄,21,,60,semantic
3449,U+4185,䆅,21,,60,semantic
3450,U+4186,䆆,0,,60,semantic
3451,U+4187,䆇,0,,60,semantic
3452,U+4188,䆈,45,,60,semantic
3453,U+4189,䆉,21,,60,semantic
3454,U+418A,䆊,21,,60,semantic
3455,U+418B,䆋,47,,60,semantic
3456,U+418C,䆌,0,,60,semantic
3457,U+418D,䆍,48,,60,semantic
3458,U+418E,䆎,48,,60,semantic
3459,U+418F,䆏,21,,60,semantic
3460,U+4190,䆐,12,,60,semantic
3461,U+4191,䆑,47,,60,semantic
3462,U+4192,䆒,42,,60,semantic
3463,U+4193,䆓,14,,60,semantic
3464,U+4194,䆔,46,,60,semantic
3465,U+4195,䆕,20,,60,semantic
3466,U+4196,䆖,18,,60,semantic
3467,U+4197,䆗,28,,60,semantic
3468,U+4198,䆘,51,,60,semantic
3469,U+4199,䆙,14,,60,semantic
3470,U+419A,䆚,14,,60,semantic
3471,U+419B,䆛,14,,60,semantic
3472,U+419C,䆜,34,,60,semantic
3473,U+419D,䆝,14,,60,semantic
3474,U+419E,䆞,34,,60,semantic
3475,U+419F,䆟,47,,60,semantic
3476,U+41A0,䆠,12,,60,semantic
3477,U+41A1,䆡,14,,60,semantic
3478,U+41A2,䆢,20,,60,semantic
3479,U+41A3,䆣,12,,60,semantic
3480,U+41A4,䆤,20,,60,semantic
3481,U+41A5,䆥,20,,60,semantic
3482,U+41A6,䆦,14,,60,semantic
3483,U+41A7,䆧,9,,60,semantic
3484,U+41A8,䆨,18,,60,semantic
3485,U+41A9,䆩,34,,60,semantic
3486,U+41AA,䆪,50,,60,semantic
3487,U+41AB,䆫,47,,60,semantic
3488,U+41AC,䆬,5,,60,semantic
3489,U+41AD,䆭,14,,60,semantic
3490,U+41AE,䆮,43,,60,semantic
3491,U+41AF,䆯,28,,60,semantic
3492,U+41B0,䆰,14,,60,semantic
3493,U+41B1,䆱,18,,60,semantic
3494,U+41B2,䆲,9,,60,semantic
3495,U+41B3,䆳,34,,60,semantic
3496,U+41B4,䆴,0,,60,semantic
3497,U+41B5,䆵,18,,60,semantic
3498,U+41B6,䆶,8,,60,semantic
3499,U+41B7,䆷,34,,60,semantic
3500,U+41B8,䆸,9,,60,semantic
3501,U+41B9,䆹,34,,60,semantic
3502,U+41BA,䆺,21,,60,semantic
3503,U+41BB,䆻,14,,60,semantic
3504,U+41BC,䆼,9,,60,semantic
3505,U+41BD,䆽,14,,60,semantic
3506,U+41BE,䆾,18,,60,semantic
3507,U+41BF,䆿,47,,60,semantic
3508,U+41C0,䇀,27,,60,semantic
3509,U+41C1,䇁,14,,60,semantic
3510,U+41C2,䇂,42,,60,semantic
3511,U+41C3,䇃,20,,60,semantic
3512,U+41C4,䇄,0,,60,semantic
3513,U+41C5,䇅,20,,60,semantic
3514,U+41C6,䇆,47,,60,semantic
3515,U+41C7,䇇,42,,60,semantic
3516,U+41C8,䇈,20,,60,semantic
3517,U+41C9,䇉,47,,60,semantic
3518,U+41CA,䇊,0,,60,semantic
3519,U+41CB,䇋,12,,60,semantic
3520,U+41CC,䇌,20,,60,semantic
3521,U+41CD,䇍,20,,60,semantic
3522,U+41CE,䇎,36,,60,semantic
3523,U+41CF,䇏,41,,60,semantic
3524,U+41D0,䇐,20,,60,semantic
3525,U+41D1,䇑,31,,60,semantic
3526,U+41D2,䇒,47,,60,semantic
3527,U+41D3,䇓,20,,60,semantic
3528,U+41D4,䇔,36,,60,semantic
3529,U+41D5,䇕,20,,60,semantic
3530,U+41D6,䇖,37,,60,semantic
3531,U+41D7,䇗,37,,60,semantic
3532,U+41D8,䇘,37,,60,semantic
3533,U+41D9,䇙,37,,60,semantic
3534,U+41DA,䇚,1,,60,semantic
3535,U+41DB,䇛,37,,60,semantic
3536,U+41DC,䇜,37,,60,semantic
3537,U+41DD,䇝,20,,60,semantic
3538,U+41DE,䇞,37,,60,semantic
3539,U+41DF,䇟,51,,60,semantic
3540,U+41E0,䇠,46,,60,semantic
3541,U+41E1,䇡,53,,60,semantic
3542,U+41E2,䇢,37,,60,semantic
3543,U+41E3,䇣,37,,60,semantic
3544,U+41E4,䇤,28,,60,semantic
3545,U+41E5,䇥,46,,60,semantic
3546,U+41E6,䇦,37,,60,semantic
3547,U+41E7,䇧,37,,60,semantic
3548,U+41E8,䇨,37,,60,semantic
3549,U+41E9,䇩,55,,60,semantic
3550,U+41EA,䇪,37,,60,semantic
3551,U+41EB,䇫,37,,60,semantic
3552,U+41EC,䇬,37,,60,semantic
3553,U+41ED,䇭,37,,60,semantic
3554,U+41EE,䇮,37,,60,semantic
3555,U+41EF,䇯,37,,60,semantic
3556,U+41F0,䇰,37,,60,semantic
3557,U+41F1,䇱,46,,60,semantic
3558,U+41F2,䇲,53,,60,semantic
3559,U+41F3,䇳,47,,60,semantic
3560,U+41F4,䇴,0,,60,semantic
3561,U+41F5,䇵,37,,60,semantic
3562,U+41F6,䇶,37,,60,semantic
3563,U+41F7,䇷,52,,60,semantic
3564,U+41F8,䇸,37,,60,semantic
3565,U+41F9,䇹,37,,60,semantic
3566,U+41FA,䇺,54,,60,semantic
3567,U+41FB,䇻,37,,60,semantic
3568,U+41FC,䇼,37,,60,semantic
3569,U+41FD,䇽,37,,60,semantic
3570,U+41FE,䇾,47,,60,semantic
3571,U+41FF,䇿,0,,60,semantic
3572,U+4200,䈀,37,,60,semantic
3573,U+4201,䈁,55,,60,semantic
3574,U+4202,䈂,37,,60,semantic
3575,U+4203,䈃,37,,60,semantic
3576,U+4204,䈄,37,,60,semantic
3577,U+4205,䈅,11,,60,semantic
3578,U+4206,䈆,37,,60,semantic
3579,U+4207,䈇,53,,60,semantic
3580,U+4208,䈈,37,,60,semantic
3581,U+4209,䈉,12,,60,semantic
3582,U+420A,䈊,37,,60,semantic
3583,U+420B,䈋,37,,60,semantic
3584,U+420C,䈌,37,,60,semantic
3585,U+420D,䈍,37,,60,semantic
3586,U+420E,䈎,3,,60,semantic
3587,U+420F,䈏,37,,60,semantic
3588,U+4210,䈐,37,,60,semantic
3589,U+4211,䈑,11,,60,semantic
3590,U+4212,䈒,37,,60,semantic
3591,U+4213,䈓,37,,60,semantic
3592,U+4214,䈔,53,,60,semantic
3593,U+4215,䈕,46,,60,semantic
3594,U+4216,䈖,37,,60,semantic
3595,U+4217,䈗,37,,60,semantic
3596,U+4218,䈘,37,,60,semantic
3597,U+4219,䈙,37,,60,semantic
3598,U+421A,䈚,37,,60,semantic
3599,U+421B,䈛,37,,60,semantic
3600,U+421C,䈜,52,,60,semantic
3601,U+421D,䈝,37,,60,semantic
3602,U+421E,䈞,32,,60,semantic
3603,U+421F,䈟,8,,60,semantic
3604,U+4220,䈠,52,,60,semantic
3605,U+4221,䈡,37,,60,semantic
3606,U+4222,䈢,37,,60,semantic
3607,U+4223,䈣,37,,60,semantic
3608,U+4224,䈤,53,,60,semantic
3609,U+4225,䈥,37,,60,semantic
3610,U+4226,䈦,37,,60,semantic
3611,U+4227,䈧,37,,60,semantic
3612,U+4228,䈨,0,,60,semantic
3613,U+4229,䈩,0,,60,semantic
3614,U+422A,䈪,37,,60,semantic
3615,U+422B,䈫,46,,60,semantic
3616,U+422C,䈬,37,,60,semantic
3617,U+422D,䈭,37,,60,semantic
3618,U+422E,䈮,37,,60,semantic
3619,U+422F,䈯,37,,60,semantic
3620,U+4230,䈰,37,,60,semantic
3621,U+4231,䈱,37,,60,semantic
3622,U+4232,䈲,37,,60,semantic
3623,U+4233,䈳,37,,60,semantic
3624,U+4234,䈴,46,,60,semantic
3625,U+4235,䈵,37,,60,semantic
3626,U+4236,䈶,44,,60,semantic
3627,U+4237,䈷,37,,60,semantic
3628,U+4238,䈸,21,,60,semantic
3629,U+4239,䈹,21,,60,semantic
3630,U+423A,䈺,37,,60,semantic
3631,U+423B,䈻,37,,60,semantic
3632,U+423C,䈼,37,,60,semantic
3633,U+423D,䈽,37,,60,semantic
3634,U+423E,䈾,53,,60,semantic
3635,U+423F,䈿,59,,60,semantic
3636,U+4240,䉀,37,,60,semantic
3637,U+4241,䉁,37,,60,semantic
3638,U+4242,䉂,14,,60,semantic
3639,U+4243,䉃,37,,60,semantic
3640,U+4244,䉄,37,,60,semantic
3641,U+4245,䉅,37,,60,semantic
3642,U+4246,䉆,37,,60,semantic
3643,U+4247,䉇,0,,60,semantic
3644,U+4248,䉈,37,,60,semantic
3645,U+4249,䉉,47,,60,semantic
3646,U+424A,䉊,37,,60,semantic
3647,U+424B,䉋,37,,60,semantic
3648,U+424C,䉌,37,,60,semantic
3649,U+424D,䉍,7,,60,semantic
3650,U+424E,䉎,9,,60,semantic
3651,U+424F,䉏,37,,60,semantic
3652,U+4250,䉐,37,,60,semantic
3653,U+4251,䉑,37,,60,semantic
3654,U+4252,䉒,37,,60,semantic
3655,U+4253,䉓,37,,60,semantic
3656,U+4254,䉔,37,,60,semantic
3657,U+4255,䉕,37,,60,semantic
3658,U+4256,䉖,59,,60,semantic
3659,U+4257,䉗,26,,60,semantic
3660,U+4258,䉘,2,,60,semantic
3661,U+4259,䉙,37,,60,semantic
3662,U+425A,䉚,37,,60,semantic
3663,U+425B,䉛,37,,60,semantic
3664,U+425C,䉜,37,,60,semantic
3665,U+425D,䉝,37,,60,semantic
3666,U+425E,䉞,37,,60,semantic
3667,U+425F,䉟,37,,60,semantic
3668,U+4260,䉠,37,,60,semantic
3669,U+4261,䉡,37,,60,semantic
3670,U+4262,䉢,53,,60,semantic
3671,U+4263,䉣,37,,60,semantic
3672,U+4264,䉤,21,,60,semantic
3673,U+4265,䉥,54,,60,semantic
3674,U+4266,䉦,37,,60,semantic
3675,U+4267,䉧,37,,60,semantic
3676,U+4268,䉨,37,,60,semantic
3677,U+4269,䉩,37,,60,semantic
3678,U+426A,䉪,52,,60,semantic
3679,U+426B,䉫,37,,60,semantic
3680,U+426C,䉬,37,,60,semantic
3681,U+426D,䉭,37,,60,semantic
3682,U+426E,䉮,20,,60,semantic
3683,U+426F,䉯,37,,60,semantic
3684,U+4270,䉰,37,,60,semantic
3685,U+4271,䉱,57,,60,semantic
3686,U+4272,䉲,37,,60,semantic
3687,U+4273,䉳,37,,60,semantic
3688,U+4274,䉴,37,,60,semantic
3689,U+4275,䉵,54,,60,semantic
3690,U+4276,䉶,55,,60,semantic
3691,U+4277,䉷,3,,60,semantic
3692,U+4278,䉸,37,,60,semantic
3693,U+4279,䉹,37,,60,semantic
3694,U+427A,䉺,21,,60,semantic
3695,U+427B,䉻,21,,60,semantic
3696,U+427C,䉼,47,,60,semantic
3697,U+427D,䉽,21,,60,semantic
3698,U+427E,䉾,21,,60,semantic
3699,U+427F,䉿,52,,60,semantic
3700,U+4280,䊀,47,,60,semantic
3701,U+4281,䊁,21,,60,semantic
3702,U+4282,䊂,21,,60,semantic
3703,U+4283,䊃,21,,60,semantic
3704,U+4284,䊄,21,,60,semantic
3705,U+4285,䊅,21,,60,semantic
3706,U+4286,䊆,21,,60,semantic
3707,U+4287,䊇,54,,60,semantic
3708,U+4288,䊈,48,,60,semantic
3709,U+4289,䊉,3,,60,semantic
3710,U+428A,䊊,21,,60,semantic
3711,U+428B,䊋,20,,60,semantic
3712,U+428C,䊌,0,,60,semantic
3713,U+428D,䊍,23,,60,semantic
3714,U+428E,䊎,26,,60,semantic
3715,U+428F,䊏,21,,60,semantic
3716,U+4290,䊐,54,,60,semantic
3717,U+4291,䊑,29,,60,semantic
3718,U+4292,䊒,28,,60,semantic
3719,U+4293,䊓,52,,60,semantic
3720,U+4294,䊔,21,,60,semantic
3721,U+4295,䊕,18,,60,semantic
3722,U+4296,䊖,21,,60,semantic
3723,U+4297,䊗,48,,60,semantic
3724,U+4298,䊘,21,,60,semantic
3725,U+4299,䊙,21,,60,semantic
3726,U+429A,䊚,49,,60,semantic
3727,U+429B,䊛,21,,60,semantic
3728,U+429C,䊜,54,,60,semantic
3729,U+429D,䊝,5,,60,semantic
3730,U+429E,䊞,52,,60,semantic
3731,U+429F,䊟,21,,60,semantic
3732,U+42A0,䊠,54,,60,semantic
3733,U+42A1,䊡,54,,60,semantic
3734,U+42A2,䊢,23,,60,semantic
3735,U+42A3,䊣,48,,60,semantic
3736,U+42A4,䊤,48,,60,semantic
3737,U+42A5,䊥,54,,60,semantic
3738,U+42A6,䊦,21,,60,semantic
3739,U+42A7,䊧,53,,60,semantic
3740,U+42A8,䊨,48,,60,semantic
3741,U+42A9,䊩,21,,60,semantic
3742,U+42AA,䊪,21,,60,semantic
3743,U+42AB,䊫,21,,60,semantic
3744,U+42AC,䊬,48,,60,semantic
3745,U+42AD,䊭,5,,60,semantic
3746,U+42AE,䊮,48,,60,semantic
3747,U+42AF,䊯,21,,60,semantic
3748,U+42B0,䊰,54,,60,semantic
3749,U+42B1,䊱,21,,60,semantic
3750,U+42B2,䊲,21,,60,semantic
3751,U+42B3,䊳,52,,60,semantic
3752,U+42B4,䊴,21,,60,semantic
3753,U+42B5,䊵,45,,60,semantic
3754,U+42B6,䊶,19,,60,semantic
3755,U+42B7,䊷,50,,60,semantic
3756,U+42B8,䊸,46,,60,semantic
3757,U+42B9,䊹,47,,60,semantic
3758,U+42BA,䊺,46,,60,semantic
3759,U+42BB,䊻,11,,60,semantic
3760,U+42BC,䊼,11,,60,semantic
3761,U+42BD,䊽,11,,60,semantic
3762,U+42BE,䊾,46,,60,semantic
3763,U+42BF,䊿,27,,60,semantic
3764,U+42C0,䋀,51,,60,semantic
3765,U+42C1,䋁,10,,60,semantic
3766,U+42C2,䋂,50,,60,semantic
3767,U+42C3,䋃,11,,60,semantic
3768,U+42C4,䋄,47,,60,semantic
3769,U+42C5,䋅,0,,60,semantic
3770,U+42C6,䋆,0,,60,semantic
3771,U+42C7,䋇,0,,60,semantic
3772,U+42C8,䋈,27,,60,semantic
3773,U+42C9,䋉,27,,60,semantic
3774,U+42CA,䋊,35,,60,semantic
3775,U+42CB,䋋,25,,60,semantic
3776,U+42CC,䋌,18,,60,semantic
3777,U+42CD,䋍,11,,60,semantic
3778,U+42CE,䋎,52,,60,semantic
3779,U+42CF,䋏,46,,60,semantic
3780,U+42D0,䋐,11,,60,semantic
3781,U+42D1,䋑,46,,60,semantic
3782,U+42D2,䋒,5,,60,semantic
3783,U+42D3,䋓,27,,60,semantic
3784,U+42D4,䋔,46,,60,semantic
3785,U+42D5,䋕,53,,60,semantic
3786,U+42D6,䋖,27,,60,semantic
3787,U+42D7,䋗,18,,60,semantic
3788,U+42D8,䋘,46,,60,semantic
3789,U+42D9,䋙,2,,60,semantic
3790,U+42DA,䋚,44,,60,semantic
3791,U+42DB,䋛,21,,60,semantic
3792,U+42DC,䋜,2,,60,semantic
3793,U+42DD,䋝,53,,60,semantic
3794,U+42DE,䋞,47,,60,semantic
3795,U+42DF,䋟,2,,60,semantic
3796,U+42E0,䋠,20,,60,semantic
3797,U+42E1,䋡,47,,60,semantic
3798,U+42E2,䋢,46,,60,semantic
3799,U+42E3,䋣,32,,60,semantic
3800,U+42E4,䋤,11,,60,semantic
3801,U+42E5,䋥,46,,60,semantic
3802,U+42E6,䋦,11,,60,semantic
3803,U+42E7,䋧,51,,60,semantic
3804,U+42E8,䋨,11,,60,semantic
3805,U+42E9,䋩,11,,60,semantic
3806,U+42EA,䋪,11,,60,semantic
3807,U+42EB,䋫,46,,60,semantic
3808,U+42EC,䋬,11,,60,semantic
3809,U+42ED,䋭,11,,60,semantic
3810,U+42EE,䋮,27,,60,semantic
3811,U+42EF,䋯,2,,60,semantic
3812,U+42F0,䋰,20,,60,semantic
3813,U+42F1,䋱,4,,60,semantic
3814,U+42F2,䋲,46,,60,semantic
3815,U+42F3,䋳,27,,60,semantic
3816,U+42F4,䋴,11,,60,semantic
3817,U+42F5,䋵,11,,60,semantic
3818,U+42F6,䋶,31,,60,semantic
3819,U+42F7,䋷,11,,60,semantic
3820,U+42F8,䋸,27,,60,semantic
3821,U+42F9,䋹,27,,60,semantic
3822,U+42FA,䋺,47,,60,semantic
3823,U+42FB,䋻,51,,60,semantic
3824,U+42FC,䋼,45,,60,semantic
3825,U+42FD,䋽,51,,60,semantic
3826,U+42FE,䋾,11,,60,semantic
3827,U+42FF,䋿,11,,60,semantic
3828,U+4300,䌀,11,,60,semantic
3829,U+4301,䌁,46,,60,semantic
3830,U+4302,䌂,14,,60,semantic
3831,U+4303,䌃,11,,60,semantic
3832,U+4304,䌄,10,,60,semantic
3833,U+4305,䌅,46,,60,semantic
3834,U+4306,䌆,11,,60,semantic
3835,U+4307,䌇,46,,60,semantic
3836,U+4308,䌈,53,,60,semantic
3837,U+4309,䌉,47,,60,semantic
3838,U+430A,䌊,42,,60,semantic
3839,U+430B,䌋,27,,60,semantic
3840,U+430C,䌌,11,,60,semantic
3841,U+430D,䌍,11,,60,semantic
3842,U+430E,䌎,20,,60,semantic
3843,U+430F,䌏,0,,60,semantic
3844,U+4310,䌐,46,,60,semantic
3845,U+4311,䌑,46,,60,semantic
3846,U+4312,䌒,34,,60,semantic
3847,U+4313,䌓,47,,60,semantic
3848,U+4314,䌔,49,,60,semantic
3849,U+4315,䌕,46,,60,semantic
3850,U+4316,䌖,20,,60,semantic
3851,U+4317,䌗,11,,60,semantic
3852,U+4318,䌘,46,,60,semantic
3853,U+4319,䌙,46,,60,semantic
3854,U+431A,䌚,52,,60,semantic
3855,U+431B,䌛,20,,60,semantic
3856,U+431C,䌜,27,,60,semantic
3857,U+431D,䌝,11,,60,semantic
3858,U+431E,䌞,46,,60,semantic
3859,U+431F,䌟,11,,60,semantic
3860,U+4320,䌠,20,,60,semantic
3861,U+4321,䌡,20,,60,semantic
3862,U+4322,䌢,11,,60,semantic
3863,U+4323,䌣,47,,60,semantic
3864,U+4324,䌤,11,,60,semantic
3865,U+4325,䌥,27,,60,semantic
3866,U+4326,䌦,50,,60,semantic
3867,U+4327,䌧,11,,60,semantic
3868,U+4328,䌨,11,,60,semantic
3869,U+4329,䌩,27,,60,semantic
3870,U+432A,䌪,20,,60,semantic
3871,U+432B,䌫,46,,60,semantic
3872,U+432C,䌬,34,,60,semantic
3873,U+432D,䌭,11,,60,semantic
3874,U+432E,䌮,11,,60,semantic
3875,U+432F,䌯,27,,60,semantic
3876,U+4330,䌰,11,,60,semantic
3877,U+4331,䌱,11,,60,semantic
3878,U+4332,䌲,50,,60,semantic
3879,U+4333,䌳,11,,60,semantic
3880,U+4334,䌴,11,,60,semantic
3881,U+4335,䌵,46,,60,semantic
3882,U+4336,䌶,50,,60,semantic
3883,U+4337,䌷,46,,60,semantic
3884,U+4338,䌸,11,,60,semantic
3885,U+4339,䌹,27,,60,semantic
3886,U+433A,䌺,28,,60,semantic
3887,U+433B,䌻,20,,60,semantic
3888,U+433C,䌼,11,,60,semantic
3889,U+433D,䌽,11,,60,semantic
3890,U+433E,䌾,53,,60,semantic
3891,U+433F,䌿,27,,60,semantic
3892,U+4340,䍀,27,,60,semantic
3893,U+4341,䍁,27,,60,semantic
3894,U+4342,䍂,23,,60,semantic
3895,U+4343,䍃,26,,60,semantic
3896,U+4344,䍄,47,,60,semantic
3897,U+4345,䍅,26,,60,semantic
3898,U+4346,䍆,26,,60,semantic
3899,U+4347,䍇,26,,60,semantic
3900,U+4348,䍈,26,,60,semantic
3901,U+4349,䍉,52,,60,semantic
3902,U+434A,䍊,26,,60,semantic
3903,U+434B,䍋,26,,60,semantic
3904,U+434C,䍌,26,,60,semantic
3905,U+434D,䍍,14,,60,semantic
3906,U+434E,䍎,51,,60,semantic
3907,U+4350,䍐,32,,60,semantic
3908,U+4351,䍑,32,,60,semantic
3909,U+4352,䍒,42,,60,semantic
3910,U+4353,䍓,53,,60,semantic
3911,U+4354,䍔,46,,60,semantic
3912,U+4355,䍕,46,,60,semantic
3913,U+4356,䍖,46,,60,semantic
3914,U+4357,䍗,20,,60,semantic
3915,U+4358,䍘,53,,60,semantic
3916,U+4359,䍙,44,,60,semantic
3917,U+435A,䍚,18,,60,semantic
3918,U+435B,䍛,25,,60,semantic
3919,U+435C,䍜,44,,60,semantic
3920,U+435D,䍝,47,,60,semantic
3921,U+435E,䍞,25,,60,semantic
3922,U+435F,䍟,25,,60,semantic
3923,U+4360,䍠,53,,60,semantic
3924,U+4361,䍡,25,,60,semantic
3925,U+4362,䍢,46,,60,semantic
3926,U+4363,䍣,25,,60,semantic
3927,U+4364,䍤,52,,60,semantic
3928,U+4365,䍥,49,,60,semantic
3929,U+4366,䍦,12,,60,semantic
3930,U+4367,䍧,19,,60,semantic
3931,U+4368,䍨,19,,60,semantic
3932,U+4369,䍩,29,,60,semantic
3933,U+436A,䍪,19,,60,semantic
3934,U+436B,䍫,19,,60,semantic
3935,U+436C,䍬,19,,60,semantic
3936,U+436D,䍭,19,,60,semantic
3937,U+436E,䍮,19,,60,semantic
3938,U+436F,䍯,19,,60,semantic
3939,U+4370,䍰,19,,60,semantic
3940,U+4371,䍱,19,,60,semantic
3941,U+4372,䍲,19,,60,semantic
3942,U+4373,䍳,19,,60,semantic
3943,U+4374,䍴,19,,60,semantic
3944,U+4375,䍵,19,,60,semantic
3945,U+4376,䍶,12,,60,semantic
3946,U+4377,䍷,19,,60,semantic
3947,U+4378,䍸,19,,60,semantic
3948,U+4379,䍹,19,,60,semantic
3949,U+437A,䍺,19,,60,semantic
3950,U+437B,䍻,19,,60,semantic
3951,U+437C,䍼,19,,60,semantic
3952,U+437D,䍽,19,,60,semantic
3953,U+437E,䍾,16,,60,semantic
3954,U+437F,䍿,44,,60,semantic
3955,U+4380,䎀,31,,60,semantic
3956,U+4381,䎁,32,,60,semantic
3957,U+4382,䎂,44,,60,semantic
3958,U+4383,䎃,52,,60,semantic
3959,U+4384,䎄,4,,60,semantic
3960,U+4385,䎅,16,,60,semantic
3961,U+4386,䎆,16,,60,semantic
3962,U+4387,䎇,45,,60,semantic
3963,U+4388,䎈,16,,60,semantic
3964,U+4389,䎉,31,,60,semantic
3965,U+438A,䎊,16,,60,semantic
3966,U+438B,䎋,16,,60,semantic
3967,U+438C,䎌,44,,60,semantic
3968,U+438D,䎍,4,,60,semantic
3969,U+438E,䎎,13,,60,semantic
3970,U+438F,䎏,44,,60,semantic
3971,U+4390,䎐,4,,60,semantic
3972,U+4391,䎑,16,,60,semantic
3973,U+4392,䎒,44,,60,semantic
3974,U+4393,䎓,16,,60,semantic
3975,U+4394,䎔,4,,60,semantic
3976,U+4395,䎕,44,,60,semantic
3977,U+4396,䎖,16,,60,semantic
3978,U+4397,䎗,16,,60,semantic
3979,U+4398,䎘,44,,60,semantic
3980,U+4399,䎙,16,,60,semantic
3981,U+439A,䎚,44,,60,semantic
3982,U+439B,䎛,0,,60,semantic
3983,U+439C,䎜,57,,60,semantic
3984,U+439D,䎝,47,,60,semantic
3985,U+439E,䎞,0,,60,semantic
3986,U+439F,䎟,20,,60,semantic
3987,U+43A0,䎠,20,,60,semantic
3988,U+43A1,䎡,45,,60,semantic
3989,U+43A2,䎢,48,,60,semantic
3990,U+43A3,䎣,2,,60,semantic
3991,U+43A4,䎤,48,,60,semantic
3992,U+43A5,䎥,0,,60,semantic
3993,U+43A6,䎦,52,,60,semantic
3994,U+43A7,䎧,48,,60,semantic
3995,U+43A8,䎨,48,,60,semantic
3996,U+43A9,䎩,3,,60,semantic
3997,U+43AA,䎪,48,,60,semantic
3998,U+43AB,䎫,3,,60,semantic
3999,U+43AC,䎬,2,,60,semantic
4000,U+43AD,䎭,2,,60,semantic
4001,U+43AE,䎮,3,,60,semantic
4002,U+43AF,䎯,52,,60,semantic
4003,U+43B0,䎰,43,,60,semantic
4004,U+43B1,䎱,2,,60,semantic
4005,U+43B2,䎲,17,,60,semantic
4006,U+43B3,䎳,17,,60,semantic
4007,U+43B4,䎴,12,,60,semantic
4008,U+43B5,䎵,42,,60,semantic
4009,U+43B6,䎶,29,,60,semantic
4010,U+43B7,䎷,4,,60,semantic
4011,U+43B8,䎸,20,,60,semantic
4012,U+43B9,䎹,20,,60,semantic
4013,U+43BA,䎺,20,,60,semantic
4014,U+43BB,䎻,8,,60,semantic
4015,U+43BC,䎼,58,,60,semantic
4016,U+43BD,䎽,20,,60,semantic
4017,U+43BE,䎾,7,,60,semantic
4018,U+43BF,䎿,8,,60,semantic
4019,U+43C0,䏀,47,,60,semantic
4020,U+43C1,䏁,8,,60,semantic
4021,U+43C2,䏂,36,,60,semantic
4022,U+43C3,䏃,8,,60,semantic
4023,U+43C4,䏄,8,,60,semantic
4024,U+43C5,䏅,8,,60,semantic
4025,U+43C6,䏆,8,,60,semantic
4026,U+43C7,䏇,8,,60,semantic
4027,U+43C8,䏈,47,,60,semantic
4028,U+43C9,䏉,8,,60,semantic
4029,U+43CA,䏊,8,,60,semantic
4030,U+43CB,䏋,28,,60,semantic
4031,U+43CC,䏌,8,,60,semantic
4032,U+43CD,䏍,58,,60,semantic
4033,U+43CE,䏎,19,,60,semantic
4034,U+43CF,䏏,8,,60,semantic
4035,U+43D0,䏐,51,,60,semantic
4036,U+43D1,䏑,39,,60,semantic
4037,U+43D2,䏒,54,,60,semantic
4038,U+43D3,䏓,14,,60,semantic
4039,U+43D4,䏔,54,,60,semantic
4040,U+43D5,䏕,54,,60,semantic
4041,U+43D6,䏖,56,,60,semantic
4042,U+43D7,䏗,36,,60,semantic
4043,U+43D8,䏘,19,,60,semantic
4044,U+43D9,䏙,54,,60,semantic
4045,U+43DA,䏚,45,,60,semantic
4046,U+43DB,䏛,58,,60,semantic
4047,U+43DC,䏜,54,,60,semantic
4048,U+43DD,䏝,53,,60,semantic
4049,U+43DE,䏞,56,,60,semantic
4050,U+43DF,䏟,54,,60,semantic
4051,U+43E0,䏠,54,,60,semantic
4052,U+43E1,䏡,54,,60,semantic
4053,U+43E2,䏢,52,,60,semantic
4054,U+43E3,䏣,53,,60,semantic
4055,U+43E5,䏥,56,,60,semantic
4056,U+43E6,䏦,54,,60,semantic
4057,U+43E7,䏧,54,,60,semantic
4058,U+43E8,䏨,23,,60,semantic
4059,U+43E9,䏩,27,,60,semantic
4060,U+43EA,䏪,51,,60,semantic
4061,U+43EB,䏫,51,,60,semantic
4062,U+43EC,䏬,51,,60,semantic
4063,U+43ED,䏭,4,,60,semantic
4064,U+43EE,䏮,27,,60,semantic
4065,U+43EF,䏯,58,,60,semantic
4066,U+43F0,䏰,58,,60,semantic
4067,U+43F1,䏱,54,,60,semantic
4068,U+43F2,䏲,56,,60,semantic
4069,U+43F3,䏳,54,,60,semantic
4070,U+43F4,䏴,34,,60,semantic
4071,U+43F5,䏵,18,,60,semantic
4072,U+43F6,䏶,51,,60,semantic
4073,U+43F7,䏷,56,,60,semantic
4074,U+43F8,䏸,25,,60,semantic
4075,U+43F9,䏹,7,,60,semantic
4076,U+43FA,䏺,56,,60,semantic
4077,U+43FB,䏻,20,,60,semantic
4078,U+43FC,䏼,54,,60,semantic
4079,U+43FD,䏽,54,,60,semantic
4080,U+43FE,䏾,56,,60,semantic
4081,U+43FF,䏿,19,,60,semantic
4082,U+4400,䐀,19,,60,semantic
4083,U+4401,䐁,19,,60,semantic
4084,U+4402,䐂,54,,60,semantic
4085,U+4403,䐃,54,,60,semantic
4086,U+4404,䐄,54,,60,semantic
4087,U+4405,䐅,17,,60,semantic
4088,U+4406,䐆,56,,60,semantic
4089,U+4407,䐇,50,,60,semantic
4090,U+4408,䐈,54,,60,semantic
4091,U+4409,䐉,4,,60,semantic
4092,U+440A,䐊,54,,60,semantic
4093,U+440B,䐋,56,,60,semantic
4094,U+440C,䐌,18,,60,semantic
4095,U+440D,䐍,54,,60,semantic
4096,U+440E,䐎,54,,60,semantic
4097,U+440F,䐏,54,,60,semantic
4098,U+4410,䐐,51,,60,semantic
4099,U+4411,䐑,52,,60,semantic
4100,U+4412,䐒,52,,60,semantic
4101,U+4413,䐓,45,,60,semantic
4102,U+4414,䐔,19,,60,semantic
4103,U+4415,䐕,54,,60,semantic
4104,U+4416,䐖,8,,60,semantic
4105,U+4417,䐗,19,,60,semantic
4106,U+4418,䐘,8,,60,semantic
4107,U+4419,䐙,51,,60,semantic
4108,U+441A,䐚,28,,60,semantic
4109,U+441B,䐛,52,,60,semantic
4110,U+441C,䐜,56,,60,semantic
4111,U+441D,䐝,18,,60,semantic
4112,U+441E,䐞,56,,60,semantic
4113,U+441F,䐟,51,,60,semantic
4114,U+4420,䐠,43,,60,semantic
4115,U+4421,䐡,25,,60,semantic
4116,U+4422,䐢,20,,60,semantic
4117,U+4423,䐣,54,,60,semantic
4118,U+4424,䐤,54,,60,semantic
4119,U+4425,䐥,49,,60,semantic
4120,U+4426,䐦,36,,60,semantic
4121,U+4427,䐧,29,,60,semantic
4122,U+4428,䐨,51,,60,semantic
4123,U+4429,䐩,54,,60,semantic
4124,U+442A,䐪,54,,60,semantic
4125,U+442B,䐫,54,,60,semantic
4126,U+442C,䐬,45,,60,semantic
4127,U+442D,䐭,56,,60,semantic
4128,U+442E,䐮,4,,60,semantic
4129,U+442F,䐯,54,,60,semantic
4130,U+4430,䐰,54,,60,semantic
4131,U+4431,䐱,54,,60,semantic
4132,U+4432,䐲,54,,60,semantic
4133,U+4433,䐳,25,,60,semantic
4134,U+4434,䐴,53,,60,semantic
4135,U+4435,䐵,54,,60,semantic
4136,U+4436,䐶,54,,60,semantic
4137,U+4437,䐷,54,,60,semantic
4138,U+4438,䐸,51,,60,semantic
4139,U+4439,䐹,54,,60,semantic
4140,U+443A,䐺,54,,60,semantic
4141,U+443B,䐻,54,,60,semantic
4142,U+443C,䐼,17,,60,semantic
4143,U+443D,䐽,0,,60,semantic
4144,U+443E,䐾,54,,60,semantic
4145,U+443F,䐿,51,,60,semantic
4146,U+4440,䑀,56,,60,semantic
4147,U+4441,䑁,54,,60,semantic
4148,U+4442,䑂,54,,60,semantic
4149,U+4443,䑃,34,,60,semantic
4150,U+4444,䑄,18,,60,semantic
4151,U+4445,䑅,36,,60,semantic
4152,U+4446,䑆,15,,60,semantic
4153,U+4447,䑇,56,,60,semantic
4154,U+4448,䑈,54,,60,semantic
4155,U+4449,䑉,14,,60,semantic
4156,U+444A,䑊,56,,60,semantic
4157,U+444B,䑋,54,,60,semantic
4158,U+444C,䑌,54,,60,semantic
4159,U+444D,䑍,17,,60,semantic
4160,U+444E,䑎,54,,60,semantic
4161,U+444F,䑏,19,,60,semantic
4162,U+4450,䑐,50,,60,semantic
4163,U+4451,䑑,12,,60,semantic
4164,U+4452,䑒,2,,60,semantic
4165,U+4453,䑓,9,,60,semantic
4166,U+4454,䑔,54,,60,semantic
4167,U+4455,䑕,58,,60,semantic
4168,U+4456,䑖,0,,60,semantic
4169,U+4457,䑗,54,,60,semantic
4170,U+4458,䑘,48,,60,semantic
4171,U+4459,䑙,17,,60,semantic
4172,U+445A,䑚,28,,60,semantic
4173,U+445B,䑛,17,,60,semantic
4174,U+445C,䑜,54,,60,semantic
4175,U+445D,䑝,26,,60,semantic
4176,U+445E,䑞,43,,60,semantic
4177,U+445F,䑟,28,,60,semantic
4178,U+4460,䑠,55,,60,semantic
4179,U+4461,䑡,55,,60,semantic
4180,U+4462,䑢,2,,60,semantic
4181,U+4463,䑣,55,,60,semantic
4182,U+4464,䑤,55,,60,semantic
4183,U+4465,䑥,55,,60,semantic
4184,U+4466,䑦,55,,60,semantic
4185,U+4467,䑧,55,,60,semantic
4186,U+4468,䑨,55,,60,semantic
4187,U+4469,䑩,55,,60,semantic
4188,U+446A,䑪,55,,60,semantic
4189,U+446B,䑫,55,,60,semantic
4190,U+446C,䑬,55,,60,semantic
4191,U+446D,䑭,55,,60,semantic
4192,U+446E,䑮,0,,60,semantic
4193,U+446F,䑯,55,,60,semantic
4194,U+4470,䑰,55,,60,semantic
4195,U+4471,䑱,55,,60,semantic
4196,U+4472,䑲,55,,60,semantic
4197,U+4473,䑳,55,,60,semantic
4198,U+4474,䑴,55,,60,semantic
4199,U+4475,䑵,55,,60,semantic
4200,U+4476,䑶,55,,60,semantic
4201,U+4477,䑷,0,,60,semantic
4202,U+4478,䑸,55,,60,semantic
4203,U+4479,䑹,55,,60,semantic
4204,U+447A,䑺,55,,60,semantic
4205,U+447B,䑻,9,,60,semantic
4206,U+447C,䑼,55,,60,semantic
4207,U+447D,䑽,55,,60,semantic
4208,U+447E,䑾,0,,60,semantic
4209,U+447F,䑿,55,,60,semantic
4210,U+4480,䒀,55,,60,semantic
4211,U+4481,䒁,55,,60,semantic
4212,U+4482,䒂,53,,60,semantic
4213,U+4483,䒃,20,,60,semantic
4214,U+4484,䒄,55,,60,semantic
4215,U+4485,䒅,7,,60,semantic
4216,U+4486,䒆,55,,60,semantic
4217,U+4487,䒇,55,,60,semantic
4218,U+4488,䒈,55,,60,semantic
4219,U+4489,䒉,55,,60,semantic
4220,U+448A,䒊,56,,60,semantic
4221,U+448B,䒋,16,,60,semantic
4222,U+448C,䒌,50,,60,semantic
4223,U+448D,䒍,50,,60,semantic
4224,U+448E,䒎,50,,60,semantic
4225,U+448F,䒏,36,,60,semantic
4226,U+4490,䒐,36,,60,semantic
4227,U+4491,䒑,3,,60,semantic
4228,U+4492,䒒,3,,60,semantic
4229,U+4493,䒓,42,,60,semantic
4230,U+4494,䒔,3,,60,semantic
4231,U+4495,䒕,3,,60,semantic
4232,U+4496,䒖,3,,60,semantic
4233,U+4497,䒗,3,,60,semantic
4234,U+4498,䒘,53,,60,semantic
4235,U+4499,䒙,0,,60,semantic
4236,U+449A,䒚,3,,60,semantic
4237,U+449B,䒛,3,,60,semantic
4238,U+449C,䒜,3,,60,semantic
4239,U+449D,䒝,3,,60,semantic
4240,U+449E,䒞,3,,60,semantic
4241,U+449F,䒟,3,,60,semantic
4242,U+44A0,䒠,28,,60,semantic
4243,U+44A1,䒡,3,,60,semantic
4244,U+44A2,䒢,12,,60,semantic
4245,U+44A3,䒣,3,,60,semantic
4246,U+44A4,䒤,3,,60,semantic
4247,U+44A5,䒥,18,,60,semantic
4248,U+44A6,䒦,3,,60,semantic
4249,U+44A7,䒧,3,,60,semantic
4250,U+44A8,䒨,3,,60,semantic
4251,U+44A9,䒩,3,,60,semantic
4252,U+44AA,䒪,3,,60,semantic
4253,U+44AB,䒫,3,,60,semantic
4254,U+44AC,䒬,50,,60,semantic
4255,U+44AD,䒭,47,,60,semantic
4256,U+44AE,䒮,0,,60,semantic
4257,U+44AF,䒯,0,,60,semantic
4258,U+44B0,䒰,20,,60,semantic
4259,U+44B1,䒱,39,,60,semantic
4260,U+44B2,䒲,38,,60,semantic
4261,U+44B3,䒳,3,,60,semantic
4262,U+44B4,䒴,3,,60,semantic
4263,U+44B5,䒵,3,,60,semantic
4264,U+44B6,䒶,12,,60,semantic
4265,U+44B7,䒷,3,,60,semantic
4266,U+44B8,䒸,3,,60,semantic
4267,U+44B9,䒹,3,,60,semantic
4268,U+44BA,䒺,14,,60,semantic
4269,U+44BB,䒻,56,,60,semantic
4270,U+44BC,䒼,11,,60,semantic
4271,U+44BD,䒽,38,,60,semantic
4272,U+44BE,䒾,0,,60,semantic
4273,U+44BF,䒿,0,,60,semantic
4274,U+44C0,䓀,0,,60,semantic
4275,U+44C1,䓁,0,,60,semantic
4276,U+44C2,䓂,3,,60,semantic
4277,U+44C3,䓃,15,,60,semantic
4278,U+44C4,䓄,3,,60,semantic
4279,U+44C5,䓅,38,,60,semantic
4280,U+44C6,䓆,52,,60,semantic
4281,U+44C7,䓇,28,,60,semantic
4282,U+44C8,䓈,38,,60,semantic
4283,U+44C9,䓉,3,,60,semantic
4284,U+44CA,䓊,3,,60,semantic
4285,U+44CB,䓋,48,,60,semantic
4286,U+44CC,䓌,38,,60,semantic
4287,U+44CD,䓍,3,,60,semantic
4288,U+44CE,䓎,3,,60,semantic
4289,U+44CF,䓏,3,,60,semantic
4290,U+44D0,䓐,3,,60,semantic
4291,U+44D1,䓑,44,,60,semantic
4292,U+44D2,䓒,11,,60,semantic
4293,U+44D3,䓓,3,,60,semantic
4294,U+44D4,䓔,0,,60,semantic
4295,U+44D5,䓕,38,,60,semantic
4296,U+44D6,䓖,38,,60,semantic
4297,U+44D7,䓗,53,,60,semantic
4298,U+44D8,䓘,3,,60,semantic
4299,U+44D9,䓙,51,,60,semantic
4300,U+44DA,䓚,3,,60,semantic
4301,U+44DB,䓛,6,,60,semantic
4302,U+44DC,䓜,48,,60,semantic
4303,U+44DD,䓝,38,,60,semantic
4304,U+44DE,䓞,3,,60,semantic
4305,U+44DF,䓟,3,,60,semantic
4306,U+44E0,䓠,10,,60,semantic
4307,U+44E1,䓡,3,,60,semantic
4308,U+44E2,䓢,3,,60,semantic
4309,U+44E3,䓣,3,,60,semantic
4310,U+44E4,䓤,3,,60,semantic
4311,U+44E5,䓥,8,,60,semantic
4312,U+44E6,䓦,20,,60,semantic
4313,U+44E7,䓧,47,,60,semantic
4314,U+44E8,䓨,26,,60,semantic
4315,U+44E9,䓩,0,,60,semantic
4316,U+44EA,䓪,0,,60,semantic
4317,U+44EB,䓫,43,,60,semantic
4318,U+44EC,䓬,0,,60,semantic
4319,U+44ED,䓭,3,,60,semantic
4320,U+44EE,䓮,3,,60,semantic
4321,U+44EF,䓯,23,,60,semantic
4322,U+44F0,䓰,38,,60,semantic
4323,U+44F1,䓱,3,,60,semantic
4324,U+44F2,䓲,3,,60,semantic
4325,U+44F3,䓳,3,,60,semantic
4326,U+44F4,䓴,41,,60,semantic
4327,U+44F5,䓵,3,,60,semantic
4328,U+44F6,䓶,3,,60,semantic
4329,U+44F7,䓷,3,,60,semantic
4330,U+44F8,䓸,3,,60,semantic
4331,U+44F9,䓹,54,,60,semantic
4332,U+44FA,䓺,3,,60,semantic
4333,U+44FB,䓻,0,,60,semantic
4334,U+44FC,䓼,19,,60,semantic
4335,U+44FD,䓽,3,,60,semantic
4336,U+44FE,䓾,3,,60,semantic
4337,U+44FF,䓿,3,,60,semantic
4338,U+4500,䔀,47,,60,semantic
4339,U+4501,䔁,3,,60,semantic
4340,U+4502,䔂,26,,60,semantic
4341,U+4503,䔃,38,,60,semantic
4342,U+4504,䔄,3,,60,semantic
4343,U+4505,䔅,41,,60,semantic
4344,U+4506,䔆,48,,60,semantic
4345,U+4507,䔇,3,,60,semantic
4346,U+4508,䔈,3,,60,semantic
4347,U+4509,䔉,3,,60,semantic
4348,U+450A,䔊,3,,60,semantic
4349,U+450B,䔋,41,,60,semantic
4350,U+450C,䔌,3,,60,semantic
4351,U+450D,䔍,0,,60,semantic
4352,U+450E,䔎,3,,60,semantic
4353,U+450F,䔏,3,,60,semantic
4354,U+4510,䔐,47,,60,semantic
4355,U+4511,䔑,38,,60,semantic
4356,U+4512,䔒,3,,60,semantic
4357,U+4513,䔓,3,,60,semantic
4358,U+4514,䔔,3,,60,semantic
4359,U+4515,䔕,54,,60,semantic
4360,U+4516,䔖,23,,60,semantic
4361,U+4517,䔗,3,,60,semantic
4362,U+4518,䔘,54,,60,semantic
4363,U+4519,䔙,3,,60,semantic
4364,U+451A,䔚,3,,60,semantic
4365,U+451B,䔛,27,,60,semantic
4366,U+451C,䔜,3,,60,semantic
4367,U+451D,䔝,3,,60,semantic
4368,U+451E,䔞,3,,60,semantic
4369,U+451F,䔟,16,,60,semantic
4370,U+4520,䔠,41,,60,semantic
4371,U+4521,䔡,3,,60,semantic
4372,U+4522,䔢,28,,60,semantic
4373,U+4523,䔣,12,,60,semantic
4374,U+4524,䔤,3,,60,semantic
4375,U+4525,䔥,38,,60,semantic
4376,U+4526,䔦,0,,60,semantic
4377,U+4527,䔧,47,,60,semantic
4378,U+4528,䔨,0,,60,semantic
4379,U+4529,䔩,0,,60,semantic
4380,U+452A,䔪,3,,60,semantic
4381,U+452B,䔫,0,,60,semantic
4382,U+452C,䔬,3,,60,semantic
4383,U+452D,䔭,3,,60,semantic
4384,U+452E,䔮,3,,60,semantic
4385,U+452F,䔯,49,,60,semantic
4386,U+4530,䔰,3,,60,semantic
4387,U+4531,䔱,3,,60,semantic
4388,U+4532,䔲,3,,60,semantic
4389,U+4533,䔳,44,,60,semantic
4390,U+4534,䔴,3,,60,semantic
4391,U+4535,䔵,53,,60,semantic
4392,U+4536,䔶,3,,60,semantic
4393,U+4537,䔷,38,,60,semantic
4394,U+4538,䔸,3,,60,semantic
4395,U+4539,䔹,3,,60,semantic
4396,U+453A,䔺,3,,60,semantic
4397,U+453B,䔻,3,,60,semantic
4398,U+453C,䔼,3,,60,semantic
4399,U+453D,䔽,34,,60,semantic
4400,U+453E,䔾,3,,60,semantic
4401,U+453F,䔿,3,,60,semantic
4402,U+4540,䕀,3,,60,semantic
4403,U+4541,䕁,3,,60,semantic
4404,U+4542,䕂,0,,60,semantic
4405,U+4543,䕃,41,,60,semantic
4406,U+4544,䕄,54,,60,semantic
4407,U+4545,䕅,3,,60,semantic
4408,U+4546,䕆,3,,60,semantic
4409,U+4547,䕇,3,,60,semantic
4410,U+4548,䕈,3,,60,semantic
4411,U+4549,䕉,3,,60,semantic
4412,U+454A,䕊,3,,60,semantic
4413,U+454B,䕋,41,,60,semantic
4414,U+454C,䕌,48,,60,semantic
4415,U+454D,䕍,3,,60,semantic
4416,U+454E,䕎,3,,60,semantic
4417,U+454F,䕏,38,,60,semantic
4418,U+4550,䕐,0,,60,semantic
4419,U+4551,䕑,47,,60,semantic
4420,U+4552,䕒,3,,60,semantic
4421,U+4553,䕓,3,,60,semantic
4422,U+4554,䕔,3,,60,semantic
4423,U+4555,䕕,3,,60,semantic
4424,U+4556,䕖,3,,60,semantic
4425,U+4557,䕗,3,,60,semantic
4426,U+4558,䕘,3,,60,semantic
4427,U+4559,䕙,20,,60,semantic
4428,U+455A,䕚,48,,60,semantic
4429,U+455B,䕛,3,,60,semantic
4430,U+455C,䕜,0,,60,semantic
4431,U+455D,䕝,3,,60,semantic
4432,U+455E,䕞,38,,60,semantic
4433,U+455F,䕟,3,,60,semantic
4434,U+4560,䕠,37,,60,semantic
4435,U+4561,䕡,3,,60,semantic
4436,U+4562,䕢,45,,60,semantic
4437,U+4563,䕣,10,,60,semantic
4438,U+4564,䕤,43,,60,semantic
4439,U+4565,䕥,3,,60,semantic
4440,U+4566,䕦,3,,60,semantic
4441,U+4567,䕧,3,,60,semantic
4442,U+4568,䕨,53,,60,semantic
4443,U+4569,䕩,48,,60,semantic
4444,U+456A,䕪,10,,60,semantic
4445,U+456B,䕫,53,,60,semantic
4446,U+456C,䕬,53,,60,semantic
4447,U+456D,䕭,3,,60,semantic
4448,U+456E,䕮,3,,60,semantic
4449,U+456F,䕯,44,,60,semantic
4450,U+4570,䕰,32,,60,semantic
4451,U+4571,䕱,3,,60,semantic
4452,U+4572,䕲,38,,60,semantic
4453,U+4573,䕳,3,,60,semantic
4454,U+4574,䕴,3,,60,semantic
4455,U+4575,䕵,3,,60,semantic
4456,U+4576,䕶,3,,60,semantic
4457,U+4577,䕷,3,,60,semantic
4458,U+4578,䕸,48,,60,semantic
4459,U+4579,䕹,9,,60,semantic
4460,U+457A,䕺,3,,60,semantic
4461,U+457B,䕻,20,,60,semantic
4462,U+457C,䕼,3,,60,semantic
4463,U+457D,䕽,19,,60,semantic
4464,U+457E,䕾,3,,60,semantic
4465,U+457F,䕿,3,,60,semantic
4466,U+4580,䖀,41,,60,semantic
4467,U+4581,䖁,47,,60,semantic
4468,U+4582,䖂,38,,60,semantic
4469,U+4583,䖃,23,,60,semantic
4470,U+4584,䖄,39,,60,semantic
4471,U+4585,䖅,3,,60,semantic
4472,U+4586,䖆,3,,60,semantic
4473,U+4587,䖇,3,,60,semantic
4474,U+4588,䖈,42,,60,semantic
4475,U+4589,䖉,8,,60,semantic
4476,U+458A,䖊,19,,60,semantic
4477,U+458B,䖋,42,,60,semantic
4478,U+458C,䖌,19,,60,semantic
4479,U+458D,䖍,20,,60,semantic
4480,U+458E,䖎,19,,60,semantic
4481,U+458F,䖏,20,,60,semantic
4482,U+4590,䖐,8,,60,semantic
4483,U+4591,䖑,19,,60,semantic
4484,U+4592,䖒,26,,60,semantic
4485,U+4593,䖓,19,,60,semantic
4486,U+4594,䖔,19,,60,semantic
4487,U+4595,䖕,19,,60,semantic
4488,U+4596,䖖,20,,60,semantic
4489,U+4597,䖗,19,,60,semantic
4490,U+4598,䖘,19,,60,semantic
4491,U+4599,䖙,19,,60,semantic
4492,U+459A,䖚,19,,60,semantic
4493,U+459B,䖛,19,,60,semantic
4494,U+459C,䖜,8,,60,semantic
4495,U+459D,䖝,58,,60,semantic
4496,U+459E,䖞,58,,60,semantic
4497,U+459F,䖟,53,,60,semantic
4498,U+45A0,䖠,58,,60,semantic
4499,U+45A1,䖡,53,,60,semantic
4500,U+45A2,䖢,11,,60,semantic
4501,U+45A3,䖣,59,,60,semantic
4502,U+45A4,䖤,51,,60,semantic
4503,U+45A5,䖥,58,,60,semantic
4504,U+45A6,䖦,58,,60,semantic
4505,U+45A7,䖧,58,,60,semantic
4506,U+45A8,䖨,58,,60,semantic
4507,U+45A9,䖩,58,,60,semantic
4508,U+45AA,䖪,58,,60,semantic
4509,U+45AB,䖫,25,,60,semantic
4510,U+45AC,䖬,58,,60,semantic
4511,U+45AD,䖭,58,,60,semantic
4512,U+45AE,䖮,58,,60,semantic
4513,U+45AF,䖯,58,,60,semantic
4514,U+45B0,䖰,58,,60,semantic
4515,U+45B1,䖱,25,,60,semantic
4516,U+45B2,䖲,38,,60,semantic
4517,U+45B3,䖳,25,,60,semantic
4518,U+45B4,䖴,58,,60,semantic
4519,U+45B5,䖵,58,,60,semantic
4520,U+45B6,䖶,19,,60,semantic
4521,U+45B7,䖷,58,,60,semantic
4522,U+45B8,䖸,58,,60,semantic
4523,U+45B9,䖹,53,,60,semantic
4524,U+45BA,䖺,19,,60,semantic
4525,U+45BB,䖻,58,,60,semantic
4526,U+45BC,䖼,58,,60,semantic
4527,U+45BD,䖽,17,,60,semantic
4528,U+45BE,䖾,0,,60,semantic
4529,U+45BF,䖿,17,,60,semantic
4530,U+45C0,䗀,53,,60,semantic
4531,U+45C1,䗁,58,,60,semantic
4532,U+45C2,䗂,58,,60,semantic
4533,U+45C3,䗃,38,,60,semantic
4534,U+45C4,䗄,58,,60,semantic
4535,U+45C5,䗅,53,,60,semantic
4536,U+45C6,䗆,58,,60,semantic
4537,U+45C7,䗇,58,,60,semantic
4538,U+45C8,䗈,53,,60,semantic
4539,U+45C9,䗉,58,,60,semantic
4540,U+45CA,䗊,17,,60,semantic
4541,U+45CB,䗋,25,,60,semantic
4542,U+45CC,䗌,58,,60,semantic
4543,U+45CD,䗍,58,,60,semantic
4544,U+45CE,䗎,58,,60,semantic
4545,U+45CF,䗏,17,,60,semantic
4546,U+45D0,䗐,21,,60,semantic
4547,U+45D1,䗑,58,,60,semantic
4548,U+45D2,䗒,47,,60,semantic
4549,U+45D3,䗓,58,,60,semantic
4550,U+45D4,䗔,58,,60,semantic
4551,U+45D5,䗕,51,,60,semantic
4552,U+45D6,䗖,50,,60,semantic
4553,U+45D7,䗗,58,,60,semantic
4554,U+45D8,䗘,53,,60,semantic
4555,U+45D9,䗙,58,,60,semantic
4556,U+45DA,䗚,56,,60,semantic
4557,U+45DB,䗛,58,,60,semantic
4558,U+45DC,䗜,58,,60,semantic
4559,U+45DD,䗝,11,,60,semantic
4560,U+45DE,䗞,11,,60,semantic
4561,U+45DF,䗟,58,,60,semantic
4562,U+45E0,䗠,58,,60,semantic
4563,U+45E1,䗡,58,,60,semantic
4564,U+45E2,䗢,53,,60,semantic
4565,U+45E3,䗣,3,,60,semantic
4566,U+45E4,䗤,58,,60,semantic
4567,U+45E5,䗥,58,,60,semantic
4568,U+45E6,䗦,58,,60,semantic
4569,U+45E7,䗧,58,,60,semantic
4570,U+45E8,䗨,38,,60,semantic
4571,U+45E9,䗩,58,,60,semantic
4572,U+45EA,䗪,38,,60,semantic
4573,U+45EB,䗫,58,,60,semantic
4574,U+45EC,䗬,58,,60,semantic
4575,U+45ED,䗭,0,,60,semantic
4576,U+45EE,䗮,58,,60,semantic
4577,U+45EF,䗯,58,,60,semantic
4578,U+45F0,䗰,53,,60,semantic
4579,U+45F1,䗱,58,,60,semantic
4580,U+45F2,䗲,58,,60,semantic
4581,U+45F3,䗳,0,,60,semantic
4582,U+45F4,䗴,0,,60,semantic
4583,U+45F5,䗵,11,,60,semantic
4584,U+45F6,䗶,4,,60,semantic
4585,U+45F7,䗷,58,,60,semantic
4586,U+45F8,䗸,58,,60,semantic
4587,U+45F9,䗹,58,,60,semantic
4588,U+45FA,䗺,53,,60,semantic
4589,U+45FB,䗻,25,,60,semantic
4590,U+45FC,䗼,58,,60,semantic
4591,U+45FD,䗽,19,,60,semantic
4592,U+45FE,䗾,38,,60,semantic
4593,U+45FF,䗿,58,,60,semantic
4594,U+4600,䘀,58,,60,semantic
4595,U+4601,䘁,38,,60,semantic
4596,U+4602,䘂,58,,60,semantic
4597,U+4603,䘃,58,,60,semantic
4598,U+4604,䘄,38,,60,semantic
4599,U+4605,䘅,47,,60,semantic
4600,U+4606,䘆,58,,60,semantic
4601,U+4607,䘇,58,,60,semantic
4602,U+4608,䘈,25,,60,semantic
4603,U+4609,䘉,11,,60,semantic
4604,U+460A,䘊,58,,60,semantic
4605,U+460B,䘋,58,,60,semantic
4606,U+460C,䘌,53,,60,semantic
4607,U+460D,䘍,58,,60,semantic
4608,U+460E,䘎,58,,60,semantic
4609,U+460F,䘏,15,,60,semantic
4610,U+4610,䘐,20,,60,semantic
4611,U+4611,䘑,47,,60,semantic
4612,U+4612,䘒,52,,60,semantic
4613,U+4613,䘓,19,,60,semantic
4614,U+4614,䘔,8,,60,semantic
4615,U+4615,䘕,57,,60,semantic
4616,U+4616,䘖,0,,60,semantic
4617,U+4617,䘗,28,,60,semantic
4618,U+4618,䘘,20,,60,semantic
4619,U+4619,䘙,20,,60,semantic
4620,U+461A,䘚,20,,60,semantic
4621,U+461B,䘛,53,,60,semantic
4622,U+461C,䘜,4,,60,semantic
4623,U+461D,䘝,27,,60,semantic
4624,U+461E,䘞,0,,60,semantic
4625,U+461F,䘟,11,,60,semantic
4626,U+4620,䘠,27,,60,semantic
4627,U+4621,䘡,27,,60,semantic
4628,U+4622,䘢,45,,60,semantic
4629,U+4623,䘣,27,,60,semantic
4630,U+4624,䘤,2,,60,semantic
4631,U+4625,䘥,27,,60,semantic
4632,U+4626,䘦,4,,60,semantic
4633,U+4627,䘧,0,,60,semantic
4634,U+4628,䘨,27,,60,semantic
4635,U+4629,䘩,27,,60,semantic
4636,U+462A,䘪,27,,60,semantic
4637,U+462B,䘫,27,,60,semantic
4638,U+462C,䘬,27,,60,semantic
4639,U+462D,䘭,11,,60,semantic
4640,U+462E,䘮,5,,60,semantic
4641,U+462F,䘯,27,,60,semantic
4642,U+4630,䘰,27,,60,semantic
4643,U+4631,䘱,18,,60,semantic
4644,U+4632,䘲,0,,60,semantic
4645,U+4633,䘳,27,,60,semantic
4646,U+4634,䘴,27,,60,semantic
4647,U+4635,䘵,8,,60,semantic
4648,U+4636,䘶,27,,60,semantic
4649,U+4637,䘷,27,,60,semantic
4650,U+4638,䘸,27,,60,semantic
4651,U+4639,䘹,27,,60,semantic
4652,U+463A,䘺,52,,60,semantic
4653,U+463B,䘻,27,,60,semantic
4654,U+463C,䘼,27,,60,semantic
4655,U+463D,䘽,27,,60,semantic
4656,U+463E,䘾,51,,60,semantic
4657,U+463F,䘿,27,,60,semantic
4658,U+4640,䙀,27,,60,semantic
4659,U+4641,䙁,27,,60,semantic
4660,U+4642,䙂,27,,60,semantic
4661,U+4643,䙃,27,,60,semantic
4662,U+4644,䙄,27,,60,semantic
4663,U+4645,䙅,51,,60,semantic
4664,U+4646,䙆,27,,60,semantic
4665,U+4647,䙇,27,,60,semantic
4666,U+4648,䙈,27,,60,semantic
4667,U+4649,䙉,27,,60,semantic
4668,U+464A,䙊,49,,60,semantic
4669,U+464B,䙋,0,,60,semantic
4670,U+464C,䙌,46,,60,semantic
4671,U+464D,䙍,0,,60,semantic
4672,U+464E,䙎,27,,60,semantic
4673,U+464F,䙏,27,,60,semantic
4674,U+4650,䙐,27,,60,semantic
4675,U+4651,䙑,27,,60,semantic
4676,U+4652,䙒,20,,60,semantic
4677,U+4653,䙓,27,,60,semantic
4678,U+4654,䙔,27,,60,semantic
4679,U+4655,䙕,27,,60,semantic
4680,U+4656,䙖,27,,60,semantic
4681,U+4657,䙗,27,,60,semantic
4682,U+4658,䙘,28,,60,semantic
4683,U+4659,䙙,27,,60,semantic
4684,U+465A,䙚,35,,60,semantic
4685,U+465B,䙛,12,,60,semantic
4686,U+465C,䙜,20,,60,semantic
4687,U+465D,䙝,42,,60,semantic
4688,U+465E,䙞,11,,60,semantic
4689,U+465F,䙟,27,,60,semantic
4690,U+4660,䙠,27,,60,semantic
4691,U+4661,䙡,46,,60,semantic
4692,U+4662,䙢,27,,60,semantic
4693,U+4663,䙣,27,,60,semantic
4694,U+4664,䙤,28,,60,semantic
4695,U+4665,䙥,27,,60,semantic
4696,U+4666,䙦,27,,60,semantic
4697,U+4667,䙧,50,,60,semantic
4698,U+4668,䙨,47,,60,semantic
4699,U+4669,䙩,27,,60,semantic
4700,U+466A,䙪,46,,60,semantic
4701,U+466B,䙫,0,,60,semantic
4702,U+466C,䙬,27,,60,semantic
4703,U+466D,䙭,13,,60,semantic
4704,U+466E,䙮,27,,60,semantic
4705,U+466F,䙯,28,,60,semantic
4706,U+4670,䙰,27,,60,semantic
4707,U+4671,䙱,27,,60,semantic
4708,U+4672,䙲,47,,60,semantic
4709,U+4673,䙳,39,,60,semantic
4710,U+4674,䙴,44,,60,semantic
4711,U+4675,䙵,45,,60,semantic
4712,U+4676,䙶,0,,60,semantic
4713,U+4677,䙷,20,,60,semantic
4714,U+4678,䙸,20,,60,semantic
4715,U+4679,䙹,56,,60,semantic
4716,U+467A,䙺,7,,60,semantic
4717,U+467B,䙻,7,,60,semantic
4718,U+467C,䙼,20,,60,semantic
4719,U+467D,䙽,7,,60,semantic
4720,U+467E,䙾,20,,60,semantic
4721,U+467F,䙿,7,,60,semantic
4722,U+4680,䚀,7,,60,semantic
4723,U+4681,䚁,7,,60,semantic
4724,U+4682,䚂,7,,60,semantic
4725,U+4683,䚃,20,,60,semantic
4726,U+4684,䚄,20,,60,semantic
4727,U+4685,䚅,20,,60,semantic
4728,U+4686,䚆,7,,60,semantic
4729,U+4687,䚇,7,,60,semantic
4730,U+4688,䚈,7,,60,semantic
4731,U+4689,䚉,7,,60,semantic
4732,U+468A,䚊,7,,60,semantic
4733,U+468B,䚋,43,,60,semantic
4734,U+468C,䚌,0,,60,semantic
4735,U+468D,䚍,7,,60,semantic
4736,U+468E,䚎,7,,60,semantic
4737,U+468F,䚏,20,,60,semantic
4738,U+4690,䚐,7,,60,semantic
4739,U+4691,䚑,7,,60,semantic
4740,U+4692,䚒,7,,60,semantic
4741,U+4693,䚓,7,,60,semantic
4742,U+4694,䚔,7,,60,semantic
4743,U+4695,䚕,7,,60,semantic
4744,U+4696,䚖,19,,60,semantic
4745,U+4697,䚗,13,,60,semantic
4746,U+4698,䚘,19,,60,semantic
4747,U+4699,䚙,21,,60,semantic
4748,U+469A,䚚,19,,60,semantic
4749,U+469B,䚛,4,,60,semantic
4750,U+469C,䚜,19,,60,semantic
4751,U+469D,䚝,19,,60,semantic
4752,U+469E,䚞,53,,60,semantic
4753,U+469F,䚟,42,,60,semantic
4754,U+46A0,䚠,19,,60,semantic
4755,U+46A1,䚡,19,,60,semantic
4756,U+46A2,䚢,2,,60,semantic
4757,U+46A3,䚣,19,,60,semantic
4758,U+46A4,䚤,0,,60,semantic
4759,U+46A5,䚥,46,,60,semantic
4760,U+46A6,䚦,51,,60,semantic
4761,U+46A7,䚧,51,,60,semantic
4762,U+46A8,䚨,46,,60,semantic
4763,U+46A9,䚩,18,,60,semantic
4764,U+46AA,䚪,25,,60,semantic
4765,U+46AB,䚫,2,,60,semantic
4766,U+46AC,䚬,0,,60,semantic
4767,U+46AD,䚭,0,,60,semantic
4768,U+46AE,䚮,18,,60,semantic
4769,U+46AF,䚯,20,,60,semantic
4770,U+46B0,䚰,47,,60,semantic
4771,U+46B1,䚱,20,,60,semantic
4772,U+46B2,䚲,42,,60,semantic
4773,U+46B3,䚳,34,,60,semantic
4774,U+46B4,䚴,15,,60,semantic
4775,U+46B5,䚵,20,,60,semantic
4776,U+46B6,䚶,8,,60,semantic
4777,U+46B7,䚷,20,,60,semantic
4778,U+46B8,䚸,28,,60,semantic
4779,U+46B9,䚹,20,,60,semantic
4780,U+46BA,䚺,8,,60,semantic
4781,U+46BB,䚻,20,,60,semantic
4782,U+46BC,䚼,15,,60,semantic
4783,U+46BD,䚽,47,,60,semantic
4784,U+46BE,䚾,20,,60,semantic
4785,U+46BF,䚿,15,,60,semantic
4786,U+46C0,䛀,42,,60,semantic
4787,U+46C1,䛁,8,,60,semantic
4788,U+46C2,䛂,20,,60,semantic
4789,U+46C3,䛃,32,,60,semantic
4790,U+46C4,䛄,20,,60,semantic
4791,U+46C5,䛅,47,,60,semantic
4792,U+46C6,䛆,47,,60,semantic
4793,U+46C7,䛇,20,,60,semantic
4794,U+46C8,䛈,20,,60,semantic
4795,U+46C9,䛉,20,,60,semantic
4796,U+46CA,䛊,28,,60,semantic
4797,U+46CB,䛋,20,,60,semantic
4798,U+46CC,䛌,42,,60,semantic
4799,U+46CD,䛍,20,,60,semantic
4800,U+46CE,䛎,15,,60,semantic
4801,U+46CF,䛏,20,,60,semantic
4802,U+46D0,䛐,47,,60,semantic
4803,U+46D1,䛑,34,,60,semantic
4804,U+46D2,䛒,20,,60,semantic
4805,U+46D3,䛓,12,,60,semantic
4806,U+46D4,䛔,20,,60,semantic
4807,U+46D5,䛕,45,,60,semantic
4808,U+46D6,䛖,47,,60,semantic
4809,U+46D7,䛗,42,,60,semantic
4810,U+46D8,䛘,20,,60,semantic
4811,U+46D9,䛙,49,,60,semantic
4812,U+46DA,䛚,20,,60,semantic
4813,U+46DB,䛛,20,,60,semantic
4814,U+46DC,䛜,20,,60,semantic
4815,U+46DD,䛝,20,,60,semantic
4816,U+46DE,䛞,42,,60,semantic
4817,U+46DF,䛟,47,,60,semantic
4818,U+46E0,䛠,45,,60,semantic
4819,U+46E1,䛡,20,,60,semantic
4820,U+46E2,䛢,42,,60,semantic
4821,U+46E3,䛣,20,,60,semantic
4822,U+46E4,䛤,36,,60,semantic
4823,U+46E5,䛥,8,,60,semantic
4824,U+46E6,䛦,1,,60,semantic
4825,U+46E7,䛧,42,,60,semantic
4826,U+46E8,䛨,0,,60,semantic
4827,U+46E9,䛩,42,,60,semantic
4828,U+46EA,䛪,20,,60,semantic
4829,U+46EB,䛫,42,,60,semantic
4830,U+46EC,䛬,20,,60,semantic
4831,U+46ED,䛭,15,,60,semantic
4832,U+46EE,䛮,42,,60,semantic
4833,U+46EF,䛯,47,,60,semantic
4834,U+46F0,䛰,8,,60,semantic
4835,U+46F1,䛱,34,,60,semantic
4836,U+46F2,䛲,42,,60,semantic
4837,U+46F3,䛳,42,,60,semantic
4838,U+46F4,䛴,42,,60,semantic
4839,U+46F5,䛵,17,,60,semantic
4840,U+46F6,䛶,20,,60,semantic
4841,U+46F7,䛷,20,,60,semantic
4842,U+46F8,䛸,42,,60,semantic
4843,U+46F9,䛹,42,,60,semantic
4844,U+46FA,䛺,20,,60,semantic
4845,U+46FB,䛻,20,,60,semantic
4846,U+46FC,䛼,42,,60,semantic
4847,U+46FD,䛽,42,,60,semantic
4848,U+46FE,䛾,20,,60,semantic
4849,U+46FF,䛿,28,,60,semantic
4850,U+4700,䜀,42,,60,semantic
4851,U+4701,䜁,42,,60,semantic
4852,U+4702,䜂,0,,60,semantic
4853,U+4703,䜃,42,,60,semantic
4854,U+4704,䜄,45,,60,semantic
4855,U+4705,䜅,20,,60,semantic
4856,U+4706,䜆,20,,60,semantic
4857,U+4707,䜇,20,,60,semantic
4858,U+4708,䜈,8,,60,semantic
4859,U+4709,䜉,47,,60,semantic
4860,U+470A,䜊,8,,60,semantic
4861,U+470B,䜋,20,,60,semantic
4862,U+470C,䜌,36,,60,semantic
4863,U+470D,䜍,28,,60,semantic
4864,U+470E,䜎,8,,60,semantic
4865,U+470F,䜏,5,,60,semantic
4866,U+4710,䜐,42,,60,semantic
4867,U+4711,䜑,42,,60,semantic
4868,U+4712,䜒,20,,60,semantic
4869,U+4713,䜓,17,,60,semantic
4870,U+4714,䜔,20,,60,semantic
4871,U+4715,䜕,42,,60,semantic
4872,U+4716,䜖,20,,60,semantic
4873,U+4717,䜗,15,,60,semantic
4874,U+4718,䜘,20,,60,semantic
4875,U+4719,䜙,42,,60,semantic
4876,U+471A,䜚,42,,60,semantic
4877,U+471B,䜛,42,,60,semantic
4878,U+471C,䜜,15,,60,semantic
4879,U+471D,䜝,47,,60,semantic
4880,U+471E,䜞,20,,60,semantic
4881,U+471F,䜟,20,,60,semantic
4882,U+4720,䜠,19,,60,semantic
4883,U+4721,䜡,49,,60,semantic
4884,U+4722,䜢,42,,60,semantic
4885,U+4723,䜣,28,,60,semantic
4886,U+4724,䜤,0,,60,semantic
4887,U+4725,䜥,57,,60,semantic
4888,U+4726,䜦,0,,60,semantic
4889,U+4727,䜧,42,,60,semantic
4890,U+4728,䜨,0,,60,semantic
4891,U+4729,䜩,54,,60,semantic
4892,U+472A,䜪,12,,60,semantic
4893,U+472B,䜫,10,,60,semantic
4894,U+472C,䜬,22,,60,semantic
4895,U+472D,䜭,20,,60,semantic
4896,U+472E,䜮,34,,60,semantic
4897,U+472F,䜯,43,,60,semantic
4898,U+4730,䜰,34,,60,semantic
4899,U+4731,䜱,43,,60,semantic
4900,U+4732,䜲,43,,60,semantic
4901,U+4733,䜳,0,,60,semantic
4902,U+4734,䜴,28,,60,semantic
4903,U+4735,䜵,48,,60,semantic
4904,U+4736,䜶,19,,60,semantic
4905,U+4737,䜷,48,,60,semantic
4906,U+4738,䜸,48,,60,semantic
4907,U+4739,䜹,0,,60,semantic
4908,U+473A,䜺,54,,60,semantic
4909,U+473B,䜻,48,,60,semantic
4910,U+473C,䜼,48,,60,semantic
4911,U+473D,䜽,48,,60,semantic
4912,U+473E,䜾,48,,60,semantic
4913,U+473F,䜿,0,,60,semantic
4914,U+4740,䝀,48,,60,semantic
4915,U+4741,䝁,3,,60,semantic
4916,U+4742,䝂,51,,60,semantic
4917,U+4743,䝃,48,,60,semantic
4918,U+4744,䝄,19,,60,semantic
4919,U+4745,䝅,19,,60,semantic
4920,U+4746,䝆,19,,60,semantic
4921,U+4747,䝇,8,,60,semantic
4922,U+4748,䝈,19,,60,semantic
4923,U+4749,䝉,0,,60,semantic
4924,U+474A,䝊,57,,60,semantic
4925,U+474B,䝋,19,,60,semantic
4926,U+474C,䝌,19,,60,semantic
4927,U+474D,䝍,19,,60,semantic
4928,U+474E,䝎,19,,60,semantic
4929,U+474F,䝏,53,,60,semantic
4930,U+4750,䝐,19,,60,semantic
4931,U+4751,䝑,19,,60,semantic
4932,U+4752,䝒,19,,60,semantic
4933,U+4753,䝓,4,,60,semantic
4934,U+4754,䝔,19,,60,semantic
4935,U+4755,䝕,19,,60,semantic
4936,U+4756,䝖,58,,60,semantic
4937,U+4757,䝗,19,,60,semantic
4938,U+4758,䝘,47,,60,semantic
4939,U+4759,䝙,19,,60,semantic
4940,U+475A,䝚,27,,60,semantic
4941,U+475B,䝛,0,,60,semantic
4942,U+475C,䝜,53,,60,semantic
4943,U+475D,䝝,28,,60,semantic
4944,U+475E,䝞,12,,60,semantic
4945,U+475F,䝟,19,,60,semantic
4946,U+4760,䝠,19,,60,semantic
4947,U+4761,䝡,19,,60,semantic
4948,U+4762,䝢,47,,60,semantic
4949,U+4763,䝣,19,,60,semantic
4950,U+4764,䝤,43,,60,semantic
4951,U+4765,䝥,8,,60,semantic
4952,U+4766,䝦,19,,60,semantic
4953,U+4767,䝧,29,,60,semantic
4954,U+4768,䝨,28,,60,semantic
4955,U+4769,䝩,29,,60,semantic
4956,U+476A,䝪,29,,60,semantic
4957,U+476B,䝫,29,,60,semantic
4958,U+476C,䝬,29,,60,semantic
4959,U+476D,䝭,29,,60,semantic
4960,U+476E,䝮,20,,60,semantic
4961,U+476F,䝯,20,,60,semantic
4962,U+4770,䝰,29,,60,semantic
4963,U+4771,䝱,36,,60,semantic
4964,U+4772,䝲,29,,60,semantic
4965,U+4773,䝳,20,,60,semantic
4966,U+4774,䝴,20,,60,semantic
4967,U+4775,䝵,29,,60,semantic
4968,U+4776,䝶,29,,60,semantic
4969,U+4777,䝷,29,,60,semantic
4970,U+4778,䝸,47,,60,semantic
4971,U+4779,䝹,28,,60,semantic
4972,U+477A,䝺,47,,60,semantic
4973,U+477B,䝻,29,,60,semantic
4974,U+477C,䝼,20,,60,semantic
4975,U+477D,䝽,43,,60,semantic
4976,U+477E,䝾,29,,60,semantic
4977,U+477F,䝿,29,,60,semantic
4978,U+4780,䞀,29,,60,semantic
4979,U+4781,䞁,47,,60,semantic
4980,U+4782,䞂,28,,60,semantic
4981,U+4783,䞃,29,,60,semantic
4982,U+4784,䞄,47,,60,semantic
4983,U+4785,䞅,29,,60,semantic
4984,U+4786,䞆,54,,60,semantic
4985,U+4787,䞇,29,,60,semantic
4986,U+4788,䞈,29,,60,semantic
4987,U+4789,䞉,29,,60,semantic
4988,U+478A,䞊,20,,60,semantic
4989,U+478B,䞋,29,,60,semantic
4990,U+478C,䞌,20,,60,semantic
4991,U+478D,䞍,20,,60,semantic
4992,U+478E,䞎,0,,60,semantic
4993,U+478F,䞏,0,,60,semantic
4994,U+4790,䞐,29,,60,semantic
4995,U+4791,䞑,56,,60,semantic
4996,U+4792,䞒,50,,60,semantic
4997,U+4793,䞓,50,,60,semantic
4998,U+4794,䞔,34,,60,semantic
4999,U+4795,䞕,50,,60,semantic
5000,U+4796,䞖,32,,60,semantic
5001,U+4797,䞗,36,,60,semantic
5002,U+4798,䞘,31,,60,semantic
5003,U+4799,䞙,31,,60,semantic
5004,U+479A,䞚,41,,60,semantic
5005,U+479B,䞛,43,,60,semantic
5006,U+479C,䞜,20,,60,semantic
5007,U+479D,䞝,45,,60,semantic
5008,U+479E,䞞,31,,60,semantic
5009,U+479F,䞟,13,,60,semantic
5010,U+47A0,䞠,31,,60,semantic
5011,U+47A1,䞡,31,,60,semantic
5012,U+47A2,䞢,31,,60,semantic
5013,U+47A3,䞣,20,,60,semantic
5014,U+47A4,䞤,31,,60,semantic
5015,U+47A5,䞥,31,,60,semantic
5016,U+47A6,䞦,45,,60,semantic
5017,U+47A7,䞧,45,,60,semantic
5018,U+47A8,䞨,31,,60,semantic
5019,U+47A9,䞩,45,,60,semantic
5020,U+47AA,䞪,31,,60,semantic
5021,U+47AB,䞫,31,,60,semantic
5022,U+47AC,䞬,5,,60,semantic
5023,U+47AD,䞭,31,,60,semantic
5024,U+47AE,䞮,51,,60,semantic
5025,U+47AF,䞯,31,,60,semantic
5026,U+47B0,䞰,31,,60,semantic
5027,U+47B1,䞱,5,,60,semantic
5028,U+47B2,䞲,0,,60,semantic
5029,U+47B3,䞳,31,,60,semantic
5030,U+47B4,䞴,31,,60,semantic
5031,U+47B5,䞵,13,,60,semantic
5032,U+47B6,䞶,31,,60,semantic
5033,U+47B7,䞷,31,,60,semantic
5034,U+47B8,䞸,20,,60,semantic
5035,U+47B9,䞹,31,,60,semantic
5036,U+47BA,䞺,31,,60,semantic
5037,U+47BB,䞻,31,,60,semantic
5038,U+47BC,䞼,31,,60,semantic
5039,U+47BD,䞽,45,,60,semantic
5040,U+47BE,䞾,42,,60,semantic
5041,U+47BF,䞿,45,,60,semantic
5042,U+47C0,䟀,31,,60,semantic
5043,U+47C1,䟁,51,,60,semantic
5044,U+47C2,䟂,45,,60,semantic
5045,U+47C3,䟃,31,,60,semantic
5046,U+47C4,䟄,42,,60,semantic
5047,U+47C5,䟅,31,,60,semantic
5048,U+47C6,䟆,12,,60,semantic
5049,U+47C7,䟇,31,,60,semantic
5050,U+47C8,䟈,31,,60,semantic
5051,U+47C9,䟉,31,,60,semantic
5052,U+47CA,䟊,31,,60,semantic
5053,U+47CB,䟋,31,,60,semantic
5054,U+47CC,䟌,31,,60,semantic
5055,U+47CD,䟍,31,,60,semantic
5056,U+47CE,䟎,0,,60,semantic
5057,U+47CF,䟏,13,,60,semantic
5058,U+47D0,䟐,31,,60,semantic
5059,U+47D1,䟑,31,,60,semantic
5060,U+47D2,䟒,46,,60,semantic
5061,U+47D3,䟓,31,,60,semantic
5062,U+47D4,䟔,20,,60,semantic
5063,U+47D5,䟕,31,,60,semantic
5064,U+47D6,䟖,0,,60,semantic
5065,U+47D7,䟗,20,,60,semantic
5066,U+47D8,䟘,51,,60,semantic
5067,U+47D9,䟙,31,,60,semantic
5068,U+47DA,䟚,20,,60,semantic
5069,U+47DB,䟛,31,,60,semantic
5070,U+47DC,䟜,51,,60,semantic
5071,U+47DD,䟝,31,,60,semantic
5072,U+47DE,䟞,36,,60,semantic
5073,U+47DF,䟟,36,,60,semantic
5074,U+47E0,䟠,31,,60,semantic
5075,U+47E1,䟡,51,,60,semantic
5076,U+47E2,䟢,31,,60,semantic
5077,U+47E3,䟣,19,,60,semantic
5078,U+47E4,䟤,0,,60,semantic
5079,U+47E5,䟥,28,,60,semantic
5080,U+47E6,䟦,31,,60,semantic
5081,U+47E7,䟧,31,,60,semantic
5082,U+47E8,䟨,45,,60,semantic
5083,U+47E9,䟩,31,,60,semantic
5084,U+47EA,䟪,47,,60,semantic
5085,U+47EB,䟫,31,,60,semantic
5086,U+47EC,䟬,31,,60,semantic
5087,U+47ED,䟭,31,,60,semantic
5088,U+47EE,䟮,5,,60,semantic
5089,U+47EF,䟯,1,,60,semantic
5090,U+47F0,䟰,31,,60,semantic
5091,U+47F1,䟱,31,,60,semantic
5092,U+47F2,䟲,0,,60,semantic
5093,U+47F3,䟳,0,,60,semantic
5094,U+47F4,䟴,8,,60,semantic
5095,U+47F5,䟵,31,,60,semantic
5096,U+47F6,䟶,20,,60,semantic
5097,U+47F7,䟷,31,,60,semantic
5098,U+47F8,䟸,19,,60,semantic
5099,U+47F9,䟹,20,,60,semantic
5100,U+47FA,䟺,31,,60,semantic
5101,U+47FB,䟻,45,,60,semantic
5102,U+47FC,䟼,31,,60,semantic
5103,U+47FD,䟽,47,,60,semantic
5104,U+47FE,䟾,13,,60,semantic
5105,U+47FF,䟿,20,,60,semantic
5106,U+4800,䠀,12,,60,semantic
5107,U+4801,䠁,13,,60,semantic
5108,U+4802,䠂,12,,60,semantic
5109,U+4803,䠃,51,,60,semantic
5110,U+4804,䠄,31,,60,semantic
5111,U+4805,䠅,51,,60,semantic
5112,U+4806,䠆,20,,60,semantic
5113,U+4807,䠇,28,,60,semantic
5114,U+4808,䠈,31,,60,semantic
5115,U+4809,䠉,31,,60,semantic
5116,U+480A,䠊,51,,60,semantic
5117,U+480B,䠋,46,,60,semantic
5118,U+480C,䠌,0,,60,semantic
5119,U+480D,䠍,31,,60,semantic
5120,U+480E,䠎,45,,60,semantic
5121,U+480F,䠏,51,,60,semantic
5122,U+4810,䠐,51,,60,semantic
5123,U+4811,䠑,51,,60,semantic
5124,U+4812,䠒,5,,60,semantic
5125,U+4813,䠓,51,,60,semantic
5126,U+4814,䠔,34,,60,semantic
5127,U+4815,䠕,31,,60,semantic
5128,U+4816,䠖,0,,60,semantic
5129,U+4817,䠗,45,,60,semantic
5130,U+4818,䠘,51,,60,semantic
5131,U+4819,䠙,36,,60,semantic
5132,U+481A,䠚,31,,60,semantic
5133,U+481B,䠛,13,,60,semantic
5134,U+481C,䠜,31,,60,semantic
5135,U+481D,䠝,20,,60,semantic
5136,U+481E,䠞,15,,60,semantic
5137,U+481F,䠟,31,,60,semantic
5138,U+4820,䠠,31,,60,semantic
5139,U+4821,䠡,31,,60,semantic
5140,U+4822,䠢,45,,60,semantic
5141,U+4823,䠣,19,,60,semantic
5142,U+4824,䠤,5,,60,semantic
5143,U+4825,䠥,45,,60,semantic
5144,U+4826,䠦,31,,60,semantic
5145,U+4827,䠧,31,,60,semantic
5146,U+4828,䠨,31,,60,semantic
5147,U+4829,䠩,20,,60,semantic
5148,U+482A,䠪,31,,60,semantic
5149,U+482B,䠫,24,,60,semantic
5150,U+482C,䠬,36,,60,semantic
5151,U+482D,䠭,45,,60,semantic
5152,U+482E,䠮,20,,60,semantic
5153,U+482F,䠯,13,,60,semantic
5154,U+4830,䠰,46,,60,semantic
5155,U+4831,䠱,31,,60,semantic
5156,U+4832,䠲,8,,60,semantic
5157,U+4833,䠳,31,,60,semantic
5158,U+4834,䠴,28,,60,semantic
5159,U+4835,䠵,27,,60,semantic
5160,U+4836,䠶,20,,60,semantic
5161,U+4837,䠷,18,,60,semantic
5162,U+4838,䠸,20,,60,semantic
5163,U+4839,䠹,51,,60,semantic
5164,U+483A,䠺,0,,60,semantic
5165,U+483B,䠻,20,,60,semantic
5166,U+483C,䠼,27,,60,semantic
5167,U+483D,䠽,18,,60,semantic
5168,U+483E,䠾,5,,60,semantic
5169,U+483F,䠿,47,,60,semantic
5170,U+4840,䡀,45,,60,semantic
5171,U+4841,䡁,42,,60,semantic
5172,U+4842,䡂,59,,60,semantic
5173,U+4843,䡃,52,,60,semantic
5174,U+4844,䡄,0,,60,semantic
5175,U+4845,䡅,59,,60,semantic
5176,U+4846,䡆,59,,60,semantic
5177,U+4847,䡇,59,,60,semantic
5178,U+4848,䡈,59,,60,semantic
5179,U+4849,䡉,59,,60,semantic
5180,U+484A,䡊,59,,60,semantic
5181,U+484B,䡋,59,,60,semantic
5182,U+484C,䡌,59,,60,semantic
5183,U+484D,䡍,59,,60,semantic
5184,U+484E,䡎,53,,60,semantic
5185,U+484F,䡏,59,,60,semantic
5186,U+4850,䡐,31,,60,semantic
5187,U+4851,䡑,59,,60,semantic
5188,U+4852,䡒,8,,60,semantic
5189,U+4853,䡓,59,,60,semantic
5190,U+4854,䡔,20,,60,semantic
5191,U+4855,䡕,59,,60,semantic
5192,U+4856,䡖,34,,60,semantic
5193,U+4857,䡗,59,,60,semantic
5194,U+4858,䡘,59,,60,semantic
5195,U+4859,䡙,59,,60,semantic
5196,U+485A,䡚,20,,60,semantic
5197,U+485B,䡛,59,,60,semantic
5198,U+485C,䡜,59,,60,semantic
5199,U+485D,䡝,59,,60,semantic
5200,U+485E,䡞,59,,60,semantic
5201,U+485F,䡟,59,,60,semantic
5202,U+4860,䡠,18,,60,semantic
5203,U+4861,䡡,59,,60,semantic
5204,U+4862,䡢,59,,60,semantic
5205,U+4863,䡣,59,,60,semantic
5206,U+4864,䡤,41,,60,semantic
5207,U+4865,䡥,59,,60,semantic
5208,U+4866,䡦,59,,60,semantic
5209,U+4867,䡧,59,,60,semantic
5210,U+4868,䡨,59,,60,semantic
5211,U+4869,䡩,59,,60,semantic
5212,U+486A,䡪,59,,60,semantic
5213,U+486B,䡫,8,,60,semantic
5214,U+486C,䡬,59,,60,semantic
5215,U+486D,䡭,59,,60,semantic
5216,U+486E,䡮,59,,60,semantic
5217,U+486F,䡯,8,,60,semantic
5218,U+4870,䡰,59,,60,semantic
5219,U+4871,䡱,0,,60,semantic
5220,U+4872,䡲,59,,60,semantic
5221,U+4873,䡳,59,,60,semantic
5222,U+4874,䡴,59,,60,semantic
5223,U+4875,䡵,59,,60,semantic
5224,U+4876,䡶,59,,60,semantic
5225,U+4877,䡷,8,,60,semantic
5226,U+4878,䡸,0,,60,semantic
5227,U+4879,䡹,59,,60,semantic
5228,U+487A,䡺,41,,60,semantic
5229,U+487B,䡻,59,,60,semantic
5230,U+487C,䡼,59,,60,semantic
5231,U+487D,䡽,59,,60,semantic
5232,U+487E,䡾,59,,60,semantic
5233,U+487F,䡿,59,,60,semantic
5234,U+4880,䢀,47,,60,semantic
5235,U+4881,䢁,59,,60,semantic
5236,U+4882,䢂,13,,60,semantic
5237,U+4883,䢃,20,,60,semantic
5238,U+4884,䢄,0,,60,semantic
5239,U+4885,䢅,47,,60,semantic
5240,U+4886,䢆,0,,60,semantic
5241,U+4887,䢇,42,,60,semantic
5242,U+4888,䢈,0,,60,semantic
5243,U+4889,䢉,48,,60,semantic
5244,U+488A,䢊,31,,60,semantic
5245,U+488B,䢋,12,,60,semantic
5246,U+488C,䢌,31,,60,semantic
5247,U+488D,䢍,31,,60,semantic
5248,U+488E,䢎,47,,60,semantic
5249,U+488F,䢏,0,,60,semantic
5250,U+4890,䢐,31,,60,semantic
5251,U+4891,䢑,15,,60,semantic
5252,U+4892,䢒,20,,60,semantic
5253,U+4893,䢓,9,,60,semantic
5254,U+4894,䢔,47,,60,semantic
5255,U+4895,䢕,31,,60,semantic
5256,U+4896,䢖,20,,60,semantic
5257,U+4897,䢗,0,,60,semantic
5258,U+4898,䢘,0,,60,semantic
5259,U+4899,䢙,42,,60,semantic
5260,U+489A,䢚,31,,60,semantic
5261,U+489B,䢛,34,,60,semantic
5262,U+489C,䢜,20,,60,semantic
5263,U+489D,䢝,47,,60,semantic
5264,U+489E,䢞,47,,60,semantic
5265,U+489F,䢟,31,,60,semantic
5266,U+48A0,䢠,29,,60,semantic
5267,U+48A1,䢡,31,,60,semantic
5268,U+48A2,䢢,20,,60,semantic
5269,U+48A3,䢣,34,,60,semantic
5270,U+48A4,䢤,0,,60,semantic
5271,U+48A5,䢥,20,,60,semantic
5272,U+48A6,䢦,20,,60,semantic
5273,U+48A7,䢧,31,,60,semantic
5274,U+48A8,䢨,31,,60,semantic
5275,U+48A9,䢩,20,,60,semantic
5276,U+48AA,䢪,14,,60,semantic
5277,U+48AB,䢫,20,,60,semantic
5278,U+48AC,䢬,20,,60,semantic
5279,U+48AD,䢭,20,,60,semantic
5280,U+48AE,䢮,31,,60,semantic
5281,U+48AF,䢯,20,,60,semantic
5282,U+48B0,䢰,13,,60,semantic
5283,U+48B1,䢱,42,,60,semantic
5284,U+48B2,䢲,31,,60,semantic
5285,U+48B3,䢳,32,,60,semantic
5286,U+48B4,䢴,32,,60,semantic
5287,U+48B5,䢵,43,,60,semantic
5288,U+48B6,䢶,12,,60,semantic
5289,U+48B7,䢷,0,,60,semantic
5290,U+48B8,䢸,43,,60,semantic
5291,U+48B9,䢹,43,,60,semantic
5292,U+48BA,䢺,43,,60,semantic
5293,U+48BB,䢻,32,,60,semantic
5294,U+48BC,䢼,12,,60,semantic
5295,U+48BD,䢽,9,,60,semantic
5296,U+48BE,䢾,32,,60,semantic
5297,U+48BF,䢿,43,,60,semantic
5298,U+48C0,䣀,22,,60,semantic
5299,U+48C1,䣁,43,,60,semantic
5300,U+48C2,䣂,43,,60,semantic
5301,U+48C3,䣃,0,,60,semantic
5302,U+48C4,䣄,43,,60,semantic
5303,U+48C5,䣅,43,,60,semantic
5304,U+48C6,䣆,43,,60,semantic
5305,U+48C7,䣇,43,,60,semantic
5306,U+48C8,䣈,14,,60,semantic
5307,U+48C9,䣉,0,,60,semantic
5308,U+48CA,䣊,32,,60,semantic
5309,U+48CB,䣋,32,,60,semantic
5310,U+48CC,䣌,12,,60,semantic
5311,U+48CD,䣍,32,,60,semantic
5312,U+48CE,䣎,32,,60,semantic
5313,U+48CF,䣏,32,,60,semantic
5314,U+48D0,䣐,32,,60,semantic
5315,U+48D1,䣑,9,,60,semantic
5316,U+48D2,䣒,0,,60,semantic
5317,U+48D3,䣓,32,,60,semantic
5318,U+48D4,䣔,43,,60,semantic
5319,U+48D5,䣕,32,,60,semantic
5320,U+48D6,䣖,32,,60,semantic
5321,U+48D7,䣗,0,,60,semantic
5322,U+48D8,䣘,12,,60,semantic
5323,U+48D9,䣙,43,,60,semantic
5324,U+48DA,䣚,43,,60,semantic
5325,U+48DB,䣛,32,,60,semantic
5326,U+48DC,䣜,43,,60,semantic
5327,U+48DD,䣝,43,,60,semantic
5328,U+48DE,䣞,12,,60,semantic
5329,U+48DF,䣟,43,,60,semantic
5330,U+48E0,䣠,43,,60,semantic
5331,U+48E1,䣡,43,,60,semantic
5332,U+48E2,䣢,10,,60,semantic
5333,U+48E3,䣣,32,,60,semantic
5334,U+48E4,䣤,43,,60,semantic
5335,U+48E5,䣥,24,,60,semantic
5336,U+48E6,䣦,52,,60,semantic
5337,U+48E7,䣧,28,,60,semantic
5338,U+48E8,䣨,28,,60,semantic
5339,U+48E9,䣩,28,,60,semantic
5340,U+48EA,䣪,24,,60,semantic
5341,U+48EB,䣫,48,,60,semantic
5342,U+48EC,䣬,24,,60,semantic
5343,U+48ED,䣭,6,,60,semantic
5344,U+48EE,䣮,24,,60,semantic
5345,U+48EF,䣯,24,,60,semantic
5346,U+48F0,䣰,29,,60,semantic
5347,U+48F1,䣱,24,,60,semantic
5348,U+48F2,䣲,24,,60,semantic
5349,U+48F3,䣳,24,,60,semantic
5350,U+48F4,䣴,8,,60,semantic
5351,U+48F5,䣵,24,,60,semantic
5352,U+48F6,䣶,24,,60,semantic
5353,U+48F7,䣷,24,,60,semantic
5354,U+48F8,䣸,54,,60,semantic
5355,U+48F9,䣹,24,,60,semantic
5356,U+48FA,䣺,24,,60,semantic
5357,U+48FB,䣻,24,,60,semantic
5358,U+48FC,䣼,24,,60,semantic
5359,U+48FD,䣽,24,,60,semantic
5360,U+48FE,䣾,24,,60,semantic
5361,U+48FF,䣿,24,,60,semantic
5362,U+4900,䤀,0,,60,semantic
5363,U+4901,䤁,20,,60,semantic
5364,U+4902,䤂,48,,60,semantic
5365,U+4903,䤃,24,,60,semantic
5366,U+4904,䤄,24,,60,semantic
5367,U+4905,䤅,24,,60,semantic
5368,U+4906,䤆,24,,60,semantic
5369,U+4907,䤇,24,,60,semantic
5370,U+4908,䤈,49,,60,semantic
5371,U+4909,䤉,26,,60,semantic
5372,U+490A,䤊,24,,60,semantic
5373,U+490B,䤋,52,,60,semantic
5374,U+490C,䤌,24,,60,semantic
5375,U+490D,䤍,48,,60,semantic
5376,U+490E,䤎,54,,60,semantic
5377,U+490F,䤏,24,,60,semantic
5378,U+4910,䤐,24,,60,semantic
5379,U+4911,䤑,24,,60,semantic
5380,U+4912,䤒,24,,60,semantic
5381,U+4913,䤓,0,,60,semantic
5382,U+4914,䤔,24,,60,semantic
5383,U+4915,䤕,24,,60,semantic
5384,U+4916,䤖,24,,60,semantic
5385,U+4917,䤗,24,,60,semantic
5386,U+4918,䤘,49,,60,semantic
5387,U+4919,䤙,54,,60,semantic
5388,U+491A,䤚,41,,60,semantic
5389,U+491B,䤛,46,,60,semantic
5390,U+491C,䤜,45,,60,semantic
5391,U+491D,䤝,46,,60,semantic
5392,U+491E,䤞,42,,60,semantic
5393,U+491F,䤟,2,,60,semantic
5394,U+4920,䤠,6,,60,semantic
5395,U+4921,䤡,2,,60,semantic
5396,U+4922,䤢,6,,60,semantic
5397,U+4923,䤣,2,,60,semantic
5398,U+4924,䤤,47,,60,semantic
5399,U+4925,䤥,2,,60,semantic
5400,U+4926,䤦,53,,60,semantic
5401,U+4927,䤧,0,,60,semantic
5402,U+4928,䤨,52,,60,semantic
5403,U+4929,䤩,46,,60,semantic
5404,U+492A,䤪,45,,60,semantic
5405,U+492B,䤫,2,,60,semantic
5406,U+492C,䤬,53,,60,semantic
5407,U+492D,䤭,20,,60,semantic
5408,U+492E,䤮,2,,60,semantic
5409,U+492F,䤯,26,,60,semantic
5410,U+4930,䤰,49,,60,semantic
5411,U+4931,䤱,12,,60,semantic
5412,U+4932,䤲,6,,60,semantic
5413,U+4933,䤳,7,,60,semantic
5414,U+4934,䤴,2,,60,semantic
5415,U+4935,䤵,46,,60,semantic
5416,U+4936,䤶,2,,60,semantic
5417,U+4937,䤷,2,,60,semantic
5418,U+4938,䤸,2,,60,semantic
5419,U+4939,䤹,52,,60,semantic
5420,U+493A,䤺,52,,60,semantic
5421,U+493B,䤻,2,,60,semantic
5422,U+493C,䤼,46,,60,semantic
5423,U+493D,䤽,2,,60,semantic
5424,U+493E,䤾,29,,60,semantic
5425,U+493F,䤿,52,,60,semantic
5426,U+4940,䥀,13,,60,semantic
5427,U+4941,䥁,2,,60,semantic
5428,U+4942,䥂,14,,60,semantic
5429,U+4943,䥃,2,,60,semantic
5430,U+4944,䥄,2,,60,semantic
5431,U+4945,䥅,53,,60,semantic
5432,U+4946,䥆,53,,60,semantic
5433,U+4947,䥇,6,,60,semantic
5434,U+4948,䥈,6,,60,semantic
5435,U+4949,䥉,2,,60,semantic
5436,U+494A,䥊,28,,60,semantic
5437,U+494B,䥋,49,,60,semantic
5438,U+494C,䥌,47,,60,semantic
5439,U+494D,䥍,48,,60,semantic
5440,U+494E,䥎,47,,60,semantic
5441,U+494F,䥏,47,,60,semantic
5442,U+4950,䥐,2,,60,semantic
5443,U+4951,䥑,2,,60,semantic
5444,U+4952,䥒,6,,60,semantic
5445,U+4953,䥓,53,,60,semantic
5446,U+4954,䥔,50,,60,semantic
5447,U+4955,䥕,2,,60,semantic
5448,U+4956,䥖,2,,60,semantic
5449,U+4957,䥗,2,,60,semantic
5450,U+4958,䥘,42,,60,semantic
5451,U+4959,䥙,39,,60,semantic
5452,U+495A,䥚,47,,60,semantic
5453,U+495B,䥛,6,,60,semantic
5454,U+495C,䥜,2,,60,semantic
5455,U+495D,䥝,1,,60,semantic
5456,U+495E,䥞,52,,60,semantic
5457,U+495F,䥟,14,,60,semantic
5458,U+4960,䥠,46,,60,semantic
5459,U+4961,䥡,2,,60,semantic
5460,U+4962,䥢,8,,60,semantic
5461,U+4963,䥣,2,,60,semantic
5462,U+4964,䥤,27,,60,semantic
5463,U+4965,䥥,2,,60,semantic
5464,U+4966,䥦,0,,60,semantic
5465,U+4967,䥧,40,,60,semantic
5466,U+4968,䥨,52,,60,semantic
5467,U+4969,䥩,46,,60,semantic
5468,U+496A,䥪,52,,60,semantic
5469,U+496B,䥫,2,,60,semantic
5470,U+496C,䥬,53,,60,semantic
5471,U+496D,䥭,47,,60,semantic
5472,U+496E,䥮,1,,60,semantic
5473,U+496F,䥯,52,,60,semantic
5474,U+4970,䥰,2,,60,semantic
5475,U+4971,䥱,52,,60,semantic
5476,U+4972,䥲,6,,60,semantic
5477,U+4973,䥳,6,,60,semantic
5478,U+4974,䥴,52,,60,semantic
5479,U+4975,䥵,2,,60,semantic
5480,U+4976,䥶,26,,60,semantic
5481,U+4977,䥷,52,,60,semantic
5482,U+4978,䥸,56,,60,semantic
5483,U+4979,䥹,0,,60,semantic
5484,U+497A,䥺,2,,60,semantic
5485,U+497B,䥻,0,,60,semantic
5486,U+497C,䥼,0,,60,semantic
5487,U+497D,䥽,2,,60,semantic
5488,U+497E,䥾,52,,60,semantic
5489,U+497F,䥿,0,,60,semantic
5490,U+4980,䦀,0,,60,semantic
5491,U+4981,䦁,53,,60,semantic
5492,U+4982,䦂,53,,60,semantic
5493,U+4983,䦃,14,,60,semantic
5494,U+4984,䦄,0,,60,semantic
5495,U+4985,䦅,1,,60,semantic
5496,U+4986,䦆,53,,60,semantic
5497,U+4987,䦇,4,,60,semantic
5498,U+4988,䦈,15,,60,semantic
5499,U+4989,䦉,0,,60,semantic
5500,U+498A,䦊,59,,60,semantic
5501,U+498B,䦋,20,,60,semantic
5502,U+498C,䦌,9,,60,semantic
5503,U+498D,䦍,20,,60,semantic
5504,U+498E,䦎,18,,60,semantic
5505,U+498F,䦏,9,,60,semantic
5506,U+4990,䦐,9,,60,semantic
5507,U+4991,䦑,34,,60,semantic
5508,U+4992,䦒,9,,60,semantic
5509,U+4993,䦓,20,,60,semantic
5510,U+4994,䦔,9,,60,semantic
5511,U+4995,䦕,9,,60,semantic
5512,U+4996,䦖,9,,60,semantic
5513,U+4997,䦗,34,,60,semantic
5514,U+4998,䦘,9,,60,semantic
5515,U+4999,䦙,12,,60,semantic
5516,U+499A,䦚,9,,60,semantic
5517,U+499B,䦛,20,,60,semantic
5518,U+499C,䦜,32,,60,semantic
5519,U+499D,䦝,8,,60,semantic
5520,U+499E,䦞,47,,60,semantic
5521,U+499F,䦟,20,,60,semantic
5522,U+49A0,䦠,10,,60,semantic
5523,U+49A1,䦡,9,,60,semantic
5524,U+49A2,䦢,18,,60,semantic
5525,U+49A3,䦣,9,,60,semantic
5526,U+49A4,䦤,48,,60,semantic
5527,U+49A5,䦥,20,,60,semantic
5528,U+49A6,䦦,47,,60,semantic
5529,U+49A7,䦧,42,,60,semantic
5530,U+49A8,䦨,9,,60,semantic
5531,U+49A9,䦩,0,,60,semantic
5532,U+49AA,䦪,8,,60,semantic
5533,U+49AB,䦫,9,,60,semantic
5534,U+49AC,䦬,9,,60,semantic
5535,U+49AD,䦭,28,,60,semantic
5536,U+49AE,䦮,9,,60,semantic
5537,U+49AF,䦯,18,,60,semantic
5538,U+49B0,䦰,18,,60,semantic
5539,U+49B1,䦱,9,,60,semantic
5540,U+49B2,䦲,12,,60,semantic
5541,U+49B3,䦳,47,,60,semantic
5542,U+49B4,䦴,9,,60,semantic
5543,U+49B5,䦵,45,,60,semantic
5544,U+49B6,䦶,20,,60,semantic
5545,U+49B7,䦷,20,,60,semantic
5546,U+49B8,䦸,0,,60,semantic
5547,U+49B9,䦹,43,,60,semantic
5548,U+49BA,䦺,22,,60,semantic
5549,U+49BB,䦻,32,,60,semantic
5550,U+49BC,䦼,14,,60,semantic
5551,U+49BD,䦽,9,,60,semantic
5552,U+49BE,䦾,22,,60,semantic
5553,U+49BF,䦿,0,,60,semantic
5554,U+49C0,䧀,0,,60,semantic
5555,U+49C1,䧁,31,,60,semantic
5556,U+49C2,䧂,14,,60,semantic
5557,U+49C3,䧃,32,,60,semantic
5558,U+49C4,䧄,32,,60,semantic
5559,U+49C5,䧅,42,,60,semantic
5560,U+49C6,䧆,14,,60,semantic
5561,U+49C7,䧇,22,,60,semantic
5562,U+49C8,䧈,0,,60,semantic
5563,U+49C9,䧉,43,,60,semantic
5564,U+49CA,䧊,43,,60,semantic
5565,U+49CB,䧋,9,,60,semantic
5566,U+49CC,䧌,32,,60,semantic
5567,U+49CD,䧍,14,,60,semantic
5568,U+49CE,䧎,14,,60,semantic
5569,U+49CF,䧏,0,,60,semantic
5570,U+49D0,䧐,43,,60,semantic
5571,U+49D1,䧑,53,,60,semantic
5572,U+49D2,䧒,31,,60,semantic
5573,U+49D3,䧓,18,,60,semantic
5574,U+49D4,䧔,10,,60,semantic
5575,U+49D5,䧕,9,,60,semantic
5576,U+49D6,䧖,14,,60,semantic
5577,U+49D7,䧗,22,,60,semantic
5578,U+49D8,䧘,9,,60,semantic
5579,U+49D9,䧙,12,,60,semantic
5580,U+49DA,䧚,43,,60,semantic
5581,U+49DB,䧛,59,,60,semantic
5582,U+49DC,䧜,47,,60,semantic
5583,U+49DD,䧝,22,,60,semantic
5584,U+49DE,䧞,18,,60,semantic
5585,U+49DF,䧟,20,,60,semantic
5586,U+49E0,䧠,43,,60,semantic
5587,U+49E1,䧡,9,,60,semantic
5588,U+49E2,䧢,22,,60,semantic
5589,U+49E3,䧣,17,,60,semantic
5590,U+49E4,䧤,43,,60,semantic
5591,U+49E5,䧥,9,,60,semantic
5592,U+49E6,䧦,22,,60,semantic
5593,U+49E7,䧧,22,,60,semantic
5594,U+49E8,䧨,22,,60,semantic
5595,U+49E9,䧩,0,,60,semantic
5596,U+49EA,䧪,45,,60,semantic
5597,U+49EB,䧫,14,,60,semantic
5598,U+49EC,䧬,10,,60,semantic
5599,U+49ED,䧭,0,,60,semantic
5600,U+49EE,䧮,20,,60,semantic
5601,U+49EF,䧯,20,,60,semantic
5602,U+49F0,䧰,14,,60,semantic
5603,U+49F1,䧱,44,,60,semantic
5604,U+49F2,䧲,44,,60,semantic
5605,U+49F3,䧳,57,,60,semantic
5606,U+49F4,䧴,20,,60,semantic
5607,U+49F5,䧵,44,,60,semantic
5608,U+49F6,䧶,20,,60,semantic
5609,U+49F7,䧷,44,,60,semantic
5610,U+49F8,䧸,44,,60,semantic
5611,U+49F9,䧹,44,,60,semantic
5612,U+49FA,䧺,44,,60,semantic
5613,U+49FB,䧻,44,,60,semantic
5614,U+49FC,䧼,44,,60,semantic
5615,U+49FD,䧽,45,,60,semantic
5616,U+49FE,䧾,44,,60,semantic
5617,U+49FF,䧿,53,,60,semantic
5618,U+4A00,䨀,48,,60,semantic
5619,U+4A01,䨁,44,,60,semantic
5620,U+4A02,䨂,57,,60,semantic
5621,U+4A03,䨃,0,,60,semantic
5622,U+4A04,䨄,53,,60,semantic
5623,U+4A05,䨅,53,,60,semantic
5624,U+4A06,䨆,44,,60,semantic
5625,U+4A07,䨇,47,,60,semantic
5626,U+4A08,䨈,44,,60,semantic
5627,U+4A09,䨉,44,,60,semantic
5628,U+4A0A,䨊,44,,60,semantic
5629,U+4A0B,䨋,42,,60,semantic
5630,U+4A0C,䨌,16,,60,semantic
5631,U+4A0D,䨍,23,,60,semantic
5632,U+4A0E,䨎,34,,60,semantic
5633,U+4A0F,䨏,23,,60,semantic
5634,U+4A10,䨐,43,,60,semantic
5635,U+4A11,䨑,23,,60,semantic
5636,U+4A12,䨒,8,,60,semantic
5637,U+4A13,䨓,6,,60,semantic
5638,U+4A14,䨔,16,,60,semantic
5639,U+4A15,䨕,23,,60,semantic
5640,U+4A16,䨖,16,,60,semantic
5641,U+4A17,䨗,16,,60,semantic
5642,U+4A18,䨘,47,,60,semantic
5643,U+4A19,䨙,23,,60,semantic
5644,U+4A1A,䨚,23,,60,semantic
5645,U+4A1B,䨛,16,,60,semantic
5646,U+4A1C,䨜,23,,60,semantic
5647,U+4A1D,䨝,57,,60,semantic
5648,U+4A1E,䨞,20,,60,semantic
5649,U+4A1F,䨟,23,,60,semantic
5650,U+4A20,䨠,16,,60,semantic
5651,U+4A21,䨡,23,,60,semantic
5652,U+4A22,䨢,16,,60,semantic
5653,U+4A23,䨣,49,,60,semantic
5654,U+4A24,䨤,23,,60,semantic
5655,U+4A25,䨥,23,,60,semantic
5656,U+4A26,䨦,53,,60,semantic
5657,U+4A27,䨧,50,,60,semantic
5658,U+4A28,䨨,34,,60,semantic
5659,U+4A29,䨩,12,,60,semantic
5660,U+4A2A,䨪,16,,60,semantic
5661,U+4A2B,䨫,23,,60,semantic
5662,U+4A2C,䨬,23,,60,semantic
5663,U+4A2D,䨭,16,,60,semantic
5664,U+4A2E,䨮,5,,60,semantic
5665,U+4A2F,䨯,16,,60,semantic
5666,U+4A30,䨰,23,,60,semantic
5667,U+4A31,䨱,23,,60,semantic
5668,U+4A32,䨲,58,,60,semantic
5669,U+4A33,䨳,23,,60,semantic
5670,U+4A34,䨴,16,,60,semantic
5671,U+4A35,䨵,23,,60,semantic
5672,U+4A36,䨶,16,,60,semantic
5673,U+4A37,䨷,53,,60,semantic
5674,U+4A38,䨸,16,,60,semantic
5675,U+4A39,䨹,31,,60,semantic
5676,U+4A3A,䨺,16,,60,semantic
5677,U+4A3B,䨻,16,,60,semantic
5678,U+4A3C,䨼,50,,60,semantic
5679,U+4A3D,䨽,20,,60,semantic
5680,U+4A3E,䨾,34,,60,semantic
5681,U+4A3F,䨿,42,,60,semantic
5682,U+4A40,䩀,0,,60,semantic
5683,U+4A41,䩁,4,,60,semantic
5684,U+4A42,䩂,20,,60,semantic
5685,U+4A43,䩃,7,,60,semantic
5686,U+4A44,䩄,15,,60,semantic
5687,U+4A45,䩅,18,,60,semantic
5688,U+4A46,䩆,4,,60,semantic
5689,U+4A47,䩇,20,,60,semantic
5690,U+4A48,䩈,4,,60,semantic
5691,U+4A49,䩉,4,,60,semantic
5692,U+4A4A,䩊,28,,60,semantic
5693,U+4A4B,䩋,4,,60,semantic
5694,U+4A4C,䩌,7,,60,semantic
5695,U+4A4D,䩍,7,,60,semantic
5696,U+4A4E,䩎,0,,60,semantic
5697,U+4A4F,䩏,45,,60,semantic
5698,U+4A50,䩐,19,,60,semantic
5699,U+4A51,䩑,59,,60,semantic
5700,U+4A52,䩒,27,,60,semantic
5701,U+4A53,䩓,59,,60,semantic
5702,U+4A54,䩔,27,,60,semantic
5703,U+4A55,䩕,2,,60,semantic
5704,U+4A56,䩖,51,,60,semantic
5705,U+4A57,䩗,12,,60,semantic
5706,U+4A58,䩘,51,,60,semantic
5707,U+4A59,䩙,2,,60,semantic
5708,U+4A5A,䩚,51,,60,semantic
5709,U+4A5B,䩛,27,,60,semantic
5710,U+4A5C,䩜,12,,60,semantic
5711,U+4A5D,䩝,53,,60,semantic
5712,U+4A5E,䩞,46,,60,semantic
5713,U+4A5F,䩟,2,,60,semantic
5714,U+4A60,䩠,27,,60,semantic
5715,U+4A61,䩡,51,,60,semantic
5716,U+4A62,䩢,27,,60,semantic
5717,U+4A63,䩣,51,,60,semantic
5718,U+4A64,䩤,19,,60,semantic
5719,U+4A65,䩥,35,,60,semantic
5720,U+4A66,䩦,2,,60,semantic
5721,U+4A67,䩧,46,,60,semantic
5722,U+4A68,䩨,46,,60,semantic
5723,U+4A69,䩩,18,,60,semantic
5724,U+4A6A,䩪,35,,60,semantic
5725,U+4A6B,䩫,51,,60,semantic
5726,U+4A6C,䩬,2,,60,semantic
5727,U+4A6D,䩭,13,,60,semantic
5728,U+4A6E,䩮,53,,60,semantic
5729,U+4A6F,䩯,36,,60,semantic
5730,U+4A70,䩰,42,,60,semantic
5731,U+4A71,䩱,2,,60,semantic
5732,U+4A72,䩲,2,,60,semantic
5733,U+4A73,䩳,27,,60,semantic
5734,U+4A74,䩴,53,,60,semantic
5735,U+4A75,䩵,53,,60,semantic
5736,U+4A76,䩶,35,,60,semantic
5737,U+4A77,䩷,51,,60,semantic
5738,U+4A78,䩸,27,,60,semantic
5739,U+4A79,䩹,51,,60,semantic
5740,U+4A7A,䩺,51,,60,semantic
5741,U+4A7B,䩻,12,,60,semantic
5742,U+4A7C,䩼,52,,60,semantic
5743,U+4A7D,䩽,2,,60,semantic
5744,U+4A7E,䩾,3,,60,semantic
5745,U+4A7F,䩿,53,,60,semantic
5746,U+4A80,䪀,53,,60,semantic
5747,U+4A81,䪁,53,,60,semantic
5748,U+4A82,䪂,13,,60,semantic
5749,U+4A83,䪃,24,,60,semantic
5750,U+4A84,䪄,39,,60,semantic
5751,U+4A85,䪅,46,,60,semantic
5752,U+4A86,䪆,45,,60,semantic
5753,U+4A87,䪇,59,,60,semantic
5754,U+4A88,䪈,27,,60,semantic
5755,U+4A89,䪉,2,,60,semantic
5756,U+4A8A,䪊,53,,60,semantic
5757,U+4A8B,䪋,11,,60,semantic
5758,U+4A8C,䪌,27,,60,semantic
5759,U+4A8D,䪍,46,,60,semantic
5760,U+4A8E,䪎,46,,60,semantic
5761,U+4A8F,䪏,45,,60,semantic
5762,U+4A90,䪐,37,,60,semantic
5763,U+4A91,䪑,51,,60,semantic
5764,U+4A92,䪒,27,,60,semantic
5765,U+4A93,䪓,2,,60,semantic
5766,U+4A94,䪔,27,,60,semantic
5767,U+4A95,䪕,20,,60,semantic
5768,U+4A96,䪖,27,,60,semantic
5769,U+4A97,䪗,51,,60,semantic
5770,U+4A98,䪘,20,,60,semantic
5771,U+4A99,䪙,27,,60,semantic
5772,U+4A9A,䪚,39,,60,semantic
5773,U+4A9B,䪛,18,,60,semantic
5774,U+4A9C,䪜,27,,60,semantic
5775,U+4A9D,䪝,2,,60,semantic
5776,U+4A9E,䪞,42,,60,semantic
5777,U+4A9F,䪟,0,,60,semantic
5778,U+4AA0,䪠,52,,60,semantic
5779,U+4AA1,䪡,52,,60,semantic
5780,U+4AA2,䪢,52,,60,semantic
5781,U+4AA3,䪣,52,,60,semantic
5782,U+4AA4,䪤,53,,60,semantic
5783,U+4AA5,䪥,45,,60,semantic
5784,U+4AA6,䪦,8,,60,semantic
5785,U+4AA7,䪧,43,,60,semantic
5786,U+4AA8,䪨,0,,60,semantic
5787,U+4AA9,䪩,8,,60,semantic
5788,U+4AAA,䪪,0,,60,semantic
5789,U+4AAB,䪫,43,,60,semantic
5790,U+4AAC,䪬,8,,60,semantic
5791,U+4AAD,䪭,47,,60,semantic
5792,U+4AAE,䪮,8,,60,semantic
5793,U+4AAF,䪯,8,,60,semantic
5794,U+4AB0,䪰,47,,60,semantic
5795,U+4AB1,䪱,4,,60,semantic
5796,U+4AB2,䪲,4,,60,semantic
5797,U+4AB3,䪳,4,,60,semantic
5798,U+4AB4,䪴,51,,60,semantic
5799,U+4AB5,䪵,0,,60,semantic
5800,U+4AB6,䪶,17,,60,semantic
5801,U+4AB7,䪷,20,,60,semantic
5802,U+4AB8,䪸,18,,60,semantic
5803,U+4AB9,䪹,4,,60,semantic
5804,U+4ABA,䪺,17,,60,semantic
5805,U+4ABB,䪻,4,,60,semantic
5806,U+4ABC,䪼,51,,60,semantic
5807,U+4ABD,䪽,4,,60,semantic
5808,U+4ABE,䪾,15,,60,semantic
5809,U+4ABF,䪿,4,,60,semantic
5810,U+4AC0,䫀,17,,60,semantic
5811,U+4AC1,䫁,19,,60,semantic
5812,U+4AC2,䫂,45,,60,semantic
5813,U+4AC3,䫃,4,,60,semantic
5814,U+4AC4,䫄,4,,60,semantic
5815,U+4AC5,䫅,16,,60,semantic
5816,U+4AC6,䫆,27,,60,semantic
5817,U+4AC7,䫇,4,,60,semantic
5818,U+4AC8,䫈,4,,60,semantic
5819,U+4AC9,䫉,4,,60,semantic
5820,U+4ACA,䫊,17,,60,semantic
5821,U+4ACB,䫋,20,,60,semantic
5822,U+4ACC,䫌,4,,60,semantic
5823,U+4ACD,䫍,20,,60,semantic
5824,U+4ACE,䫎,45,,60,semantic
5825,U+4ACF,䫏,42,,60,semantic
5826,U+4AD0,䫐,51,,60,semantic
5827,U+4AD1,䫑,28,,60,semantic
5828,U+4AD2,䫒,56,,60,semantic
5829,U+4AD3,䫓,4,,60,semantic
5830,U+4AD4,䫔,20,,60,semantic
5831,U+4AD5,䫕,34,,60,semantic
5832,U+4AD6,䫖,45,,60,semantic
5833,U+4AD7,䫗,42,,60,semantic
5834,U+4AD8,䫘,4,,60,semantic
5835,U+4AD9,䫙,4,,60,semantic
5836,U+4ADA,䫚,34,,60,semantic
5837,U+4ADB,䫛,42,,60,semantic
5838,U+4ADC,䫜,34,,60,semantic
5839,U+4ADD,䫝,49,,60,semantic
5840,U+4ADE,䫞,4,,60,semantic
5841,U+4ADF,䫟,4,,60,semantic
5842,U+4AE0,䫠,4,,60,semantic
5843,U+4AE1,䫡,4,,60,semantic
5844,U+4AE2,䫢,28,,60,semantic
5845,U+4AE3,䫣,17,,60,semantic
5846,U+4AE4,䫤,4,,60,semantic
5847,U+4AE5,䫥,4,,60,semantic
5848,U+4AE6,䫦,17,,60,semantic
5849,U+4AE7,䫧,0,,60,semantic
5850,U+4AE8,䫨,18,,60,semantic
5851,U+4AE9,䫩,16,,60,semantic
5852,U+4AEA,䫪,42,,60,semantic
5853,U+4AEB,䫫,47,,60,semantic
5854,U+4AEC,䫬,45,,60,semantic
5855,U+4AED,䫭,4,,60,semantic
5856,U+4AEE,䫮,20,,60,semantic
5857,U+4AEF,䫯,7,,60,semantic
5858,U+4AF0,䫰,4,,60,semantic
5859,U+4AF1,䫱,4,,60,semantic
5860,U+4AF2,䫲,4,,60,semantic
5861,U+4AF3,䫳,4,,60,semantic
5862,U+4AF4,䫴,45,,60,semantic
5863,U+4AF5,䫵,57,,60,semantic
5864,U+4AF6,䫶,45,,60,semantic
5865,U+4AF7,䫷,4,,60,semantic
5866,U+4AF8,䫸,16,,60,semantic
5867,U+4AF9,䫹,16,,60,semantic
5868,U+4AFA,䫺,16,,60,semantic
5869,U+4AFB,䫻,16,,60,semantic
5870,U+4AFC,䫼,16,,60,semantic
5871,U+4AFD,䫽,16,,60,semantic
5872,U+4AFE,䫾,16,,60,semantic
5873,U+4AFF,䫿,16,,60,semantic
5874,U+4B00,䬀,16,,60,semantic
5875,U+4B01,䬁,16,,60,semantic
5876,U+4B02,䬂,16,,60,semantic
5877,U+4B03,䬃,16,,60,semantic
5878,U+4B04,䬄,16,,60,semantic
5879,U+4B05,䬅,16,,60,semantic
5880,U+4B06,䬆,16,,60,semantic
5881,U+4B07,䬇,16,,60,semantic
5882,U+4B08,䬈,16,,60,semantic
5883,U+4B09,䬉,16,,60,semantic
5884,U+4B0A,䬊,16,,60,semantic
5885,U+4B0B,䬋,16,,60,semantic
5886,U+4B0C,䬌,16,,60,semantic
5887,U+4B0D,䬍,16,,60,semantic
5888,U+4B0E,䬎,39,,60,semantic
5889,U+4B0F,䬏,16,,60,semantic
5890,U+4B10,䬐,16,,60,semantic
5891,U+4B11,䬑,16,,60,semantic
5892,U+4B12,䬒,16,,60,semantic
5893,U+4B13,䬓,16,,60,semantic
5894,U+4B14,䬔,16,,60,semantic
5895,U+4B15,䬕,16,,60,semantic
5896,U+4B16,䬖,47,,60,semantic
5897,U+4B17,䬗,16,,60,semantic
5898,U+4B18,䬘,16,,60,semantic
5899,U+4B19,䬙,16,,60,semantic
5900,U+4B1A,䬚,31,,60,semantic
5901,U+4B1B,䬛,16,,60,semantic
5902,U+4B1C,䬜,12,,60,semantic
5903,U+4B1D,䬝,47,,60,semantic
5904,U+4B1E,䬞,16,,60,semantic
5905,U+4B1F,䬟,16,,60,semantic
5906,U+4B20,䬠,16,,60,semantic
5907,U+4B21,䬡,5,,60,semantic
5908,U+4B22,䬢,42,,60,semantic
5909,U+4B23,䬣,42,,60,semantic
5910,U+4B24,䬤,21,,60,semantic
5911,U+4B25,䬥,54,,60,semantic
5912,U+4B26,䬦,54,,60,semantic
5913,U+4B27,䬧,54,,60,semantic
5914,U+4B28,䬨,54,,60,semantic
5915,U+4B29,䬩,20,,60,semantic
5916,U+4B2A,䬪,54,,60,semantic
5917,U+4B2B,䬫,54,,60,semantic
5918,U+4B2C,䬬,54,,60,semantic
5919,U+4B2D,䬭,19,,60,semantic
5920,U+4B2E,䬮,48,,60,semantic
5921,U+4B2F,䬯,46,,60,semantic
5922,U+4B30,䬰,54,,60,semantic
5923,U+4B31,䬱,48,,60,semantic
5924,U+4B32,䬲,54,,60,semantic
5925,U+4B33,䬳,21,,60,semantic
5926,U+4B34,䬴,35,,60,semantic
5927,U+4B35,䬵,54,,60,semantic
5928,U+4B36,䬶,54,,60,semantic
5929,U+4B37,䬷,54,,60,semantic
5930,U+4B38,䬸,54,,60,semantic
5931,U+4B39,䬹,53,,60,semantic
5932,U+4B3A,䬺,54,,60,semantic
5933,U+4B3B,䬻,29,,60,semantic
5934,U+4B3C,䬼,42,,60,semantic
5935,U+4B3D,䬽,24,,60,semantic
5936,U+4B3E,䬾,54,,60,semantic
5937,U+4B3F,䬿,21,,60,semantic
5938,U+4B40,䭀,54,,60,semantic
5939,U+4B41,䭁,49,,60,semantic
5940,U+4B42,䭂,23,,60,semantic
5941,U+4B43,䭃,54,,60,semantic
5942,U+4B44,䭄,54,,60,semantic
5943,U+4B45,䭅,54,,60,semantic
5944,U+4B46,䭆,54,,60,semantic
5945,U+4B47,䭇,17,,60,semantic
5946,U+4B48,䭈,21,,60,semantic
5947,U+4B49,䭉,54,,60,semantic
5948,U+4B4A,䭊,54,,60,semantic
5949,U+4B4B,䭋,54,,60,semantic
5950,U+4B4C,䭌,47,,60,semantic
5951,U+4B4D,䭍,42,,60,semantic
5952,U+4B4E,䭎,54,,60,semantic
5953,U+4B4F,䭏,0,,60,semantic
5954,U+4B50,䭐,54,,60,semantic
5955,U+4B51,䭑,42,,60,semantic
5956,U+4B52,䭒,20,,60,semantic
5957,U+4B53,䭓,54,,60,semantic
5958,U+4B54,䭔,54,,60,semantic
5959,U+4B55,䭕,45,,60,semantic
5960,U+4B56,䭖,19,,60,semantic
5961,U+4B57,䭗,54,,60,semantic
5962,U+4B58,䭘,54,,60,semantic
5963,U+4B59,䭙,28,,60,semantic
5964,U+4B5A,䭚,54,,60,semantic
5965,U+4B5B,䭛,49,,60,semantic
5966,U+4B5C,䭜,0,,60,semantic
5967,U+4B5D,䭝,54,,60,semantic
5968,U+4B5E,䭞,29,,60,semantic
5969,U+4B5F,䭟,54,,60,semantic
5970,U+4B60,䭠,54,,60,semantic
5971,U+4B61,䭡,54,,60,semantic
5972,U+4B62,䭢,29,,60,semantic
5973,U+4B63,䭣,21,,60,semantic
5974,U+4B64,䭤,54,,60,semantic
5975,U+4B65,䭥,54,,60,semantic
5976,U+4B66,䭦,54,,60,semantic
5977,U+4B67,䭧,54,,60,semantic
5978,U+4B68,䭨,24,,60,semantic
5979,U+4B69,䭩,54,,60,semantic
5980,U+4B6A,䭪,48,,60,semantic
5981,U+4B6B,䭫,20,,60,semantic
5982,U+4B6C,䭬,20,,60,semantic
5983,U+4B6D,䭭,57,,60,semantic
5984,U+4B6E,䭮,27,,60,semantic
5985,U+4B6F,䭯,49,,60,semantic
5986,U+4B70,䭰,49,,60,semantic
5987,U+4B71,䭱,49,,60,semantic
5988,U+4B72,䭲,28,,60,semantic
5989,U+4B73,䭳,3,,60,semantic
5990,U+4B74,䭴,35,,60,semantic
5991,U+4B75,䭵,35,,60,semantic
5992,U+4B76,䭶,35,,60,semantic
5993,U+4B77,䭷,35,,60,semantic
5994,U+4B78,䭸,35,,60,semantic
5995,U+4B79,䭹,35,,60,semantic
5996,U+4B7A,䭺,35,,60,semantic
5997,U+4B7B,䭻,35,,60,semantic
5998,U+4B7C,䭼,35,,60,semantic
5999,U+4B7D,䭽,47,,60,semantic
6000,U+4B7E,䭾,47,,60,semantic
6001,U+4B7F,䭿,20,,60,semantic
6002,U+4B80,䮀,19,,60,semantic
6003,U+4B81,䮁,35,,60,semantic
6004,U+4B82,䮂,35,,60,semantic
6005,U+4B83,䮃,20,,60,semantic
6006,U+4B84,䮄,35,,60,semantic
6007,U+4B85,䮅,0,,60,semantic
6008,U+4B86,䮆,35,,60,semantic
6009,U+4B87,䮇,35,,60,semantic
6010,U+4B88,䮈,31,,60,semantic
6011,U+4B89,䮉,35,,60,semantic
6012,U+4B8A,䮊,35,,60,semantic
6013,U+4B8B,䮋,35,,60,semantic
6014,U+4B8C,䮌,35,,60,semantic
6015,U+4B8D,䮍,39,,60,semantic
6016,U+4B8E,䮎,35,,60,semantic
6017,U+4B8F,䮏,35,,60,semantic
6018,U+4B90,䮐,35,,60,semantic
6019,U+4B91,䮑,35,,60,semantic
6020,U+4B92,䮒,35,,60,semantic
6021,U+4B93,䮓,35,,60,semantic
6022,U+4B94,䮔,35,,60,semantic
6023,U+4B95,䮕,35,,60,semantic
6024,U+4B96,䮖,35,,60,semantic
6025,U+4B97,䮗,35,,60,semantic
6026,U+4B98,䮘,35,,60,semantic
6027,U+4B99,䮙,35,,60,semantic
6028,U+4B9A,䮚,35,,60,semantic
6029,U+4B9B,䮛,35,,60,semantic
6030,U+4B9C,䮜,31,,60,semantic
6031,U+4B9D,䮝,35,,60,semantic
6032,U+4B9E,䮞,35,,60,semantic
6033,U+4B9F,䮟,35,,60,semantic
6034,U+4BA0,䮠,19,,60,semantic
6035,U+4BA1,䮡,35,,60,semantic
6036,U+4BA2,䮢,35,,60,semantic
6037,U+4BA3,䮣,53,,60,semantic
6038,U+4BA4,䮤,35,,60,semantic
6039,U+4BA5,䮥,35,,60,semantic
6040,U+4BA6,䮦,42,,60,semantic
6041,U+4BA7,䮧,35,,60,semantic
6042,U+4BA8,䮨,35,,60,semantic
6043,U+4BA9,䮩,19,,60,semantic
6044,U+4BAA,䮪,42,,60,semantic
6045,U+4BAB,䮫,35,,60,semantic
6046,U+4BAC,䮬,35,,60,semantic
6047,U+4BAD,䮭,7,,60,semantic
6048,U+4BAE,䮮,19,,60,semantic
6049,U+4BAF,䮯,35,,60,semantic
6050,U+4BB0,䮰,19,,60,semantic
6051,U+4BB1,䮱,35,,60,semantic
6052,U+4BB2,䮲,35,,60,semantic
6053,U+4BB3,䮳,20,,60,semantic
6054,U+4BB4,䮴,35,,60,semantic
6055,U+4BB5,䮵,35,,60,semantic
6056,U+4BB6,䮶,35,,60,semantic
6057,U+4BB7,䮷,35,,60,semantic
6058,U+4BB8,䮸,31,,60,semantic
6059,U+4BB9,䮹,35,,60,semantic
6060,U+4BBA,䮺,35,,60,semantic
6061,U+4BBB,䮻,29,,60,semantic
6062,U+4BBC,䮼,35,,60,semantic
6063,U+4BBD,䮽,35,,60,semantic
6064,U+4BBE,䮾,18,,60,semantic
6065,U+4BBF,䮿,45,,60,semantic
6066,U+4BC0,䯀,35,,60,semantic
6067,U+4BC1,䯁,35,,60,semantic
6068,U+4BC2,䯂,35,,60,semantic
6069,U+4BC3,䯃,35,,60,semantic
6070,U+4BC4,䯄,35,,60,semantic
6071,U+4BC5,䯅,35,,60,semantic
6072,U+4BC6,䯆,45,,60,semantic
6073,U+4BC7,䯇,20,,60,semantic
6074,U+4BC8,䯈,53,,60,semantic
6075,U+4BC9,䯉,17,,60,semantic
6076,U+4BCA,䯊,51,,60,semantic
6077,U+4BCB,䯋,2,,60,semantic
6078,U+4BCC,䯌,56,,60,semantic
6079,U+4BCD,䯍,51,,60,semantic
6080,U+4BCE,䯎,51,,60,semantic
6081,U+4BCF,䯏,2,,60,semantic
6082,U+4BD0,䯐,51,,60,semantic
6083,U+4BD1,䯑,51,,60,semantic
6084,U+4BD2,䯒,51,,60,semantic
6085,U+4BD3,䯓,2,,60,semantic
6086,U+4BD4,䯔,51,,60,semantic
6087,U+4BD5,䯕,45,,60,semantic
6088,U+4BD6,䯖,51,,60,semantic
6089,U+4BD7,䯗,51,,60,semantic
6090,U+4BD8,䯘,56,,60,semantic
6091,U+4BD9,䯙,51,,60,semantic
6092,U+4BDA,䯚,46,,60,semantic
6093,U+4BDB,䯛,51,,60,semantic
6094,U+4BDC,䯜,56,,60,semantic
6095,U+4BDD,䯝,47,,60,semantic
6096,U+4BDE,䯞,51,,60,semantic
6097,U+4BDF,䯟,45,,60,semantic
6098,U+4BE0,䯠,51,,60,semantic
6099,U+4BE1,䯡,0,,60,semantic
6100,U+4BE2,䯢,45,,60,semantic
6101,U+4BE3,䯣,51,,60,semantic
6102,U+4BE4,䯤,4,,60,semantic
6103,U+4BE5,䯥,54,,60,semantic
6104,U+4BE6,䯦,51,,60,semantic
6105,U+4BE7,䯧,3,,60,semantic
6106,U+4BE8,䯨,18,,60,semantic
6107,U+4BE9,䯩,0,,60,semantic
6108,U+4BEA,䯪,4,,60,semantic
6109,U+4BEB,䯫,50,,60,semantic
6110,U+4BEC,䯬,5,,60,semantic
6111,U+4BED,䯭,4,,60,semantic
6112,U+4BEE,䯮,4,,60,semantic
6113,U+4BEF,䯯,4,,60,semantic
6114,U+4BF0,䯰,4,,60,semantic
6115,U+4BF1,䯱,4,,60,semantic
6116,U+4BF2,䯲,4,,60,semantic
6117,U+4BF3,䯳,4,,60,semantic
6118,U+4BF4,䯴,4,,60,semantic
6119,U+4BF5,䯵,4,,60,semantic
6120,U+4BF6,䯶,4,,60,semantic
6121,U+4BF7,䯷,4,,60,semantic
6122,U+4BF8,䯸,4,,60,semantic
6123,U+4BF9,䯹,4,,60,semantic
6124,U+4BFA,䯺,4,,60,semantic
6125,U+4BFB,䯻,4,,60,semantic
6126,U+4BFC,䯼,4,,60,semantic
6127,U+4BFD,䯽,4,,60,semantic
6128,U+4BFE,䯾,4,,60,semantic
6129,U+4BFF,䯿,4,,60,semantic
6130,U+4C00,䰀,4,,60,semantic
6131,U+4C01,䰁,20,,60,semantic
6132,U+4C02,䰂,53,,60,semantic
6133,U+4C03,䰃,4,,60,semantic
6134,U+4C04,䰄,4,,60,semantic
6135,U+4C05,䰅,4,,60,semantic
6136,U+4C06,䰆,4,,60,semantic
6137,U+4C07,䰇,53,,60,semantic
6138,U+4C08,䰈,4,,60,semantic
6139,U+4C09,䰉,4,,60,semantic
6140,U+4C0A,䰊,4,,60,semantic
6141,U+4C0B,䰋,4,,60,semantic
6142,U+4C0C,䰌,4,,60,semantic
6143,U+4C0D,䰍,47,,60,semantic
6144,U+4C0E,䰎,4,,60,semantic
6145,U+4C0F,䰏,4,,60,semantic
6146,U+4C10,䰐,4,,60,semantic
6147,U+4C11,䰑,4,,60,semantic
6148,U+4C12,䰒,34,,60,semantic
6149,U+4C13,䰓,4,,60,semantic
6150,U+4C14,䰔,4,,60,semantic
6151,U+4C15,䰕,53,,60,semantic
6152,U+4C16,䰖,4,,60,semantic
6153,U+4C17,䰗,18,,60,semantic
6154,U+4C18,䰘,5,,60,semantic
6155,U+4C19,䰙,21,,60,semantic
6156,U+4C1A,䰚,21,,60,semantic
6157,U+4C1B,䰛,26,,60,semantic
6158,U+4C1C,䰜,26,,60,semantic
6159,U+4C1D,䰝,26,,60,semantic
6160,U+4C1E,䰞,54,,60,semantic
6161,U+4C1F,䰟,12,,60,semantic
6162,U+4C20,䰠,12,,60,semantic
6163,U+4C21,䰡,42,,60,semantic
6164,U+4C22,䰢,34,,60,semantic
6165,U+4C23,䰣,58,,60,semantic
6166,U+4C24,䰤,58,,60,semantic
6167,U+4C25,䰥,16,,60,semantic
6168,U+4C26,䰦,42,,60,semantic
6169,U+4C27,䰧,42,,60,semantic
6170,U+4C28,䰨,42,,60,semantic
6171,U+4C29,䰩,42,,60,semantic
6172,U+4C2A,䰪,42,,60,semantic
6173,U+4C2B,䰫,42,,60,semantic
6174,U+4C2C,䰬,34,,60,semantic
6175,U+4C2D,䰭,8,,60,semantic
6176,U+4C2E,䰮,0,,60,semantic
6177,U+4C2F,䰯,36,,60,semantic
6178,U+4C30,䰰,8,,60,semantic
6179,U+4C31,䰱,12,,60,semantic
6180,U+4C32,䰲,25,,60,semantic
6181,U+4C33,䰳,0,,60,semantic
6182,U+4C34,䰴,25,,60,semantic
6183,U+4C35,䰵,25,,60,semantic
6184,U+4C36,䰶,0,,60,semantic
6185,U+4C37,䰷,25,,60,semantic
6186,U+4C38,䰸,25,,60,semantic
6187,U+4C39,䰹,25,,60,semantic
6188,U+4C3A,䰺,25,,60,semantic
6189,U+4C3B,䰻,25,,60,semantic
6190,U+4C3C,䰼,25,,60,semantic
6191,U+4C3D,䰽,25,,60,semantic
6192,U+4C3E,䰾,25,,60,semantic
6193,U+4C3F,䰿,25,,60,semantic
6194,U+4C40,䱀,25,,60,semantic
6195,U+4C41,䱁,25,,60,semantic
6196,U+4C42,䱂,25,,60,semantic
6197,U+4C43,䱃,25,,60,semantic
6198,U+4C44,䱄,25,,60,semantic
6199,U+4C45,䱅,25,,60,semantic
6200,U+4C46,䱆,58,,60,semantic
6201,U+4C47,䱇,25,,60,semantic
6202,U+4C48,䱈,25,,60,semantic
6203,U+4C49,䱉,25,,60,semantic
6204,U+4C4A,䱊,25,,60,semantic
6205,U+4C4B,䱋,25,,60,semantic
6206,U+4C4C,䱌,25,,60,semantic
6207,U+4C4D,䱍,25,,60,semantic
6208,U+4C4E,䱎,25,,60,semantic
6209,U+4C4F,䱏,25,,60,semantic
6210,U+4C50,䱐,25,,60,semantic
6211,U+4C51,䱑,25,,60,semantic
6212,U+4C52,䱒,25,,60,semantic
6213,U+4C53,䱓,25,,60,semantic
6214,U+4C54,䱔,25,,60,semantic
6215,U+4C55,䱕,25,,60,semantic
6216,U+4C56,䱖,25,,60,semantic
6217,U+4C57,䱗,25,,60,semantic
6218,U+4C58,䱘,0,,60,semantic
6219,U+4C59,䱙,25,,60,semantic
6220,U+4C5A,䱚,25,,60,semantic
6221,U+4C5B,䱛,25,,60,semantic
6222,U+4C5C,䱜,25,,60,semantic
6223,U+4C5D,䱝,25,,60,semantic
6224,U+4C5E,䱞,25,,60,semantic
6225,U+4C5F,䱟,25,,60,semantic
6226,U+4C60,䱠,25,,60,semantic
6227,U+4C61,䱡,25,,60,semantic
6228,U+4C62,䱢,25,,60,semantic
6229,U+4C63,䱣,25,,60,semantic
6230,U+4C64,䱤,47,,60,semantic
6231,U+4C65,䱥,25,,60,semantic
6232,U+4C66,䱦,25,,60,semantic
6233,U+4C67,䱧,25,,60,semantic
6234,U+4C68,䱨,25,,60,semantic
6235,U+4C69,䱩,0,,60,semantic
6236,U+4C6A,䱪,0,,60,semantic
6237,U+4C6B,䱫,25,,60,semantic
6238,U+4C6C,䱬,25,,60,semantic
6239,U+4C6D,䱭,25,,60,semantic
6240,U+4C6E,䱮,25,,60,semantic
6241,U+4C6F,䱯,25,,60,semantic
6242,U+4C70,䱰,25,,60,semantic
6243,U+4C71,䱱,25,,60,semantic
6244,U+4C72,䱲,25,,60,semantic
6245,U+4C73,䱳,25,,60,semantic
6246,U+4C74,䱴,25,,60,semantic
6247,U+4C75,䱵,25,,60,semantic
6248,U+4C76,䱶,25,,60,semantic
6249,U+4C77,䱷,25,,60,semantic
6250,U+4C78,䱸,32,,60,semantic
6251,U+4C79,䱹,25,,60,semantic
6252,U+4C7A,䱺,25,,60,semantic
6253,U+4C7B,䱻,25,,60,semantic
6254,U+4C7C,䱼,25,,60,semantic
6255,U+4C7D,䱽,38,,60,semantic
6256,U+4C7E,䱾,25,,60,semantic
6257,U+4C7F,䱿,25,,60,semantic
6258,U+4C80,䲀,25,,60,semantic
6259,U+4C81,䲁,25,,60,semantic
6260,U+4C82,䲂,25,,60,semantic
6261,U+4C83,䲃,25,,60,semantic
6262,U+4C84,䲄,25,,60,semantic
6263,U+4C85,䲅,25,,60,semantic
6264,U+4C86,䲆,0,,60,semantic
6265,U+4C87,䲇,0,,60,semantic
6266,U+4C88,䲈,0,,60,semantic
6267,U+4C89,䲉,25,,60,semantic
6268,U+4C8A,䲊,25,,60,semantic
6269,U+4C8B,䲋,25,,60,semantic
6270,U+4C8C,䲌,25,,60,semantic
6271,U+4C8D,䲍,25,,60,semantic
6272,U+4C8E,䲎,42,,60,semantic
6273,U+4C8F,䲏,25,,60,semantic
6274,U+4C90,䲐,25,,60,semantic
6275,U+4C91,䲑,25,,60,semantic
6276,U+4C92,䲒,25,,60,semantic
6277,U+4C93,䲓,25,,60,semantic
6278,U+4C94,䲔,25,,60,semantic
6279,U+4C95,䲕,43,,60,semantic
6280,U+4C96,䲖,25,,60,semantic
6281,U+4C97,䲗,25,,60,semantic
6282,U+4C98,䲘,25,,60,semantic
6283,U+4C99,䲙,25,,60,semantic
6284,U+4C9A,䲚,53,,60,semantic
6285,U+4C9B,䲛,25,,60,semantic
6286,U+4C9D,䲝,53,,60,semantic
6287,U+4C9E,䲞,32,,60,semantic
6288,U+4C9F,䲟,25,,60,semantic
6289,U+4CA0,䲠,25,,60,semantic
6290,U+4CA1,䲡,54,,60,semantic
6291,U+4CA2,䲢,54,,60,semantic
6292,U+4CA3,䲣,25,,60,semantic
6293,U+4CA4,䲤,53,,60,semantic
6294,U+4CA5,䲥,44,,60,semantic
6295,U+4CA6,䲦,44,,60,semantic
6296,U+4CA7,䲧,44,,60,semantic
6297,U+4CA8,䲨,44,,60,semantic
6298,U+4CA9,䲩,44,,60,semantic
6299,U+4CAA,䲪,44,,60,semantic
6300,U+4CAB,䲫,44,,60,semantic
6301,U+4CAC,䲬,44,,60,semantic
6302,U+4CAD,䲭,24,,60,semantic
6303,U+4CAE,䲮,44,,60,semantic
6304,U+4CAF,䲯,44,,60,semantic
6305,U+4CB0,䲰,44,,60,semantic
6306,U+4CB1,䲱,44,,60,semantic
6307,U+4CB2,䲲,44,,60,semantic
6308,U+4CB3,䲳,44,,60,semantic
6309,U+4CB4,䲴,44,,60,semantic
6310,U+4CB5,䲵,44,,60,semantic
6311,U+4CB6,䲶,0,,60,semantic
6312,U+4CB7,䲷,0,,60,semantic
6313,U+4CB8,䲸,44,,60,semantic
6314,U+4CB9,䲹,44,,60,semantic
6315,U+4CBA,䲺,44,,60,semantic
6316,U+4CBB,䲻,58,,60,semantic
6317,U+4CBC,䲼,44,,60,semantic
6318,U+4CBD,䲽,44,,60,semantic
6319,U+4CBE,䲾,2,,60,semantic
6320,U+4CBF,䲿,47,,60,semantic
6321,U+4CC0,䳀,44,,60,semantic
6322,U+4CC1,䳁,44,,60,semantic
6323,U+4CC2,䳂,44,,60,semantic
6324,U+4CC3,䳃,44,,60,semantic
6325,U+4CC4,䳄,44,,60,semantic
6326,U+4CC5,䳅,44,,60,semantic
6327,U+4CC6,䳆,53,,60,semantic
6328,U+4CC7,䳇,44,,60,semantic
6329,U+4CC8,䳈,44,,60,semantic
6330,U+4CC9,䳉,44,,60,semantic
6331,U+4CCA,䳊,44,,60,semantic
6332,U+4CCB,䳋,44,,60,semantic
6333,U+4CCC,䳌,44,,60,semantic
6334,U+4CCD,䳍,44,,60,semantic
6335,U+4CCE,䳎,44,,60,semantic
6336,U+4CCF,䳏,44,,60,semantic
6337,U+4CD0,䳐,44,,60,semantic
6338,U+4CD1,䳑,44,,60,semantic
6339,U+4CD2,䳒,44,,60,semantic
6340,U+4CD3,䳓,44,,60,semantic
6341,U+4CD4,䳔,44,,60,semantic
6342,U+4CD5,䳕,44,,60,semantic
6343,U+4CD6,䳖,44,,60,semantic
6344,U+4CD7,䳗,44,,60,semantic
6345,U+4CD8,䳘,44,,60,semantic
6346,U+4CD9,䳙,44,,60,semantic
6347,U+4CDA,䳚,44,,60,semantic
6348,U+4CDB,䳛,44,,60,semantic
6349,U+4CDC,䳜,44,,60,semantic
6350,U+4CDD,䳝,44,,60,semantic
6351,U+4CDE,䳞,44,,60,semantic
6352,U+4CDF,䳟,44,,60,semantic
6353,U+4CE0,䳠,44,,60,semantic
6354,U+4CE1,䳡,44,,60,semantic
6355,U+4CE2,䳢,44,,60,semantic
6356,U+4CE3,䳣,16,,60,semantic
6357,U+4CE4,䳤,44,,60,semantic
6358,U+4CE5,䳥,0,,60,semantic
6359,U+4CE6,䳦,44,,60,semantic
6360,U+4CE7,䳧,44,,60,semantic
6361,U+4CE8,䳨,44,,60,semantic
6362,U+4CE9,䳩,44,,60,semantic
6363,U+4CEA,䳪,44,,60,semantic
6364,U+4CEB,䳫,44,,60,semantic
6365,U+4CEC,䳬,44,,60,semantic
6366,U+4CED,䳭,53,,60,semantic
6367,U+4CEE,䳮,7,,60,semantic
6368,U+4CEF,䳯,44,,60,semantic
6369,U+4CF0,䳰,44,,60,semantic
6370,U+4CF1,䳱,44,,60,semantic
6371,U+4CF2,䳲,44,,60,semantic
6372,U+4CF3,䳳,44,,60,semantic
6373,U+4CF4,䳴,44,,60,semantic
6374,U+4CF5,䳵,44,,60,semantic
6375,U+4CF6,䳶,44,,60,semantic
6376,U+4CF7,䳷,44,,60,semantic
6377,U+4CF8,䳸,44,,60,semantic
6378,U+4CF9,䳹,44,,60,semantic
6379,U+4CFA,䳺,53,,60,semantic
6380,U+4CFB,䳻,44,,60,semantic
6381,U+4CFC,䳼,44,,60,semantic
6382,U+4CFD,䳽,53,,60,semantic
6383,U+4CFE,䳾,44,,60,semantic
6384,U+4CFF,䳿,44,,60,semantic
6385,U+4D00,䴀,44,,60,semantic
6386,U+4D01,䴁,44,,60,semantic
6387,U+4D02,䴂,44,,60,semantic
6388,U+4D03,䴃,2,,60,semantic
6389,U+4D04,䴄,44,,60,semantic
6390,U+4D05,䴅,44,,60,semantic
6391,U+4D06,䴆,44,,60,semantic
6392,U+4D07,䴇,44,,60,semantic
6393,U+4D08,䴈,44,,60,semantic
6394,U+4D09,䴉,44,,60,semantic
6395,U+4D0A,䴊,44,,60,semantic
6396,U+4D0B,䴋,44,,60,semantic
6397,U+4D0C,䴌,44,,60,semantic
6398,U+4D0D,䴍,44,,60,semantic
6399,U+4D0E,䴎,58,,60,semantic
6400,U+4D0F,䴏,17,,60,semantic
6401,U+4D10,䴐,44,,60,semantic
6402,U+4D11,䴑,44,,60,semantic
6403,U+4D12,䴒,53,,60,semantic
6404,U+4D13,䴓,44,,60,semantic
6405,U+4D14,䴔,25,,60,semantic
6406,U+4D15,䴕,41,,60,semantic
6407,U+4D16,䴖,44,,60,semantic
6408,U+4D17,䴗,53,,60,semantic
6409,U+4D18,䴘,53,,60,semantic
6410,U+4D19,䴙,58,,60,semantic
6411,U+4D1A,䴚,49,,60,semantic
6412,U+4D1B,䴛,49,,60,semantic
6413,U+4D1C,䴜,49,,60,semantic
6414,U+4D1D,䴝,21,,60,semantic
6415,U+4D1E,䴞,49,,60,semantic
6416,U+4D1F,䴟,19,,60,semantic
6417,U+4D20,䴠,19,,60,semantic
6418,U+4D21,䴡,28,,60,semantic
6419,U+4D22,䴢,19,,60,semantic
6420,U+4D23,䴣,19,,60,semantic
6421,U+4D24,䴤,19,,60,semantic
6422,U+4D25,䴥,47,,60,semantic
6423,U+4D26,䴦,19,,60,semantic
6424,U+4D27,䴧,53,,60,semantic
6425,U+4D28,䴨,0,,60,semantic
6426,U+4D29,䴩,19,,60,semantic
6427,U+4D2A,䴪,19,,60,semantic
6428,U+4D2B,䴫,58,,60,semantic
6429,U+4D2C,䴬,48,,60,semantic
6430,U+4D2D,䴭,48,,60,semantic
6431,U+4D2E,䴮,48,,60,semantic
6432,U+4D2F,䴯,54,,60,semantic
6433,U+4D30,䴰,48,,60,semantic
6434,U+4D31,䴱,54,,60,semantic
6435,U+4D32,䴲,21,,60,semantic
6436,U+4D33,䴳,48,,60,semantic
6437,U+4D34,䴴,54,,60,semantic
6438,U+4D35,䴵,54,,60,semantic
6439,U+4D36,䴶,48,,60,semantic
6440,U+4D37,䴷,48,,60,semantic
6441,U+4D38,䴸,53,,60,semantic
6442,U+4D39,䴹,48,,60,semantic
6443,U+4D3A,䴺,54,,60,semantic
6444,U+4D3B,䴻,54,,60,semantic
6445,U+4D3C,䴼,5,,60,semantic
6446,U+4D3D,䴽,48,,60,semantic
6447,U+4D3E,䴾,48,,60,semantic
6448,U+4D3F,䴿,48,,60,semantic
6449,U+4D40,䵀,48,,60,semantic
6450,U+4D41,䵁,54,,60,semantic
6451,U+4D42,䵂,48,,60,semantic
6452,U+4D43,䵃,48,,60,semantic
6453,U+4D44,䵄,48,,60,semantic
6454,U+4D45,䵅,54,,60,semantic
6455,U+4D46,䵆,48,,60,semantic
6456,U+4D47,䵇,42,,60,semantic
6457,U+4D48,䵈,27,,60,semantic
6458,U+4D49,䵉,3,,60,semantic
6459,U+4D4A,䵊,32,,60,semantic
6460,U+4D4B,䵋,50,,60,semantic
6461,U+4D4C,䵌,50,,60,semantic
6462,U+4D4D,䵍,32,,60,semantic
6463,U+4D4E,䵎,50,,60,semantic
6464,U+4D4F,䵏,50,,60,semantic
6465,U+4D50,䵐,50,,60,semantic
6466,U+4D51,䵑,49,,60,semantic
6467,U+4D52,䵒,49,,60,semantic
6468,U+4D53,䵓,58,,60,semantic
6469,U+4D54,䵔,51,,60,semantic
6470,U+4D55,䵕,53,,60,semantic
6471,U+4D56,䵖,48,,60,semantic
6472,U+4D57,䵗,48,,60,semantic
6473,U+4D58,䵘,50,,60,semantic
6474,U+4D59,䵙,52,,60,semantic
6475,U+4D5A,䵚,47,,60,semantic
6476,U+4D5B,䵛,48,,60,semantic
6477,U+4D5C,䵜,48,,60,semantic
6478,U+4D5D,䵝,50,,60,semantic
6479,U+4D5E,䵞,4,,60,semantic
6480,U+4D5F,䵟,4,,60,semantic
6481,U+4D60,䵠,27,,60,semantic
6482,U+4D61,䵡,52,,60,semantic
6483,U+4D62,䵢,50,,60,semantic
6484,U+4D63,䵣,50,,60,semantic
6485,U+4D64,䵤,52,,60,semantic
6486,U+4D65,䵥,34,,60,semantic
6487,U+4D66,䵦,52,,60,semantic
6488,U+4D67,䵧,50,,60,semantic
6489,U+4D68,䵨,34,,60,semantic
6490,U+4D69,䵩,50,,60,semantic
6491,U+4D6A,䵪,34,,60,semantic
6492,U+4D6B,䵫,50,,60,semantic
6493,U+4D6C,䵬,23,,60,semantic
6494,U+4D6D,䵭,50,,60,semantic
6495,U+4D6E,䵮,50,,60,semantic
6496,U+4D6F,䵯,12,,60,semantic
6497,U+4D70,䵰,50,,60,semantic
6498,U+4D71,䵱,50,,60,semantic
6499,U+4D72,䵲,27,,60,semantic
6500,U+4D73,䵳,50,,60,semantic
6501,U+4D74,䵴,50,,60,semantic
6502,U+4D75,䵵,45,,60,semantic
6503,U+4D76,䵶,58,,60,semantic
6504,U+4D77,䵷,8,,60,semantic
6505,U+4D78,䵸,58,,60,semantic
6506,U+4D79,䵹,58,,60,semantic
6507,U+4D7A,䵺,9,,60,semantic
6508,U+4D7B,䵻,59,,60,semantic
6509,U+4D7C,䵼,54,,60,semantic
6510,U+4D7D,䵽,8,,60,semantic
6511,U+4D7E,䵾,8,,60,semantic
6512,U+4D7F,䵿,34,,60,semantic
6513,U+4D80,䶀,8,,60,semantic
6514,U+4D81,䶁,8,,60,semantic
6515,U+4D82,䶂,58,,60,semantic
6516,U+4D83,䶃,58,,60,semantic
6517,U+4D84,䶄,19,,60,semantic
6518,U+4D85,䶅,58,,60,semantic
6519,U+4D86,䶆,58,,60,semantic
6520,U+4D87,䶇,58,,60,semantic
6521,U+4D88,䶈,44,,60,semantic
6522,U+4D89,䶉,19,,60,semantic
6523,U+4D8A,䶊,5,,60,semantic
6524,U+4D8B,䶋,8,,60,semantic
6525,U+4D8C,䶌,53,,60,semantic
6526,U+4D8D,䶍,8,,60,semantic
6527,U+4D8E,䶎,8,,60,semantic
6528,U+4D8F,䶏,15,,60,semantic
6529,U+4D90,䶐,8,,60,semantic
6530,U+4D91,䶑,17,,60,semantic
6531,U+4D92,䶒,28,,60,semantic
6532,U+4D93,䶓,46,,60,semantic
6533,U+4D94,䶔,17,,60,semantic
6534,U+4D95,䶕,17,,60,semantic
6535,U+4D96,䶖,17,,60,semantic
6536,U+4D97,䶗,17,,60,semantic
6537,U+4D98,䶘,17,,60,semantic
6538,U+4D99,䶙,17,,60,semantic
6539,U+4D9A,䶚,17,,60,semantic
6540,U+4D9B,䶛,17,,60,semantic
6541,U+4D9C,䶜,8,,60,semantic
6542,U+4D9D,䶝,17,,60,semantic
6543,U+4D9E,䶞,17,,60,semantic
6544,U+4D9F,䶟,17,,60,semantic
6545,U+4DA0,䶠,17,,60,semantic
6546,U+4DA1,䶡,17,,60,semantic
6547,U+4DA2,䶢,17,,60,semantic
6548,U+4DA3,䶣,17,,60,semantic
6549,U+4DA4,䶤,17,,60,semantic
6550,U+4DA5,䶥,47,,60,semantic
6551,U+4DA6,䶦,17,,60,semantic
6552,U+4DA7,䶧,17,,60,semantic
6553,U+4DA8,䶨,17,,60,semantic
6554,U+4DA9,䶩,17,,60,semantic
6555,U+4DAA,䶪,52,,60,semantic
6556,U+4DAB,䶫,17,,60,semantic
6557,U+4DAC,䶬,25,,60,semantic
6558,U+4DAD,䶭,0,,60,semantic
6559,U+4DAE,䶮,32,,60,semantic
6560,U+4DAF,䶯,32,,60,semantic
6561,U+4DB0,䶰,58,,60,semantic
6562,U+4DB1,䶱,58,,60,semantic
6563,U+4DB2,䶲,27,,60,semantic
6564,U+4DB3,䶳,7,,60,semantic
6565,U+4DB4,䶴,16,,60,semantic
6566,U+4DB5,䶵,37,,60,semantic
6567,U+4E00,一,34,,60,semantic
6568,U+4E01,丁,57,,60,semantic
6569,U+4E02,丂,8,,60,semantic
6570,U+4E03,七,47,,60,semantic
6571,U+4E04,丄,47,,60,semantic
6572,U+4E05,丅,5,,60,semantic
6573,U+4E06,丆,53,,60,semantic
6574,U+4E07,万,18,,60,semantic
6575,U+4E09,三,47,,60,semantic
6576,U+4E0A,上,13,,60,semantic
6577,U+4E0B,下,5,,60,semantic
6578,U+4E0C,丌,47,,60,semantic
6579,U+4E0D,不,34,,60,semantic
6580,U+4E0E,与,29,,60,semantic
6581,U+4E12,丒,47,,60,semantic
6582,U+4E15,丕,18,,60,semantic
6583,U+4E17,丗,47,,60,semantic
6584,U+4E19,丙,12,,60,semantic
6585,U+4E1A,业,33,,60,semantic
6586,U+4E1B,丛,41,,60,semantic
6587,U+4E1D,丝,11,,60,semantic
6588,U+4E1E,丞,29,,60,semantic
6589,U+4E1F,丟,5,,60,semantic
6590,U+4E20,丠,22,,60,semantic
6591,U+4E21,両,47,,60,semantic
6592,U+4E22,丢,5,,60,semantic
6593,U+4E24,两,47,,60,semantic
6594,U+4E25,严,18,,60,semantic
6595,U+4E26,並,47,,60,semantic
6596,U+4E27,丧,15,,60,semantic
6597,U+4E28,丨,30,,60,semantic
6598,U+4E2A,个,47,,60,semantic
6599,U+4E2B,丫,1,,60,semantic
6600,U+4E2D,中,1,,60,semantic
6601,U+4E2E,丮,13,,60,semantic
6602,U+4E2F,丯,18,,60,semantic
6603,U+4E30,丰,18,,60,semantic
6604,U+4E32,串,46,,60,semantic
6605,U+4E33,丳,54,,60,semantic
6606,U+4E34,临,31,,60,semantic
6607,U+4E35,丵,3,,60,semantic
6608,U+4E36,丶,30,,60,semantic
6609,U+4E37,丷,53,,60,semantic
6610,U+4E38,丸,26,,60,semantic
6611,U+4E3B,主,12,,60,semantic
6612,U+4E3C,丼,26,,60,semantic
6613,U+4E3D,丽,28,,60,semantic
6614,U+4E3E,举,13,,60,semantic
6615,U+4E3F,丿,30,,60,semantic
6616,U+4E42,乂,12,,60,semantic
6617,U+4E43,乃,47,,60,semantic
6618,U+4E46,乆,31,,60,semantic
6619,U+4E47,乇,20,,60,semantic
6620,U+4E48,么,6,,60,semantic
6621,U+4E49,义,28,,60,semantic
6622,U+4E4A,乊,53,,60,semantic
6623,U+4E4B,之,57,,60,semantic
6624,U+4E4C,乌,44,,60,semantic
6625,U+4E4F,乏,45,,60,semantic
6626,U+4E52,乒,53,,60,semantic
6627,U+4E53,乓,53,,60,semantic
6628,U+4E54,乔,18,,60,semantic
6629,U+4E55,乕,19,,60,semantic
6630,U+4E56,乖,42,,60,semantic
6631,U+4E58,乘,59,,60,semantic
6632,U+4E59,乙,12,,60,semantic
6633,U+4E5E,乞,33,,60,semantic
6634,U+4E60,习,44,,60,semantic
6635,U+4E62,乢,9,,60,semantic
6636,U+4E63,乣,0,,60,semantic
6637,U+4E64,乤,32,,60,semantic
6638,U+4E65,乥,53,,60,semantic
6639,U+4E67,乧,0,,60,semantic
6640,U+4E68,乨,20,,60,semantic
6641,U+4E69,乩,12,,60,semantic
6642,U+4E6A,乪,10,,60,semantic
6643,U+4E6B,乫,32,,60,semantic
6644,U+4E6C,乬,13,,60,semantic
6645,U+4E6D,乭,53,,60,semantic
6646,U+4E6E,乮,0,,60,semantic
6647,U+4E6F,乯,0,,60,semantic
6648,U+4E70,买,29,,60,semantic
6649,U+4E71,乱,36,,60,semantic
6650,U+4E72,乲,0,,60,semantic
6651,U+4E73,乳,19,,60,semantic
6652,U+4E74,乴,0,,60,semantic
6653,U+4E75,乵,31,,60,semantic
6654,U+4E76,乶,43,,60,semantic
6655,U+4E77,乷,0,,60,semantic
6656,U+4E78,乸,57,,60,semantic
6657,U+4E79,乹,49,,60,semantic
6658,U+4E7A,乺,32,,60,semantic
6659,U+4E7B,乻,0,,60,semantic
6660,U+4E7C,乼,46,,60,semantic
6661,U+4E7D,乽,0,,60,semantic
6662,U+4E7E,乾,49,,60,semantic
6663,U+4E7F,乿,20,,60,semantic
6664,U+4E80,亀,58,,60,semantic
6665,U+4E81,亁,49,,60,semantic
6666,U+4E82,亂,36,,60,semantic
6667,U+4E83,亃,19,,60,semantic
6668,U+4E84,亄,45,,60,semantic
6669,U+4E85,亅,30,,60,semantic
6670,U+4E86,了,5,,60,semantic
6671,U+4E87,亇,2,,60,semantic
6672,U+4E88,予,33,,60,semantic
6673,U+4E89,争,1,,60,semantic
6674,U+4E8C,二,47,,60,semantic
6675,U+4E8D,亍,32,,60,semantic
6676,U+4E8F,亏,5,,60,semantic
6677,U+4E90,亐,0,,60,semantic
6678,U+4E91,云,16,,60,semantic
6679,U+4E92,互,47,,60,semantic
6680,U+4E93,亓,57,,60,semantic
6681,U+4E94,五,32,,60,semantic
6682,U+4E96,亖,47,,60,semantic
6683,U+4E97,亗,48,,60,semantic
6684,U+4E98,亘,33,,60,semantic
6685,U+4E99,亙,33,,60,semantic
6686,U+4E9A,亚,43,,60,semantic
6687,U+4E9B,些,45,,60,semantic
6688,U+4E9D,亝,47,,60,semantic
6689,U+4E9E,亞,32,,60,semantic
6690,U+4E9F,亟,47,,60,semantic
6691,U+4EA0,亠,30,,60,semantic
6692,U+4EA1,亡,5,,60,semantic
6693,U+4EA2,亢,12,,60,semantic
6694,U+4EA3,亣,0,,60,semantic
6695,U+4EA4,交,47,,60,semantic
6696,U+4EA5,亥,41,,60,semantic
6697,U+4EA6,亦,47,,60,semantic
6698,U+4EA7,产,33,,60,semantic
6699,U+4EA8,亨,31,,60,semantic
6700,U+4EA9,亩,43,,60,semantic
6701,U+4EAA,亪,53,,60,semantic
6702,U+4EAB,享,28,,60,semantic
6703,U+4EAC,京,12,,60,semantic
6704,U+4EAD,亭,59,,60,semantic
6705,U+4EAE,亮,50,,60,semantic
6706,U+4EAF,亯,29,,60,semantic
6707,U+4EB0,亰,12,,60,semantic
6708,U+4EB1,亱,50,,60,semantic
6709,U+4EB2,亲,41,,60,semantic
6710,U+4EB3,亳,43,,60,semantic
6711,U+4EB4,亴,0,,60,semantic
6712,U+4EB5,亵,42,,60,semantic
6713,U+4EB6,亶,28,,60,semantic
6714,U+4EB7,亷,28,,60,semantic
6715,U+4EB8,亸,8,,60,semantic
6716,U+4EB9,亹,31,,60,semantic
6717,U+4EBA,人,57,,60,semantic
6718,U+4EBB,亻,53,,60,semantic
6719,U+4EBC,亼,20,,60,semantic
6720,U+4EBD,亽,53,,60,semantic
6721,U+4EBE,亾,5,,60,semantic
6722,U+4EBF,亿,18,,60,semantic
6723,U+4EC0,什,33,,60,semantic
6724,U+4EC1,仁,28,,60,semantic
6725,U+4EC2,仂,29,,60,semantic
6726,U+4EC3,仃,34,,60,semantic
6727,U+4EC4,仄,51,,60,semantic
6728,U+4EC5,仅,34,,60,semantic
6729,U+4EC6,仆,33,,60,semantic
6730,U+4EC7,仇,42,,60,semantic
6731,U+4EC8,仈,0,,60,semantic
6732,U+4EC9,仉,57,,60,semantic
6733,U+4ECA,今,57,,60,semantic
6734,U+4ECB,介,33,,60,semantic
6735,U+4ECC,仌,0,,60,semantic
6736,U+4ECD,仍,34,,60,semantic
6737,U+4ECE,从,33,,60,semantic
6738,U+4ECF,仏,12,,60,semantic
6739,U+4ED0,仐,47,,60,semantic
6740,U+4ED1,仑,33,,60,semantic
6741,U+4ED2,仒,53,,60,semantic
6742,U+4ED3,仓,55,,60,semantic
6743,U+4ED4,仔,57,,60,semantic
6744,U+4ED5,仕,12,,60,semantic
6745,U+4ED6,他,57,,60,semantic
6746,U+4ED7,仗,33,,60,semantic
6747,U+4ED8,付,29,,60,semantic
6748,U+4ED9,仙,12,,60,semantic
6749,U+4EDA,仚,16,,60,semantic
6750,U+4EDB,仛,32,,60,semantic
6751,U+4EDC,仜,0,,60,semantic
6752,U+4EDD,仝,57,,60,semantic
6753,U+4EDE,仞,18,,60,semantic
6754,U+4EDF,仟,12,,60,semantic
6755,U+4EE0,仠,0,,60,semantic
6756,U+4EE1,仡,18,,60,semantic
6757,U+4EE2,仢,0,,60,semantic
6758,U+4EE3,代,57,,60,semantic
6759,U+4EE4,令,33,,60,semantic
6760,U+4EE6,仦,0,,60,semantic
6761,U+4EE7,仧,0,,60,semantic
6762,U+4EE8,仨,47,,60,semantic
6763,U+4EE9,仩,0,,60,semantic
6764,U+4EEA,仪,29,,60,semantic
6765,U+4EEB,仫,12,,60,semantic
6766,U+4EEC,们,57,,60,semantic
6767,U+4EED,仭,18,,60,semantic
6768,U+4EEE,仮,42,,60,semantic
6769,U+4EEF,仯,0,,60,semantic
6770,U+4EF0,仰,7,,60,semantic
6771,U+4EF1,仱,0,,60,semantic
6772,U+4EF2,仲,57,,60,semantic
6773,U+4EF3,仳,47,,60,semantic
6774,U+4EF4,仴,0,,60,semantic
6775,U+4EF5,仵,47,,60,semantic
6776,U+4EF6,件,47,,60,semantic
6777,U+4EF7,价,29,,60,semantic
6778,U+4EF8,仸,45,,60,semantic
6779,U+4EF9,仹,0,,60,semantic
6780,U+4EFA,仺,0,,60,semantic
6781,U+4EFB,任,33,,60,semantic
6782,U+4EFC,仼,20,,60,semantic
6783,U+4EFD,份,33,,60,semantic
6784,U+4EFE,仾,20,,60,semantic
6785,U+4EFF,仿,33,,60,semantic
6786,U+4F00,伀,36,,60,semantic
6787,U+4F01,企,33,,60,semantic
6788,U+4F02,伂,0,,60,semantic
6789,U+4F03,伃,28,,60,semantic
6790,U+4F04,伄,0,,60,semantic
6791,U+4F05,伅,0,,60,semantic
6792,U+4F06,伆,0,,60,semantic
6793,U+4F07,伇,0,,60,semantic
6794,U+4F08,伈,36,,60,semantic
6795,U+4F09,伉,57,,60,semantic
6796,U+4F0A,伊,57,,60,semantic
6797,U+4F0B,伋,42,,60,semantic
6798,U+4F0C,伌,0,,60,semantic
6799,U+4F0D,伍,33,,60,semantic
6800,U+4F0E,伎,33,,60,semantic
6801,U+4F0F,伏,34,,60,semantic
6802,U+4F10,伐,5,,60,semantic
6803,U+4F11,休,5,,60,semantic
6804,U+4F12,伒,0,,60,semantic
6805,U+4F13,伓,0,,60,semantic
6806,U+4F14,伔,0,,60,semantic
6807,U+4F15,伕,33,,60,semantic
6808,U+4F16,伖,0,,60,semantic
6809,U+4F17,众,18,,60,semantic
6810,U+4F18,优,28,,60,semantic
6811,U+4F19,伙,33,,60,semantic
6812,U+4F1A,会,33,,60,semantic
6813,U+4F1B,伛,53,,60,semantic
6814,U+4F1C,伜,57,,60,semantic
6815,U+4F1D,伝,33,,60,semantic
6816,U+4F1E,伞,16,,60,semantic
6817,U+4F1F,伟,18,,60,semantic
6818,U+4F20,传,33,,60,semantic
6819,U+4F21,伡,59,,60,semantic
6820,U+4F22,伢,57,,60,semantic
6821,U+4F23,伣,47,,60,semantic
6822,U+4F24,伤,15,,60,semantic
6823,U+4F25,伥,19,,60,semantic
6824,U+4F26,伦,57,,60,semantic
6825,U+4F27,伧,42,,60,semantic
6826,U+4F28,伨,0,,60,semantic
6827,U+4F29,伩,34,,60,semantic
6828,U+4F2A,伪,42,,60,semantic
6829,U+4F2B,伫,7,,60,semantic
6830,U+4F2C,伬,0,,60,semantic
6831,U+4F2D,伭,15,,60,semantic
6832,U+4F2E,伮,20,,60,semantic
6833,U+4F2F,伯,57,,60,semantic
6834,U+4F30,估,33,,60,semantic
6835,U+4F31,伱,47,,60,semantic
6836,U+4F32,伲,43,,60,semantic
6837,U+4F33,伳,0,,60,semantic
6838,U+4F34,伴,33,,60,semantic
6839,U+4F35,伵,0,,60,semantic
6840,U+4F36,伶,34,,60,semantic
6841,U+4F37,伷,57,,60,semantic
6842,U+4F38,伸,33,,60,semantic
6843,U+4F39,伹,45,,60,semantic
6844,U+4F3A,伺,33,,60,semantic
6845,U+4F3B,伻,12,,60,semantic
6846,U+4F3C,似,47,,60,semantic
6847,U+4F3D,伽,12,,60,semantic
6848,U+4F3E,伾,18,,60,semantic
6849,U+4F3F,伿,0,,60,semantic
6850,U+4F40,佀,47,,60,semantic
6851,U+4F41,佁,0,,60,semantic
6852,U+4F42,佂,0,,60,semantic
6853,U+4F43,佃,33,,60,semantic
6854,U+4F44,佄,0,,60,semantic
6855,U+4F45,佅,0,,60,semantic
6856,U+4F46,但,34,,60,semantic
6857,U+4F47,佇,7,,60,semantic
6858,U+4F48,佈,33,,60,semantic
6859,U+4F49,佉,32,,60,semantic
6860,U+4F4A,佊,0,,60,semantic
6861,U+4F4B,佋,31,,60,semantic
6862,U+4F4C,佌,45,,60,semantic
6863,U+4F4D,位,33,,60,semantic
6864,U+4F4E,低,45,,60,semantic
6865,U+4F4F,住,9,,60,semantic
6866,U+4F50,佐,33,,60,semantic
6867,U+4F51,佑,43,,60,semantic
6868,U+4F52,佒,0,,60,semantic
6869,U+4F53,体,47,,60,semantic
6870,U+4F54,佔,13,,60,semantic
6871,U+4F55,何,33,,60,semantic
6872,U+4F56,佖,0,,60,semantic
6873,U+4F57,佗,57,,60,semantic
6874,U+4F58,佘,32,,60,semantic
6875,U+4F59,余,57,,60,semantic
6876,U+4F5A,佚,33,,60,semantic
6877,U+4F5B,佛,12,,60,semantic
6878,U+4F5C,作,33,,60,semantic
6879,U+4F5D,佝,51,,60,semantic
6880,U+4F5E,佞,45,,60,semantic
6881,U+4F5F,佟,32,,60,semantic
6882,U+4F60,你,57,,60,semantic
6883,U+4F61,佡,20,,60,semantic
6884,U+4F62,佢,57,,60,semantic
6885,U+4F63,佣,29,,60,semantic
6886,U+4F64,佤,43,,60,semantic
6887,U+4F65,佥,47,,60,semantic
6888,U+4F66,佦,0,,60,semantic
6889,U+4F67,佧,43,,60,semantic
6890,U+4F68,佨,0,,60,semantic
6891,U+4F69,佩,27,,60,semantic
6892,U+4F6A,佪,36,,60,semantic
6893,U+4F6B,佫,0,,60,semantic
6894,U+4F6C,佬,57,,60,semantic
6895,U+4F6D,佭,42,,60,semantic
6896,U+4F6E,佮,6,,60,semantic
6897,U+4F6F,佯,42,,60,semantic
6898,U+4F70,佰,6,,60,semantic
6899,U+4F71,佱,0,,60,semantic
6900,U+4F72,佲,0,,60,semantic
6901,U+4F73,佳,28,,60,semantic
6902,U+4F74,佴,57,,60,semantic
6903,U+4F75,併,33,,60,semantic
6904,U+4F76,佶,18,,60,semantic
6905,U+4F77,佷,20,,60,semantic
6906,U+4F78,佸,47,,60,semantic
6907,U+4F79,佹,42,,60,semantic
6908,U+4F7A,佺,58,,60,semantic
6909,U+4F7B,佻,45,,60,semantic
6910,U+4F7C,佼,28,,60,semantic
6911,U+4F7D,佽,29,,60,semantic
6912,U+4F7E,佾,47,,60,semantic
6913,U+4F7F,使,33,,60,semantic
6914,U+4F80,侀,47,,60,semantic
6915,U+4F81,侁,18,,60,semantic
6916,U+4F82,侂,20,,60,semantic
6917,U+4F83,侃,28,,60,semantic
6918,U+4F84,侄,57,,60,semantic
6919,U+4F85,侅,20,,60,semantic
6920,U+4F86,來,33,,60,semantic
6921,U+4F87,侇,57,,60,semantic
6922,U+4F88,侈,18,,60,semantic
6923,U+4F89,侉,20,,60,semantic
6924,U+4F8A,侊,18,,60,semantic
6925,U+4F8B,例,33,,60,semantic
6926,U+4F8C,侌,0,,60,semantic
6927,U+4F8D,侍,12,,60,semantic
6928,U+4F8E,侎,20,,60,semantic
6929,U+4F8F,侏,45,,60,semantic
6930,U+4F90,侐,34,,60,semantic
6931,U+4F91,侑,29,,60,semantic
6932,U+4F92,侒,0,,60,semantic
6933,U+4F93,侓,0,,60,semantic
6934,U+4F94,侔,47,,60,semantic
6935,U+4F95,侕,0,,60,semantic
6936,U+4F96,侖,33,,60,semantic
6937,U+4F97,侗,18,,60,semantic
6938,U+4F98,侘,15,,60,semantic
6939,U+4F99,侙,0,,60,semantic
6940,U+4F9A,侚,31,,60,semantic
6941,U+4F9B,供,29,,60,semantic
6942,U+4F9C,侜,42,,60,semantic
6943,U+4F9D,依,33,,60,semantic
6944,U+4F9E,侞,0,,60,semantic
6945,U+4F9F,侟,0,,60,semantic
6946,U+4FA0,侠,57,,60,semantic
6947,U+4FA1,価,29,,60,semantic
6948,U+4FA2,侢,47,,60,semantic
6949,U+4FA3,侣,57,,60,semantic
6950,U+4FA4,侤,0,,60,semantic
6951,U+4FA5,侥,29,,60,semantic
6952,U+4FA6,侦,33,,60,semantic
6953,U+4FA7,侧,51,,60,semantic
6954,U+4FA8,侨,9,,60,semantic
6955,U+4FA9,侩,47,,60,semantic
6956,U+4FAA,侪,33,,60,semantic
6957,U+4FAB,侫,45,,60,semantic
6958,U+4FAC,侬,57,,60,semantic
6959,U+4FAD,侭,47,,60,semantic
6960,U+4FAE,侮,42,,60,semantic
6961,U+4FAF,侯,2,,60,semantic
6962,U+4FB0,侰,0,,60,semantic
6963,U+4FB1,侱,0,,60,semantic
6964,U+4FB2,侲,0,,60,semantic
6965,U+4FB3,侳,0,,60,semantic
6966,U+4FB4,侴,32,,60,semantic
6967,U+4FB5,侵,1,,60,semantic
6968,U+4FB6,侶,57,,60,semantic
6969,U+4FB7,侷,45,,60,semantic
6970,U+4FB8,侸,0,,60,semantic
6971,U+4FB9,侹,34,,60,semantic
6972,U+4FBA,侺,0,,60,semantic
6973,U+4FBB,侻,31,,60,semantic
6974,U+4FBC,侼,0,,60,semantic
6975,U+4FBD,侽,0,,60,semantic
6976,U+4FBE,侾,0,,60,semantic
6977,U+4FBF,便,45,,60,semantic
6978,U+4FC0,俀,0,,60,semantic
6979,U+4FC1,俁,18,,60,semantic
6980,U+4FC2,係,46,,60,semantic
6981,U+4FC3,促,31,,60,semantic
6982,U+4FC4,俄,34,,60,semantic
6983,U+4FC5,俅,53,,60,semantic
6984,U+4FC6,俆,0,,60,semantic
6985,U+4FC7,俇,0,,60,semantic
6986,U+4FC8,俈,20,,60,semantic
6987,U+4FC9,俉,0,,60,semantic
6988,U+4FCA,俊,28,,60,semantic
6989,U+4FCB,俋,33,,60,semantic
6990,U+4FCC,俌,0,,60,semantic
6991,U+4FCD,俍,0,,60,semantic
6992,U+4FCE,俎,52,,60,semantic
6993,U+4FCF,俏,28,,60,semantic
6994,U+4FD0,俐,28,,60,semantic
6995,U+4FD1,俑,14,,60,semantic
6996,U+4FD2,俒,0,,60,semantic
6997,U+4FD3,俓,47,,60,semantic
6998,U+4FD4,俔,47,,60,semantic
6999,U+4FD5,俕,0,,60,semantic
7000,U+4FD6,俖,0,,60,semantic
7001,U+4FD7,俗,42,,60,semantic
7002,U+4FD8,俘,42,,60,semantic
7003,U+4FD9,俙,20,,60,semantic
7004,U+4FDA,俚,42,,60,semantic
7005,U+4FDB,俛,20,,60,semantic
7006,U+4FDC,俜,20,,60,semantic
7007,U+4FDD,保,20,,60,semantic
7008,U+4FDE,俞,32,,60,semantic
7009,U+4FDF,俟,33,,60,semantic
7010,U+4FE0,俠,57,,60,semantic
7011,U+4FE1,信,29,,60,semantic
7012,U+4FE2,俢,0,,60,semantic
7013,U+4FE3,俣,18,,60,semantic
7014,U+4FE4,俤,47,,60,semantic
7015,U+4FE5,俥,59,,60,semantic
7016,U+4FE6,俦,57,,60,semantic
7017,U+4FE7,俧,0,,60,semantic
7018,U+4FE8,俨,28,,60,semantic
7019,U+4FE9,俩,57,,60,semantic
7020,U+4FEA,俪,57,,60,semantic
7021,U+4FEB,俫,20,,60,semantic
7022,U+4FEC,俬,59,,60,semantic
7023,U+4FED,俭,45,,60,semantic
7024,U+4FEE,修,47,,60,semantic
7025,U+4FEF,俯,5,,60,semantic
7026,U+4FF0,俰,0,,60,semantic
7027,U+4FF1,俱,47,,60,semantic
7028,U+4FF2,俲,47,,60,semantic
7029,U+4FF3,俳,47,,60,semantic
7030,U+4FF4,俴,45,,60,semantic
7031,U+4FF5,俵,47,,60,semantic
7032,U+4FF6,俶,47,,60,semantic
7033,U+4FF7,俷,0,,60,semantic
7034,U+4FF8,俸,29,,60,semantic
7035,U+4FF9,俹,0,,60,semantic
7036,U+4FFA,俺,57,,60,semantic
7037,U+4FFB,俻,20,,60,semantic
7038,U+4FFC,俼,0,,60,semantic
7039,U+4FFD,俽,0,,60,semantic
7040,U+4FFE,俾,29,,60,semantic
7041,U+4FFF,俿,0,,60,semantic
7042,U+5000,倀,36,,60,semantic
7043,U+5001,倁,0,,60,semantic
7044,U+5002,倂,47,,60,semantic
7045,U+5003,倃,5,,60,semantic
7046,U+5004,倄,0,,60,semantic
7047,U+5005,倅,57,,60,semantic
7048,U+5006,倆,33,,60,semantic
7049,U+5007,倇,0,,60,semantic
7050,U+5008,倈,20,,60,semantic
7051,U+5009,倉,55,,60,semantic
7052,U+500A,倊,0,,60,semantic
7053,U+500B,個,47,,60,semantic
7054,U+500C,倌,33,,60,semantic
7055,U+500D,倍,52,,60,semantic
7056,U+500E,倎,0,,60,semantic
7057,U+500F,倏,36,,60,semantic
7058,U+5010,倐,36,,60,semantic
7059,U+5011,們,57,,60,semantic
7060,U+5012,倒,5,,60,semantic
7061,U+5013,倓,0,,60,semantic
7062,U+5014,倔,42,,60,semantic
7063,U+5015,倕,0,,60,semantic
7064,U+5016,倖,29,,60,semantic
7065,U+5017,倗,0,,60,semantic
7066,U+5018,倘,5,,60,semantic
7067,U+5019,候,20,,60,semantic
7068,U+501A,倚,20,,60,semantic
7069,U+501B,倛,0,,60,semantic
7070,U+501C,倜,13,,60,semantic
7071,U+501D,倝,50,,60,semantic
7072,U+501E,倞,34,,60,semantic
7073,U+501F,借,33,,60,semantic
7074,U+5020,倠,0,,60,semantic
7075,U+5021,倡,33,,60,semantic
7076,U+5022,倢,28,,60,semantic
7077,U+5023,倣,33,,60,semantic
7078,U+5024,値,29,,60,semantic
7079,U+5025,倥,36,,60,semantic
7080,U+5026,倦,15,,60,semantic
7081,U+5027,倧,0,,60,semantic
7082,U+5028,倨,42,,60,semantic
7083,U+5029,倩,28,,60,semantic
7084,U+502A,倪,45,,60,semantic
7085,U+502B,倫,57,,60,semantic
7086,U+502C,倬,18,,60,semantic
7087,U+502D,倭,25,,60,semantic
7088,U+502E,倮,34,,60,semantic
7089,U+502F,倯,0,,60,semantic
7090,U+5030,倰,0,,60,semantic
7091,U+5031,倱,0,,60,semantic
7092,U+5032,倲,45,,60,semantic
7093,U+5033,倳,1,,60,semantic
7094,U+5034,倴,12,,60,semantic
7095,U+5035,倵,0,,60,semantic
7096,U+5036,倶,47,,60,semantic
7097,U+5037,倷,0,,60,semantic
7098,U+5038,倸,7,,60,semantic
7099,U+5039,倹,45,,60,semantic
7100,U+503A,债,29,,60,semantic
7101,U+503B,倻,32,,60,semantic
7102,U+503C,值,29,,60,semantic
7103,U+503D,倽,33,,60,semantic
7104,U+503E,倾,23,,60,semantic
7105,U+503F,倿,0,,60,semantic
7106,U+5040,偀,0,,60,semantic
7107,U+5041,偁,47,,60,semantic
7108,U+5042,偂,0,,60,semantic
7109,U+5043,偃,5,,60,semantic
7110,U+5044,偄,45,,60,semantic
7111,U+5045,偅,0,,60,semantic
7112,U+5046,偆,0,,60,semantic
7113,U+5047,假,42,,60,semantic
7114,U+5048,偈,1,,60,semantic
7115,U+5049,偉,18,,60,semantic
7116,U+504A,偊,31,,60,semantic
7117,U+504B,偋,0,,60,semantic
7118,U+504C,偌,47,,60,semantic
7119,U+504D,偍,0,,60,semantic
7120,U+504E,偎,13,,60,semantic
7121,U+504F,偏,51,,60,semantic
7122,U+5050,偐,42,,60,semantic
7123,U+5051,偑,32,,60,semantic
7124,U+5052,偒,23,,60,semantic
7125,U+5053,偓,36,,60,semantic
7126,U+5054,偔,0,,60,semantic
7127,U+5055,偕,47,,60,semantic
7128,U+5056,偖,13,,60,semantic
7129,U+5057,偗,0,,60,semantic
7130,U+5058,偘,32,,60,semantic
7131,U+5059,偙,0,,60,semantic
7132,U+505A,做,33,,60,semantic
7133,U+505B,偛,0,,60,semantic
7134,U+505C,停,5,,60,semantic
7135,U+505D,偝,34,,60,semantic
7136,U+505E,偞,0,,60,semantic
7137,U+505F,偟,36,,60,semantic
7138,U+5060,偠,0,,60,semantic
7139,U+5061,偡,0,,60,semantic
7140,U+5062,偢,7,,60,semantic
7141,U+5063,偣,0,,60,semantic
7142,U+5064,偤,0,,60,semantic
7143,U+5065,健,18,,60,semantic
7144,U+5066,偦,0,,60,semantic
7145,U+5067,偧,0,,60,semantic
7146,U+5068,偨,45,,60,semantic
7147,U+5069,偩,31,,60,semantic
7148,U+506A,偪,13,,60,semantic
7149,U+506B,偫,20,,60,semantic
7150,U+506C,偬,47,,60,semantic
7151,U+506D,偭,47,,60,semantic
7152,U+506E,偮,0,,60,semantic
7153,U+506F,偯,15,,60,semantic
7154,U+5070,偰,12,,60,semantic
7155,U+5071,偱,0,,60,semantic
7156,U+5072,偲,28,,60,semantic
7157,U+5073,偳,0,,60,semantic
7158,U+5074,側,51,,60,semantic
7159,U+5075,偵,42,,60,semantic
7160,U+5076,偶,42,,60,semantic
7161,U+5077,偷,42,,60,semantic
7162,U+5078,偸,13,,60,semantic
7163,U+5079,偹,20,,60,semantic
7164,U+507A,偺,47,,60,semantic
7165,U+507B,偻,53,,60,semantic
7166,U+507C,偼,0,,60,semantic
7167,U+507D,偽,42,,60,semantic
7168,U+507E,偾,5,,60,semantic
7169,U+507F,偿,29,,60,semantic
7170,U+5080,傀,18,,60,semantic
7171,U+5081,傁,57,,60,semantic
7172,U+5082,傂,0,,60,semantic
7173,U+5083,傃,0,,60,semantic
7174,U+5084,傄,0,,60,semantic
7175,U+5085,傅,33,,60,semantic
7176,U+5086,傆,0,,60,semantic
7177,U+5087,傇,0,,60,semantic
7178,U+5088,傈,12,,60,semantic
7179,U+5089,傉,0,,60,semantic
7180,U+508A,傊,0,,60,semantic
7181,U+508B,傋,0,,60,semantic
7182,U+508C,傌,42,,60,semantic
7183,U+508D,傍,51,,60,semantic
7184,U+508E,傎,53,,60,semantic
7185,U+508F,傏,20,,60,semantic
7186,U+5090,傐,0,,60,semantic
7187,U+5091,傑,28,,60,semantic
7188,U+5092,傒,32,,60,semantic
7189,U+5093,傓,0,,60,semantic
7190,U+5094,傔,12,,60,semantic
7191,U+5095,傕,32,,60,semantic
7192,U+5096,傖,42,,60,semantic
7193,U+5097,傗,0,,60,semantic
7194,U+5098,傘,16,,60,semantic
7195,U+5099,備,33,,60,semantic
7196,U+509A,傚,33,,60,semantic
7197,U+509B,傛,0,,60,semantic
7198,U+509C,傜,12,,60,semantic
7199,U+509D,傝,0,,60,semantic
7200,U+509E,傞,34,,60,semantic
7201,U+509F,傟,0,,60,semantic
7202,U+50A0,傠,0,,60,semantic
7203,U+50A1,傡,0,,60,semantic
7204,U+50A2,傢,42,,60,semantic
7205,U+50A3,傣,43,,60,semantic
7206,U+50A4,傤,0,,60,semantic
7207,U+50A5,傥,47,,60,semantic
7208,U+50A6,傦,0,,60,semantic
7209,U+50A7,傧,28,,60,semantic
7210,U+50A8,储,29,,60,semantic
7211,U+50A9,傩,29,,60,semantic
7212,U+50AA,傪,0,,60,semantic
7213,U+50AB,傫,32,,60,semantic
7214,U+50AC,催,33,,60,semantic
7215,U+50AD,傭,33,,60,semantic
7216,U+50AE,傮,5,,60,semantic
7217,U+50AF,傯,47,,60,semantic
7218,U+50B0,傰,0,,60,semantic
7219,U+50B1,傱,0,,60,semantic
7220,U+50B2,傲,28,,60,semantic
7221,U+50B3,傳,13,,60,semantic
7222,U+50B4,傴,53,,60,semantic
7223,U+50B5,債,29,,60,semantic
7224,U+50B6,傶,0,,60,semantic
7225,U+50B7,傷,15,,60,semantic
7226,U+50B8,傸,0,,60,semantic
7227,U+50B9,傹,0,,60,semantic
7228,U+50BA,傺,5,,60,semantic
7229,U+50BB,傻,45,,60,semantic
7230,U+50BC,傼,32,,60,semantic
7231,U+50BD,傽,42,,60,semantic
7232,U+50BE,傾,23,,60,semantic
7233,U+50BF,傿,0,,60,semantic
7234,U+50C0,僀,0,,60,semantic
7235,U+50C1,僁,0,,60,semantic
7236,U+50C2,僂,4,,60,semantic
7237,U+50C3,僃,47,,60,semantic
7238,U+50C4,僄,50,,60,semantic
7239,U+50C5,僅,34,,60,semantic
7240,U+50C6,僆,0,,60,semantic
7241,U+50C7,僇,42,,60,semantic
7242,U+50C8,僈,42,,60,semantic
7243,U+50C9,僉,47,,60,semantic
7244,U+50CA,僊,12,,60,semantic
7245,U+50CB,僋,0,,60,semantic
7246,U+50CC,僌,0,,60,semantic
7247,U+50CD,働,33,,60,semantic
7248,U+50CE,僎,13,,60,semantic
7249,U+50CF,像,47,,60,semantic
7250,U+50D0,僐,0,,60,semantic
7251,U+50D1,僑,9,,60,semantic
7252,U+50D2,僒,0,,60,semantic
7253,U+50D3,僓,0,,60,semantic
7254,U+50D4,僔,0,,60,semantic
7255,U+50D5,僕,12,,60,semantic
7256,U+50D6,僖,28,,60,semantic
7257,U+50D7,僗,0,,60,semantic
7258,U+50D8,僘,0,,60,semantic
7259,U+50D9,僙,0,,60,semantic
7260,U+50DA,僚,33,,60,semantic
7261,U+50DB,僛,46,,60,semantic
7262,U+50DC,僜,43,,60,semantic
7263,U+50DD,僝,42,,60,semantic
7264,U+50DE,僞,42,,60,semantic
7265,U+50DF,僟,57,,60,semantic
7266,U+50E0,僠,0,,60,semantic
7267,U+50E1,僡,28,,60,semantic
7268,U+50E2,僢,0,,60,semantic
7269,U+50E3,僣,47,,60,semantic
7270,U+50E4,僤,28,,60,semantic
7271,U+50E5,僥,29,,60,semantic
7272,U+50E6,僦,57,,60,semantic
7273,U+50E7,僧,12,,60,semantic
7274,U+50E8,僨,5,,60,semantic
7275,U+50E9,僩,1,,60,semantic
7276,U+50EA,僪,0,,60,semantic
7277,U+50EB,僫,0,,60,semantic
7278,U+50EC,僬,19,,60,semantic
7279,U+50ED,僭,33,,60,semantic
7280,U+50EE,僮,57,,60,semantic
7281,U+50EF,僯,15,,60,semantic
7282,U+50F0,僰,12,,60,semantic
7283,U+50F1,僱,33,,60,semantic
7284,U+50F2,僲,0,,60,semantic
7285,U+50F3,僳,32,,60,semantic
7286,U+50F4,僴,0,,60,semantic
7287,U+50F5,僵,45,,60,semantic
7288,U+50F6,僶,47,,60,semantic
7289,U+50F7,僷,0,,60,semantic
7290,U+50F8,僸,0,,60,semantic
7291,U+50F9,價,29,,60,semantic
7292,U+50FA,僺,0,,60,semantic
7293,U+50FB,僻,34,,60,semantic
7294,U+50FC,僼,0,,60,semantic
7295,U+50FD,僽,45,,60,semantic
7296,U+50FE,僾,47,,60,semantic
7297,U+50FF,僿,45,,60,semantic
7298,U+5100,儀,29,,60,semantic
7299,U+5101,儁,28,,60,semantic
7300,U+5102,儂,57,,60,semantic
7301,U+5103,儃,20,,60,semantic
7302,U+5104,億,18,,60,semantic
7303,U+5105,儅,5,,60,semantic
7304,U+5106,儆,36,,60,semantic
7305,U+5107,儇,45,,60,semantic
7306,U+5108,儈,47,,60,semantic
7307,U+5109,儉,45,,60,semantic
7308,U+510A,儊,45,,60,semantic
7309,U+510B,儋,26,,60,semantic
7310,U+510C,儌,28,,60,semantic
7311,U+510D,儍,42,,60,semantic
7312,U+510E,儎,13,,60,semantic
7313,U+510F,儏,0,,60,semantic
7314,U+5110,儐,28,,60,semantic
7315,U+5111,儑,0,,60,semantic
7316,U+5112,儒,12,,60,semantic
7317,U+5113,儓,12,,60,semantic
7318,U+5114,儔,57,,60,semantic
7319,U+5115,儕,33,,60,semantic
7320,U+5116,儖,0,,60,semantic
7321,U+5117,儗,47,,60,semantic
7322,U+5118,儘,28,,60,semantic
7323,U+5119,儙,0,,60,semantic
7324,U+511A,儚,47,,60,semantic
7325,U+511B,儛,31,,60,semantic
7326,U+511C,儜,45,,60,semantic
7327,U+511D,儝,0,,60,semantic
7328,U+511E,儞,0,,60,semantic
7329,U+511F,償,29,,60,semantic
7330,U+5120,儠,0,,60,semantic
7331,U+5121,儡,58,,60,semantic
7332,U+5122,儢,0,,60,semantic
7333,U+5123,儣,0,,60,semantic
7334,U+5124,儤,12,,60,semantic
7335,U+5125,儥,0,,60,semantic
7336,U+5126,儦,53,,60,semantic
7337,U+5127,儧,0,,60,semantic
7338,U+5128,儨,0,,60,semantic
7339,U+5129,儩,47,,60,semantic
7340,U+512A,優,28,,60,semantic
7341,U+512B,儫,0,,60,semantic
7342,U+512C,儬,0,,60,semantic
7343,U+512D,儭,20,,60,semantic
7344,U+512E,儮,0,,60,semantic
7345,U+512F,儯,0,,60,semantic
7346,U+5130,儰,0,,60,semantic
7347,U+5131,儱,42,,60,semantic
7348,U+5132,儲,29,,60,semantic
7349,U+5133,儳,45,,60,semantic
7350,U+5134,儴,0,,60,semantic
7351,U+5135,儵,36,,60,semantic
7352,U+5136,儶,28,,60,semantic
7353,U+5137,儷,57,,60,semantic
7354,U+5138,儸,42,,60,semantic
7355,U+5139,儹,20,,60,semantic
7356,U+513A,儺,29,,60,semantic
7357,U+513B,儻,47,,60,semantic
7358,U+513C,儼,28,,60,semantic
7359,U+513D,儽,45,,60,semantic
7360,U+513E,儾,45,,60,semantic
7361,U+513F,儿,30,,60,semantic
7362,U+5140,兀,51,,60,semantic
7363,U+5141,允,29,,60,semantic
7364,U+5143,元,29,,60,semantic
7365,U+5144,兄,57,,60,semantic
7366,U+5145,充,47,,60,semantic
7367,U+5147,兇,42,,60,semantic
7368,U+5148,先,47,,60,semantic
7369,U+5149,光,50,,60,semantic
7370,U+514A,兊,0,,60,semantic
7371,U+514B,克,53,,60,semantic
7372,U+514C,兌,29,,60,semantic
7373,U+514E,兎,58,,60,semantic
7374,U+514F,兏,0,,60,semantic
7375,U+5150,児,57,,60,semantic
7376,U+5151,兑,29,,60,semantic
7377,U+5152,兒,57,,60,semantic
7378,U+5153,兓,0,,60,semantic
7379,U+5154,兔,58,,60,semantic
7380,U+5155,兕,19,,60,semantic
7381,U+5156,兖,12,,60,semantic
7382,U+5157,兗,12,,60,semantic
7383,U+5158,兘,0,,60,semantic
7384,U+5159,兙,47,,60,semantic
7385,U+515A,党,12,,60,semantic
7386,U+515B,兛,18,,60,semantic
7387,U+515C,兜,46,,60,semantic
7388,U+515D,兝,47,,60,semantic
7389,U+515E,兞,53,,60,semantic
7390,U+515F,兟,31,,60,semantic
7391,U+5160,兠,0,,60,semantic
7392,U+5161,兡,6,,60,semantic
7393,U+5162,兢,36,,60,semantic
7394,U+5163,兣,47,,60,semantic
7395,U+5164,兤,0,,60,semantic
7396,U+5165,入,20,,60,semantic
7397,U+5166,兦,5,,60,semantic
7398,U+5167,內,9,,60,semantic
7399,U+5168,全,47,,60,semantic
7400,U+5169,兩,57,,60,semantic
7401,U+516A,兪,32,,60,semantic
7402,U+516B,八,47,,60,semantic
7403,U+516C,公,33,,60,semantic
7404,U+516D,六,47,,60,semantic
7405,U+516E,兮,56,,60,semantic
7406,U+516F,兯,53,,60,semantic
7407,U+5170,兰,3,,60,semantic
7408,U+5171,共,47,,60,semantic
7409,U+5172,兲,16,,60,semantic
7410,U+5173,关,9,,60,semantic
7411,U+5174,兴,28,,60,semantic
7412,U+5175,兵,12,,60,semantic
7413,U+5176,其,57,,60,semantic
7414,U+5177,具,33,,60,semantic
7415,U+5178,典,33,,60,semantic
7416,U+5179,兹,57,,60,semantic
7417,U+517A,兺,0,,60,semantic
7418,U+517B,养,13,,60,semantic
7419,U+517C,兼,47,,60,semantic
7420,U+517D,兽,19,,60,semantic
7421,U+517E,兾,20,,60,semantic
7422,U+517F,兿,0,,60,semantic
7423,U+5180,冀,28,,60,semantic
7424,U+5181,冁,28,,60,semantic
7425,U+5182,冂,30,,60,semantic
7426,U+5183,冃,0,,60,semantic
7427,U+5184,冄,45,,60,semantic
7428,U+5185,内,9,,60,semantic
7429,U+5187,冇,34,,60,semantic
7430,U+5188,冈,22,,60,semantic
7431,U+518A,冊,33,,60,semantic
7432,U+518B,冋,14,,60,semantic
7433,U+518D,再,33,,60,semantic
7434,U+518E,冎,0,,60,semantic
7435,U+518F,冏,50,,60,semantic
7436,U+5190,冐,36,,60,semantic
7437,U+5191,冑,4,,60,semantic
7438,U+5192,冒,36,,60,semantic
7439,U+5193,冓,9,,60,semantic
7440,U+5194,冔,12,,60,semantic
7441,U+5195,冕,12,,60,semantic
7442,U+5196,冖,30,,60,semantic
7443,U+5197,冗,18,,60,semantic
7444,U+5199,写,33,,60,semantic
7445,U+519A,冚,27,,60,semantic
7446,U+519B,军,33,,60,semantic
7447,U+519C,农,48,,60,semantic
7448,U+519D,冝,28,,60,semantic
7449,U+519E,冞,34,,60,semantic
7450,U+519F,冟,0,,60,semantic
7451,U+51A0,冠,12,,60,semantic
7452,U+51A1,冡,0,,60,semantic
7453,U+51A2,冢,14,,60,semantic
7454,U+51A3,冣,47,,60,semantic
7455,U+51A4,冤,42,,60,semantic
7456,U+51A5,冥,50,,60,semantic
7457,U+51A6,冦,42,,60,semantic
7458,U+51A7,冧,3,,60,semantic
7459,U+51A8,冨,18,,60,semantic
7460,U+51A9,冩,20,,60,semantic
7461,U+51AA,冪,27,,60,semantic
7462,U+51AB,冫,30,,60,semantic
7463,U+51AC,冬,12,,60,semantic
7464,U+51AD,冭,0,,60,semantic
7465,U+51AE,冮,0,,60,semantic
7466,U+51AF,冯,57,,60,semantic
7467,U+51B0,冰,49,,60,semantic
7468,U+51B1,冱,5,,60,semantic
7469,U+51B2,冲,23,,60,semantic
7470,U+51B3,决,33,,60,semantic
7471,U+51B4,冴,5,,60,semantic
7472,U+51B5,况,47,,60,semantic
7473,U+51B6,冶,49,,60,semantic
7474,U+51B7,冷,34,,60,semantic
7475,U+51B8,冸,0,,60,semantic
7476,U+51B9,冹,0,,60,semantic
7477,U+51BA,冺,0,,60,semantic
7478,U+51BB,冻,49,,60,semantic
7479,U+51BC,冼,32,,60,semantic
7480,U+51BD,冽,49,,60,semantic
7481,U+51BE,冾,0,,60,semantic
7482,U+51BF,冿,0,,60,semantic
7483,U+51C0,净,49,,60,semantic
7484,U+51C1,凁,0,,60,semantic
7485,U+51C2,凂,20,,60,semantic
7486,U+51C3,凃,49,,60,semantic
7487,U+51C4,凄,15,,60,semantic
7488,U+51C5,凅,45,,60,semantic
7489,U+51C6,准,33,,60,semantic
7490,U+51C7,凇,38,,60,semantic
7491,U+51C8,凈,49,,60,semantic
7492,U+51C9,凉,36,,60,semantic
7493,U+51CA,凊,32,,60,semantic
7494,U+51CB,凋,5,,60,semantic
7495,U+51CC,凌,42,,60,semantic
7496,U+51CD,凍,49,,60,semantic
7497,U+51CE,凎,0,,60,semantic
7498,U+51CF,减,5,,60,semantic
7499,U+51D0,凐,0,,60,semantic
7500,U+51D1,凑,52,,60,semantic
7501,U+51D2,凒,0,,60,semantic
7502,U+51D3,凓,36,,60,semantic
7503,U+51D4,凔,34,,60,semantic
7504,U+51D5,凕,0,,60,semantic
7505,U+51D6,凖,33,,60,semantic
7506,U+51D7,凗,0,,60,semantic
7507,U+51D8,凘,23,,60,semantic
7508,U+51D9,凙,56,,60,semantic
7509,U+51DA,凚,34,,60,semantic
7510,U+51DB,凛,36,,60,semantic
7511,U+51DC,凜,36,,60,semantic
7512,U+51DD,凝,46,,60,semantic
7513,U+51DE,凞,28,,60,semantic
7514,U+51DF,凟,42,,60,semantic
7515,U+51E0,几,26,,60,semantic
7516,U+51E1,凡,47,,60,semantic
7517,U+51E2,凢,47,,60,semantic
7518,U+51E3,凣,47,,60,semantic
7519,U+51E4,凤,28,,60,semantic
7520,U+51E5,凥,20,,60,semantic
7521,U+51E6,処,33,,60,semantic
7522,U+51E7,凧,16,,60,semantic
7523,U+51E8,凨,16,,60,semantic
7524,U+51E9,凩,16,,60,semantic
7525,U+51EA,凪,36,,60,semantic
7526,U+51EB,凫,44,,60,semantic
7527,U+51EC,凬,0,,60,semantic
7528,U+51ED,凭,20,,60,semantic
7529,U+51EE,凮,16,,60,semantic
7530,U+51EF,凯,28,,60,semantic
7531,U+51F0,凰,57,,60,semantic
7532,U+51F1,凱,28,,60,semantic
7533,U+51F2,凲,0,,60,semantic
7534,U+51F3,凳,59,,60,semantic
7535,U+51F4,凴,20,,60,semantic
7536,U+51F5,凵,30,,60,semantic
7537,U+51F6,凶,15,,60,semantic
7538,U+51F7,凷,14,,60,semantic
7539,U+51FA,出,20,,60,semantic
7540,U+51FB,击,1,,60,semantic
7541,U+51FC,凼,23,,60,semantic
7542,U+51FD,函,33,,60,semantic
7543,U+51FE,凾,47,,60,semantic
7544,U+51FF,凿,46,,60,semantic
7545,U+5200,刀,2,,60,semantic
7546,U+5202,刂,2,,60,semantic
7547,U+5203,刃,2,,60,semantic
7548,U+5204,刄,2,,60,semantic
7549,U+5205,刅,20,,60,semantic
7550,U+5206,分,33,,60,semantic
7551,U+5207,切,52,,60,semantic
7552,U+5208,刈,52,,60,semantic
7553,U+5209,刉,0,,60,semantic
7554,U+520A,刊,33,,60,semantic
7555,U+520B,刋,47,,60,semantic
7556,U+520C,刌,52,,60,semantic
7557,U+520D,刍,48,,60,semantic
7558,U+520E,刎,52,,60,semantic
7559,U+520F,刏,0,,60,semantic
7560,U+5210,刐,0,,60,semantic
7561,U+5211,刑,42,,60,semantic
7562,U+5212,划,55,,60,semantic
7563,U+5213,刓,52,,60,semantic
7564,U+5214,刔,13,,60,semantic
7565,U+5215,刕,0,,60,semantic
7566,U+5216,刖,51,,60,semantic
7567,U+5217,列,47,,60,semantic
7568,U+5218,刘,5,,60,semantic
7569,U+5219,则,33,,60,semantic
7570,U+521A,刚,18,,60,semantic
7571,U+521B,创,52,,60,semantic
7572,U+521C,刜,52,,60,semantic
7573,U+521D,初,47,,60,semantic
7574,U+521E,刞,0,,60,semantic
7575,U+521F,刟,0,,60,semantic
7576,U+5220,删,5,,60,semantic
7577,U+5221,刡,52,,60,semantic
7578,U+5222,刢,0,,60,semantic
7579,U+5223,刣,0,,60,semantic
7580,U+5224,判,33,,60,semantic
7581,U+5225,別,34,,60,semantic
7582,U+5226,刦,42,,60,semantic
7583,U+5227,刧,42,,60,semantic
7584,U+5228,刨,2,,60,semantic
7585,U+5229,利,29,,60,semantic
7586,U+522A,刪,52,,60,semantic
7587,U+522B,别,34,,60,semantic
7588,U+522C,刬,5,,60,semantic
7589,U+522D,刭,17,,60,semantic
7590,U+522E,刮,52,,60,semantic
7591,U+522F,刯,0,,60,semantic
7592,U+5230,到,31,,60,semantic
7593,U+5231,刱,52,,60,semantic
7594,U+5232,刲,52,,60,semantic
7595,U+5233,刳,52,,60,semantic
7596,U+5234,刴,52,,60,semantic
7597,U+5235,刵,17,,60,semantic
7598,U+5236,制,33,,60,semantic
7599,U+5237,刷,52,,60,semantic
7600,U+5238,券,29,,60,semantic
7601,U+5239,刹,12,,60,semantic
7602,U+523A,刺,1,,60,semantic
7603,U+523B,刻,47,,60,semantic
7604,U+523C,刼,42,,60,semantic
7605,U+523D,刽,5,,60,semantic
7606,U+523E,刾,1,,60,semantic
7607,U+523F,刿,1,,60,semantic
7608,U+5240,剀,52,,60,semantic
7609,U+5241,剁,52,,60,semantic
7610,U+5242,剂,56,,60,semantic
7611,U+5243,剃,4,,60,semantic
7612,U+5244,剄,17,,60,semantic
7613,U+5245,剅,10,,60,semantic
7614,U+5246,剆,0,,60,semantic
7615,U+5247,則,47,,60,semantic
7616,U+5248,剈,0,,60,semantic
7617,U+5249,剉,52,,60,semantic
7618,U+524A,削,52,,60,semantic
7619,U+524B,剋,5,,60,semantic
7620,U+524C,剌,52,,60,semantic
7621,U+524D,前,31,,60,semantic
7622,U+524E,剎,12,,60,semantic
7623,U+524F,剏,52,,60,semantic
7624,U+5250,剐,52,,60,semantic
7625,U+5251,剑,2,,60,semantic
7626,U+5252,剒,42,,60,semantic
7627,U+5253,剓,0,,60,semantic
7628,U+5254,剔,52,,60,semantic
7629,U+5255,剕,51,,60,semantic
7630,U+5256,剖,52,,60,semantic
7631,U+5257,剗,5,,60,semantic
7632,U+5258,剘,0,,60,semantic
7633,U+5259,剙,52,,60,semantic
7634,U+525A,剚,2,,60,semantic
7635,U+525B,剛,18,,60,semantic
7636,U+525C,剜,52,,60,semantic
7637,U+525D,剝,52,,60,semantic
7638,U+525E,剞,52,,60,semantic
7639,U+525F,剟,52,,60,semantic
7640,U+5260,剠,47,,60,semantic
7641,U+5261,剡,52,,60,semantic
7642,U+5262,剢,0,,60,semantic
7643,U+5263,剣,2,,60,semantic
7644,U+5264,剤,56,,60,semantic
7645,U+5265,剥,52,,60,semantic
7646,U+5266,剦,20,,60,semantic
7647,U+5267,剧,33,,60,semantic
7648,U+5268,剨,8,,60,semantic
7649,U+5269,剩,5,,60,semantic
7650,U+526A,剪,52,,60,semantic
7651,U+526B,剫,0,,60,semantic
7652,U+526C,剬,0,,60,semantic
7653,U+526D,剭,0,,60,semantic
7654,U+526E,剮,52,,60,semantic
7655,U+526F,副,33,,60,semantic
7656,U+5270,剰,5,,60,semantic
7657,U+5271,剱,2,,60,semantic
7658,U+5272,割,52,,60,semantic
7659,U+5273,剳,47,,60,semantic
7660,U+5274,剴,52,,60,semantic
7661,U+5275,創,52,,60,semantic
7662,U+5276,剶,0,,60,semantic
7663,U+5277,剷,5,,60,semantic
7664,U+5278,剸,52,,60,semantic
7665,U+5279,剹,0,,60,semantic
7666,U+527A,剺,47,,60,semantic
7667,U+527B,剻,0,,60,semantic
7668,U+527C,剼,0,,60,semantic
7669,U+527D,剽,52,,60,semantic
7670,U+527E,剾,52,,60,semantic
7671,U+527F,剿,5,,60,semantic
7672,U+5280,劀,0,,60,semantic
7673,U+5281,劁,53,,60,semantic
7674,U+5282,劂,27,,60,semantic
7675,U+5283,劃,52,,60,semantic
7676,U+5284,劄,33,,60,semantic
7677,U+5285,劅,0,,60,semantic
7678,U+5286,劆,49,,60,semantic
7679,U+5287,劇,33,,60,semantic
7680,U+5288,劈,52,,60,semantic
7681,U+5289,劉,5,,60,semantic
7682,U+528A,劊,5,,60,semantic
7683,U+528B,劋,0,,60,semantic
7684,U+528C,劌,1,,60,semantic
7685,U+528D,劍,2,,60,semantic
7686,U+528E,劎,2,,60,semantic
7687,U+528F,劏,54,,60,semantic
7688,U+5290,劐,5,,60,semantic
7689,U+5291,劑,56,,60,semantic
7690,U+5292,劒,2,,60,semantic
7691,U+5293,劓,17,,60,semantic
7692,U+5294,劔,2,,60,semantic
7693,U+5295,劕,0,,60,semantic
7694,U+5296,劖,52,,60,semantic
7695,U+5297,劗,52,,60,semantic
7696,U+5298,劘,53,,60,semantic
7697,U+5299,劙,47,,60,semantic
7698,U+529A,劚,52,,60,semantic
7699,U+529B,力,30,,60,semantic
7700,U+529C,劜,0,,60,semantic
7701,U+529D,劝,33,,60,semantic
7702,U+529E,办,33,,60,semantic
7703,U+529F,功,28,,60,semantic
7704,U+52A0,加,47,,60,semantic
7705,U+52A1,务,20,,60,semantic
7706,U+52A2,劢,31,,60,semantic
7707,U+52A3,劣,45,,60,semantic
7708,U+52A4,劤,18,,60,semantic
7709,U+52A5,劥,0,,60,semantic
7710,U+52A6,劦,47,,60,semantic
7711,U+52A7,劧,0,,60,semantic
7712,U+52A8,动,31,,60,semantic
7713,U+52A9,助,33,,60,semantic
7714,U+52AA,努,13,,60,semantic
7715,U+52AB,劫,42,,60,semantic
7716,U+52AC,劬,20,,60,semantic
7717,U+52AD,劭,28,,60,semantic
7718,U+52AE,劮,0,,60,semantic
7719,U+52AF,劯,0,,60,semantic
7720,U+52B0,劰,0,,60,semantic
7721,U+52B1,励,33,,60,semantic
7722,U+52B2,劲,18,,60,semantic
7723,U+52B3,劳,33,,60,semantic
7724,U+52B4,労,33,,60,semantic
7725,U+52B5,劵,29,,60,semantic
7726,U+52B6,劶,0,,60,semantic
7727,U+52B7,劷,0,,60,semantic
7728,U+52B8,劸,0,,60,semantic
7729,U+52B9,効,20,,60,semantic
7730,U+52BA,劺,0,,60,semantic
7731,U+52BB,劻,53,,60,semantic
7732,U+52BC,劼,36,,60,semantic
7733,U+52BD,劽,0,,60,semantic
7734,U+52BE,劾,33,,60,semantic
7735,U+52BF,势,33,,60,semantic
7736,U+52C0,勀,0,,60,semantic
7737,U+52C1,勁,18,,60,semantic
7738,U+52C2,勂,0,,60,semantic
7739,U+52C3,勃,33,,60,semantic
7740,U+52C4,勄,28,,60,semantic
7741,U+52C5,勅,12,,60,semantic
7742,U+52C6,勆,0,,60,semantic
7743,U+52C7,勇,28,,60,semantic
7744,U+52C8,勈,0,,60,semantic
7745,U+52C9,勉,33,,60,semantic
7746,U+52CA,勊,0,,60,semantic
7747,U+52CB,勋,29,,60,semantic
7748,U+52CC,勌,20,,60,semantic
7749,U+52CD,勍,18,,60,semantic
7750,U+52CE,勎,0,,60,semantic
7751,U+52CF,勏,0,,60,semantic
7752,U+52D0,勐,12,,60,semantic
7753,U+52D1,勑,28,,60,semantic
7754,U+52D2,勒,52,,60,semantic
7755,U+52D3,勓,0,,60,semantic
7756,U+52D4,勔,20,,60,semantic
7757,U+52D5,動,31,,60,semantic
7758,U+52D6,勖,20,,60,semantic
7759,U+52D7,勗,20,,60,semantic
7760,U+52D8,勘,7,,60,semantic
7761,U+52D9,務,33,,60,semantic
7762,U+52DA,勚,20,,60,semantic
7763,U+52DB,勛,29,,60,semantic
7764,U+52DC,勜,0,,60,semantic
7765,U+52DD,勝,28,,60,semantic
7766,U+52DE,勞,33,,60,semantic
7767,U+52DF,募,13,,60,semantic
7768,U+52E0,勠,47,,60,semantic
7769,U+52E1,勡,0,,60,semantic
7770,U+52E2,勢,33,,60,semantic
7771,U+52E3,勣,33,,60,semantic
7772,U+52E4,勤,33,,60,semantic
7773,U+52E5,勥,1,,60,semantic
7774,U+52E6,勦,5,,60,semantic
7775,U+52E7,勧,33,,60,semantic
7776,U+52E8,勨,0,,60,semantic
7777,U+52E9,勩,20,,60,semantic
7778,U+52EA,勪,0,,60,semantic
7779,U+52EB,勫,0,,60,semantic
7780,U+52EC,勬,0,,60,semantic
7781,U+52ED,勭,0,,60,semantic
7782,U+52EE,勮,0,,60,semantic
7783,U+52EF,勯,47,,60,semantic
7784,U+52F0,勰,28,,60,semantic
7785,U+52F1,勱,31,,60,semantic
7786,U+52F2,勲,29,,60,semantic
7787,U+52F3,勳,29,,60,semantic
7788,U+52F4,勴,0,,60,semantic
7789,U+52F5,勵,33,,60,semantic
7790,U+52F6,勶,0,,60,semantic
7791,U+52F7,勷,36,,60,semantic
7792,U+52F8,勸,33,,60,semantic
7793,U+52F9,勹,30,,60,semantic
7794,U+52FA,勺,26,,60,semantic
7795,U+52FB,勻,47,,60,semantic
7796,U+52FC,勼,46,,60,semantic
7797,U+52FD,勽,20,,60,semantic
7798,U+52FE,勾,46,,60,semantic
7799,U+52FF,勿,34,,60,semantic
7800,U+5300,匀,47,,60,semantic
7801,U+5301,匁,18,,60,semantic
7802,U+5302,匂,49,,60,semantic
7803,U+5303,匃,29,,60,semantic
7804,U+5304,匄,20,,60,semantic
7805,U+5305,包,27,,60,semantic
7806,U+5306,匆,31,,60,semantic
7807,U+5307,匇,0,,60,semantic
7808,U+5308,匈,19,,60,semantic
7809,U+5309,匉,23,,60,semantic
7810,U+530A,匊,45,,60,semantic
7811,U+530B,匋,26,,60,semantic
7812,U+530C,匌,0,,60,semantic
7813,U+530D,匍,51,,60,semantic
7814,U+530E,匎,0,,60,semantic
7815,U+530F,匏,53,,60,semantic
7816,U+5310,匐,51,,60,semantic
7817,U+5311,匑,0,,60,semantic
7818,U+5312,匒,0,,60,semantic
7819,U+5313,匓,0,,60,semantic
7820,U+5314,匔,0,,60,semantic
7821,U+5315,匕,26,,60,semantic
7822,U+5316,化,33,,60,semantic
7823,U+5317,北,33,,60,semantic
7824,U+5318,匘,53,,60,semantic
7825,U+5319,匙,26,,60,semantic
7826,U+531A,匚,30,,60,semantic
7827,U+531B,匛,0,,60,semantic
7828,U+531C,匜,24,,60,semantic
7829,U+531D,匝,9,,60,semantic
7830,U+531E,匞,0,,60,semantic
7831,U+531F,匟,57,,60,semantic
7832,U+5320,匠,2,,60,semantic
7833,U+5321,匡,47,,60,semantic
7834,U+5322,匢,0,,60,semantic
7835,U+5323,匣,46,,60,semantic
7836,U+5324,匤,0,,60,semantic
7837,U+5325,匥,0,,60,semantic
7838,U+5326,匦,14,,60,semantic
7839,U+5327,匧,27,,60,semantic
7840,U+5328,匨,0,,60,semantic
7841,U+5329,匩,0,,60,semantic
7842,U+532A,匪,42,,60,semantic
7843,U+532B,匫,0,,60,semantic
7844,U+532C,匬,0,,60,semantic
7845,U+532D,匭,14,,60,semantic
7846,U+532E,匮,45,,60,semantic
7847,U+532F,匯,9,,60,semantic
7848,U+5330,匰,12,,60,semantic
7849,U+5331,匱,34,,60,semantic
7850,U+5332,匲,0,,60,semantic
7851,U+5333,匳,27,,60,semantic
7852,U+5334,匴,37,,60,semantic
7853,U+5335,匵,56,,60,semantic
7854,U+5336,匶,14,,60,semantic
7855,U+5337,匷,0,,60,semantic
7856,U+5338,匸,30,,60,semantic
7857,U+5339,匹,27,,60,semantic
7858,U+533A,区,33,,60,semantic
7859,U+533B,医,56,,60,semantic
7860,U+533C,匼,43,,60,semantic
7861,U+533D,匽,20,,60,semantic
7862,U+533E,匾,37,,60,semantic
7863,U+533F,匿,34,,60,semantic
7864,U+5340,區,32,,60,semantic
7865,U+5341,十,28,,60,semantic
7866,U+5342,卂,31,,60,semantic
7867,U+5343,千,18,,60,semantic
7868,U+5344,卄,57,,60,semantic
7869,U+5345,卅,6,,60,semantic
7870,U+5346,卆,12,,60,semantic
7871,U+5347,升,31,,60,semantic
7872,U+5348,午,41,,60,semantic
7873,U+5349,卉,3,,60,semantic
7874,U+534A,半,33,,60,semantic
7875,U+534B,卋,47,,60,semantic
7876,U+534E,华,43,,60,semantic
7877,U+534F,协,33,,60,semantic
7878,U+5351,卑,45,,60,semantic
7879,U+5352,卒,33,,60,semantic
7880,U+5353,卓,28,,60,semantic
7881,U+5354,協,20,,60,semantic
7882,U+5355,单,34,,60,semantic
7883,U+5356,卖,42,,60,semantic
7884,U+5357,南,43,,60,semantic
7885,U+5358,単,34,,60,semantic
7886,U+5359,卙,0,,60,semantic
7887,U+535A,博,18,,60,semantic
7888,U+535B,卛,0,,60,semantic
7889,U+535C,卜,29,,60,semantic
7890,U+535E,卞,36,,60,semantic
7891,U+535F,卟,47,,60,semantic
7892,U+5360,占,7,,60,semantic
7893,U+5361,卡,54,,60,semantic
7894,U+5362,卢,9,,60,semantic
7895,U+5363,卣,24,,60,semantic
7896,U+5364,卤,49,,60,semantic
7897,U+5365,卥,0,,60,semantic
7898,U+5366,卦,29,,60,semantic
7899,U+5367,卧,51,,60,semantic
7900,U+5368,卨,32,,60,semantic
7901,U+5369,卩,30,,60,semantic
7902,U+536A,卪,53,,60,semantic
7903,U+536B,卫,33,,60,semantic
7904,U+536C,卬,18,,60,semantic
7905,U+536D,卭,18,,60,semantic
7906,U+536E,卮,24,,60,semantic
7907,U+536F,卯,41,,60,semantic
7908,U+5370,印,52,,60,semantic
7909,U+5371,危,12,,60,semantic
7910,U+5372,卲,28,,60,semantic
7911,U+5373,即,33,,60,semantic
7912,U+5374,却,5,,60,semantic
7913,U+5375,卵,44,,60,semantic
7914,U+5376,卶,0,,60,semantic
7915,U+5377,卷,51,,60,semantic
7916,U+5378,卸,5,,60,semantic
7917,U+5379,卹,15,,60,semantic
7918,U+537A,卺,24,,60,semantic
7919,U+537B,卻,5,,60,semantic
7920,U+537C,卼,34,,60,semantic
7921,U+537D,卽,47,,60,semantic
7922,U+537E,卾,0,,60,semantic
7923,U+537F,卿,12,,60,semantic
7924,U+5380,厀,51,,60,semantic
7925,U+5381,厁,0,,60,semantic
7926,U+5382,厂,33,,60,semantic
7927,U+5383,厃,7,,60,semantic
7928,U+5384,厄,15,,60,semantic
7929,U+5385,厅,9,,60,semantic
7930,U+5386,历,33,,60,semantic
7931,U+5387,厇,0,,60,semantic
7932,U+5388,厈,0,,60,semantic
7933,U+5389,厉,53,,60,semantic
7934,U+538A,厊,0,,60,semantic
7935,U+538B,压,13,,60,semantic
7936,U+538C,厌,42,,60,semantic
7937,U+538D,厍,32,,60,semantic
7938,U+538E,厎,47,,60,semantic
7939,U+538F,厏,0,,60,semantic
7940,U+5390,厐,18,,60,semantic
7941,U+5391,厑,0,,60,semantic
7942,U+5392,厒,0,,60,semantic
7943,U+5393,厓,32,,60,semantic
7944,U+5394,厔,10,,60,semantic
7945,U+5395,厕,49,,60,semantic
7946,U+5396,厖,18,,60,semantic
7947,U+5397,厗,0,,60,semantic
7948,U+5398,厘,53,,60,semantic
7949,U+5399,厙,32,,60,semantic
7950,U+539A,厚,18,,60,semantic
7951,U+539B,厛,0,,60,semantic
7952,U+539C,厜,22,,60,semantic
7953,U+539D,厝,14,,60,semantic
7954,U+539E,厞,0,,60,semantic
7955,U+539F,原,47,,60,semantic
7956,U+53A0,厠,49,,60,semantic
7957,U+53A1,厡,0,,60,semantic
7958,U+53A2,厢,9,,60,semantic
7959,U+53A3,厣,53,,60,semantic
7960,U+53A4,厤,47,,60,semantic
7961,U+53A5,厥,57,,60,semantic
7962,U+53A6,厦,12,,60,semantic
7963,U+53A7,厧,0,,60,semantic
7964,U+53A8,厨,9,,60,semantic
7965,U+53A9,厩,35,,60,semantic
7966,U+53AA,厪,9,,60,semantic
7967,U+53AB,厫,53,,60,semantic
7968,U+53AC,厬,0,,60,semantic
7969,U+53AD,厭,42,,60,semantic
7970,U+53AE,厮,20,,60,semantic
7971,U+53AF,厯,0,,60,semantic
7972,U+53B0,厰,48,,60,semantic
7973,U+53B1,厱,0,,60,semantic
7974,U+53B2,厲,53,,60,semantic
7975,U+53B4,厴,53,,60,semantic
7976,U+53B5,厵,16,,60,semantic
7977,U+53B6,厶,30,,60,semantic
7978,U+53B7,厷,51,,60,semantic
7979,U+53B8,厸,0,,60,semantic
7980,U+53B9,厹,2,,60,semantic
7981,U+53BA,厺,31,,60,semantic
7982,U+53BB,去,5,,60,semantic
7983,U+53BC,厼,53,,60,semantic
7984,U+53BD,厽,0,,60,semantic
7985,U+53BE,厾,5,,60,semantic
7986,U+53BF,县,43,,60,semantic
7987,U+53C0,叀,0,,60,semantic
7988,U+53C1,叁,47,,60,semantic
7989,U+53C2,参,12,,60,semantic
7990,U+53C3,參,33,,60,semantic
7991,U+53C4,叄,20,,60,semantic
7992,U+53C5,叅,20,,60,semantic
7993,U+53C6,叆,16,,60,semantic
7994,U+53C7,叇,16,,60,semantic
7995,U+53C8,又,47,,60,semantic
7996,U+53C9,叉,54,,60,semantic
7997,U+53CB,友,57,,60,semantic
7998,U+53CC,双,47,,60,semantic
7999,U+53CD,反,42,,60,semantic
8000,U+53CE,収,33,,60,semantic
8001,U+53CF,叏,0,,60,semantic
8002,U+53D0,叐,19,,60,semantic
8003,U+53D2,叒,20,,60,semantic
8004,U+53D3,叓,57,,60,semantic
8005,U+53D4,叔,57,,60,semantic
8006,U+53D5,叕,47,,60,semantic
8007,U+53D6,取,33,,60,semantic
8008,U+53D7,受,33,,60,semantic
8009,U+53D8,变,42,,60,semantic
8010,U+53D9,叙,33,,60,semantic
8011,U+53DA,叚,47,,60,semantic
8012,U+53DB,叛,42,,60,semantic
8013,U+53DC,叜,57,,60,semantic
8014,U+53DD,叝,20,,60,semantic
8015,U+53DE,叞,0,,60,semantic
8016,U+53DF,叟,57,,60,semantic
8017,U+53E0,叠,52,,60,semantic
8018,U+53E1,叡,28,,60,semantic
8019,U+53E2,叢,41,,60,semantic
8020,U+53E3,口,17,,60,semantic
8021,U+53E4,古,12,,60,semantic
8022,U+53E5,句,47,,60,semantic
8023,U+53E6,另,33,,60,semantic
8024,U+53E7,叧,52,,60,semantic
8025,U+53E8,叨,8,,60,semantic
8026,U+53E9,叩,8,,60,semantic
8027,U+53EA,只,34,,60,semantic
8028,U+53EB,叫,8,,60,semantic
8029,U+53EC,召,12,,60,semantic
8030,U+53ED,叭,8,,60,semantic
8031,U+53EE,叮,33,,60,semantic
8032,U+53EF,可,33,,60,semantic
8033,U+53F0,台,47,,60,semantic
8034,U+53F1,叱,8,,60,semantic
8035,U+53F3,右,33,,60,semantic
8036,U+53F4,叴,2,,60,semantic
8037,U+53F5,叵,34,,60,semantic
8038,U+53F6,叶,20,,60,semantic
8039,U+53F7,号,47,,60,semantic
8040,U+53F9,叹,28,,60,semantic
8041,U+53FA,叺,27,,60,semantic
8042,U+53FB,叻,32,,60,semantic
8043,U+53FC,叼,17,,60,semantic
8044,U+53FD,叽,15,,60,semantic
8045,U+53FE,叾,43,,60,semantic
8046,U+53FF,叿,0,,60,semantic
8047,U+5400,吀,0,,60,semantic
8048,U+5401,吁,8,,60,semantic
8049,U+5402,吂,0,,60,semantic
8050,U+5403,吃,33,,60,semantic
8051,U+5404,各,33,,60,semantic
8052,U+5405,吅,0,,60,semantic
8053,U+5406,吆,8,,60,semantic
8054,U+5407,吇,0,,60,semantic
8055,U+5408,合,33,,60,semantic
8056,U+5409,吉,28,,60,semantic
8057,U+540A,吊,15,,60,semantic
8058,U+540B,吋,47,,60,semantic
8059,U+540C,同,47,,60,semantic
8060,U+540D,名,32,,60,semantic
8061,U+540E,后,12,,60,semantic
8062,U+540F,吏,12,,60,semantic
8063,U+5410,吐,8,,60,semantic
8064,U+5411,向,31,,60,semantic
8065,U+5412,吒,8,,60,semantic
8066,U+5413,吓,36,,60,semantic
8067,U+5414,吔,8,,60,semantic
8068,U+5415,吕,32,,60,semantic
8069,U+5416,吖,6,,60,semantic
8070,U+5417,吗,6,,60,semantic
8071,U+5418,吘,0,,60,semantic
8072,U+5419,吙,0,,60,semantic
8073,U+541A,吚,8,,60,semantic
8074,U+541B,君,12,,60,semantic
8075,U+541C,吜,0,,60,semantic
8076,U+541D,吝,45,,60,semantic
8077,U+541E,吞,17,,60,semantic
8078,U+541F,吟,8,,60,semantic
8079,U+5420,吠,8,,60,semantic
8080,U+5421,吡,42,,60,semantic
8081,U+5422,吢,56,,60,semantic
8082,U+5423,吣,56,,60,semantic
8083,U+5424,吤,0,,60,semantic
8084,U+5425,吥,56,,60,semantic
8085,U+5426,否,6,,60,semantic
8086,U+5427,吧,6,,60,semantic
8087,U+5428,吨,18,,60,semantic
8088,U+5429,吩,33,,60,semantic
8089,U+542A,吪,31,,60,semantic
8090,U+542B,含,13,,60,semantic
8091,U+542C,听,33,,60,semantic
8092,U+542D,吭,17,,60,semantic
8093,U+542E,吮,17,,60,semantic
8094,U+542F,启,33,,60,semantic
8095,U+5430,吰,47,,60,semantic
8096,U+5431,吱,8,,60,semantic
8097,U+5432,吲,28,,60,semantic
8098,U+5433,吳,12,,60,semantic
8099,U+5434,吴,32,,60,semantic
8100,U+5435,吵,8,,60,semantic
8101,U+5436,吶,8,,60,semantic
8102,U+5437,吷,8,,60,semantic
8103,U+5438,吸,8,,60,semantic
8104,U+5439,吹,8,,60,semantic
8105,U+543A,吺,0,,60,semantic
8106,U+543B,吻,17,,60,semantic
8107,U+543C,吼,8,,60,semantic
8108,U+543D,吽,45,,60,semantic
8109,U+543E,吾,20,,60,semantic
8110,U+543F,吿,42,,60,semantic
8111,U+5440,呀,49,,60,semantic
8112,U+5441,呁,0,,60,semantic
8113,U+5442,呂,32,,60,semantic
8114,U+5443,呃,13,,60,semantic
8115,U+5444,呄,0,,60,semantic
8116,U+5445,呅,29,,60,semantic
8117,U+5446,呆,45,,60,semantic
8118,U+5447,呇,12,,60,semantic
8119,U+5448,呈,33,,60,semantic
8120,U+5449,呉,32,,60,semantic
8121,U+544A,告,33,,60,semantic
8122,U+544B,呋,6,,60,semantic
8123,U+544C,呌,13,,60,semantic
8124,U+544D,呍,8,,60,semantic
8125,U+544E,呎,51,,60,semantic
8126,U+544F,呏,26,,60,semantic
8127,U+5450,呐,8,,60,semantic
8128,U+5451,呑,17,,60,semantic
8129,U+5452,呒,47,,60,semantic
8130,U+5453,呓,8,,60,semantic
8131,U+5454,呔,27,,60,semantic
8132,U+5455,呕,56,,60,semantic
8133,U+5456,呖,47,,60,semantic
8134,U+5457,呗,6,,60,semantic
8135,U+5458,员,33,,60,semantic
8136,U+5459,呙,17,,60,semantic
8137,U+545A,呚,0,,60,semantic
8138,U+545B,呛,17,,60,semantic
8139,U+545C,呜,15,,60,semantic
8140,U+545D,呝,53,,60,semantic
8141,U+545E,呞,0,,60,semantic
8142,U+545F,呟,8,,60,semantic
8143,U+5460,呠,8,,60,semantic
8144,U+5461,呡,17,,60,semantic
8145,U+5462,呢,47,,60,semantic
8146,U+5463,呣,47,,60,semantic
8147,U+5464,呤,38,,60,semantic
8148,U+5465,呥,47,,60,semantic
8149,U+5466,呦,19,,60,semantic
8150,U+5467,呧,42,,60,semantic
8151,U+5469,呩,0,,60,semantic
8152,U+546A,呪,42,,60,semantic
8153,U+546B,呫,8,,60,semantic
8154,U+546C,呬,20,,60,semantic
8155,U+546D,呭,33,,60,semantic
8156,U+546E,呮,20,,60,semantic
8157,U+546F,呯,8,,60,semantic
8158,U+5470,呰,42,,60,semantic
8159,U+5471,呱,8,,60,semantic
8160,U+5472,呲,8,,60,semantic
8161,U+5473,味,49,,60,semantic
8162,U+5474,呴,8,,60,semantic
8163,U+5475,呵,8,,60,semantic
8164,U+5476,呶,8,,60,semantic
8165,U+5477,呷,17,,60,semantic
8166,U+5478,呸,42,,60,semantic
8167,U+5479,呹,3,,60,semantic
8168,U+547A,呺,15,,60,semantic
8169,U+547B,呻,8,,60,semantic
8170,U+547C,呼,8,,60,semantic
8171,U+547D,命,33,,60,semantic
8172,U+547E,呾,0,,60,semantic
8173,U+547F,呿,8,,60,semantic
8174,U+5480,咀,17,,60,semantic
8175,U+5481,咁,47,,60,semantic
8176,U+5482,咂,42,,60,semantic
8177,U+5483,咃,0,,60,semantic
8178,U+5484,咄,15,,60,semantic
8179,U+5485,咅,17,,60,semantic
8180,U+5486,咆,8,,60,semantic
8181,U+5487,咇,53,,60,semantic
8182,U+5488,咈,42,,60,semantic
8183,U+5489,咉,8,,60,semantic
8184,U+548A,咊,28,,60,semantic
8185,U+548B,咋,8,,60,semantic
8186,U+548C,和,28,,60,semantic
8187,U+548D,咍,8,,60,semantic
8188,U+548E,咎,42,,60,semantic
8189,U+548F,咏,8,,60,semantic
8190,U+5490,咐,47,,60,semantic
8191,U+5491,咑,53,,60,semantic
8192,U+5492,咒,42,,60,semantic
8193,U+5493,咓,6,,60,semantic
8194,U+5494,咔,47,,60,semantic
8195,U+5495,咕,8,,60,semantic
8196,U+5496,咖,26,,60,semantic
8197,U+5497,咗,28,,60,semantic
8198,U+5498,咘,57,,60,semantic
8199,U+5499,咙,17,,60,semantic
8200,U+549A,咚,8,,60,semantic
8201,U+549B,咛,33,,60,semantic
8202,U+549C,咜,42,,60,semantic
8203,U+549D,咝,8,,60,semantic
8204,U+549E,咞,0,,60,semantic
8205,U+549F,咟,0,,60,semantic
8206,U+54A0,咠,42,,60,semantic
8207,U+54A1,咡,17,,60,semantic
8208,U+54A2,咢,8,,60,semantic
8209,U+54A3,咣,9,,60,semantic
8210,U+54A4,咤,8,,60,semantic
8211,U+54A5,咥,8,,60,semantic
8212,U+54A6,咦,36,,60,semantic
8213,U+54A7,咧,17,,60,semantic
8214,U+54A8,咨,33,,60,semantic
8215,U+54A9,咩,19,,60,semantic
8216,U+54AA,咪,8,,60,semantic
8217,U+54AB,咫,43,,60,semantic
8218,U+54AC,咬,17,,60,semantic
8219,U+54AD,咭,2,,60,semantic
8220,U+54AE,咮,17,,60,semantic
8221,U+54AF,咯,6,,60,semantic
8222,U+54B0,咰,0,,60,semantic
8223,U+54B1,咱,57,,60,semantic
8224,U+54B2,咲,28,,60,semantic
8225,U+54B3,咳,56,,60,semantic
8226,U+54B4,咴,53,,60,semantic
8227,U+54B5,咵,20,,60,semantic
8228,U+54B6,咶,0,,60,semantic
8229,U+54B7,咷,8,,60,semantic
8230,U+54B8,咸,47,,60,semantic
8231,U+54B9,咹,8,,60,semantic
8232,U+54BA,咺,18,,60,semantic
8233,U+54BB,咻,8,,60,semantic
8234,U+54BC,咼,17,,60,semantic
8235,U+54BD,咽,17,,60,semantic
8236,U+54BE,咾,8,,60,semantic
8237,U+54BF,咿,8,,60,semantic
8238,U+54C0,哀,15,,60,semantic
8239,U+54C1,品,29,,60,semantic
8240,U+54C2,哂,28,,60,semantic
8241,U+54C3,哃,0,,60,semantic
8242,U+54C4,哄,42,,60,semantic
8243,U+54C5,哅,0,,60,semantic
8244,U+54C6,哆,36,,60,semantic
8245,U+54C7,哇,15,,60,semantic
8246,U+54C8,哈,8,,60,semantic
8247,U+54C9,哉,56,,60,semantic
8248,U+54CA,哊,0,,60,semantic
8249,U+54CB,哋,33,,60,semantic
8250,U+54CC,哌,47,,60,semantic
8251,U+54CD,响,8,,60,semantic
8252,U+54CE,哎,36,,60,semantic
8253,U+54CF,哏,53,,60,semantic
8254,U+54D0,哐,8,,60,semantic
8255,U+54D1,哑,8,,60,semantic
8256,U+54D2,哒,35,,60,semantic
8257,U+54D3,哓,36,,60,semantic
8258,U+54D4,哔,32,,60,semantic
8259,U+54D5,哕,56,,60,semantic
8260,U+54D6,哖,0,,60,semantic
8261,U+54D7,哗,8,,60,semantic
8262,U+54D8,哘,0,,60,semantic
8263,U+54D9,哙,17,,60,semantic
8264,U+54DA,哚,29,,60,semantic
8265,U+54DB,哛,0,,60,semantic
8266,U+54DC,哜,24,,60,semantic
8267,U+54DD,哝,8,,60,semantic
8268,U+54DE,哞,33,,60,semantic
8269,U+54DF,哟,6,,60,semantic
8270,U+54E0,哠,0,,60,semantic
8271,U+54E1,員,57,,60,semantic
8272,U+54E2,哢,8,,60,semantic
8273,U+54E3,哣,56,,60,semantic
8274,U+54E4,哤,53,,60,semantic
8275,U+54E5,哥,57,,60,semantic
8276,U+54E6,哦,47,,60,semantic
8277,U+54E7,哧,8,,60,semantic
8278,U+54E8,哨,8,,60,semantic
8279,U+54E9,哩,31,,60,semantic
8280,U+54EA,哪,47,,60,semantic
8281,U+54EB,哫,47,,60,semantic
8282,U+54EC,哬,0,,60,semantic
8283,U+54ED,哭,15,,60,semantic
8284,U+54EE,哮,8,,60,semantic
8285,U+54EF,哯,0,,60,semantic
8286,U+54F0,哰,8,,60,semantic
8287,U+54F1,哱,0,,60,semantic
8288,U+54F2,哲,28,,60,semantic
8289,U+54F3,哳,47,,60,semantic
8290,U+54F4,哴,15,,60,semantic
8291,U+54F5,哵,44,,60,semantic
8292,U+54F6,哶,47,,60,semantic
8293,U+54F7,哷,0,,60,semantic
8294,U+54F8,哸,0,,60,semantic
8295,U+54F9,哹,0,,60,semantic
8296,U+54FA,哺,54,,60,semantic
8297,U+54FB,哻,0,,60,semantic
8298,U+54FC,哼,8,,60,semantic
8299,U+54FD,哽,17,,60,semantic
8300,U+54FE,哾,0,,60,semantic
8301,U+54FF,哿,28,,60,semantic
8302,U+5500,唀,0,,60,semantic
8303,U+5501,唁,15,,60,semantic
8304,U+5502,唂,8,,60,semantic
8305,U+5503,唃,0,,60,semantic
8306,U+5504,唄,33,,60,semantic
8307,U+5505,唅,8,,60,semantic
8308,U+5506,唆,33,,60,semantic
8309,U+5507,唇,17,,60,semantic
8310,U+5508,唈,15,,60,semantic
8311,U+5509,唉,36,,60,semantic
8312,U+550A,唊,13,,60,semantic
8313,U+550B,唋,0,,60,semantic
8314,U+550C,唌,0,,60,semantic
8315,U+550D,唍,0,,60,semantic
8316,U+550E,唎,8,,60,semantic
8317,U+550F,唏,15,,60,semantic
8318,U+5510,唐,43,,60,semantic
8319,U+5511,唑,53,,60,semantic
8320,U+5512,唒,0,,60,semantic
8321,U+5513,唓,47,,60,semantic
8322,U+5514,唔,17,,60,semantic
8323,U+5515,唕,8,,60,semantic
8324,U+5516,唖,8,,60,semantic
8325,U+5517,唗,8,,60,semantic
8326,U+5518,唘,0,,60,semantic
8327,U+5519,唙,53,,60,semantic
8328,U+551A,唚,56,,60,semantic
8329,U+551B,唛,33,,60,semantic
8330,U+551C,唜,0,,60,semantic
8331,U+551D,唝,32,,60,semantic
8332,U+551E,唞,8,,60,semantic
8333,U+551F,唟,32,,60,semantic
8334,U+5520,唠,8,,60,semantic
8335,U+5521,唡,47,,60,semantic
8336,U+5522,唢,53,,60,semantic
8337,U+5523,唣,8,,60,semantic
8338,U+5524,唤,53,,60,semantic
8339,U+5525,唥,47,,60,semantic
8340,U+5526,唦,0,,60,semantic
8341,U+5527,唧,58,,60,semantic
8342,U+5528,唨,15,,60,semantic
8343,U+5529,唩,0,,60,semantic
8344,U+552A,唪,20,,60,semantic
8345,U+552B,唫,20,,60,semantic
8346,U+552C,唬,36,,60,semantic
8347,U+552D,唭,0,,60,semantic
8348,U+552E,售,29,,60,semantic
8349,U+552F,唯,34,,60,semantic
8350,U+5530,唰,53,,60,semantic
8351,U+5531,唱,8,,60,semantic
8352,U+5532,唲,8,,60,semantic
8353,U+5533,唳,15,,60,semantic
8354,U+5534,唴,0,,60,semantic
8355,U+5535,唵,43,,60,semantic
8356,U+5536,唶,8,,60,semantic
8357,U+5537,唷,6,,60,semantic
8358,U+5538,唸,8,,60,semantic
8359,U+5539,唹,28,,60,semantic
8360,U+553A,唺,0,,60,semantic
8361,U+553B,唻,0,,60,semantic
8362,U+553C,唼,44,,60,semantic
8363,U+553D,唽,47,,60,semantic
8364,U+553E,唾,17,,60,semantic
8365,U+553F,唿,15,,60,semantic
8366,U+5540,啀,8,,60,semantic
8367,U+5541,啁,53,,60,semantic
8368,U+5542,啂,0,,60,semantic
8369,U+5543,啃,17,,60,semantic
8370,U+5544,啄,42,,60,semantic
8371,U+5545,啅,0,,60,semantic
8372,U+5546,商,29,,60,semantic
8373,U+5547,啇,51,,60,semantic
8374,U+5548,啈,18,,60,semantic
8375,U+5549,啉,45,,60,semantic
8376,U+554A,啊,56,,60,semantic
8377,U+554B,啋,20,,60,semantic
8378,U+554C,啌,19,,60,semantic
8379,U+554D,啍,17,,60,semantic
8380,U+554E,啎,42,,60,semantic
8381,U+554F,問,20,,60,semantic
8382,U+5550,啐,8,,60,semantic
8383,U+5551,啑,31,,60,semantic
8384,U+5552,啒,0,,60,semantic
8385,U+5553,啓,33,,60,semantic
8386,U+5554,啔,20,,60,semantic
8387,U+5555,啕,8,,60,semantic
8388,U+5556,啖,54,,60,semantic
8389,U+5557,啗,17,,60,semantic
8390,U+5558,啘,0,,60,semantic
8391,U+5559,啙,45,,60,semantic
8392,U+555A,啚,45,,60,semantic
8393,U+555B,啛,47,,60,semantic
8394,U+555C,啜,8,,60,semantic
8395,U+555D,啝,6,,60,semantic
8396,U+555E,啞,8,,60,semantic
8397,U+555F,啟,34,,60,semantic
8398,U+5560,啠,0,,60,semantic
8399,U+5561,啡,49,,60,semantic
8400,U+5562,啢,47,,60,semantic
8401,U+5563,啣,17,,60,semantic
8402,U+5564,啤,24,,60,semantic
8403,U+5565,啥,33,,60,semantic
8404,U+5566,啦,6,,60,semantic
8405,U+5567,啧,28,,60,semantic
8406,U+5568,啨,0,,60,semantic
8407,U+5569,啩,47,,60,semantic
8408,U+556A,啪,8,,60,semantic
8409,U+556B,啫,8,,60,semantic
8410,U+556C,啬,45,,60,semantic
8411,U+556D,啭,53,,60,semantic
8412,U+556E,啮,17,,60,semantic
8413,U+556F,啯,8,,60,semantic
8414,U+5570,啰,8,,60,semantic
8415,U+5571,啱,33,,60,semantic
8416,U+5572,啲,47,,60,semantic
8417,U+5573,啳,0,,60,semantic
8418,U+5574,啴,53,,60,semantic
8419,U+5575,啵,8,,60,semantic
8420,U+5576,啶,49,,60,semantic
8421,U+5577,啷,8,,60,semantic
8422,U+5578,啸,8,,60,semantic
8423,U+5579,啹,42,,60,semantic
8424,U+557A,啺,0,,60,semantic
8425,U+557B,啻,20,,60,semantic
8426,U+557C,啼,15,,60,semantic
8427,U+557D,啽,47,,60,semantic
8428,U+557E,啾,8,,60,semantic
8429,U+557F,啿,0,,60,semantic
8430,U+5580,喀,49,,60,semantic
8431,U+5581,喁,25,,60,semantic
8432,U+5582,喂,33,,60,semantic
8433,U+5583,喃,8,,60,semantic
8434,U+5584,善,28,,60,semantic
8435,U+5585,喅,0,,60,semantic
8436,U+5586,喆,28,,60,semantic
8437,U+5587,喇,53,,60,semantic
8438,U+5588,喈,8,,60,semantic
8439,U+5589,喉,17,,60,semantic
8440,U+558A,喊,8,,60,semantic
8441,U+558B,喋,8,,60,semantic
8442,U+558C,喌,8,,60,semantic
8443,U+558D,喍,0,,60,semantic
8444,U+558E,喎,17,,60,semantic
8445,U+558F,喏,33,,60,semantic
8446,U+5590,喐,1,,60,semantic
8447,U+5591,喑,15,,60,semantic
8448,U+5592,喒,57,,60,semantic
8449,U+5593,喓,8,,60,semantic
8450,U+5594,喔,15,,60,semantic
8451,U+5595,喕,0,,60,semantic
8452,U+5596,喖,0,,60,semantic
8453,U+5597,喗,0,,60,semantic
8454,U+5598,喘,56,,60,semantic
8455,U+5599,喙,17,,60,semantic
8456,U+559A,喚,13,,60,semantic
8457,U+559B,喛,0,,60,semantic
8458,U+559C,喜,28,,60,semantic
8459,U+559D,喝,8,,60,semantic
8460,U+559E,喞,58,,60,semantic
8461,U+559F,喟,8,,60,semantic
8462,U+55A0,喠,0,,60,semantic
8463,U+55A1,喡,0,,60,semantic
8464,U+55A2,喢,0,,60,semantic
8465,U+55A3,喣,8,,60,semantic
8466,U+55A4,喤,28,,60,semantic
8467,U+55A5,喥,9,,60,semantic
8468,U+55A6,喦,8,,60,semantic
8469,U+55A7,喧,8,,60,semantic
8470,U+55A8,喨,8,,60,semantic
8471,U+55A9,喩,33,,60,semantic
8472,U+55AA,喪,15,,60,semantic
8473,U+55AB,喫,54,,60,semantic
8474,U+55AC,喬,18,,60,semantic
8475,U+55AD,喭,47,,60,semantic
8476,U+55AE,單,34,,60,semantic
8477,U+55AF,喯,0,,60,semantic
8478,U+55B0,喰,54,,60,semantic
8479,U+55B1,喱,8,,60,semantic
8480,U+55B2,喲,6,,60,semantic
8481,U+55B3,喳,8,,60,semantic
8482,U+55B4,喴,8,,60,semantic
8483,U+55B5,喵,53,,60,semantic
8484,U+55B6,営,9,,60,semantic
8485,U+55B7,喷,13,,60,semantic
8486,U+55B8,喸,32,,60,semantic
8487,U+55B9,喹,6,,60,semantic
8488,U+55BA,喺,9,,60,semantic
8489,U+55BB,喻,47,,60,semantic
8490,U+55BC,喼,53,,60,semantic
8491,U+55BD,喽,47,,60,semantic
8492,U+55BE,喾,12,,60,semantic
8493,U+55BF,喿,44,,60,semantic
8494,U+55C0,嗀,0,,60,semantic
8495,U+55C1,嗁,8,,60,semantic
8496,U+55C2,嗂,0,,60,semantic
8497,U+55C3,嗃,53,,60,semantic
8498,U+55C4,嗄,8,,60,semantic
8499,U+55C5,嗅,49,,60,semantic
8500,U+55C6,嗆,17,,60,semantic
8501,U+55C7,嗇,45,,60,semantic
8502,U+55C8,嗈,44,,60,semantic
8503,U+55C9,嗉,3,,60,semantic
8504,U+55CA,嗊,32,,60,semantic
8505,U+55CB,嗋,0,,60,semantic
8506,U+55CC,嗌,17,,60,semantic
8507,U+55CD,嗍,42,,60,semantic
8508,U+55CE,嗎,6,,60,semantic
8509,U+55CF,嗏,6,,60,semantic
8510,U+55D0,嗐,47,,60,semantic
8511,U+55D1,嗑,54,,60,semantic
8512,U+55D2,嗒,36,,60,semantic
8513,U+55D3,嗓,17,,60,semantic
8514,U+55D4,嗔,15,,60,semantic
8515,U+55D5,嗕,0,,60,semantic
8516,U+55D6,嗖,8,,60,semantic
8517,U+55D7,嗗,47,,60,semantic
8518,U+55D8,嗘,0,,60,semantic
8519,U+55D9,嗙,47,,60,semantic
8520,U+55DA,嗚,15,,60,semantic
8521,U+55DB,嗛,46,,60,semantic
8522,U+55DC,嗜,15,,60,semantic
8523,U+55DD,嗝,17,,60,semantic
8524,U+55DE,嗞,20,,60,semantic
8525,U+55DF,嗟,8,,60,semantic
8526,U+55E0,嗠,0,,60,semantic
8527,U+55E1,嗡,8,,60,semantic
8528,U+55E2,嗢,8,,60,semantic
8529,U+55E3,嗣,57,,60,semantic
8530,U+55E4,嗤,8,,60,semantic
8531,U+55E5,嗥,8,,60,semantic
8532,U+55E6,嗦,45,,60,semantic
8533,U+55E7,嗧,26,,60,semantic
8534,U+55E8,嗨,36,,60,semantic
8535,U+55E9,嗩,53,,60,semantic
8536,U+55EA,嗪,32,,60,semantic
8537,U+55EB,嗫,17,,60,semantic
8538,U+55EC,嗬,6,,60,semantic
8539,U+55ED,嗭,32,,60,semantic
8540,U+55EE,嗮,47,,60,semantic
8541,U+55EF,嗯,6,,60,semantic
8542,U+55F0,嗰,33,,60,semantic
8543,U+55F1,嗱,36,,60,semantic
8544,U+55F2,嗲,17,,60,semantic
8545,U+55F3,嗳,36,,60,semantic
8546,U+55F4,嗴,0,,60,semantic
8547,U+55F5,嗵,8,,60,semantic
8548,U+55F6,嗶,32,,60,semantic
8549,U+55F7,嗷,8,,60,semantic
8550,U+55F8,嗸,8,,60,semantic
8551,U+55F9,嗹,8,,60,semantic
8552,U+55FA,嗺,0,,60,semantic
8553,U+55FB,嗻,20,,60,semantic
8554,U+55FC,嗼,9,,60,semantic
8555,U+55FD,嗽,17,,60,semantic
8556,U+55FE,嗾,20,,60,semantic
8557,U+55FF,嗿,53,,60,semantic
8558,U+5600,嘀,53,,60,semantic
8559,U+5601,嘁,15,,60,semantic
8560,U+5602,嘂,8,,60,semantic
8561,U+5603,嘃,0,,60,semantic
8562,U+5604,嘄,0,,60,semantic
8563,U+5605,嘅,8,,60,semantic
8564,U+5606,嘆,28,,60,semantic
8565,U+5607,嘇,0,,60,semantic
8566,U+5608,嘈,8,,60,semantic
8567,U+5609,嘉,28,,60,semantic
8568,U+560A,嘊,0,,60,semantic
8569,U+560B,嘋,8,,60,semantic
8570,U+560C,嘌,31,,60,semantic
8571,U+560D,嘍,33,,60,semantic
8572,U+560E,嘎,8,,60,semantic
8573,U+560F,嘏,18,,60,semantic
8574,U+5610,嘐,56,,60,semantic
8575,U+5611,嘑,20,,60,semantic
8576,U+5612,嘒,52,,60,semantic
8577,U+5613,嘓,8,,60,semantic
8578,U+5614,嘔,36,,60,semantic
8579,U+5615,嘕,0,,60,semantic
8580,U+5616,嘖,33,,60,semantic
8581,U+5617,嘗,17,,60,semantic
8582,U+5618,嘘,8,,60,semantic
8583,U+5619,嘙,0,,60,semantic
8584,U+561A,嘚,0,,60,semantic
8585,U+561B,嘛,56,,60,semantic
8586,U+561C,嘜,33,,60,semantic
8587,U+561D,嘝,0,,60,semantic
8588,U+561E,嘞,6,,60,semantic
8589,U+561F,嘟,8,,60,semantic
8590,U+5620,嘠,8,,60,semantic
8591,U+5621,嘡,47,,60,semantic
8592,U+5622,嘢,47,,60,semantic
8593,U+5623,嘣,8,,60,semantic
8594,U+5624,嘤,20,,60,semantic
8595,U+5625,嘥,5,,60,semantic
8596,U+5626,嘦,47,,60,semantic
8597,U+5627,嘧,6,,60,semantic
8598,U+5628,嘨,8,,60,semantic
8599,U+5629,嘩,8,,60,semantic
8600,U+562A,嘪,0,,60,semantic
8601,U+562B,嘫,0,,60,semantic
8602,U+562C,嘬,1,,60,semantic
8603,U+562D,嘭,31,,60,semantic
8604,U+562E,嘮,8,,60,semantic
8605,U+562F,嘯,8,,60,semantic
8606,U+5630,嘰,15,,60,semantic
8607,U+5631,嘱,47,,60,semantic
8608,U+5632,嘲,42,,60,semantic
8609,U+5633,嘳,0,,60,semantic
8610,U+5634,嘴,17,,60,semantic
8611,U+5635,嘵,36,,60,semantic
8612,U+5636,嘶,35,,60,semantic
8613,U+5637,嘷,8,,60,semantic
8614,U+5638,嘸,33,,60,semantic
8615,U+5639,嘹,8,,60,semantic
8616,U+563A,嘺,47,,60,semantic
8617,U+563B,嘻,28,,60,semantic
8618,U+563C,嘼,0,,60,semantic
8619,U+563D,嘽,53,,60,semantic
8620,U+563E,嘾,0,,60,semantic
8621,U+563F,嘿,34,,60,semantic
8622,U+5640,噀,17,,60,semantic
8623,U+5641,噁,56,,60,semantic
8624,U+5642,噂,33,,60,semantic
8625,U+5643,噃,6,,60,semantic
8626,U+5644,噄,0,,60,semantic
8627,U+5645,噅,42,,60,semantic
8628,U+5646,噆,17,,60,semantic
8629,U+5647,噇,54,,60,semantic
8630,U+5648,噈,0,,60,semantic
8631,U+5649,噉,17,,60,semantic
8632,U+564A,噊,0,,60,semantic
8633,U+564B,噋,17,,60,semantic
8634,U+564C,噌,8,,60,semantic
8635,U+564D,噍,17,,60,semantic
8636,U+564E,噎,17,,60,semantic
8637,U+564F,噏,20,,60,semantic
8638,U+5650,噐,55,,60,semantic
8639,U+5651,噑,8,,60,semantic
8640,U+5652,噒,52,,60,semantic
8641,U+5653,噓,8,,60,semantic
8642,U+5654,噔,15,,60,semantic
8643,U+5655,噕,42,,60,semantic
8644,U+5656,噖,0,,60,semantic
8645,U+5657,噗,5,,60,semantic
8646,U+5658,噘,56,,60,semantic
8647,U+5659,噙,17,,60,semantic
8648,U+565A,噚,33,,60,semantic
8649,U+565B,噛,17,,60,semantic
8650,U+565C,噜,8,,60,semantic
8651,U+565D,噝,8,,60,semantic
8652,U+565E,噞,25,,60,semantic
8653,U+565F,噟,0,,60,semantic
8654,U+5660,噠,35,,60,semantic
8655,U+5661,噡,0,,60,semantic
8656,U+5662,噢,15,,60,semantic
8657,U+5663,噣,17,,60,semantic
8658,U+5664,噤,34,,60,semantic
8659,U+5665,噥,8,,60,semantic
8660,U+5666,噦,56,,60,semantic
8661,U+5667,噧,0,,60,semantic
8662,U+5668,器,55,,60,semantic
8663,U+5669,噩,42,,60,semantic
8664,U+566A,噪,8,,60,semantic
8665,U+566B,噫,53,,60,semantic
8666,U+566C,噬,17,,60,semantic
8667,U+566D,噭,8,,60,semantic
8668,U+566E,噮,0,,60,semantic
8669,U+566F,噯,36,,60,semantic
8670,U+5670,噰,0,,60,semantic
8671,U+5671,噱,8,,60,semantic
8672,U+5672,噲,17,,60,semantic
8673,U+5673,噳,47,,60,semantic
8674,U+5674,噴,5,,60,semantic
8675,U+5675,噵,0,,60,semantic
8676,U+5676,噶,32,,60,semantic
8677,U+5677,噷,36,,60,semantic
8678,U+5678,噸,53,,60,semantic
8679,U+5679,噹,8,,60,semantic
8680,U+567A,噺,47,,60,semantic
8681,U+567B,噻,47,,60,semantic
8682,U+567C,噼,8,,60,semantic
8683,U+567D,噽,14,,60,semantic
8684,U+567E,噾,0,,60,semantic
8685,U+567F,噿,0,,60,semantic
8686,U+5680,嚀,33,,60,semantic
8687,U+5681,嚁,0,,60,semantic
8688,U+5682,嚂,0,,60,semantic
8689,U+5683,嚃,53,,60,semantic
8690,U+5684,嚄,8,,60,semantic
8691,U+5685,嚅,36,,60,semantic
8692,U+5686,嚆,8,,60,semantic
8693,U+5687,嚇,36,,60,semantic
8694,U+5688,嚈,0,,60,semantic
8695,U+5689,嚉,23,,60,semantic
8696,U+568A,嚊,53,,60,semantic
8697,U+568B,嚋,0,,60,semantic
8698,U+568C,嚌,23,,60,semantic
8699,U+568D,嚍,0,,60,semantic
8700,U+568E,嚎,8,,60,semantic
8701,U+568F,嚏,56,,60,semantic
8702,U+5690,嚐,17,,60,semantic
8703,U+5691,嚑,0,,60,semantic
8704,U+5692,嚒,0,,60,semantic
8705,U+5693,嚓,8,,60,semantic
8706,U+5694,嚔,56,,60,semantic
8707,U+5695,嚕,8,,60,semantic
8708,U+5696,嚖,0,,60,semantic
8709,U+5697,嚗,0,,60,semantic
8710,U+5698,嚘,0,,60,semantic
8711,U+5699,嚙,17,,60,semantic
8712,U+569A,嚚,20,,60,semantic
8713,U+569B,嚛,0,,60,semantic
8714,U+569C,嚜,34,,60,semantic
8715,U+569D,嚝,0,,60,semantic
8716,U+569E,嚞,0,,60,semantic
8717,U+569F,嚟,31,,60,semantic
8718,U+56A0,嚠,8,,60,semantic
8719,U+56A1,嚡,47,,60,semantic
8720,U+56A2,嚢,27,,60,semantic
8721,U+56A3,嚣,8,,60,semantic
8722,U+56A4,嚤,45,,60,semantic
8723,U+56A5,嚥,17,,60,semantic
8724,U+56A6,嚦,47,,60,semantic
8725,U+56A7,嚧,0,,60,semantic
8726,U+56A8,嚨,17,,60,semantic
8727,U+56A9,嚩,0,,60,semantic
8728,U+56AA,嚪,0,,60,semantic
8729,U+56AB,嚫,56,,60,semantic
8730,U+56AC,嚬,15,,60,semantic
8731,U+56AD,嚭,14,,60,semantic
8732,U+56AE,嚮,33,,60,semantic
8733,U+56AF,嚯,0,,60,semantic
8734,U+56B0,嚰,0,,60,semantic
8735,U+56B1,嚱,8,,60,semantic
8736,U+56B2,嚲,8,,60,semantic
8737,U+56B3,嚳,12,,60,semantic
8738,U+56B4,嚴,18,,60,semantic
8739,U+56B5,嚵,29,,60,semantic
8740,U+56B6,嚶,44,,60,semantic
8741,U+56B7,嚷,8,,60,semantic
8742,U+56B8,嚸,0,,60,semantic
8743,U+56B9,嚹,47,,60,semantic
8744,U+56BA,嚺,0,,60,semantic
8745,U+56BB,嚻,42,,60,semantic
8746,U+56BC,嚼,52,,60,semantic
8747,U+56BD,嚽,0,,60,semantic
8748,U+56BE,嚾,0,,60,semantic
8749,U+56BF,嚿,47,,60,semantic
8750,U+56C0,囀,53,,60,semantic
8751,U+56C1,囁,17,,60,semantic
8752,U+56C2,囂,8,,60,semantic
8753,U+56C3,囃,20,,60,semantic
8754,U+56C4,囄,47,,60,semantic
8755,U+56C5,囅,28,,60,semantic
8756,U+56C6,囆,0,,60,semantic
8757,U+56C7,囇,0,,60,semantic
8758,U+56C8,囈,8,,60,semantic
8759,U+56C9,囉,6,,60,semantic
8760,U+56CA,囊,27,,60,semantic
8761,U+56CB,囋,0,,60,semantic
8762,U+56CC,囌,42,,60,semantic
8763,U+56CD,囍,28,,60,semantic
8764,U+56CE,囎,0,,60,semantic
8765,U+56CF,囏,0,,60,semantic
8766,U+56D0,囐,0,,60,semantic
8767,U+56D1,囑,33,,60,semantic
8768,U+56D2,囒,8,,60,semantic
8769,U+56D3,囓,53,,60,semantic
8770,U+56D4,囔,8,,60,semantic
8771,U+56D5,囕,0,,60,semantic
8772,U+56D6,囖,47,,60,semantic
8773,U+56D7,囗,51,,60,semantic
8774,U+56D8,囘,31,,60,semantic
8775,U+56D9,囙,57,,60,semantic
8776,U+56DA,囚,9,,60,semantic
8777,U+56DB,四,47,,60,semantic
8778,U+56DC,囜,0,,60,semantic
8779,U+56DD,囝,57,,60,semantic
8780,U+56DE,回,31,,60,semantic
8781,U+56DF,囟,4,,60,semantic
8782,U+56E0,因,33,,60,semantic
8783,U+56E1,囡,57,,60,semantic
8784,U+56E2,团,14,,60,semantic
8785,U+56E3,団,14,,60,semantic
8786,U+56E4,囤,48,,60,semantic
8787,U+56E5,囥,34,,60,semantic
8788,U+56E6,囦,0,,60,semantic
8789,U+56E7,囧,0,,60,semantic
8790,U+56E8,囨,0,,60,semantic
8791,U+56E9,囩,0,,60,semantic
8792,U+56EA,囪,39,,60,semantic
8793,U+56EB,囫,47,,60,semantic
8794,U+56EC,囬,20,,60,semantic
8795,U+56ED,园,3,,60,semantic
8796,U+56EE,囮,42,,60,semantic
8797,U+56EF,囯,47,,60,semantic
8798,U+56F0,困,36,,60,semantic
8799,U+56F1,囱,39,,60,semantic
8800,U+56F2,囲,46,,60,semantic
8801,U+56F3,図,14,,60,semantic
8802,U+56F4,围,9,,60,semantic
8803,U+56F5,囵,47,,60,semantic
8804,U+56F6,囶,0,,60,semantic
8805,U+56F7,囷,48,,60,semantic
8806,U+56F8,囸,0,,60,semantic
8807,U+56F9,囹,9,,60,semantic
8808,U+56FA,固,52,,60,semantic
8809,U+56FB,囻,0,,60,semantic
8810,U+56FC,囼,0,,60,semantic
8811,U+56FD,国,12,,60,semantic
8812,U+56FE,图,14,,60,semantic
8813,U+56FF,囿,33,,60,semantic
8814,U+5700,圀,12,,60,semantic
8815,U+5701,圁,0,,60,semantic
8816,U+5702,圂,19,,60,semantic
8817,U+5703,圃,3,,60,semantic
8818,U+5704,圄,9,,60,semantic
8819,U+5705,圅,47,,60,semantic
8820,U+5706,圆,14,,60,semantic
8821,U+5707,圇,47,,60,semantic
8822,U+5708,圈,14,,60,semantic
8823,U+5709,圉,9,,60,semantic
8824,U+570A,圊,9,,60,semantic
8825,U+570B,國,12,,60,semantic
8826,U+570C,圌,9,,60,semantic
8827,U+570D,圍,9,,60,semantic
8828,U+570E,圎,14,,60,semantic
8829,U+570F,圏,14,,60,semantic
8830,U+5710,圐,43,,60,semantic
8831,U+5711,圑,0,,60,semantic
8832,U+5712,園,3,,60,semantic
8833,U+5713,圓,14,,60,semantic
8834,U+5714,圔,0,,60,semantic
8835,U+5715,圕,47,,60,semantic
8836,U+5716,圖,14,,60,semantic
8837,U+5717,圗,47,,60,semantic
8838,U+5718,團,14,,60,semantic
8839,U+5719,圙,0,,60,semantic
8840,U+571A,圚,0,,60,semantic
8841,U+571B,圛,32,,60,semantic
8842,U+571C,圜,9,,60,semantic
8843,U+571D,圝,47,,60,semantic
8844,U+571E,圞,47,,60,semantic
8845,U+571F,土,14,,60,semantic
8846,U+5720,圠,0,,60,semantic
8847,U+5721,圡,0,,60,semantic
8848,U+5722,圢,47,,60,semantic
8849,U+5723,圣,12,,60,semantic
8850,U+5724,圤,0,,60,semantic
8851,U+5725,圥,38,,60,semantic
8852,U+5726,圦,10,,60,semantic
8853,U+5727,圧,13,,60,semantic
8854,U+5728,在,20,,60,semantic
8855,U+5729,圩,22,,60,semantic
8856,U+572A,圪,14,,60,semantic
8857,U+572B,圫,0,,60,semantic
8858,U+572C,圬,14,,60,semantic
8859,U+572D,圭,40,,60,semantic
8860,U+572E,圮,42,,60,semantic
8861,U+572F,圯,10,,60,semantic
8862,U+5730,地,14,,60,semantic
8863,U+5731,圱,0,,60,semantic
8864,U+5732,圲,0,,60,semantic
8865,U+5733,圳,10,,60,semantic
8866,U+5734,圴,0,,60,semantic
8867,U+5735,圵,0,,60,semantic
8868,U+5736,圶,0,,60,semantic
8869,U+5737,圷,0,,60,semantic
8870,U+5738,圸,0,,60,semantic
8871,U+5739,圹,14,,60,semantic
8872,U+573A,场,9,,60,semantic
8873,U+573B,圻,9,,60,semantic
8874,U+573C,圼,0,,60,semantic
8875,U+573D,圽,0,,60,semantic
8876,U+573E,圾,49,,60,semantic
8877,U+573F,圿,0,,60,semantic
8878,U+5740,址,32,,60,semantic
8879,U+5741,坁,0,,60,semantic
8880,U+5742,坂,22,,60,semantic
8881,U+5743,坃,0,,60,semantic
8882,U+5744,坄,0,,60,semantic
8883,U+5745,坅,0,,60,semantic
8884,U+5746,坆,14,,60,semantic
8885,U+5747,均,47,,60,semantic
8886,U+5748,坈,0,,60,semantic
8887,U+5749,坉,0,,60,semantic
8888,U+574A,坊,12,,60,semantic
8889,U+574B,坋,14,,60,semantic
8890,U+574C,坌,14,,60,semantic
8891,U+574D,坍,5,,60,semantic
8892,U+574E,坎,14,,60,semantic
8893,U+574F,坏,42,,60,semantic
8894,U+5750,坐,59,,60,semantic
8895,U+5751,坑,14,,60,semantic
8896,U+5752,坒,47,,60,semantic
8897,U+5753,坓,0,,60,semantic
8898,U+5754,坔,0,,60,semantic
8899,U+5755,坕,0,,60,semantic
8900,U+5756,坖,0,,60,semantic
8901,U+5757,块,52,,60,semantic
8902,U+5758,坘,0,,60,semantic
8903,U+5759,坙,0,,60,semantic
8904,U+575A,坚,18,,60,semantic
8905,U+575B,坛,12,,60,semantic
8906,U+575C,坜,14,,60,semantic
8907,U+575D,坝,10,,60,semantic
8908,U+575E,坞,9,,60,semantic
8909,U+575F,坟,14,,60,semantic
8910,U+5760,坠,5,,60,semantic
8911,U+5761,坡,22,,60,semantic
8912,U+5762,坢,0,,60,semantic
8913,U+5763,坣,14,,60,semantic
8914,U+5764,坤,57,,60,semantic
8915,U+5765,坥,0,,60,semantic
8916,U+5766,坦,45,,60,semantic
8917,U+5767,坧,0,,60,semantic
8918,U+5768,坨,14,,60,semantic
8919,U+5769,坩,55,,60,semantic
8920,U+576A,坪,47,,60,semantic
8921,U+576B,坫,24,,60,semantic
8922,U+576C,坬,0,,60,semantic
8923,U+576D,坭,49,,60,semantic
8924,U+576E,坮,47,,60,semantic
8925,U+576F,坯,10,,60,semantic
8926,U+5770,坰,53,,60,semantic
8927,U+5771,坱,49,,60,semantic
8928,U+5772,坲,0,,60,semantic
8929,U+5773,坳,14,,60,semantic
8930,U+5774,坴,14,,60,semantic
8931,U+5775,坵,55,,60,semantic
8932,U+5776,坶,0,,60,semantic
8933,U+5777,坷,14,,60,semantic
8934,U+5778,坸,0,,60,semantic
8935,U+5779,坹,0,,60,semantic
8936,U+577A,坺,45,,60,semantic
8937,U+577B,坻,14,,60,semantic
8938,U+577C,坼,52,,60,semantic
8939,U+577D,坽,0,,60,semantic
8940,U+577E,坾,0,,60,semantic
8941,U+577F,坿,14,,60,semantic
8942,U+5780,垀,0,,60,semantic
8943,U+5781,垁,0,,60,semantic
8944,U+5782,垂,5,,60,semantic
8945,U+5783,垃,5,,60,semantic
8946,U+5784,垄,14,,60,semantic
8947,U+5785,垅,14,,60,semantic
8948,U+5786,垆,9,,60,semantic
8949,U+5787,垇,32,,60,semantic
8950,U+5788,垈,32,,60,semantic
8951,U+5789,垉,0,,60,semantic
8952,U+578A,垊,0,,60,semantic
8953,U+578B,型,33,,60,semantic
8954,U+578C,垌,32,,60,semantic
8955,U+578D,垍,14,,60,semantic
8956,U+578E,垎,0,,60,semantic
8957,U+578F,垏,0,,60,semantic
8958,U+5790,垐,0,,60,semantic
8959,U+5791,垑,0,,60,semantic
8960,U+5792,垒,9,,60,semantic
8961,U+5793,垓,9,,60,semantic
8962,U+5794,垔,10,,60,semantic
8963,U+5795,垕,32,,60,semantic
8964,U+5796,垖,0,,60,semantic
8965,U+5797,垗,29,,60,semantic
8966,U+5798,垘,0,,60,semantic
8967,U+5799,垙,0,,60,semantic
8968,U+579A,垚,14,,60,semantic
8969,U+579B,垛,52,,60,semantic
8970,U+579C,垜,14,,60,semantic
8971,U+579D,垝,42,,60,semantic
8972,U+579E,垞,14,,60,semantic
8973,U+579F,垟,32,,60,semantic
8974,U+57A0,垠,10,,60,semantic
8975,U+57A1,垡,14,,60,semantic
8976,U+57A2,垢,49,,60,semantic
8977,U+57A3,垣,9,,60,semantic
8978,U+57A4,垤,22,,60,semantic
8979,U+57A5,垥,0,,60,semantic
8980,U+57A6,垦,3,,60,semantic
8981,U+57A7,垧,47,,60,semantic
8982,U+57A8,垨,0,,60,semantic
8983,U+57A9,垩,12,,60,semantic
8984,U+57AA,垪,0,,60,semantic
8985,U+57AB,垫,29,,60,semantic
8986,U+57AC,垬,0,,60,semantic
8987,U+57AD,垭,32,,60,semantic
8988,U+57AE,垮,5,,60,semantic
8989,U+57AF,垯,14,,60,semantic
8990,U+57B0,垰,0,,60,semantic
8991,U+57B1,垱,21,,60,semantic
8992,U+57B2,垲,34,,60,semantic
8993,U+57B3,垳,0,,60,semantic
8994,U+57B4,垴,22,,60,semantic
8995,U+57B5,垵,14,,60,semantic
8996,U+57B6,垶,0,,60,semantic
8997,U+57B7,垷,0,,60,semantic
8998,U+57B8,垸,22,,60,semantic
8999,U+57B9,垹,0,,60,semantic
9000,U+57BA,垺,0,,60,semantic
9001,U+57BB,垻,22,,60,semantic
9002,U+57BC,垼,0,,60,semantic
9003,U+57BD,垽,10,,60,semantic
9004,U+57BE,垾,0,,60,semantic
9005,U+57BF,垿,0,,60,semantic
9006,U+57C0,埀,5,,60,semantic
9007,U+57C1,埁,0,,60,semantic
9008,U+57C2,埂,23,,60,semantic
9009,U+57C3,埃,49,,60,semantic
9010,U+57C4,埄,16,,60,semantic
9011,U+57C5,埅,0,,60,semantic
9012,U+57C6,埆,53,,60,semantic
9013,U+57C7,埇,10,,60,semantic
9014,U+57C8,埈,18,,60,semantic
9015,U+57C9,埉,0,,60,semantic
9016,U+57CA,埊,0,,60,semantic
9017,U+57CB,埋,34,,60,semantic
9018,U+57CC,埌,49,,60,semantic
9019,U+57CD,埍,0,,60,semantic
9020,U+57CE,城,43,,60,semantic
9021,U+57CF,埏,9,,60,semantic
9022,U+57D0,埐,0,,60,semantic
9023,U+57D1,埑,0,,60,semantic
9024,U+57D2,埒,9,,60,semantic
9025,U+57D3,埓,9,,60,semantic
9026,U+57D4,埔,55,,60,semantic
9027,U+57D5,埕,26,,60,semantic
9028,U+57D6,埖,0,,60,semantic
9029,U+57D7,埗,55,,60,semantic
9030,U+57D8,埘,53,,60,semantic
9031,U+57D9,埙,47,,60,semantic
9032,U+57DA,埚,33,,60,semantic
9033,U+57DB,埛,0,,60,semantic
9034,U+57DC,埜,3,,60,semantic
9035,U+57DD,埝,47,,60,semantic
9036,U+57DE,埞,32,,60,semantic
9037,U+57DF,域,33,,60,semantic
9038,U+57E0,埠,55,,60,semantic
9039,U+57E1,埡,32,,60,semantic
9040,U+57E2,埢,0,,60,semantic
9041,U+57E3,埣,0,,60,semantic
9042,U+57E4,埤,46,,60,semantic
9043,U+57E5,埥,0,,60,semantic
9044,U+57E6,埦,26,,60,semantic
9045,U+57E7,埧,10,,60,semantic
9046,U+57E8,埨,0,,60,semantic
9047,U+57E9,埩,0,,60,semantic
9048,U+57EA,埪,0,,60,semantic
9049,U+57EB,埫,0,,60,semantic
9050,U+57EC,埬,0,,60,semantic
9051,U+57ED,埭,55,,60,semantic
9052,U+57EE,埮,0,,60,semantic
9053,U+57EF,埯,14,,60,semantic
9054,U+57F0,埰,33,,60,semantic
9055,U+57F1,埱,0,,60,semantic
9056,U+57F2,埲,9,,60,semantic
9057,U+57F3,埳,14,,60,semantic
9058,U+57F4,埴,14,,60,semantic
9059,U+57F5,埵,14,,60,semantic
9060,U+57F6,埶,12,,60,semantic
9061,U+57F7,執,13,,60,semantic
9062,U+57F8,埸,9,,60,semantic
9063,U+57F9,培,14,,60,semantic
9064,U+57FA,基,14,,60,semantic
9065,U+57FB,埻,19,,60,semantic
9066,U+57FC,埼,12,,60,semantic
9067,U+57FD,埽,5,,60,semantic
9068,U+57FE,埾,0,,60,semantic
9069,U+57FF,埿,0,,60,semantic
9070,U+5800,堀,14,,60,semantic
9071,U+5801,堁,0,,60,semantic
9072,U+5802,堂,12,,60,semantic
9073,U+5803,堃,33,,60,semantic
9074,U+5804,堄,9,,60,semantic
9075,U+5805,堅,18,,60,semantic
9076,U+5806,堆,52,,60,semantic
9077,U+5807,堇,49,,60,semantic
9078,U+5808,堈,26,,60,semantic
9079,U+5809,堉,3,,60,semantic
9080,U+580A,堊,49,,60,semantic
9081,U+580B,堋,14,,60,semantic
9082,U+580C,堌,10,,60,semantic
9083,U+580D,堍,14,,60,semantic
9084,U+580E,堎,43,,60,semantic
9085,U+580F,堏,0,,60,semantic
9086,U+5810,堐,0,,60,semantic
9087,U+5811,堑,9,,60,semantic
9088,U+5812,堒,0,,60,semantic
9089,U+5813,堓,0,,60,semantic
9090,U+5814,堔,0,,60,semantic
9091,U+5815,堕,5,,60,semantic
9092,U+5816,堖,22,,60,semantic
9093,U+5817,堗,0,,60,semantic
9094,U+5818,堘,31,,60,semantic
9095,U+5819,堙,23,,60,semantic
9096,U+581A,堚,0,,60,semantic
9097,U+581B,堛,0,,60,semantic
9098,U+581C,堜,0,,60,semantic
9099,U+581D,堝,47,,60,semantic
9100,U+581E,堞,54,,60,semantic
9101,U+581F,堟,0,,60,semantic
9102,U+5820,堠,9,,60,semantic
9103,U+5821,堡,9,,60,semantic
9104,U+5822,堢,0,,60,semantic
9105,U+5823,堣,0,,60,semantic
9106,U+5824,堤,53,,60,semantic
9107,U+5825,堥,0,,60,semantic
9108,U+5826,堦,31,,60,semantic
9109,U+5827,堧,47,,60,semantic
9110,U+5828,堨,53,,60,semantic
9111,U+5829,堩,0,,60,semantic
9112,U+582A,堪,28,,60,semantic
9113,U+582B,堫,0,,60,semantic
9114,U+582C,堬,0,,60,semantic
9115,U+582D,堭,10,,60,semantic
9116,U+582E,堮,9,,60,semantic
9117,U+582F,堯,12,,60,semantic
9118,U+5830,堰,10,,60,semantic
9119,U+5831,報,33,,60,semantic
9120,U+5832,堲,15,,60,semantic
9121,U+5833,堳,12,,60,semantic
9122,U+5834,場,33,,60,semantic
9123,U+5835,堵,9,,60,semantic
9124,U+5836,堶,18,,60,semantic
9125,U+5837,堷,0,,60,semantic
9126,U+5838,堸,0,,60,semantic
9127,U+5839,堹,0,,60,semantic
9128,U+583A,堺,32,,60,semantic
9129,U+583B,堻,0,,60,semantic
9130,U+583C,堼,0,,60,semantic
9131,U+583D,堽,14,,60,semantic
9132,U+583E,堾,0,,60,semantic
9133,U+583F,堿,49,,60,semantic
9134,U+5840,塀,9,,60,semantic
9135,U+5841,塁,9,,60,semantic
9136,U+5842,塂,0,,60,semantic
9137,U+5843,塃,14,,60,semantic
9138,U+5844,塄,18,,60,semantic
9139,U+5845,塅,14,,60,semantic
9140,U+5846,塆,0,,60,semantic
9141,U+5847,塇,0,,60,semantic
9142,U+5848,塈,27,,60,semantic
9143,U+5849,塉,0,,60,semantic
9144,U+584A,塊,14,,60,semantic
9145,U+584B,塋,14,,60,semantic
9146,U+584C,塌,5,,60,semantic
9147,U+584D,塍,47,,60,semantic
9148,U+584E,塎,0,,60,semantic
9149,U+584F,塏,34,,60,semantic
9150,U+5850,塐,26,,60,semantic
9151,U+5851,塑,26,,60,semantic
9152,U+5852,塒,53,,60,semantic
9153,U+5853,塓,2,,60,semantic
9154,U+5854,塔,22,,60,semantic
9155,U+5855,塕,16,,60,semantic
9156,U+5856,塖,0,,60,semantic
9157,U+5857,塗,49,,60,semantic
9158,U+5858,塘,10,,60,semantic
9159,U+5859,塙,47,,60,semantic
9160,U+585A,塚,14,,60,semantic
9161,U+585B,塛,0,,60,semantic
9162,U+585C,塜,14,,60,semantic
9163,U+585D,塝,14,,60,semantic
9164,U+585E,塞,9,,60,semantic
9165,U+585F,塟,14,,60,semantic
9166,U+5860,塠,0,,60,semantic
9167,U+5861,塡,20,,60,semantic
9168,U+5862,塢,9,,60,semantic
9169,U+5863,塣,0,,60,semantic
9170,U+5864,塤,47,,60,semantic
9171,U+5865,塥,0,,60,semantic
9172,U+5866,塦,0,,60,semantic
9173,U+5867,塧,0,,60,semantic
9174,U+5868,塨,32,,60,semantic
9175,U+5869,塩,49,,60,semantic
9176,U+586A,塪,0,,60,semantic
9177,U+586B,填,52,,60,semantic
9178,U+586C,塬,22,,60,semantic
9179,U+586D,塭,25,,60,semantic
9180,U+586E,塮,0,,60,semantic
9181,U+586F,塯,0,,60,semantic
9182,U+5870,塰,0,,60,semantic
9183,U+5871,塱,43,,60,semantic
9184,U+5872,塲,9,,60,semantic
9185,U+5873,塳,49,,60,semantic
9186,U+5874,塴,0,,60,semantic
9187,U+5875,塵,49,,60,semantic
9188,U+5876,塶,0,,60,semantic
9189,U+5877,塷,0,,60,semantic
9190,U+5878,塸,0,,60,semantic
9191,U+5879,塹,9,,60,semantic
9192,U+587A,塺,0,,60,semantic
9193,U+587B,塻,0,,60,semantic
9194,U+587C,塼,14,,60,semantic
9195,U+587D,塽,22,,60,semantic
9196,U+587E,塾,12,,60,semantic
9197,U+587F,塿,14,,60,semantic
9198,U+5880,墀,9,,60,semantic
9199,U+5881,墁,14,,60,semantic
9200,U+5882,墂,0,,60,semantic
9201,U+5883,境,9,,60,semantic
9202,U+5884,墄,31,,60,semantic
9203,U+5885,墅,9,,60,semantic
9204,U+5886,墆,0,,60,semantic
9205,U+5887,墇,0,,60,semantic
9206,U+5888,墈,22,,60,semantic
9207,U+5889,墉,9,,60,semantic
9208,U+588A,墊,29,,60,semantic
9209,U+588B,墋,0,,60,semantic
9210,U+588C,墌,0,,60,semantic
9211,U+588D,墍,27,,60,semantic
9212,U+588E,墎,0,,60,semantic
9213,U+588F,墏,0,,60,semantic
9214,U+5890,墐,14,,60,semantic
9215,U+5891,墑,0,,60,semantic
9216,U+5892,墒,10,,60,semantic
9217,U+5893,墓,14,,60,semantic
9218,U+5894,墔,0,,60,semantic
9219,U+5895,墕,0,,60,semantic
9220,U+5896,墖,43,,60,semantic
9221,U+5897,増,18,,60,semantic
9222,U+5898,墘,47,,60,semantic
9223,U+5899,墙,9,,60,semantic
9224,U+589A,墚,22,,60,semantic
9225,U+589B,墛,0,,60,semantic
9226,U+589C,墜,5,,60,semantic
9227,U+589D,墝,53,,60,semantic
9228,U+589E,增,47,,60,semantic
9229,U+589F,墟,22,,60,semantic
9230,U+58A0,墠,14,,60,semantic
9231,U+58A1,墡,47,,60,semantic
9232,U+58A2,墢,0,,60,semantic
9233,U+58A3,墣,0,,60,semantic
9234,U+58A4,墤,5,,60,semantic
9235,U+58A5,墥,0,,60,semantic
9236,U+58A6,墦,14,,60,semantic
9237,U+58A7,墧,0,,60,semantic
9238,U+58A8,墨,47,,60,semantic
9239,U+58A9,墩,14,,60,semantic
9240,U+58AA,墪,14,,60,semantic
9241,U+58AB,墫,26,,60,semantic
9242,U+58AC,墬,23,,60,semantic
9243,U+58AD,墭,0,,60,semantic
9244,U+58AE,墮,5,,60,semantic
9245,U+58AF,墯,0,,60,semantic
9246,U+58B0,墰,26,,60,semantic
9247,U+58B1,墱,31,,60,semantic
9248,U+58B2,墲,0,,60,semantic
9249,U+58B3,墳,14,,60,semantic
9250,U+58B4,墴,0,,60,semantic
9251,U+58B5,墵,0,,60,semantic
9252,U+58B6,墶,14,,60,semantic
9253,U+58B7,墷,0,,60,semantic
9254,U+58B8,墸,0,,60,semantic
9255,U+58B9,墹,0,,60,semantic
9256,U+58BA,墺,9,,60,semantic
9257,U+58BB,墻,9,,60,semantic
9258,U+58BC,墼,39,,60,semantic
9259,U+58BD,墽,0,,60,semantic
9260,U+58BE,墾,3,,60,semantic
9261,U+58BF,墿,0,,60,semantic
9262,U+58C0,壀,0,,60,semantic
9263,U+58C1,壁,9,,60,semantic
9264,U+58C2,壂,0,,60,semantic
9265,U+58C3,壃,0,,60,semantic
9266,U+58C4,壄,34,,60,semantic
9267,U+58C5,壅,33,,60,semantic
9268,U+58C6,壆,52,,60,semantic
9269,U+58C7,壇,12,,60,semantic
9270,U+58C8,壈,15,,60,semantic
9271,U+58C9,壉,0,,60,semantic
9272,U+58CA,壊,42,,60,semantic
9273,U+58CB,壋,21,,60,semantic
9274,U+58CC,壌,48,,60,semantic
9275,U+58CD,壍,10,,60,semantic
9276,U+58CE,壎,47,,60,semantic
9277,U+58CF,壏,0,,60,semantic
9278,U+58D0,壐,12,,60,semantic
9279,U+58D1,壑,10,,60,semantic
9280,U+58D2,壒,49,,60,semantic
9281,U+58D3,壓,13,,60,semantic
9282,U+58D4,壔,14,,60,semantic
9283,U+58D5,壕,10,,60,semantic
9284,U+58D6,壖,10,,60,semantic
9285,U+58D7,壗,0,,60,semantic
9286,U+58D8,壘,9,,60,semantic
9287,U+58D9,壙,14,,60,semantic
9288,U+58DA,壚,9,,60,semantic
9289,U+58DB,壛,0,,60,semantic
9290,U+58DC,壜,26,,60,semantic
9291,U+58DD,壝,14,,60,semantic
9292,U+58DE,壞,42,,60,semantic
9293,U+58DF,壟,14,,60,semantic
9294,U+58E0,壠,14,,60,semantic
9295,U+58E1,壡,0,,60,semantic
9296,U+58E2,壢,14,,60,semantic
9297,U+58E3,壣,0,,60,semantic
9298,U+58E4,壤,48,,60,semantic
9299,U+58E5,壥,0,,60,semantic
9300,U+58E6,壦,0,,60,semantic
9301,U+58E7,壧,0,,60,semantic
9302,U+58E8,壨,0,,60,semantic
9303,U+58E9,壩,10,,60,semantic
9304,U+58EA,壪,0,,60,semantic
9305,U+58EB,士,57,,60,semantic
9306,U+58EC,壬,12,,60,semantic
9307,U+58ED,壭,53,,60,semantic
9308,U+58EE,壮,18,,60,semantic
9309,U+58EF,壯,18,,60,semantic
9310,U+58F0,声,8,,60,semantic
9311,U+58F1,壱,47,,60,semantic
9312,U+58F2,売,29,,60,semantic
9313,U+58F3,壳,52,,60,semantic
9314,U+58F4,壴,0,,60,semantic
9315,U+58F5,壵,0,,60,semantic
9316,U+58F6,壶,26,,60,semantic
9317,U+58F7,壷,26,,60,semantic
9318,U+58F8,壸,9,,60,semantic
9319,U+58F9,壹,47,,60,semantic
9320,U+58FA,壺,26,,60,semantic
9321,U+58FB,壻,57,,60,semantic
9322,U+58FC,壼,9,,60,semantic
9323,U+58FD,壽,57,,60,semantic
9324,U+58FE,壾,0,,60,semantic
9325,U+58FF,壿,0,,60,semantic
9326,U+5900,夀,57,,60,semantic
9327,U+5901,夁,0,,60,semantic
9328,U+5902,夂,30,,60,semantic
9329,U+5903,夃,0,,60,semantic
9330,U+5904,处,32,,60,semantic
9331,U+5905,夅,5,,60,semantic
9332,U+5906,夆,20,,60,semantic
9333,U+5907,备,20,,60,semantic
9334,U+5908,夈,0,,60,semantic
9335,U+5909,変,42,,60,semantic
9336,U+590A,夊,30,,60,semantic
9337,U+590B,夋,43,,60,semantic
9338,U+590C,夌,43,,60,semantic
9339,U+590D,复,47,,60,semantic
9340,U+590E,夎,0,,60,semantic
9341,U+590F,夏,18,,60,semantic
9342,U+5910,夐,34,,60,semantic
9343,U+5911,夑,0,,60,semantic
9344,U+5912,夒,58,,60,semantic
9345,U+5913,夓,0,,60,semantic
9346,U+5914,夔,19,,60,semantic
9347,U+5915,夕,50,,60,semantic
9348,U+5916,外,34,,60,semantic
9349,U+5917,夗,5,,60,semantic
9350,U+5918,夘,41,,60,semantic
9351,U+5919,夙,50,,60,semantic
9352,U+591A,多,18,,60,semantic
9353,U+591B,夛,18,,60,semantic
9354,U+591C,夜,50,,60,semantic
9355,U+591D,夝,47,,60,semantic
9356,U+591E,夞,0,,60,semantic
9357,U+591F,够,47,,60,semantic
9358,U+5920,夠,33,,60,semantic
9359,U+5921,夡,0,,60,semantic
9360,U+5922,夢,28,,60,semantic
9361,U+5923,夣,20,,60,semantic
9362,U+5924,夤,34,,60,semantic
9363,U+5925,夥,57,,60,semantic
9364,U+5926,夦,0,,60,semantic
9365,U+5927,大,18,,60,semantic
9366,U+5928,夨,0,,60,semantic
9367,U+5929,天,12,,60,semantic
9368,U+592A,太,18,,60,semantic
9369,U+592B,夫,57,,60,semantic
9370,U+592C,夬,47,,60,semantic
9371,U+592D,夭,45,,60,semantic
9372,U+592F,夯,13,,60,semantic
9373,U+5930,夰,0,,60,semantic
9374,U+5931,失,5,,60,semantic
9375,U+5932,夲,31,,60,semantic
9376,U+5933,夳,0,,60,semantic
9377,U+5935,夵,0,,60,semantic
9378,U+5936,夶,0,,60,semantic
9379,U+5937,夷,12,,60,semantic
9380,U+5938,夸,18,,60,semantic
9381,U+5939,夹,47,,60,semantic
9382,U+593A,夺,13,,60,semantic
9383,U+593B,夻,25,,60,semantic
9384,U+593C,夼,10,,60,semantic
9385,U+593D,夽,0,,60,semantic
9386,U+593E,夾,47,,60,semantic
9387,U+593F,夿,0,,60,semantic
9388,U+5940,奀,45,,60,semantic
9389,U+5941,奁,57,,60,semantic
9390,U+5942,奂,28,,60,semantic
9391,U+5943,奃,0,,60,semantic
9392,U+5944,奄,34,,60,semantic
9393,U+5945,奅,42,,60,semantic
9394,U+5946,奆,0,,60,semantic
9395,U+5947,奇,34,,60,semantic
9396,U+5948,奈,20,,60,semantic
9397,U+5949,奉,29,,60,semantic
9398,U+594A,奊,0,,60,semantic
9399,U+594B,奋,13,,60,semantic
9400,U+594C,奌,14,,60,semantic
9401,U+594D,奍,0,,60,semantic
9402,U+594E,奎,12,,60,semantic
9403,U+594F,奏,12,,60,semantic
9404,U+5950,奐,28,,60,semantic
9405,U+5951,契,29,,60,semantic
9406,U+5952,奒,0,,60,semantic
9407,U+5953,奓,18,,60,semantic
9408,U+5954,奔,31,,60,semantic
9409,U+5955,奕,47,,60,semantic
9410,U+5956,奖,29,,60,semantic
9411,U+5957,套,46,,60,semantic
9412,U+5958,奘,18,,60,semantic
9413,U+5959,奙,0,,60,semantic
9414,U+595A,奚,12,,60,semantic
9415,U+595B,奛,50,,60,semantic
9416,U+595C,奜,18,,60,semantic
9417,U+595D,奝,18,,60,semantic
9418,U+595E,奞,31,,60,semantic
9419,U+595F,奟,0,,60,semantic
9420,U+5960,奠,29,,60,semantic
9421,U+5961,奡,42,,60,semantic
9422,U+5962,奢,18,,60,semantic
9423,U+5963,奣,0,,60,semantic
9424,U+5964,奤,0,,60,semantic
9425,U+5965,奥,34,,60,semantic
9426,U+5966,奦,0,,60,semantic
9427,U+5967,奧,34,,60,semantic
9428,U+5968,奨,29,,60,semantic
9429,U+5969,奩,57,,60,semantic
9430,U+596A,奪,13,,60,semantic
9431,U+596B,奫,23,,60,semantic
9432,U+596C,奬,29,,60,semantic
9433,U+596D,奭,32,,60,semantic
9434,U+596E,奮,13,,60,semantic
9435,U+596F,奯,0,,60,semantic
9436,U+5970,奰,15,,60,semantic
9437,U+5971,奱,0,,60,semantic
9438,U+5972,奲,0,,60,semantic
9439,U+5973,女,57,,60,semantic
9440,U+5974,奴,12,,60,semantic
9441,U+5975,奵,0,,60,semantic
9442,U+5976,奶,57,,60,semantic
9443,U+5977,奷,0,,60,semantic
9444,U+5978,奸,42,,60,semantic
9445,U+5979,她,57,,60,semantic
9446,U+597A,奺,0,,60,semantic
9447,U+597B,奻,0,,60,semantic
9448,U+597C,奼,28,,60,semantic
9449,U+597D,好,28,,60,semantic
9450,U+597E,奾,0,,60,semantic
9451,U+597F,奿,0,,60,semantic
9452,U+5980,妀,0,,60,semantic
9453,U+5981,妁,31,,60,semantic
9454,U+5982,如,33,,60,semantic
9455,U+5983,妃,57,,60,semantic
9456,U+5984,妄,42,,60,semantic
9457,U+5985,妅,0,,60,semantic
9458,U+5986,妆,20,,60,semantic
9459,U+5987,妇,57,,60,semantic
9460,U+5988,妈,57,,60,semantic
9461,U+5989,妉,0,,60,semantic
9462,U+598A,妊,57,,60,semantic
9463,U+598B,妋,0,,60,semantic
9464,U+598C,妌,0,,60,semantic
9465,U+598D,妍,28,,60,semantic
9466,U+598E,妎,15,,60,semantic
9467,U+598F,妏,57,,60,semantic
9468,U+5990,妐,0,,60,semantic
9469,U+5991,妑,0,,60,semantic
9470,U+5992,妒,15,,60,semantic
9471,U+5993,妓,57,,60,semantic
9472,U+5994,妔,0,,60,semantic
9473,U+5995,妕,0,,60,semantic
9474,U+5996,妖,58,,60,semantic
9475,U+5997,妗,57,,60,semantic
9476,U+5998,妘,32,,60,semantic
9477,U+5999,妙,28,,60,semantic
9478,U+599A,妚,0,,60,semantic
9479,U+599B,妛,0,,60,semantic
9480,U+599C,妜,0,,60,semantic
9481,U+599D,妝,27,,60,semantic
9482,U+599E,妞,57,,60,semantic
9483,U+599F,妟,0,,60,semantic
9484,U+59A0,妠,13,,60,semantic
9485,U+59A1,妡,0,,60,semantic
9486,U+59A2,妢,0,,60,semantic
9487,U+59A3,妣,57,,60,semantic
9488,U+59A4,妤,28,,60,semantic
9489,U+59A5,妥,28,,60,semantic
9490,U+59A6,妦,0,,60,semantic
9491,U+59A7,妧,0,,60,semantic
9492,U+59A8,妨,5,,60,semantic
9493,U+59A9,妩,28,,60,semantic
9494,U+59AA,妪,57,,60,semantic
9495,U+59AB,妫,32,,60,semantic
9496,U+59AC,妬,28,,60,semantic
9497,U+59AD,妭,0,,60,semantic
9498,U+59AE,妮,57,,60,semantic
9499,U+59AF,妯,57,,60,semantic
9500,U+59B0,妰,0,,60,semantic
9501,U+59B1,妱,0,,60,semantic
9502,U+59B2,妲,12,,60,semantic
9503,U+59B3,妳,57,,60,semantic
9504,U+59B4,妴,0,,60,semantic
9505,U+59B5,妵,32,,60,semantic
9506,U+59B6,妶,0,,60,semantic
9507,U+59B7,妷,57,,60,semantic
9508,U+59B8,妸,57,,60,semantic
9509,U+59B9,妹,57,,60,semantic
9510,U+59BA,妺,12,,60,semantic
9511,U+59BB,妻,57,,60,semantic
9512,U+59BC,妼,0,,60,semantic
9513,U+59BD,妽,0,,60,semantic
9514,U+59BE,妾,57,,60,semantic
9515,U+59BF,妿,0,,60,semantic
9516,U+59C0,姀,0,,60,semantic
9517,U+59C1,姁,28,,60,semantic
9518,U+59C2,姂,0,,60,semantic
9519,U+59C3,姃,0,,60,semantic
9520,U+59C4,姄,0,,60,semantic
9521,U+59C5,姅,57,,60,semantic
9522,U+59C6,姆,57,,60,semantic
9523,U+59C7,姇,0,,60,semantic
9524,U+59C8,姈,0,,60,semantic
9525,U+59C9,姉,57,,60,semantic
9526,U+59CA,姊,57,,60,semantic
9527,U+59CB,始,47,,60,semantic
9528,U+59CC,姌,45,,60,semantic
9529,U+59CD,姍,42,,60,semantic
9530,U+59CE,姎,0,,60,semantic
9531,U+59CF,姏,0,,60,semantic
9532,U+59D0,姐,57,,60,semantic
9533,U+59D1,姑,57,,60,semantic
9534,U+59D2,姒,57,,60,semantic
9535,U+59D3,姓,32,,60,semantic
9536,U+59D4,委,33,,60,semantic
9537,U+59D5,姕,0,,60,semantic
9538,U+59D6,姖,0,,60,semantic
9539,U+59D7,姗,42,,60,semantic
9540,U+59D8,姘,42,,60,semantic
9541,U+59D9,姙,57,,60,semantic
9542,U+59DA,姚,28,,60,semantic
9543,U+59DB,姛,0,,60,semantic
9544,U+59DC,姜,32,,60,semantic
9545,U+59DD,姝,28,,60,semantic
9546,U+59DE,姞,57,,60,semantic
9547,U+59DF,姟,0,,60,semantic
9548,U+59E0,姠,0,,60,semantic
9549,U+59E1,姡,0,,60,semantic
9550,U+59E2,姢,28,,60,semantic
9551,U+59E3,姣,28,,60,semantic
9552,U+59E4,姤,47,,60,semantic
9553,U+59E5,姥,57,,60,semantic
9554,U+59E6,姦,42,,60,semantic
9555,U+59E7,姧,0,,60,semantic
9556,U+59E8,姨,57,,60,semantic
9557,U+59E9,姩,57,,60,semantic
9558,U+59EA,姪,57,,60,semantic
9559,U+59EB,姫,57,,60,semantic
9560,U+59EC,姬,57,,60,semantic
9561,U+59ED,姭,0,,60,semantic
9562,U+59EE,姮,57,,60,semantic
9563,U+59EF,姯,0,,60,semantic
9564,U+59F0,姰,0,,60,semantic
9565,U+59F1,姱,28,,60,semantic
9566,U+59F2,姲,0,,60,semantic
9567,U+59F3,姳,0,,60,semantic
9568,U+59F4,姴,0,,60,semantic
9569,U+59F5,姵,57,,60,semantic
9570,U+59F6,姶,0,,60,semantic
9571,U+59F7,姷,0,,60,semantic
9572,U+59F8,姸,28,,60,semantic
9573,U+59F9,姹,28,,60,semantic
9574,U+59FA,姺,12,,60,semantic
9575,U+59FB,姻,57,,60,semantic
9576,U+59FC,姼,0,,60,semantic
9577,U+59FD,姽,28,,60,semantic
9578,U+59FE,姾,0,,60,semantic
9579,U+59FF,姿,59,,60,semantic
9580,U+5A00,娀,43,,60,semantic
9581,U+5A01,威,18,,60,semantic
9582,U+5A02,娂,0,,60,semantic
9583,U+5A03,娃,57,,60,semantic
9584,U+5A04,娄,32,,60,semantic
9585,U+5A05,娅,57,,60,semantic
9586,U+5A06,娆,28,,60,semantic
9587,U+5A07,娇,28,,60,semantic
9588,U+5A08,娈,28,,60,semantic
9589,U+5A09,娉,28,,60,semantic
9590,U+5A0A,娊,0,,60,semantic
9591,U+5A0B,娋,0,,60,semantic
9592,U+5A0C,娌,57,,60,semantic
9593,U+5A0D,娍,0,,60,semantic
9594,U+5A0E,娎,0,,60,semantic
9595,U+5A0F,娏,0,,60,semantic
9596,U+5A10,娐,0,,60,semantic
9597,U+5A11,娑,53,,60,semantic
9598,U+5A12,娒,53,,60,semantic
9599,U+5A13,娓,33,,60,semantic
9600,U+5A14,娔,0,,60,semantic
9601,U+5A15,娕,0,,60,semantic
9602,U+5A16,娖,36,,60,semantic
9603,U+5A17,娗,0,,60,semantic
9604,U+5A18,娘,57,,60,semantic
9605,U+5A19,娙,28,,60,semantic
9606,U+5A1A,娚,0,,60,semantic
9607,U+5A1B,娛,28,,60,semantic
9608,U+5A1C,娜,28,,60,semantic
9609,U+5A1D,娝,0,,60,semantic
9610,U+5A1E,娞,0,,60,semantic
9611,U+5A1F,娟,28,,60,semantic
9612,U+5A20,娠,57,,60,semantic
9613,U+5A21,娡,0,,60,semantic
9614,U+5A22,娢,0,,60,semantic
9615,U+5A23,娣,57,,60,semantic
9616,U+5A24,娤,0,,60,semantic
9617,U+5A25,娥,28,,60,semantic
9618,U+5A26,娦,0,,60,semantic
9619,U+5A27,娧,0,,60,semantic
9620,U+5A28,娨,0,,60,semantic
9621,U+5A29,娩,57,,60,semantic
9622,U+5A2A,娪,0,,60,semantic
9623,U+5A2B,娫,0,,60,semantic
9624,U+5A2C,娬,28,,60,semantic
9625,U+5A2D,娭,47,,60,semantic
9626,U+5A2E,娮,0,,60,semantic
9627,U+5A2F,娯,28,,60,semantic
9628,U+5A30,娰,0,,60,semantic
9629,U+5A31,娱,28,,60,semantic
9630,U+5A32,娲,12,,60,semantic
9631,U+5A33,娳,0,,60,semantic
9632,U+5A34,娴,28,,60,semantic
9633,U+5A35,娵,12,,60,semantic
9634,U+5A36,娶,57,,60,semantic
9635,U+5A37,娷,0,,60,semantic
9636,U+5A38,娸,45,,60,semantic
9637,U+5A39,娹,0,,60,semantic
9638,U+5A3A,娺,0,,60,semantic
9639,U+5A3B,娻,0,,60,semantic
9640,U+5A3C,娼,57,,60,semantic
9641,U+5A3D,娽,0,,60,semantic
9642,U+5A3E,娾,0,,60,semantic
9643,U+5A3F,娿,28,,60,semantic
9644,U+5A40,婀,28,,60,semantic
9645,U+5A41,婁,12,,60,semantic
9646,U+5A42,婂,0,,60,semantic
9647,U+5A43,婃,0,,60,semantic
9648,U+5A44,婄,45,,60,semantic
9649,U+5A45,婅,0,,60,semantic
9650,U+5A46,婆,57,,60,semantic
9651,U+5A47,婇,0,,60,semantic
9652,U+5A48,婈,0,,60,semantic
9653,U+5A49,婉,28,,60,semantic
9654,U+5A4A,婊,57,,60,semantic
9655,U+5A4B,婋,0,,60,semantic
9656,U+5A4C,婌,0,,60,semantic
9657,U+5A4D,婍,0,,60,semantic
9658,U+5A4E,婎,0,,60,semantic
9659,U+5A4F,婏,0,,60,semantic
9660,U+5A50,婐,57,,60,semantic
9661,U+5A51,婑,0,,60,semantic
9662,U+5A52,婒,0,,60,semantic
9663,U+5A53,婓,0,,60,semantic
9664,U+5A54,婔,0,,60,semantic
9665,U+5A55,婕,28,,60,semantic
9666,U+5A56,婖,0,,60,semantic
9667,U+5A57,婗,57,,60,semantic
9668,U+5A58,婘,0,,60,semantic
9669,U+5A59,婙,0,,60,semantic
9670,U+5A5A,婚,57,,60,semantic
9671,U+5A5B,婛,0,,60,semantic
9672,U+5A5C,婜,0,,60,semantic
9673,U+5A5D,婝,0,,60,semantic
9674,U+5A5E,婞,15,,60,semantic
9675,U+5A5F,婟,0,,60,semantic
9676,U+5A60,婠,0,,60,semantic
9677,U+5A61,婡,0,,60,semantic
9678,U+5A62,婢,57,,60,semantic
9679,U+5A63,婣,57,,60,semantic
9680,U+5A64,婤,28,,60,semantic
9681,U+5A65,婥,28,,60,semantic
9682,U+5A66,婦,57,,60,semantic
9683,U+5A67,婧,45,,60,semantic
9684,U+5A68,婨,0,,60,semantic
9685,U+5A69,婩,0,,60,semantic
9686,U+5A6A,婪,25,,60,semantic
9687,U+5A6B,婫,0,,60,semantic
9688,U+5A6C,婬,42,,60,semantic
9689,U+5A6D,婭,57,,60,semantic
9690,U+5A6E,婮,0,,60,semantic
9691,U+5A6F,婯,0,,60,semantic
9692,U+5A70,婰,0,,60,semantic
9693,U+5A71,婱,0,,60,semantic
9694,U+5A72,婲,0,,60,semantic
9695,U+5A73,婳,49,,60,semantic
9696,U+5A74,婴,57,,60,semantic
9697,U+5A75,婵,28,,60,semantic
9698,U+5A76,婶,57,,60,semantic
9699,U+5A77,婷,28,,60,semantic
9700,U+5A78,婸,0,,60,semantic
9701,U+5A79,婹,0,,60,semantic
9702,U+5A7A,婺,43,,60,semantic
9703,U+5A7B,婻,0,,60,semantic
9704,U+5A7C,婼,57,,60,semantic
9705,U+5A7D,婽,0,,60,semantic
9706,U+5A7E,婾,28,,60,semantic
9707,U+5A7F,婿,57,,60,semantic
9708,U+5A80,媀,0,,60,semantic
9709,U+5A81,媁,0,,60,semantic
9710,U+5A82,媂,0,,60,semantic
9711,U+5A83,媃,0,,60,semantic
9712,U+5A84,媄,28,,60,semantic
9713,U+5A85,媅,0,,60,semantic
9714,U+5A86,媆,45,,60,semantic
9715,U+5A87,媇,0,,60,semantic
9716,U+5A88,媈,0,,60,semantic
9717,U+5A89,媉,0,,60,semantic
9718,U+5A8A,媊,12,,60,semantic
9719,U+5A8B,媋,0,,60,semantic
9720,U+5A8C,媌,0,,60,semantic
9721,U+5A8D,媍,57,,60,semantic
9722,U+5A8E,媎,0,,60,semantic
9723,U+5A8F,媏,0,,60,semantic
9724,U+5A90,媐,0,,60,semantic
9725,U+5A91,媑,0,,60,semantic
9726,U+5A92,媒,33,,60,semantic
9727,U+5A93,媓,0,,60,semantic
9728,U+5A94,媔,7,,60,semantic
9729,U+5A95,媕,34,,60,semantic
9730,U+5A96,媖,28,,60,semantic
9731,U+5A97,媗,0,,60,semantic
9732,U+5A98,媘,0,,60,semantic
9733,U+5A99,媙,0,,60,semantic
9734,U+5A9A,媚,28,,60,semantic
9735,U+5A9B,媛,28,,60,semantic
9736,U+5A9C,媜,0,,60,semantic
9737,U+5A9D,媝,0,,60,semantic
9738,U+5A9E,媞,45,,60,semantic
9739,U+5A9F,媟,42,,60,semantic
9740,U+5AA0,媠,0,,60,semantic
9741,U+5AA1,媡,0,,60,semantic
9742,U+5AA2,媢,28,,60,semantic
9743,U+5AA3,媣,0,,60,semantic
9744,U+5AA4,媤,57,,60,semantic
9745,U+5AA5,媥,16,,60,semantic
9746,U+5AA6,媦,0,,60,semantic
9747,U+5AA7,媧,12,,60,semantic
9748,U+5AA8,媨,0,,60,semantic
9749,U+5AA9,媩,0,,60,semantic
9750,U+5AAA,媪,57,,60,semantic
9751,U+5AAB,媫,0,,60,semantic
9752,U+5AAC,媬,12,,60,semantic
9753,U+5AAD,媭,57,,60,semantic
9754,U+5AAE,媮,28,,60,semantic
9755,U+5AAF,媯,32,,60,semantic
9756,U+5AB0,媰,0,,60,semantic
9757,U+5AB1,媱,0,,60,semantic
9758,U+5AB2,媲,57,,60,semantic
9759,U+5AB3,媳,57,,60,semantic
9760,U+5AB4,媴,0,,60,semantic
9761,U+5AB5,媵,57,,60,semantic
9762,U+5AB6,媶,0,,60,semantic
9763,U+5AB7,媷,0,,60,semantic
9764,U+5AB8,媸,57,,60,semantic
9765,U+5AB9,媹,0,,60,semantic
9766,U+5ABA,媺,28,,60,semantic
9767,U+5ABB,媻,31,,60,semantic
9768,U+5ABC,媼,57,,60,semantic
9769,U+5ABD,媽,57,,60,semantic
9770,U+5ABE,媾,28,,60,semantic
9771,U+5ABF,媿,15,,60,semantic
9772,U+5AC0,嫀,0,,60,semantic
9773,U+5AC1,嫁,57,,60,semantic
9774,U+5AC2,嫂,57,,60,semantic
9775,U+5AC3,嫃,0,,60,semantic
9776,U+5AC4,嫄,43,,60,semantic
9777,U+5AC5,嫅,0,,60,semantic
9778,U+5AC6,嫆,0,,60,semantic
9779,U+5AC7,嫇,0,,60,semantic
9780,U+5AC8,嫈,57,,60,semantic
9781,U+5AC9,嫉,15,,60,semantic
9782,U+5ACA,嫊,0,,60,semantic
9783,U+5ACB,嫋,45,,60,semantic
9784,U+5ACC,嫌,42,,60,semantic
9785,U+5ACD,嫍,0,,60,semantic
9786,U+5ACE,嫎,0,,60,semantic
9787,U+5ACF,嫏,12,,60,semantic
9788,U+5AD0,嫐,53,,60,semantic
9789,U+5AD1,嫑,0,,60,semantic
9790,U+5AD2,嫒,57,,60,semantic
9791,U+5AD3,嫓,0,,60,semantic
9792,U+5AD4,嫔,57,,60,semantic
9793,U+5AD5,嫕,20,,60,semantic
9794,U+5AD6,嫖,57,,60,semantic
9795,U+5AD7,嫗,57,,60,semantic
9796,U+5AD8,嫘,32,,60,semantic
9797,U+5AD9,嫙,0,,60,semantic
9798,U+5ADA,嫚,42,,60,semantic
9799,U+5ADB,嫛,20,,60,semantic
9800,U+5ADC,嫜,57,,60,semantic
9801,U+5ADD,嫝,0,,60,semantic
9802,U+5ADE,嫞,0,,60,semantic
9803,U+5ADF,嫟,34,,60,semantic
9804,U+5AE0,嫠,57,,60,semantic
9805,U+5AE1,嫡,57,,60,semantic
9806,U+5AE2,嫢,0,,60,semantic
9807,U+5AE3,嫣,28,,60,semantic
9808,U+5AE4,嫤,0,,60,semantic
9809,U+5AE5,嫥,0,,60,semantic
9810,U+5AE6,嫦,12,,60,semantic
9811,U+5AE7,嫧,0,,60,semantic
9812,U+5AE8,嫨,0,,60,semantic
9813,U+5AE9,嫩,45,,60,semantic
9814,U+5AEA,嫪,53,,60,semantic
9815,U+5AEB,嫫,57,,60,semantic
9816,U+5AEC,嫬,0,,60,semantic
9817,U+5AED,嫭,28,,60,semantic
9818,U+5AEE,嫮,0,,60,semantic
9819,U+5AEF,嫯,0,,60,semantic
9820,U+5AF0,嫰,45,,60,semantic
9821,U+5AF1,嫱,57,,60,semantic
9822,U+5AF2,嫲,57,,60,semantic
9823,U+5AF3,嫳,0,,60,semantic
9824,U+5AF4,嫴,0,,60,semantic
9825,U+5AF5,嫵,28,,60,semantic
9826,U+5AF6,嫶,0,,60,semantic
9827,U+5AF7,嫷,0,,60,semantic
9828,U+5AF8,嫸,0,,60,semantic
9829,U+5AF9,嫹,0,,60,semantic
9830,U+5AFA,嫺,28,,60,semantic
9831,U+5AFB,嫻,28,,60,semantic
9832,U+5AFC,嫼,0,,60,semantic
9833,U+5AFD,嫽,1,,60,semantic
9834,U+5AFE,嫾,0,,60,semantic
9835,U+5AFF,嫿,49,,60,semantic
9836,U+5B00,嬀,10,,60,semantic
9837,U+5B01,嬁,0,,60,semantic
9838,U+5B02,嬂,0,,60,semantic
9839,U+5B03,嬃,57,,60,semantic
9840,U+5B04,嬄,0,,60,semantic
9841,U+5B05,嬅,28,,60,semantic
9842,U+5B06,嬆,0,,60,semantic
9843,U+5B07,嬇,0,,60,semantic
9844,U+5B08,嬈,28,,60,semantic
9845,U+5B09,嬉,28,,60,semantic
9846,U+5B0A,嬊,0,,60,semantic
9847,U+5B0B,嬋,28,,60,semantic
9848,U+5B0C,嬌,28,,60,semantic
9849,U+5B0D,嬍,0,,60,semantic
9850,U+5B0E,嬎,47,,60,semantic
9851,U+5B0F,嬏,0,,60,semantic
9852,U+5B10,嬐,0,,60,semantic
9853,U+5B11,嬑,0,,60,semantic
9854,U+5B12,嬒,0,,60,semantic
9855,U+5B13,嬓,32,,60,semantic
9856,U+5B14,嬔,58,,60,semantic
9857,U+5B15,嬕,0,,60,semantic
9858,U+5B16,嬖,53,,60,semantic
9859,U+5B17,嬗,12,,60,semantic
9860,U+5B18,嬘,0,,60,semantic
9861,U+5B19,嬙,57,,60,semantic
9862,U+5B1A,嬚,0,,60,semantic
9863,U+5B1B,嬛,45,,60,semantic
9864,U+5B1C,嬜,0,,60,semantic
9865,U+5B1D,嬝,28,,60,semantic
9866,U+5B1E,嬞,0,,60,semantic
9867,U+5B1F,嬟,0,,60,semantic
9868,U+5B20,嬠,0,,60,semantic
9869,U+5B21,嬡,57,,60,semantic
9870,U+5B22,嬢,15,,60,semantic
9871,U+5B23,嬣,0,,60,semantic
9872,U+5B24,嬤,57,,60,semantic
9873,U+5B25,嬥,0,,60,semantic
9874,U+5B26,嬦,0,,60,semantic
9875,U+5B27,嬧,0,,60,semantic
9876,U+5B28,嬨,0,,60,semantic
9877,U+5B29,嬩,0,,60,semantic
9878,U+5B2A,嬪,57,,60,semantic
9879,U+5B2B,嬫,0,,60,semantic
9880,U+5B2C,嬬,57,,60,semantic
9881,U+5B2D,嬭,54,,60,semantic
9882,U+5B2E,嬮,0,,60,semantic
9883,U+5B2F,嬯,0,,60,semantic
9884,U+5B30,嬰,36,,60,semantic
9885,U+5B31,嬱,0,,60,semantic
9886,U+5B32,嬲,36,,60,semantic
9887,U+5B33,嬳,0,,60,semantic
9888,U+5B34,嬴,29,,60,semantic
9889,U+5B35,嬵,0,,60,semantic
9890,U+5B36,嬶,57,,60,semantic
9891,U+5B37,嬷,57,,60,semantic
9892,U+5B38,嬸,57,,60,semantic
9893,U+5B39,嬹,0,,60,semantic
9894,U+5B3A,嬺,0,,60,semantic
9895,U+5B3B,嬻,0,,60,semantic
9896,U+5B3C,嬼,0,,60,semantic
9897,U+5B3D,嬽,0,,60,semantic
9898,U+5B3E,嬾,45,,60,semantic
9899,U+5B3F,嬿,28,,60,semantic
9900,U+5B40,孀,57,,60,semantic
9901,U+5B41,孁,0,,60,semantic
9902,U+5B42,孂,0,,60,semantic
9903,U+5B43,孃,15,,60,semantic
9904,U+5B44,孄,0,,60,semantic
9905,U+5B45,孅,45,,60,semantic
9906,U+5B46,孆,0,,60,semantic
9907,U+5B47,孇,0,,60,semantic
9908,U+5B48,孈,0,,60,semantic
9909,U+5B49,孉,0,,60,semantic
9910,U+5B4A,孊,0,,60,semantic
9911,U+5B4B,孋,0,,60,semantic
9912,U+5B4C,孌,28,,60,semantic
9913,U+5B4D,孍,0,,60,semantic
9914,U+5B4E,孎,0,,60,semantic
9915,U+5B4F,孏,0,,60,semantic
9916,U+5B50,子,41,,60,semantic
9917,U+5B54,孔,14,,60,semantic
9918,U+5B55,孕,57,,60,semantic
9919,U+5B56,孖,57,,60,semantic
9920,U+5B57,字,47,,60,semantic
9921,U+5B58,存,33,,60,semantic
9922,U+5B59,孙,57,,60,semantic
9923,U+5B5A,孚,44,,60,semantic
9924,U+5B5B,孛,57,,60,semantic
9925,U+5B5C,孜,18,,60,semantic
9926,U+5B5D,孝,29,,60,semantic
9927,U+5B5E,孞,0,,60,semantic
9928,U+5B5F,孟,18,,60,semantic
9929,U+5B60,孠,0,,60,semantic
9930,U+5B61,孡,0,,60,semantic
9931,U+5B62,孢,38,,60,semantic
9932,U+5B63,季,57,,60,semantic
9933,U+5B64,孤,45,,60,semantic
9934,U+5B65,孥,57,,60,semantic
9935,U+5B66,学,33,,60,semantic
9936,U+5B67,孧,0,,60,semantic
9937,U+5B68,孨,0,,60,semantic
9938,U+5B69,孩,57,,60,semantic
9939,U+5B6A,孪,57,,60,semantic
9940,U+5B6B,孫,57,,60,semantic
9941,U+5B6C,孬,42,,60,semantic
9942,U+5B6D,孭,59,,60,semantic
9943,U+5B6E,孮,0,,60,semantic
9944,U+5B6F,孯,0,,60,semantic
9945,U+5B70,孰,47,,60,semantic
9946,U+5B71,孱,45,,60,semantic
9947,U+5B72,孲,0,,60,semantic
9948,U+5B73,孳,18,,60,semantic
9949,U+5B74,孴,0,,60,semantic
9950,U+5B75,孵,14,,60,semantic
9951,U+5B76,孶,47,,60,semantic
9952,U+5B77,孷,0,,60,semantic
9953,U+5B78,學,47,,60,semantic
9954,U+5B79,孹,0,,60,semantic
9955,U+5B7A,孺,57,,60,semantic
9956,U+5B7B,孻,47,,60,semantic
9957,U+5B7C,孼,42,,60,semantic
9958,U+5B7D,孽,57,,60,semantic
9959,U+5B7E,孾,57,,60,semantic
9960,U+5B7F,孿,57,,60,semantic
9961,U+5B80,宀,30,,60,semantic
9962,U+5B81,宁,28,,60,semantic
9963,U+5B82,宂,33,,60,semantic
9964,U+5B83,它,33,,60,semantic
9965,U+5B84,宄,42,,60,semantic
9966,U+5B85,宅,9,,60,semantic
9967,U+5B86,宆,0,,60,semantic
9968,U+5B87,宇,9,,60,semantic
9969,U+5B88,守,20,,60,semantic
9970,U+5B89,安,34,,60,semantic
9971,U+5B8A,宊,0,,60,semantic
9972,U+5B8B,宋,12,,60,semantic
9973,U+5B8C,完,47,,60,semantic
9974,U+5B8D,宍,30,,60,semantic
9975,U+5B8E,宎,0,,60,semantic
9976,U+5B8F,宏,18,,60,semantic
9977,U+5B90,宐,47,,60,semantic
9978,U+5B91,宑,0,,60,semantic
9979,U+5B92,宒,0,,60,semantic
9980,U+5B93,宓,34,,60,semantic
9981,U+5B94,宔,14,,60,semantic
9982,U+5B95,宕,14,,60,semantic
9983,U+5B96,宖,0,,60,semantic
9984,U+5B97,宗,57,,60,semantic
9985,U+5B98,官,12,,60,semantic
9986,U+5B99,宙,47,,60,semantic
9987,U+5B9A,定,33,,60,semantic
9988,U+5B9B,宛,45,,60,semantic
9989,U+5B9C,宜,28,,60,semantic
9990,U+5B9D,宝,29,,60,semantic
9991,U+5B9E,实,28,,60,semantic
9992,U+5B9F,実,28,,60,semantic
9993,U+5BA0,宠,57,,60,semantic
9994,U+5BA1,审,7,,60,semantic
9995,U+5BA2,客,57,,60,semantic
9996,U+5BA3,宣,33,,60,semantic
9997,U+5BA4,室,9,,60,semantic
9998,U+5BA5,宥,42,,60,semantic
9999,U+5BA6,宦,12,,60,semantic
10000,U+5BA7,宧,9,,60,semantic
10001,U+5BA8,宨,0,,60,semantic
10002,U+5BA9,宩,0,,60,semantic
10003,U+5BAA,宪,12,,60,semantic
10004,U+5BAB,宫,12,,60,semantic
10005,U+5BAC,宬,32,,60,semantic
10006,U+5BAD,宭,0,,60,semantic
10007,U+5BAE,宮,12,,60,semantic
10008,U+5BAF,宯,0,,60,semantic
10009,U+5BB0,宰,1,,60,semantic
10010,U+5BB1,宱,0,,60,semantic
10011,U+5BB2,宲,0,,60,semantic
10012,U+5BB3,害,42,,60,semantic
10013,U+5BB4,宴,54,,60,semantic
10014,U+5BB5,宵,50,,60,semantic
10015,U+5BB6,家,57,,60,semantic
10016,U+5BB7,宷,0,,60,semantic
10017,U+5BB8,宸,12,,60,semantic
10018,U+5BB9,容,7,,60,semantic
10019,U+5BBA,宺,0,,60,semantic
10020,U+5BBB,宻,18,,60,semantic
10021,U+5BBC,宼,42,,60,semantic
10022,U+5BBD,宽,18,,60,semantic
10023,U+5BBE,宾,33,,60,semantic
10024,U+5BBF,宿,9,,60,semantic
10025,U+5BC0,寀,12,,60,semantic
10026,U+5BC1,寁,31,,60,semantic
10027,U+5BC2,寂,34,,60,semantic
10028,U+5BC3,寃,42,,60,semantic
10029,U+5BC4,寄,33,,60,semantic
10030,U+5BC5,寅,20,,60,semantic
10031,U+5BC6,密,18,,60,semantic
10032,U+5BC7,寇,42,,60,semantic
10033,U+5BC8,寈,0,,60,semantic
10034,U+5BC9,寉,0,,60,semantic
10035,U+5BCA,寊,0,,60,semantic
10036,U+5BCB,寋,0,,60,semantic
10037,U+5BCC,富,18,,60,semantic
10038,U+5BCD,寍,47,,60,semantic
10039,U+5BCE,寎,36,,60,semantic
10040,U+5BCF,寏,0,,60,semantic
10041,U+5BD0,寐,33,,60,semantic
10042,U+5BD1,寑,0,,60,semantic
10043,U+5BD3,寓,9,,60,semantic
10044,U+5BD4,寔,28,,60,semantic
10045,U+5BD5,寕,28,,60,semantic
10046,U+5BD6,寖,31,,60,semantic
10047,U+5BD7,寗,32,,60,semantic
10048,U+5BD8,寘,5,,60,semantic
10049,U+5BD9,寙,0,,60,semantic
10050,U+5BDA,寚,29,,60,semantic
10051,U+5BDB,寛,18,,60,semantic
10052,U+5BDC,寜,28,,60,semantic
10053,U+5BDD,寝,9,,60,semantic
10054,U+5BDE,寞,34,,60,semantic
10055,U+5BDF,察,7,,60,semantic
10056,U+5BE0,寠,45,,60,semantic
10057,U+5BE1,寡,34,,60,semantic
10058,U+5BE2,寢,9,,60,semantic
10059,U+5BE3,寣,0,,60,semantic
10060,U+5BE4,寤,34,,60,semantic
10061,U+5BE5,寥,34,,60,semantic
10062,U+5BE6,實,28,,60,semantic
10063,U+5BE7,寧,28,,60,semantic
10064,U+5BE8,寨,9,,60,semantic
10065,U+5BE9,審,7,,60,semantic
10066,U+5BEA,寪,32,,60,semantic
10067,U+5BEB,寫,33,,60,semantic
10068,U+5BEC,寬,18,,60,semantic
10069,U+5BED,寭,0,,60,semantic
10070,U+5BEE,寮,9,,60,semantic
10071,U+5BEF,寯,18,,60,semantic
10072,U+5BF0,寰,12,,60,semantic
10073,U+5BF1,寱,0,,60,semantic
10074,U+5BF2,寲,0,,60,semantic
10075,U+5BF3,寳,29,,60,semantic
10076,U+5BF4,寴,0,,60,semantic
10077,U+5BF5,寵,57,,60,semantic
10078,U+5BF6,寶,29,,60,semantic
10079,U+5BF7,寷,0,,60,semantic
10080,U+5BF8,寸,30,,60,semantic
10081,U+5BF9,对,33,,60,semantic
10082,U+5BFA,寺,12,,60,semantic
10083,U+5BFB,寻,7,,60,semantic
10084,U+5BFC,导,33,,60,semantic
10085,U+5BFD,寽,45,,60,semantic
10086,U+5BFE,対,20,,60,semantic
10087,U+5BFF,寿,57,,60,semantic
10088,U+5C00,尀,47,,60,semantic
10089,U+5C01,封,29,,60,semantic
10090,U+5C02,専,13,,60,semantic
10091,U+5C03,尃,20,,60,semantic
10092,U+5C04,射,1,,60,semantic
10093,U+5C05,尅,5,,60,semantic
10094,U+5C06,将,31,,60,semantic
10095,U+5C07,將,31,,60,semantic
10096,U+5C08,專,13,,60,semantic
10097,U+5C09,尉,33,,60,semantic
10098,U+5C0A,尊,29,,60,semantic
10099,U+5C0B,尋,7,,60,semantic
10100,U+5C0C,尌,20,,60,semantic
10101,U+5C0D,對,33,,60,semantic
10102,U+5C0E,導,33,,60,semantic
10103,U+5C0F,小,45,,60,semantic
10104,U+5C10,尐,33,,60,semantic
10105,U+5C11,少,45,,60,semantic
10106,U+5C12,尒,57,,60,semantic
10107,U+5C13,尓,47,,60,semantic
10108,U+5C14,尔,57,,60,semantic
10109,U+5C15,尕,32,,60,semantic
10110,U+5C16,尖,28,,60,semantic
10111,U+5C17,尗,57,,60,semantic
10112,U+5C18,尘,49,,60,semantic
10113,U+5C19,尙,34,,60,semantic
10114,U+5C1A,尚,34,,60,semantic
10115,U+5C1B,尛,0,,60,semantic
10116,U+5C1C,尜,57,,60,semantic
10117,U+5C1D,尝,17,,60,semantic
10118,U+5C1E,尞,29,,60,semantic
10119,U+5C1F,尟,32,,60,semantic
10120,U+5C20,尠,34,,60,semantic
10121,U+5C21,尡,0,,60,semantic
10122,U+5C22,尢,30,,60,semantic
10123,U+5C23,尣,45,,60,semantic
10124,U+5C24,尤,47,,60,semantic
10125,U+5C25,尥,35,,60,semantic
10126,U+5C26,尦,0,,60,semantic
10127,U+5C27,尧,12,,60,semantic
10128,U+5C28,尨,19,,60,semantic
10129,U+5C29,尩,45,,60,semantic
10130,U+5C2A,尪,45,,60,semantic
10131,U+5C2B,尫,45,,60,semantic
10132,U+5C2C,尬,51,,60,semantic
10133,U+5C2D,尭,12,,60,semantic
10134,U+5C2E,尮,0,,60,semantic
10135,U+5C2F,尯,0,,60,semantic
10136,U+5C30,尰,51,,60,semantic
10137,U+5C31,就,31,,60,semantic
10138,U+5C32,尲,15,,60,semantic
10139,U+5C33,尳,0,,60,semantic
10140,U+5C34,尴,36,,60,semantic
10141,U+5C35,尵,0,,60,semantic
10142,U+5C36,尶,36,,60,semantic
10143,U+5C37,尷,36,,60,semantic
10144,U+5C38,尸,30,,60,semantic
10145,U+5C39,尹,12,,60,semantic
10146,U+5C3B,尻,51,,60,semantic
10147,U+5C3C,尼,12,,60,semantic
10148,U+5C3D,尽,5,,60,semantic
10149,U+5C3E,尾,12,,60,semantic
10150,U+5C3F,尿,49,,60,semantic
10151,U+5C40,局,33,,60,semantic
10152,U+5C41,屁,51,,60,semantic
10153,U+5C42,层,47,,60,semantic
10154,U+5C43,屃,18,,60,semantic
10155,U+5C44,屄,56,,60,semantic
10156,U+5C45,居,33,,60,semantic
10157,U+5C46,屆,47,,60,semantic
10158,U+5C47,屇,14,,60,semantic
10159,U+5C48,屈,51,,60,semantic
10160,U+5C49,屉,46,,60,semantic
10161,U+5C4A,届,47,,60,semantic
10162,U+5C4B,屋,9,,60,semantic
10163,U+5C4C,屌,36,,60,semantic
10164,U+5C4D,屍,54,,60,semantic
10165,U+5C4E,屎,54,,60,semantic
10166,U+5C4F,屏,46,,60,semantic
10167,U+5C50,屐,51,,60,semantic
10168,U+5C51,屑,52,,60,semantic
10169,U+5C52,屒,0,,60,semantic
10170,U+5C53,屓,18,,60,semantic
10171,U+5C54,屔,0,,60,semantic
10172,U+5C55,展,33,,60,semantic
10173,U+5C56,屖,0,,60,semantic
10174,U+5C57,屗,0,,60,semantic
10175,U+5C58,屘,57,,60,semantic
10176,U+5C59,屙,20,,60,semantic
10177,U+5C5A,屚,0,,60,semantic
10178,U+5C5B,屛,46,,60,semantic
10179,U+5C5C,屜,46,,60,semantic
10180,U+5C5D,屝,51,,60,semantic
10181,U+5C5E,属,47,,60,semantic
10182,U+5C5F,屟,51,,60,semantic
10183,U+5C60,屠,54,,60,semantic
10184,U+5C61,屡,47,,60,semantic
10185,U+5C62,屢,47,,60,semantic
10186,U+5C63,屣,51,,60,semantic
10187,U+5C64,層,14,,60,semantic
10188,U+5C65,履,51,,60,semantic
10189,U+5C66,屦,51,,60,semantic
10190,U+5C67,屧,51,,60,semantic
10191,U+5C68,屨,51,,60,semantic
10192,U+5C69,屩,51,,60,semantic
10193,U+5C6A,屪,53,,60,semantic
10194,U+5C6B,屫,0,,60,semantic
10195,U+5C6C,屬,47,,60,semantic
10196,U+5C6D,屭,18,,60,semantic
10197,U+5C6E,屮,30,,60,semantic
10198,U+5C6F,屯,9,,60,semantic
10199,U+5C70,屰,42,,60,semantic
10200,U+5C71,山,22,,60,semantic
10201,U+5C72,屲,0,,60,semantic
10202,U+5C73,屳,0,,60,semantic
10203,U+5C74,屴,18,,60,semantic
10204,U+5C75,屵,0,,60,semantic
10205,U+5C76,屶,18,,60,semantic
10206,U+5C77,屷,0,,60,semantic
10207,U+5C78,屸,0,,60,semantic
10208,U+5C79,屹,13,,60,semantic
10209,U+5C7A,屺,22,,60,semantic
10210,U+5C7B,屻,52,,60,semantic
10211,U+5C7C,屼,22,,60,semantic
10212,U+5C7D,屽,0,,60,semantic
10213,U+5C7E,屾,0,,60,semantic
10214,U+5C7F,屿,12,,60,semantic
10215,U+5C80,岀,5,,60,semantic
10216,U+5C81,岁,57,,60,semantic
10217,U+5C82,岂,33,,60,semantic
10218,U+5C83,岃,0,,60,semantic
10219,U+5C84,岄,0,,60,semantic
10220,U+5C85,岅,22,,60,semantic
10221,U+5C86,岆,0,,60,semantic
10222,U+5C87,岇,0,,60,semantic
10223,U+5C88,岈,43,,60,semantic
10224,U+5C89,岉,0,,60,semantic
10225,U+5C8A,岊,22,,60,semantic
10226,U+5C8B,岋,0,,60,semantic
10227,U+5C8C,岌,18,,60,semantic
10228,U+5C8D,岍,22,,60,semantic
10229,U+5C8E,岎,0,,60,semantic
10230,U+5C8F,岏,0,,60,semantic
10231,U+5C90,岐,18,,60,semantic
10232,U+5C91,岑,22,,60,semantic
10233,U+5C92,岒,0,,60,semantic
10234,U+5C93,岓,0,,60,semantic
10235,U+5C94,岔,5,,60,semantic
10236,U+5C95,岕,0,,60,semantic
10237,U+5C96,岖,18,,60,semantic
10238,U+5C97,岗,33,,60,semantic
10239,U+5C98,岘,22,,60,semantic
10240,U+5C99,岙,12,,60,semantic
10241,U+5C9A,岚,16,,60,semantic
10242,U+5C9B,岛,12,,60,semantic
10243,U+5C9C,岜,22,,60,semantic
10244,U+5C9D,岝,43,,60,semantic
10245,U+5C9E,岞,43,,60,semantic
10246,U+5C9F,岟,0,,60,semantic
10247,U+5CA0,岠,0,,60,semantic
10248,U+5CA1,岡,22,,60,semantic
10249,U+5CA2,岢,43,,60,semantic
10250,U+5CA3,岣,43,,60,semantic
10251,U+5CA4,岤,0,,60,semantic
10252,U+5CA5,岥,0,,60,semantic
10253,U+5CA6,岦,0,,60,semantic
10254,U+5CA7,岧,22,,60,semantic
10255,U+5CA8,岨,45,,60,semantic
10256,U+5CA9,岩,22,,60,semantic
10257,U+5CAA,岪,0,,60,semantic
10258,U+5CAB,岫,22,,60,semantic
10259,U+5CAC,岬,12,,60,semantic
10260,U+5CAD,岭,22,,60,semantic
10261,U+5CAE,岮,0,,60,semantic
10262,U+5CAF,岯,0,,60,semantic
10263,U+5CB0,岰,0,,60,semantic
10264,U+5CB1,岱,43,,60,semantic
10265,U+5CB2,岲,0,,60,semantic
10266,U+5CB3,岳,22,,60,semantic
10267,U+5CB4,岴,0,,60,semantic
10268,U+5CB5,岵,22,,60,semantic
10269,U+5CB6,岶,0,,60,semantic
10270,U+5CB7,岷,43,,60,semantic
10271,U+5CB8,岸,10,,60,semantic
10272,U+5CB9,岹,22,,60,semantic
10273,U+5CBA,岺,22,,60,semantic
10274,U+5CBB,岻,0,,60,semantic
10275,U+5CBC,岼,0,,60,semantic
10276,U+5CBD,岽,43,,60,semantic
10277,U+5CBE,岾,22,,60,semantic
10278,U+5CBF,岿,18,,60,semantic
10279,U+5CC0,峀,22,,60,semantic
10280,U+5CC1,峁,14,,60,semantic
10281,U+5CC2,峂,43,,60,semantic
10282,U+5CC3,峃,22,,60,semantic
10283,U+5CC4,峄,22,,60,semantic
10284,U+5CC5,峅,0,,60,semantic
10285,U+5CC6,峆,0,,60,semantic
10286,U+5CC7,峇,14,,60,semantic
10287,U+5CC8,峈,0,,60,semantic
10288,U+5CC9,峉,0,,60,semantic
10289,U+5CCA,峊,0,,60,semantic
10290,U+5CCB,峋,22,,60,semantic
10291,U+5CCC,峌,0,,60,semantic
10292,U+5CCD,峍,0,,60,semantic
10293,U+5CCE,峎,0,,60,semantic
10294,U+5CCF,峏,0,,60,semantic
10295,U+5CD0,峐,0,,60,semantic
10296,U+5CD1,峑,0,,60,semantic
10297,U+5CD2,峒,43,,60,semantic
10298,U+5CD3,峓,0,,60,semantic
10299,U+5CD4,峔,0,,60,semantic
10300,U+5CD5,峕,0,,60,semantic
10301,U+5CD6,峖,0,,60,semantic
10302,U+5CD7,峗,0,,60,semantic
10303,U+5CD8,峘,0,,60,semantic
10304,U+5CD9,峙,13,,60,semantic
10305,U+5CDA,峚,0,,60,semantic
10306,U+5CDB,峛,0,,60,semantic
10307,U+5CDC,峜,0,,60,semantic
10308,U+5CDD,峝,22,,60,semantic
10309,U+5CDE,峞,45,,60,semantic
10310,U+5CDF,峟,0,,60,semantic
10311,U+5CE0,峠,22,,60,semantic
10312,U+5CE1,峡,10,,60,semantic
10313,U+5CE2,峢,0,,60,semantic
10314,U+5CE3,峣,18,,60,semantic
10315,U+5CE4,峤,22,,60,semantic
10316,U+5CE5,峥,18,,60,semantic
10317,U+5CE6,峦,22,,60,semantic
10318,U+5CE7,峧,32,,60,semantic
10319,U+5CE8,峨,18,,60,semantic
10320,U+5CE9,峩,18,,60,semantic
10321,U+5CEA,峪,22,,60,semantic
10322,U+5CEB,峫,43,,60,semantic
10323,U+5CEC,峬,0,,60,semantic
10324,U+5CED,峭,22,,60,semantic
10325,U+5CEE,峮,0,,60,semantic
10326,U+5CEF,峯,22,,60,semantic
10327,U+5CF0,峰,22,,60,semantic
10328,U+5CF1,峱,22,,60,semantic
10329,U+5CF2,峲,0,,60,semantic
10330,U+5CF3,峳,0,,60,semantic
10331,U+5CF4,峴,22,,60,semantic
10332,U+5CF5,峵,0,,60,semantic
10333,U+5CF6,島,12,,60,semantic
10334,U+5CF7,峷,0,,60,semantic
10335,U+5CF8,峸,0,,60,semantic
10336,U+5CF9,峹,0,,60,semantic
10337,U+5CFA,峺,0,,60,semantic
10338,U+5CFB,峻,18,,60,semantic
10339,U+5CFC,峼,0,,60,semantic
10340,U+5CFD,峽,10,,60,semantic
10341,U+5CFE,峾,0,,60,semantic
10342,U+5CFF,峿,22,,60,semantic
10343,U+5D00,崀,43,,60,semantic
10344,U+5D01,崁,43,,60,semantic
10345,U+5D02,崂,43,,60,semantic
10346,U+5D03,崃,43,,60,semantic
10347,U+5D04,崄,18,,60,semantic
10348,U+5D05,崅,0,,60,semantic
10349,U+5D06,崆,43,,60,semantic
10350,U+5D07,崇,12,,60,semantic
10351,U+5D08,崈,28,,60,semantic
10352,U+5D09,崉,0,,60,semantic
10353,U+5D0A,崊,0,,60,semantic
10354,U+5D0B,崋,43,,60,semantic
10355,U+5D0C,崌,22,,60,semantic
10356,U+5D0D,崍,43,,60,semantic
10357,U+5D0E,崎,45,,60,semantic
10358,U+5D0F,崏,0,,60,semantic
10359,U+5D10,崐,43,,60,semantic
10360,U+5D11,崑,43,,60,semantic
10361,U+5D12,崒,22,,60,semantic
10362,U+5D13,崓,0,,60,semantic
10363,U+5D14,崔,18,,60,semantic
10364,U+5D15,崕,22,,60,semantic
10365,U+5D16,崖,22,,60,semantic
10366,U+5D17,崗,33,,60,semantic
10367,U+5D18,崘,43,,60,semantic
10368,U+5D19,崙,43,,60,semantic
10369,U+5D1A,崚,22,,60,semantic
10370,U+5D1B,崛,18,,60,semantic
10371,U+5D1C,崜,0,,60,semantic
10372,U+5D1D,崝,0,,60,semantic
10373,U+5D1E,崞,43,,60,semantic
10374,U+5D1F,崟,22,,60,semantic
10375,U+5D20,崠,43,,60,semantic
10376,U+5D21,崡,0,,60,semantic
10377,U+5D22,崢,18,,60,semantic
10378,U+5D23,崣,0,,60,semantic
10379,U+5D24,崤,22,,60,semantic
10380,U+5D25,崥,0,,60,semantic
10381,U+5D26,崦,50,,60,semantic
10382,U+5D27,崧,22,,60,semantic
10383,U+5D28,崨,0,,60,semantic
10384,U+5D29,崩,5,,60,semantic
10385,U+5D2A,崪,22,,60,semantic
10386,U+5D2B,崫,22,,60,semantic
10387,U+5D2C,崬,43,,60,semantic
10388,U+5D2D,崭,18,,60,semantic
10389,U+5D2E,崮,22,,60,semantic
10390,U+5D2F,崯,22,,60,semantic
10391,U+5D30,崰,0,,60,semantic
10392,U+5D31,崱,18,,60,semantic
10393,U+5D32,崲,0,,60,semantic
10394,U+5D33,崳,43,,60,semantic
10395,U+5D34,崴,18,,60,semantic
10396,U+5D35,崵,0,,60,semantic
10397,U+5D36,崶,0,,60,semantic
10398,U+5D37,崷,0,,60,semantic
10399,U+5D38,崸,0,,60,semantic
10400,U+5D39,崹,0,,60,semantic
10401,U+5D3A,崺,0,,60,semantic
10402,U+5D3B,崻,0,,60,semantic
10403,U+5D3C,崼,0,,60,semantic
10404,U+5D3D,崽,57,,60,semantic
10405,U+5D3E,崾,43,,60,semantic
10406,U+5D3F,崿,22,,60,semantic
10407,U+5D40,嵀,0,,60,semantic
10408,U+5D41,嵁,2,,60,semantic
10409,U+5D42,嵂,18,,60,semantic
10410,U+5D43,嵃,0,,60,semantic
10411,U+5D44,嵄,0,,60,semantic
10412,U+5D45,嵅,0,,60,semantic
10413,U+5D46,嵆,22,,60,semantic
10414,U+5D47,嵇,22,,60,semantic
10415,U+5D48,嵈,0,,60,semantic
10416,U+5D49,嵉,0,,60,semantic
10417,U+5D4A,嵊,43,,60,semantic
10418,U+5D4B,嵋,43,,60,semantic
10419,U+5D4C,嵌,52,,60,semantic
10420,U+5D4D,嵍,0,,60,semantic
10421,U+5D4E,嵎,22,,60,semantic
10422,U+5D4F,嵏,43,,60,semantic
10423,U+5D50,嵐,16,,60,semantic
10424,U+5D51,嵑,0,,60,semantic
10425,U+5D52,嵒,22,,60,semantic
10426,U+5D53,嵓,0,,60,semantic
10427,U+5D54,嵔,0,,60,semantic
10428,U+5D55,嵕,0,,60,semantic
10429,U+5D56,嵖,22,,60,semantic
10430,U+5D57,嵗,57,,60,semantic
10431,U+5D58,嵘,18,,60,semantic
10432,U+5D59,嵙,32,,60,semantic
10433,U+5D5A,嵚,18,,60,semantic
10434,U+5D5B,嵛,43,,60,semantic
10435,U+5D5C,嵜,45,,60,semantic
10436,U+5D5D,嵝,43,,60,semantic
10437,U+5D5E,嵞,0,,60,semantic
10438,U+5D5F,嵟,0,,60,semantic
10439,U+5D60,嵠,10,,60,semantic
10440,U+5D61,嵡,0,,60,semantic
10441,U+5D62,嵢,0,,60,semantic
10442,U+5D63,嵣,0,,60,semantic
10443,U+5D64,嵤,0,,60,semantic
10444,U+5D65,嵥,0,,60,semantic
10445,U+5D66,嵦,28,,60,semantic
10446,U+5D67,嵧,0,,60,semantic
10447,U+5D68,嵨,0,,60,semantic
10448,U+5D69,嵩,22,,60,semantic
10449,U+5D6A,嵪,0,,60,semantic
10450,U+5D6B,嵫,43,,60,semantic
10451,U+5D6C,嵬,22,,60,semantic
10452,U+5D6D,嵭,0,,60,semantic
10453,U+5D6E,嵮,0,,60,semantic
10454,U+5D6F,嵯,18,,60,semantic
10455,U+5D70,嵰,0,,60,semantic
10456,U+5D71,嵱,0,,60,semantic
10457,U+5D72,嵲,22,,60,semantic
10458,U+5D73,嵳,18,,60,semantic
10459,U+5D74,嵴,22,,60,semantic
10460,U+5D75,嵵,0,,60,semantic
10461,U+5D76,嵶,22,,60,semantic
10462,U+5D77,嵷,0,,60,semantic
10463,U+5D78,嵸,0,,60,semantic
10464,U+5D79,嵹,0,,60,semantic
10465,U+5D7A,嵺,0,,60,semantic
10466,U+5D7B,嵻,0,,60,semantic
10467,U+5D7C,嵼,0,,60,semantic
10468,U+5D7D,嵽,22,,60,semantic
10469,U+5D7E,嵾,45,,60,semantic
10470,U+5D7F,嵿,0,,60,semantic
10471,U+5D80,嶀,0,,60,semantic
10472,U+5D81,嶁,43,,60,semantic
10473,U+5D82,嶂,22,,60,semantic
10474,U+5D83,嶃,22,,60,semantic
10475,U+5D84,嶄,18,,60,semantic
10476,U+5D85,嶅,22,,60,semantic
10477,U+5D86,嶆,0,,60,semantic
10478,U+5D87,嶇,45,,60,semantic
10479,U+5D88,嶈,0,,60,semantic
10480,U+5D89,嶉,0,,60,semantic
10481,U+5D8A,嶊,0,,60,semantic
10482,U+5D8B,嶋,12,,60,semantic
10483,U+5D8C,嶌,12,,60,semantic
10484,U+5D8D,嶍,22,,60,semantic
10485,U+5D8E,嶎,28,,60,semantic
10486,U+5D8F,嶏,0,,60,semantic
10487,U+5D90,嶐,0,,60,semantic
10488,U+5D91,嶑,0,,60,semantic
10489,U+5D92,嶒,18,,60,semantic
10490,U+5D93,嶓,43,,60,semantic
10491,U+5D94,嶔,18,,60,semantic
10492,U+5D95,嶕,0,,60,semantic
10493,U+5D96,嶖,0,,60,semantic
10494,U+5D97,嶗,43,,60,semantic
10495,U+5D98,嶘,0,,60,semantic
10496,U+5D99,嶙,36,,60,semantic
10497,U+5D9A,嶚,0,,60,semantic
10498,U+5D9B,嶛,0,,60,semantic
10499,U+5D9C,嶜,0,,60,semantic
10500,U+5D9D,嶝,22,,60,semantic
10501,U+5D9E,嶞,22,,60,semantic
10502,U+5D9F,嶟,0,,60,semantic
10503,U+5DA0,嶠,22,,60,semantic
10504,U+5DA1,嶡,47,,60,semantic
10505,U+5DA2,嶢,18,,60,semantic
10506,U+5DA3,嶣,0,,60,semantic
10507,U+5DA4,嶤,0,,60,semantic
10508,U+5DA5,嶥,0,,60,semantic
10509,U+5DA6,嶦,0,,60,semantic
10510,U+5DA7,嶧,22,,60,semantic
10511,U+5DA8,嶨,22,,60,semantic
10512,U+5DA9,嶩,22,,60,semantic
10513,U+5DAA,嶪,0,,60,semantic
10514,U+5DAB,嶫,0,,60,semantic
10515,U+5DAC,嶬,0,,60,semantic
10516,U+5DAD,嶭,18,,60,semantic
10517,U+5DAE,嶮,18,,60,semantic
10518,U+5DAF,嶯,0,,60,semantic
10519,U+5DB0,嶰,46,,60,semantic
10520,U+5DB1,嶱,0,,60,semantic
10521,U+5DB2,嶲,43,,60,semantic
10522,U+5DB3,嶳,0,,60,semantic
10523,U+5DB4,嶴,12,,60,semantic
10524,U+5DB5,嶵,0,,60,semantic
10525,U+5DB6,嶶,0,,60,semantic
10526,U+5DB7,嶷,43,,60,semantic
10527,U+5DB8,嶸,18,,60,semantic
10528,U+5DB9,嶹,0,,60,semantic
10529,U+5DBA,嶺,22,,60,semantic
10530,U+5DBB,嶻,0,,60,semantic
10531,U+5DBC,嶼,12,,60,semantic
10532,U+5DBD,嶽,22,,60,semantic
10533,U+5DBE,嶾,0,,60,semantic
10534,U+5DBF,嶿,0,,60,semantic
10535,U+5DC0,巀,0,,60,semantic
10536,U+5DC1,巁,0,,60,semantic
10537,U+5DC2,巂,32,,60,semantic
10538,U+5DC3,巃,18,,60,semantic
10539,U+5DC4,巄,0,,60,semantic
10540,U+5DC5,巅,22,,60,semantic
10541,U+5DC6,巆,0,,60,semantic
10542,U+5DC7,巇,52,,60,semantic
10543,U+5DC8,巈,0,,60,semantic
10544,U+5DC9,巉,22,,60,semantic
10545,U+5DCA,巊,0,,60,semantic
10546,U+5DCB,巋,18,,60,semantic
10547,U+5DCC,巌,22,,60,semantic
10548,U+5DCD,巍,18,,60,semantic
10549,U+5DCE,巎,32,,60,semantic
10550,U+5DCF,巏,0,,60,semantic
10551,U+5DD0,巐,0,,60,semantic
10552,U+5DD1,巑,0,,60,semantic
10553,U+5DD2,巒,22,,60,semantic
10554,U+5DD3,巓,22,,60,semantic
10555,U+5DD4,巔,22,,60,semantic
10556,U+5DD5,巕,0,,60,semantic
10557,U+5DD6,巖,22,,60,semantic
10558,U+5DD7,巗,22,,60,semantic
10559,U+5DD8,巘,22,,60,semantic
10560,U+5DD9,巙,0,,60,semantic
10561,U+5DDA,巚,0,,60,semantic
10562,U+5DDF,巟,23,,60,semantic
10563,U+5DE0,巠,23,,60,semantic
10564,U+5DE1,巡,55,,60,semantic
10565,U+5DE2,巢,41,,60,semantic
10566,U+5DE3,巣,41,,60,semantic
10567,U+5DE4,巤,19,,60,semantic
10568,U+5DE5,工,33,,60,semantic
10569,U+5DE6,左,47,,60,semantic
10570,U+5DE7,巧,33,,60,semantic
10571,U+5DE9,巩,33,,60,semantic
10572,U+5DEA,巪,32,,60,semantic
10573,U+5DEB,巫,12,,60,semantic
10574,U+5DEC,巬,0,,60,semantic
10575,U+5DED,巭,47,,60,semantic
10576,U+5DEE,差,33,,60,semantic
10577,U+5DF0,巰,6,,60,semantic
10578,U+5DF1,己,12,,60,semantic
10579,U+5DF5,巵,24,,60,semantic
10580,U+5DF6,巶,0,,60,semantic
10581,U+5DF7,巷,9,,60,semantic
10582,U+5DF8,巸,0,,60,semantic
10583,U+5DF9,巹,0,,60,semantic
10584,U+5DFA,巺,47,,60,semantic
10585,U+5DFB,巻,53,,60,semantic
10586,U+5DFC,巼,32,,60,semantic
10587,U+5DFD,巽,47,,60,semantic
10588,U+5DFE,巾,30,,60,semantic
10589,U+5DFF,巿,1,,60,semantic
10590,U+5E00,帀,20,,60,semantic
10591,U+5E01,币,29,,60,semantic
10592,U+5E02,市,29,,60,semantic
10593,U+5E03,布,11,,60,semantic
10594,U+5E04,帄,0,,60,semantic
10595,U+5E05,帅,12,,60,semantic
10596,U+5E06,帆,55,,60,semantic
10597,U+5E07,帇,0,,60,semantic
10598,U+5E08,师,12,,60,semantic
10599,U+5E09,帉,0,,60,semantic
10600,U+5E0A,帊,54,,60,semantic
10601,U+5E0B,帋,47,,60,semantic
10602,U+5E0C,希,36,,60,semantic
10603,U+5E0D,帍,0,,60,semantic
10604,U+5E0E,帎,2,,60,semantic
10605,U+5E0F,帏,9,,60,semantic
10606,U+5E10,帐,58,,60,semantic
10607,U+5E11,帑,29,,60,semantic
10608,U+5E12,帒,27,,60,semantic
10609,U+5E13,帓,0,,60,semantic
10610,U+5E14,帔,27,,60,semantic
10611,U+5E15,帕,27,,60,semantic
10612,U+5E16,帖,47,,60,semantic
10613,U+5E17,帗,50,,60,semantic
10614,U+5E18,帘,9,,60,semantic
10615,U+5E19,帙,27,,60,semantic
10616,U+5E1A,帚,52,,60,semantic
10617,U+5E1B,帛,11,,60,semantic
10618,U+5E1C,帜,33,,60,semantic
10619,U+5E1D,帝,12,,60,semantic
10620,U+5E1E,帞,0,,60,semantic
10621,U+5E1F,帟,9,,60,semantic
10622,U+5E20,帠,0,,60,semantic
10623,U+5E21,帡,9,,60,semantic
10624,U+5E22,帢,11,,60,semantic
10625,U+5E23,帣,27,,60,semantic
10626,U+5E24,帤,0,,60,semantic
10627,U+5E25,帥,12,,60,semantic
10628,U+5E26,带,46,,60,semantic
10629,U+5E27,帧,7,,60,semantic
10630,U+5E28,帨,27,,60,semantic
10631,U+5E29,帩,0,,60,semantic
10632,U+5E2A,帪,0,,60,semantic
10633,U+5E2B,師,12,,60,semantic
10634,U+5E2C,帬,27,,60,semantic
10635,U+5E2D,席,59,,60,semantic
10636,U+5E2E,帮,51,,60,semantic
10637,U+5E2F,帯,46,,60,semantic
10638,U+5E30,帰,5,,60,semantic
10639,U+5E31,帱,9,,60,semantic
10640,U+5E32,帲,9,,60,semantic
10641,U+5E33,帳,58,,60,semantic
10642,U+5E34,帴,0,,60,semantic
10643,U+5E35,帵,27,,60,semantic
10644,U+5E36,帶,46,,60,semantic
10645,U+5E37,帷,9,,60,semantic
10646,U+5E38,常,47,,60,semantic
10647,U+5E39,帹,0,,60,semantic
10648,U+5E3A,帺,0,,60,semantic
10649,U+5E3B,帻,53,,60,semantic
10650,U+5E3C,帼,4,,60,semantic
10651,U+5E3D,帽,2,,60,semantic
10652,U+5E3E,帾,0,,60,semantic
10653,U+5E3F,帿,2,,60,semantic
10654,U+5E40,幀,7,,60,semantic
10655,U+5E41,幁,0,,60,semantic
10656,U+5E42,幂,27,,60,semantic
10657,U+5E43,幃,9,,60,semantic
10658,U+5E44,幄,58,,60,semantic
10659,U+5E45,幅,52,,60,semantic
10660,U+5E46,幆,0,,60,semantic
10661,U+5E47,幇,33,,60,semantic
10662,U+5E48,幈,46,,60,semantic
10663,U+5E49,幉,0,,60,semantic
10664,U+5E4A,幊,0,,60,semantic
10665,U+5E4B,幋,46,,60,semantic
10666,U+5E4C,幌,27,,60,semantic
10667,U+5E4D,幍,0,,60,semantic
10668,U+5E4E,幎,27,,60,semantic
10669,U+5E4F,幏,0,,60,semantic
10670,U+5E50,幐,0,,60,semantic
10671,U+5E51,幑,47,,60,semantic
10672,U+5E52,幒,0,,60,semantic
10673,U+5E53,幓,53,,60,semantic
10674,U+5E54,幔,9,,60,semantic
10675,U+5E55,幕,9,,60,semantic
10676,U+5E56,幖,0,,60,semantic
10677,U+5E57,幗,4,,60,semantic
10678,U+5E58,幘,53,,60,semantic
10679,U+5E59,幙,9,,60,semantic
10680,U+5E5A,幚,51,,60,semantic
10681,U+5E5B,幛,11,,60,semantic
10682,U+5E5C,幜,0,,60,semantic
10683,U+5E5D,幝,0,,60,semantic
10684,U+5E5E,幞,53,,60,semantic
10685,U+5E5F,幟,53,,60,semantic
10686,U+5E60,幠,27,,60,semantic
10687,U+5E61,幡,53,,60,semantic
10688,U+5E62,幢,9,,60,semantic
10689,U+5E63,幣,29,,60,semantic
10690,U+5E64,幤,42,,60,semantic
10691,U+5E65,幥,0,,60,semantic
10692,U+5E66,幦,27,,60,semantic
10693,U+5E67,幧,0,,60,semantic
10694,U+5E68,幨,9,,60,semantic
10695,U+5E69,幩,46,,60,semantic
10696,U+5E6A,幪,9,,60,semantic
10697,U+5E6B,幫,33,,60,semantic
10698,U+5E6C,幬,9,,60,semantic
10699,U+5E6D,幭,27,,60,semantic
10700,U+5E6E,幮,26,,60,semantic
10701,U+5E6F,幯,0,,60,semantic
10702,U+5E70,幰,9,,60,semantic
10703,U+5E71,幱,27,,60,semantic
10704,U+5E72,干,5,,60,semantic
10705,U+5E73,平,45,,60,semantic
10706,U+5E75,幵,13,,60,semantic
10707,U+5E76,并,47,,60,semantic
10708,U+5E77,幷,33,,60,semantic
10709,U+5E78,幸,28,,60,semantic
10710,U+5E7A,幺,45,,60,semantic
10711,U+5E7B,幻,36,,60,semantic
10712,U+5E7C,幼,57,,60,semantic
10713,U+5E7D,幽,34,,60,semantic
10714,U+5E7E,幾,47,,60,semantic
10715,U+5E7F,广,18,,60,semantic
10716,U+5E80,庀,20,,60,semantic
10717,U+5E81,庁,9,,60,semantic
10718,U+5E82,庂,0,,60,semantic
10719,U+5E83,広,18,,60,semantic
10720,U+5E84,庄,12,,60,semantic
10721,U+5E85,庅,47,,60,semantic
10722,U+5E86,庆,28,,60,semantic
10723,U+5E87,庇,9,,60,semantic
10724,U+5E88,庈,32,,60,semantic
10725,U+5E89,庉,57,,60,semantic
10726,U+5E8A,床,9,,60,semantic
10727,U+5E8B,庋,26,,60,semantic
10728,U+5E8C,庌,0,,60,semantic
10729,U+5E8D,庍,0,,60,semantic
10730,U+5E8E,庎,0,,60,semantic
10731,U+5E8F,序,38,,60,semantic
10732,U+5E90,庐,22,,60,semantic
10733,U+5E91,庑,9,,60,semantic
10734,U+5E92,庒,0,,60,semantic
10735,U+5E93,库,9,,60,semantic
10736,U+5E94,应,33,,60,semantic
10737,U+5E95,底,51,,60,semantic
10738,U+5E96,庖,54,,60,semantic
10739,U+5E97,店,9,,60,semantic
10740,U+5E98,庘,0,,60,semantic
10741,U+5E99,庙,12,,60,semantic
10742,U+5E9A,庚,12,,60,semantic
10743,U+5E9B,庛,0,,60,semantic
10744,U+5E9C,府,43,,60,semantic
10745,U+5E9D,庝,0,,60,semantic
10746,U+5E9E,庞,18,,60,semantic
10747,U+5E9F,废,5,,60,semantic
10748,U+5EA0,庠,12,,60,semantic
10749,U+5EA1,庡,0,,60,semantic
10750,U+5EA2,庢,0,,60,semantic
10751,U+5EA3,庣,0,,60,semantic
10752,U+5EA4,庤,20,,60,semantic
10753,U+5EA5,庥,9,,60,semantic
10754,U+5EA6,度,47,,60,semantic
10755,U+5EA7,座,51,,60,semantic
10756,U+5EA8,庨,0,,60,semantic
10757,U+5EA9,庩,0,,60,semantic
10758,U+5EAA,庪,0,,60,semantic
10759,U+5EAB,庫,9,,60,semantic
10760,U+5EAC,庬,18,,60,semantic
10761,U+5EAD,庭,9,,60,semantic
10762,U+5EAE,庮,0,,60,semantic
10763,U+5EAF,庯,0,,60,semantic
10764,U+5EB0,庰,0,,60,semantic
10765,U+5EB1,庱,0,,60,semantic
10766,U+5EB2,庲,0,,60,semantic
10767,U+5EB3,庳,45,,60,semantic
10768,U+5EB4,庴,0,,60,semantic
10769,U+5EB5,庵,12,,60,semantic
10770,U+5EB6,庶,18,,60,semantic
10771,U+5EB7,康,28,,60,semantic
10772,U+5EB8,庸,45,,60,semantic
10773,U+5EB9,庹,51,,60,semantic
10774,U+5EBA,庺,0,,60,semantic
10775,U+5EBB,庻,18,,60,semantic
10776,U+5EBC,庼,9,,60,semantic
10777,U+5EBD,庽,9,,60,semantic
10778,U+5EBE,庾,9,,60,semantic
10779,U+5EBF,庿,12,,60,semantic
10780,U+5EC0,廀,34,,60,semantic
10781,U+5EC1,廁,49,,60,semantic
10782,U+5EC2,廂,9,,60,semantic
10783,U+5EC3,廃,5,,60,semantic
10784,U+5EC4,廄,9,,60,semantic
10785,U+5EC5,廅,0,,60,semantic
10786,U+5EC6,廆,9,,60,semantic
10787,U+5EC7,廇,0,,60,semantic
10788,U+5EC8,廈,12,,60,semantic
10789,U+5EC9,廉,28,,60,semantic
10790,U+5ECA,廊,9,,60,semantic
10791,U+5ECB,廋,34,,60,semantic
10792,U+5ECC,廌,12,,60,semantic
10793,U+5ECD,廍,0,,60,semantic
10794,U+5ECE,廎,9,,60,semantic
10795,U+5ECF,廏,9,,60,semantic
10796,U+5ED0,廐,9,,60,semantic
10797,U+5ED1,廑,9,,60,semantic
10798,U+5ED2,廒,53,,60,semantic
10799,U+5ED3,廓,18,,60,semantic
10800,U+5ED4,廔,20,,60,semantic
10801,U+5ED5,廕,50,,60,semantic
10802,U+5ED6,廖,32,,60,semantic
10803,U+5ED7,廗,0,,60,semantic
10804,U+5ED8,廘,0,,60,semantic
10805,U+5ED9,廙,28,,60,semantic
10806,U+5EDA,廚,9,,60,semantic
10807,U+5EDB,廛,14,,60,semantic
10808,U+5EDC,廜,0,,60,semantic
10809,U+5EDD,廝,12,,60,semantic
10810,U+5EDE,廞,35,,60,semantic
10811,U+5EDF,廟,12,,60,semantic
10812,U+5EE0,廠,48,,60,semantic
10813,U+5EE1,廡,9,,60,semantic
10814,U+5EE2,廢,5,,60,semantic
10815,U+5EE3,廣,18,,60,semantic
10816,U+5EE4,廤,20,,60,semantic
10817,U+5EE5,廥,0,,60,semantic
10818,U+5EE6,廦,0,,60,semantic
10819,U+5EE7,廧,9,,60,semantic
10820,U+5EE8,廨,12,,60,semantic
10821,U+5EE9,廩,48,,60,semantic
10822,U+5EEA,廪,48,,60,semantic
10823,U+5EEB,廫,0,,60,semantic
10824,U+5EEC,廬,22,,60,semantic
10825,U+5EED,廭,0,,60,semantic
10826,U+5EEE,廮,0,,60,semantic
10827,U+5EEF,廯,0,,60,semantic
10828,U+5EF0,廰,9,,60,semantic
10829,U+5EF1,廱,28,,60,semantic
10830,U+5EF2,廲,0,,60,semantic
10831,U+5EF3,廳,9,,60,semantic
10832,U+5EF4,廴,30,,60,semantic
10833,U+5EF5,廵,31,,60,semantic
10834,U+5EF6,延,5,,60,semantic
10835,U+5EF7,廷,33,,60,semantic
10836,U+5EF8,廸,20,,60,semantic
10837,U+5EF9,廹,15,,60,semantic
10838,U+5EFA,建,47,,60,semantic
10839,U+5EFB,廻,14,,60,semantic
10840,U+5EFC,廼,47,,60,semantic
10841,U+5EFD,廽,31,,60,semantic
10842,U+5EFE,廾,30,,60,semantic
10843,U+5F00,开,33,,60,semantic
10844,U+5F01,弁,43,,60,semantic
10845,U+5F02,异,47,,60,semantic
10846,U+5F03,弃,5,,60,semantic
10847,U+5F04,弄,9,,60,semantic
10848,U+5F05,弅,0,,60,semantic
10849,U+5F06,弆,29,,60,semantic
10850,U+5F07,弇,34,,60,semantic
10851,U+5F08,弈,43,,60,semantic
10852,U+5F09,弉,18,,60,semantic
10853,U+5F0A,弊,42,,60,semantic
10854,U+5F0B,弋,1,,60,semantic
10855,U+5F0C,弌,47,,60,semantic
10856,U+5F0D,弍,47,,60,semantic
10857,U+5F0E,弎,47,,60,semantic
10858,U+5F0F,式,47,,60,semantic
10859,U+5F10,弐,47,,60,semantic
10860,U+5F11,弑,1,,60,semantic
10861,U+5F12,弒,1,,60,semantic
10862,U+5F13,弓,30,,60,semantic
10863,U+5F14,弔,15,,60,semantic
10864,U+5F15,引,13,,60,semantic
10865,U+5F16,弖,53,,60,semantic
10866,U+5F17,弗,34,,60,semantic
10867,U+5F18,弘,18,,60,semantic
10868,U+5F19,弙,0,,60,semantic
10869,U+5F1A,弚,0,,60,semantic
10870,U+5F1B,弛,46,,60,semantic
10871,U+5F1C,弜,0,,60,semantic
10872,U+5F1D,弝,46,,60,semantic
10873,U+5F1E,弞,0,,60,semantic
10874,U+5F1F,弟,57,,60,semantic
10875,U+5F20,张,51,,60,semantic
10876,U+5F21,弡,0,,60,semantic
10877,U+5F22,弢,46,,60,semantic
10878,U+5F23,弣,47,,60,semantic
10879,U+5F24,弤,46,,60,semantic
10880,U+5F25,弥,18,,60,semantic
10881,U+5F26,弦,46,,60,semantic
10882,U+5F27,弧,46,,60,semantic
10883,U+5F28,弨,46,,60,semantic
10884,U+5F29,弩,46,,60,semantic
10885,U+5F2A,弪,47,,60,semantic
10886,U+5F2B,弫,0,,60,semantic
10887,U+5F2C,弬,0,,60,semantic
10888,U+5F2D,弭,5,,60,semantic
10889,U+5F2E,弮,2,,60,semantic
10890,U+5F2F,弯,51,,60,semantic
10891,U+5F30,弰,46,,60,semantic
10892,U+5F31,弱,45,,60,semantic
10893,U+5F32,弲,0,,60,semantic
10894,U+5F33,弳,47,,60,semantic
10895,U+5F34,弴,46,,60,semantic
10896,U+5F35,張,18,,60,semantic
10897,U+5F36,弶,53,,60,semantic
10898,U+5F37,強,18,,60,semantic
10899,U+5F38,弸,46,,60,semantic
10900,U+5F39,弹,1,,60,semantic
10901,U+5F3A,强,18,,60,semantic
10902,U+5F3B,弻,0,,60,semantic
10903,U+5F3C,弼,33,,60,semantic
10904,U+5F3D,弽,0,,60,semantic
10905,U+5F3E,弾,2,,60,semantic
10906,U+5F3F,弿,0,,60,semantic
10907,U+5F40,彀,47,,60,semantic
10908,U+5F41,彁,0,,60,semantic
10909,U+5F42,彂,47,,60,semantic
10910,U+5F43,彃,1,,60,semantic
10911,U+5F44,彄,46,,60,semantic
10912,U+5F45,彅,0,,60,semantic
10913,U+5F46,彆,36,,60,semantic
10914,U+5F47,彇,0,,60,semantic
10915,U+5F48,彈,1,,60,semantic
10916,U+5F49,彉,0,,60,semantic
10917,U+5F4A,彊,42,,60,semantic
10918,U+5F4B,彋,0,,60,semantic
10919,U+5F4C,彌,18,,60,semantic
10920,U+5F4D,彍,46,,60,semantic
10921,U+5F4E,彎,51,,60,semantic
10922,U+5F4F,彏,0,,60,semantic
10923,U+5F50,彐,30,,60,semantic
10924,U+5F52,归,33,,60,semantic
10925,U+5F53,当,33,,60,semantic
10926,U+5F54,彔,2,,60,semantic
10927,U+5F55,录,33,,60,semantic
10928,U+5F56,彖,19,,60,semantic
10929,U+5F57,彗,14,,60,semantic
10930,U+5F58,彘,19,,60,semantic
10931,U+5F59,彙,33,,60,semantic
10932,U+5F5A,彚,2,,60,semantic
10933,U+5F5B,彛,12,,60,semantic
10934,U+5F5C,彜,12,,60,semantic
10935,U+5F5D,彝,12,,60,semantic
10936,U+5F5E,彞,53,,60,semantic
10937,U+5F5F,彟,18,,60,semantic
10938,U+5F60,彠,18,,60,semantic
10939,U+5F61,彡,30,,60,semantic
10940,U+5F62,形,33,,60,semantic
10941,U+5F63,彣,57,,60,semantic
10942,U+5F64,彤,50,,60,semantic
10943,U+5F65,彥,28,,60,semantic
10944,U+5F66,彦,28,,60,semantic
10945,U+5F67,彧,28,,60,semantic
10946,U+5F68,彨,58,,60,semantic
10947,U+5F69,彩,50,,60,semantic
10948,U+5F6A,彪,19,,60,semantic
10949,U+5F6B,彫,52,,60,semantic
10950,U+5F6C,彬,28,,60,semantic
10951,U+5F6D,彭,32,,60,semantic
10952,U+5F6E,彮,0,,60,semantic
10953,U+5F6F,彯,0,,60,semantic
10954,U+5F70,彰,34,,60,semantic
10955,U+5F71,影,50,,60,semantic
10956,U+5F72,彲,58,,60,semantic
10957,U+5F73,彳,51,,60,semantic
10958,U+5F74,彴,9,,60,semantic
10959,U+5F75,彵,0,,60,semantic
10960,U+5F76,彶,0,,60,semantic
10961,U+5F77,彷,47,,60,semantic
10962,U+5F78,彸,36,,60,semantic
10963,U+5F79,役,33,,60,semantic
10964,U+5F7A,彺,0,,60,semantic
10965,U+5F7B,彻,33,,60,semantic
10966,U+5F7C,彼,47,,60,semantic
10967,U+5F7D,彽,46,,60,semantic
10968,U+5F7E,彾,0,,60,semantic
10969,U+5F7F,彿,47,,60,semantic
10970,U+5F80,往,31,,60,semantic
10971,U+5F81,征,1,,60,semantic
10972,U+5F82,徂,31,,60,semantic
10973,U+5F83,徃,31,,60,semantic
10974,U+5F84,径,34,,60,semantic
10975,U+5F85,待,20,,60,semantic
10976,U+5F86,徆,0,,60,semantic
10977,U+5F87,徇,33,,60,semantic
10978,U+5F88,很,18,,60,semantic
10979,U+5F89,徉,36,,60,semantic
10980,U+5F8A,徊,31,,60,semantic
10981,U+5F8B,律,33,,60,semantic
10982,U+5F8C,後,57,,60,semantic
10983,U+5F8D,徍,0,,60,semantic
10984,U+5F8E,徎,0,,60,semantic
10985,U+5F8F,徏,0,,60,semantic
10986,U+5F90,徐,34,,60,semantic
10987,U+5F91,徑,34,,60,semantic
10988,U+5F92,徒,31,,60,semantic
10989,U+5F93,従,47,,60,semantic
10990,U+5F94,徔,0,,60,semantic
10991,U+5F95,徕,33,,60,semantic
10992,U+5F96,徖,0,,60,semantic
10993,U+5F97,得,13,,60,semantic
10994,U+5F98,徘,31,,60,semantic
10995,U+5F99,徙,31,,60,semantic
10996,U+5F9A,徚,0,,60,semantic
10997,U+5F9B,徛,47,,60,semantic
10998,U+5F9C,徜,31,,60,semantic
10999,U+5F9D,徝,0,,60,semantic
11000,U+5F9E,從,33,,60,semantic
11001,U+5F9F,徟,0,,60,semantic
11002,U+5FA0,徠,33,,60,semantic
11003,U+5FA1,御,59,,60,semantic
11004,U+5FA2,徢,0,,60,semantic
11005,U+5FA3,徣,0,,60,semantic
11006,U+5FA4,徤,18,,60,semantic
11007,U+5FA5,徥,0,,60,semantic
11008,U+5FA6,徦,0,,60,semantic
11009,U+5FA7,徧,34,,60,semantic
11010,U+5FA8,徨,36,,60,semantic
11011,U+5FA9,復,47,,60,semantic
11012,U+5FAA,循,20,,60,semantic
11013,U+5FAB,徫,0,,60,semantic
11014,U+5FAC,徬,31,,60,semantic
11015,U+5FAD,徭,33,,60,semantic
11016,U+5FAE,微,48,,60,semantic
11017,U+5FAF,徯,20,,60,semantic
11018,U+5FB0,徰,0,,60,semantic
11019,U+5FB1,徱,0,,60,semantic
11020,U+5FB2,徲,0,,60,semantic
11021,U+5FB3,徳,28,,60,semantic
11022,U+5FB4,徴,13,,60,semantic
11023,U+5FB5,徵,13,,60,semantic
11024,U+5FB6,徶,0,,60,semantic
11025,U+5FB7,德,42,,60,semantic
11026,U+5FB8,徸,0,,60,semantic
11027,U+5FB9,徹,33,,60,semantic
11028,U+5FBA,徺,0,,60,semantic
11029,U+5FBB,徻,9,,60,semantic
11030,U+5FBC,徼,9,,60,semantic
11031,U+5FBD,徽,47,,60,semantic
11032,U+5FBE,徾,0,,60,semantic
11033,U+5FBF,徿,0,,60,semantic
11034,U+5FC0,忀,31,,60,semantic
11035,U+5FC1,忁,0,,60,semantic
11036,U+5FC2,忂,0,,60,semantic
11037,U+5FC3,心,12,,60,semantic
11038,U+5FC4,忄,30,,60,semantic
11039,U+5FC5,必,47,,60,semantic
11040,U+5FC6,忆,33,,60,semantic
11041,U+5FC7,忇,0,,60,semantic
11042,U+5FC8,忈,0,,60,semantic
11043,U+5FC9,忉,15,,60,semantic
11044,U+5FCA,忊,0,,60,semantic
11045,U+5FCB,忋,7,,60,semantic
11046,U+5FCC,忌,15,,60,semantic
11047,U+5FCD,忍,20,,60,semantic
11048,U+5FCE,忎,0,,60,semantic
11049,U+5FCF,忏,42,,60,semantic
11050,U+5FD0,忐,36,,60,semantic
11051,U+5FD1,忑,36,,60,semantic
11052,U+5FD2,忒,42,,60,semantic
11053,U+5FD3,忓,36,,60,semantic
11054,U+5FD4,忔,0,,60,semantic
11055,U+5FD5,忕,0,,60,semantic
11056,U+5FD6,忖,33,,60,semantic
11057,U+5FD7,志,33,,60,semantic
11058,U+5FD8,忘,5,,60,semantic
11059,U+5FD9,忙,33,,60,semantic
11060,U+5FDA,忚,0,,60,semantic
11061,U+5FDB,忛,0,,60,semantic
11062,U+5FDC,応,33,,60,semantic
11063,U+5FDD,忝,42,,60,semantic
11064,U+5FDE,忞,0,,60,semantic
11065,U+5FDF,忟,36,,60,semantic
11066,U+5FE0,忠,28,,60,semantic
11067,U+5FE1,忡,15,,60,semantic
11068,U+5FE2,忢,0,,60,semantic
11069,U+5FE3,忣,0,,60,semantic
11070,U+5FE4,忤,42,,60,semantic
11071,U+5FE5,忥,0,,60,semantic
11072,U+5FE6,忦,0,,60,semantic
11073,U+5FE7,忧,15,,60,semantic
11074,U+5FE8,忨,0,,60,semantic
11075,U+5FE9,忩,31,,60,semantic
11076,U+5FEA,忪,36,,60,semantic
11077,U+5FEB,快,31,,60,semantic
11078,U+5FEC,忬,0,,60,semantic
11079,U+5FED,忭,28,,60,semantic
11080,U+5FEE,忮,42,,60,semantic
11081,U+5FEF,忯,0,,60,semantic
11082,U+5FF0,忰,15,,60,semantic
11083,U+5FF1,忱,28,,60,semantic
11084,U+5FF2,忲,18,,60,semantic
11085,U+5FF3,忳,0,,60,semantic
11086,U+5FF4,忴,0,,60,semantic
11087,U+5FF5,念,33,,60,semantic
11088,U+5FF6,忶,0,,60,semantic
11089,U+5FF7,忷,36,,60,semantic
11090,U+5FF8,忸,15,,60,semantic
11091,U+5FF9,忹,0,,60,semantic
11092,U+5FFA,忺,28,,60,semantic
11093,U+5FFB,忻,28,,60,semantic
11094,U+5FFC,忼,28,,60,semantic
11095,U+5FFD,忽,36,,60,semantic
11096,U+5FFE,忾,15,,60,semantic
11097,U+5FFF,忿,15,,60,semantic
11098,U+6000,怀,57,,60,semantic
11099,U+6001,态,33,,60,semantic
11100,U+6002,怂,47,,60,semantic
11101,U+6003,怃,15,,60,semantic
11102,U+6004,怄,36,,60,semantic
11103,U+6005,怅,15,,60,semantic
11104,U+6006,怆,15,,60,semantic
11105,U+6007,怇,0,,60,semantic
11106,U+6008,怈,0,,60,semantic
11107,U+6009,怉,0,,60,semantic
11108,U+600A,怊,15,,60,semantic
11109,U+600B,怋,0,,60,semantic
11110,U+600C,怌,57,,60,semantic
11111,U+600D,怍,15,,60,semantic
11112,U+600E,怎,47,,60,semantic
11113,U+600F,怏,15,,60,semantic
11114,U+6010,怐,7,,60,semantic
11115,U+6011,怑,0,,60,semantic
11116,U+6012,怒,15,,60,semantic
11117,U+6013,怓,47,,60,semantic
11118,U+6014,怔,56,,60,semantic
11119,U+6015,怕,36,,60,semantic
11120,U+6016,怖,36,,60,semantic
11121,U+6017,怗,20,,60,semantic
11122,U+6018,怘,0,,60,semantic
11123,U+6019,怙,20,,60,semantic
11124,U+601A,怚,45,,60,semantic
11125,U+601B,怛,15,,60,semantic
11126,U+601C,怜,15,,60,semantic
11127,U+601D,思,7,,60,semantic
11128,U+601E,怞,15,,60,semantic
11129,U+601F,怟,0,,60,semantic
11130,U+6020,怠,45,,60,semantic
11131,U+6021,怡,28,,60,semantic
11132,U+6022,怢,0,,60,semantic
11133,U+6023,怣,0,,60,semantic
11134,U+6024,怤,0,,60,semantic
11135,U+6025,急,31,,60,semantic
11136,U+6026,怦,36,,60,semantic
11137,U+6027,性,47,,60,semantic
11138,U+6028,怨,15,,60,semantic
11139,U+6029,怩,36,,60,semantic
11140,U+602A,怪,53,,60,semantic
11141,U+602B,怫,15,,60,semantic
11142,U+602C,怬,0,,60,semantic
11143,U+602D,怭,45,,60,semantic
11144,U+602E,怮,0,,60,semantic
11145,U+602F,怯,36,,60,semantic
11146,U+6030,怰,0,,60,semantic
11147,U+6031,怱,31,,60,semantic
11148,U+6032,怲,15,,60,semantic
11149,U+6033,怳,15,,60,semantic
11150,U+6034,怴,0,,60,semantic
11151,U+6035,怵,36,,60,semantic
11152,U+6036,怶,53,,60,semantic
11153,U+6037,怷,0,,60,semantic
11154,U+6038,怸,56,,60,semantic
11155,U+6039,怹,28,,60,semantic
11156,U+603A,怺,20,,60,semantic
11157,U+603B,总,13,,60,semantic
11158,U+603C,怼,15,,60,semantic
11159,U+603D,怽,0,,60,semantic
11160,U+603E,怾,22,,60,semantic
11161,U+603F,怿,28,,60,semantic
11162,U+6040,恀,29,,60,semantic
11163,U+6041,恁,47,,60,semantic
11164,U+6042,恂,28,,60,semantic
11165,U+6043,恃,20,,60,semantic
11166,U+6044,恄,0,,60,semantic
11167,U+6045,恅,0,,60,semantic
11168,U+6046,恆,47,,60,semantic
11169,U+6047,恇,36,,60,semantic
11170,U+6048,恈,0,,60,semantic
11171,U+6049,恉,47,,60,semantic
11172,U+604A,恊,20,,60,semantic
11173,U+604B,恋,32,,60,semantic
11174,U+604C,恌,36,,60,semantic
11175,U+604D,恍,34,,60,semantic
11176,U+604E,恎,0,,60,semantic
11177,U+604F,恏,0,,60,semantic
11178,U+6050,恐,36,,60,semantic
11179,U+6051,恑,20,,60,semantic
11180,U+6052,恒,47,,60,semantic
11181,U+6053,恓,47,,60,semantic
11182,U+6054,恔,28,,60,semantic
11183,U+6055,恕,42,,60,semantic
11184,U+6056,恖,0,,60,semantic
11185,U+6057,恗,0,,60,semantic
11186,U+6058,恘,0,,60,semantic
11187,U+6059,恙,56,,60,semantic
11188,U+605A,恚,15,,60,semantic
11189,U+605B,恛,36,,60,semantic
11190,U+605C,恜,0,,60,semantic
11191,U+605D,恝,36,,60,semantic
11192,U+605E,恞,0,,60,semantic
11193,U+605F,恟,36,,60,semantic
11194,U+6060,恠,53,,60,semantic
11195,U+6061,恡,1,,60,semantic
11196,U+6062,恢,18,,60,semantic
11197,U+6063,恣,33,,60,semantic
11198,U+6064,恤,15,,60,semantic
11199,U+6065,恥,15,,60,semantic
11200,U+6066,恦,0,,60,semantic
11201,U+6067,恧,15,,60,semantic
11202,U+6068,恨,15,,60,semantic
11203,U+6069,恩,29,,60,semantic
11204,U+606A,恪,28,,60,semantic
11205,U+606B,恫,15,,60,semantic
11206,U+606C,恬,34,,60,semantic
11207,U+606D,恭,28,,60,semantic
11208,U+606E,恮,0,,60,semantic
11209,U+606F,息,5,,60,semantic
11210,U+6070,恰,47,,60,semantic
11211,U+6071,恱,0,,60,semantic
11212,U+6072,恲,0,,60,semantic
11213,U+6073,恳,28,,60,semantic
11214,U+6074,恴,0,,60,semantic
11215,U+6075,恵,28,,60,semantic
11216,U+6076,恶,42,,60,semantic
11217,U+6077,恷,0,,60,semantic
11218,U+6078,恸,15,,60,semantic
11219,U+6079,恹,28,,60,semantic
11220,U+607A,恺,28,,60,semantic
11221,U+607B,恻,15,,60,semantic
11222,U+607C,恼,15,,60,semantic
11223,U+607D,恽,20,,60,semantic
11224,U+607E,恾,0,,60,semantic
11225,U+607F,恿,36,,60,semantic
11226,U+6080,悀,0,,60,semantic
11227,U+6081,悁,36,,60,semantic
11228,U+6082,悂,0,,60,semantic
11229,U+6083,悃,28,,60,semantic
11230,U+6084,悄,36,,60,semantic
11231,U+6085,悅,28,,60,semantic
11232,U+6086,悆,28,,60,semantic
11233,U+6087,悇,0,,60,semantic
11234,U+6088,悈,20,,60,semantic
11235,U+6089,悉,33,,60,semantic
11236,U+608A,悊,47,,60,semantic
11237,U+608B,悋,36,,60,semantic
11238,U+608C,悌,57,,60,semantic
11239,U+608D,悍,36,,60,semantic
11240,U+608E,悎,0,,60,semantic
11241,U+608F,悏,0,,60,semantic
11242,U+6090,悐,20,,60,semantic
11243,U+6091,悑,0,,60,semantic
11244,U+6092,悒,15,,60,semantic
11245,U+6093,悓,0,,60,semantic
11246,U+6094,悔,42,,60,semantic
11247,U+6095,悕,0,,60,semantic
11248,U+6096,悖,5,,60,semantic
11249,U+6097,悗,0,,60,semantic
11250,U+6098,悘,0,,60,semantic
11251,U+6099,悙,0,,60,semantic
11252,U+609A,悚,36,,60,semantic
11253,U+609B,悛,42,,60,semantic
11254,U+609C,悜,34,,60,semantic
11255,U+609D,悝,15,,60,semantic
11256,U+609E,悞,5,,60,semantic
11257,U+609F,悟,20,,60,semantic
11258,U+60A0,悠,34,,60,semantic
11259,U+60A1,悡,0,,60,semantic
11260,U+60A2,悢,0,,60,semantic
11261,U+60A3,患,15,,60,semantic
11262,U+60A4,悤,36,,60,semantic
11263,U+60A5,悥,0,,60,semantic
11264,U+60A6,悦,28,,60,semantic
11265,U+60A7,悧,28,,60,semantic
11266,U+60A8,您,28,,60,semantic
11267,U+60A9,悩,15,,60,semantic
11268,U+60AA,悪,42,,60,semantic
11269,U+60AB,悫,28,,60,semantic
11270,U+60AC,悬,13,,60,semantic
11271,U+60AD,悭,45,,60,semantic
11272,U+60AE,悮,5,,60,semantic
11273,U+60AF,悯,15,,60,semantic
11274,U+60B0,悰,28,,60,semantic
11275,U+60B1,悱,20,,60,semantic
11276,U+60B2,悲,15,,60,semantic
11277,U+60B3,悳,42,,60,semantic
11278,U+60B4,悴,15,,60,semantic
11279,U+60B5,悵,15,,60,semantic
11280,U+60B6,悶,36,,60,semantic
11281,U+60B7,悷,0,,60,semantic
11282,U+60B8,悸,36,,60,semantic
11283,U+60B9,悹,0,,60,semantic
11284,U+60BA,悺,0,,60,semantic
11285,U+60BB,悻,15,,60,semantic
11286,U+60BC,悼,15,,60,semantic
11287,U+60BD,悽,15,,60,semantic
11288,U+60BE,悾,45,,60,semantic
11289,U+60BF,悿,0,,60,semantic
11290,U+60C0,惀,0,,60,semantic
11291,U+60C1,惁,0,,60,semantic
11292,U+60C2,惂,0,,60,semantic
11293,U+60C3,惃,0,,60,semantic
11294,U+60C4,惄,54,,60,semantic
11295,U+60C5,情,15,,60,semantic
11296,U+60C6,惆,15,,60,semantic
11297,U+60C7,惇,28,,60,semantic
11298,U+60C8,惈,0,,60,semantic
11299,U+60C9,惉,0,,60,semantic
11300,U+60CA,惊,36,,60,semantic
11301,U+60CB,惋,15,,60,semantic
11302,U+60CC,惌,15,,60,semantic
11303,U+60CD,惍,0,,60,semantic
11304,U+60CE,惎,42,,60,semantic
11305,U+60CF,惏,45,,60,semantic
11306,U+60D0,惐,0,,60,semantic
11307,U+60D1,惑,36,,60,semantic
11308,U+60D2,惒,0,,60,semantic
11309,U+60D3,惓,28,,60,semantic
11310,U+60D4,惔,28,,60,semantic
11311,U+60D5,惕,36,,60,semantic
11312,U+60D6,惖,42,,60,semantic
11313,U+60D7,惗,7,,60,semantic
11314,U+60D8,惘,15,,60,semantic
11315,U+60D9,惙,15,,60,semantic
11316,U+60DA,惚,34,,60,semantic
11317,U+60DB,惛,45,,60,semantic
11318,U+60DC,惜,15,,60,semantic
11319,U+60DD,惝,36,,60,semantic
11320,U+60DE,惞,0,,60,semantic
11321,U+60DF,惟,34,,60,semantic
11322,U+60E0,惠,28,,60,semantic
11323,U+60E1,惡,42,,60,semantic
11324,U+60E2,惢,0,,60,semantic
11325,U+60E3,惣,47,,60,semantic
11326,U+60E4,惤,0,,60,semantic
11327,U+60E5,惥,0,,60,semantic
11328,U+60E6,惦,36,,60,semantic
11329,U+60E7,惧,36,,60,semantic
11330,U+60E8,惨,15,,60,semantic
11331,U+60E9,惩,42,,60,semantic
11332,U+60EA,惪,42,,60,semantic
11333,U+60EB,惫,45,,60,semantic
11334,U+60EC,惬,28,,60,semantic
11335,U+60ED,惭,15,,60,semantic
11336,U+60EE,惮,36,,60,semantic
11337,U+60EF,惯,33,,60,semantic
11338,U+60F0,惰,45,,60,semantic
11339,U+60F1,惱,15,,60,semantic
11340,U+60F2,惲,20,,60,semantic
11341,U+60F3,想,33,,60,semantic
11342,U+60F4,惴,36,,60,semantic
11343,U+60F5,惵,0,,60,semantic
11344,U+60F6,惶,36,,60,semantic
11345,U+60F7,惷,45,,60,semantic
11346,U+60F8,惸,15,,60,semantic
11347,U+60F9,惹,36,,60,semantic
11348,U+60FA,惺,28,,60,semantic
11349,U+60FB,惻,15,,60,semantic
11350,U+60FC,惼,45,,60,semantic
11351,U+60FD,惽,47,,60,semantic
11352,U+60FE,惾,0,,60,semantic
11353,U+60FF,惿,0,,60,semantic
11354,U+6100,愀,20,,60,semantic
11355,U+6101,愁,36,,60,semantic
11356,U+6102,愂,0,,60,semantic
11357,U+6103,愃,36,,60,semantic
11358,U+6104,愄,0,,60,semantic
11359,U+6105,愅,0,,60,semantic
11360,U+6106,愆,42,,60,semantic
11361,U+6107,愇,0,,60,semantic
11362,U+6108,愈,47,,60,semantic
11363,U+6109,愉,28,,60,semantic
11364,U+610A,愊,15,,60,semantic
11365,U+610B,愋,0,,60,semantic
11366,U+610C,愌,0,,60,semantic
11367,U+610D,愍,15,,60,semantic
11368,U+610E,愎,36,,60,semantic
11369,U+610F,意,33,,60,semantic
11370,U+6110,愐,36,,60,semantic
11371,U+6111,愑,0,,60,semantic
11372,U+6112,愒,5,,60,semantic
11373,U+6113,愓,47,,60,semantic
11374,U+6114,愔,28,,60,semantic
11375,U+6115,愕,36,,60,semantic
11376,U+6116,愖,36,,60,semantic
11377,U+6117,愗,0,,60,semantic
11378,U+6118,愘,0,,60,semantic
11379,U+6119,愙,28,,60,semantic
11380,U+611A,愚,45,,60,semantic
11381,U+611B,愛,28,,60,semantic
11382,U+611C,愜,28,,60,semantic
11383,U+611D,愝,0,,60,semantic
11384,U+611E,愞,36,,60,semantic
11385,U+611F,感,33,,60,semantic
11386,U+6120,愠,15,,60,semantic
11387,U+6121,愡,34,,60,semantic
11388,U+6122,愢,45,,60,semantic
11389,U+6123,愣,36,,60,semantic
11390,U+6124,愤,15,,60,semantic
11391,U+6125,愥,0,,60,semantic
11392,U+6126,愦,15,,60,semantic
11393,U+6127,愧,15,,60,semantic
11394,U+6128,愨,28,,60,semantic
11395,U+6129,愩,0,,60,semantic
11396,U+612A,愪,15,,60,semantic
11397,U+612B,愫,45,,60,semantic
11398,U+612C,愬,42,,60,semantic
11399,U+612D,愭,0,,60,semantic
11400,U+612E,愮,15,,60,semantic
11401,U+612F,愯,0,,60,semantic
11402,U+6130,愰,36,,60,semantic
11403,U+6131,愱,0,,60,semantic
11404,U+6132,愲,0,,60,semantic
11405,U+6133,愳,0,,60,semantic
11406,U+6134,愴,15,,60,semantic
11407,U+6135,愵,0,,60,semantic
11408,U+6136,愶,0,,60,semantic
11409,U+6137,愷,28,,60,semantic
11410,U+6138,愸,0,,60,semantic
11411,U+6139,愹,0,,60,semantic
11412,U+613A,愺,0,,60,semantic
11413,U+613B,愻,45,,60,semantic
11414,U+613C,愼,36,,60,semantic
11415,U+613D,愽,18,,60,semantic
11416,U+613E,愾,15,,60,semantic
11417,U+613F,愿,28,,60,semantic
11418,U+6140,慀,0,,60,semantic
11419,U+6141,慁,42,,60,semantic
11420,U+6142,慂,47,,60,semantic
11421,U+6143,慃,0,,60,semantic
11422,U+6144,慄,36,,60,semantic
11423,U+6145,慅,36,,60,semantic
11424,U+6146,慆,28,,60,semantic
11425,U+6147,慇,36,,60,semantic
11426,U+6148,慈,28,,60,semantic
11427,U+6149,慉,13,,60,semantic
11428,U+614A,慊,20,,60,semantic
11429,U+614B,態,20,,60,semantic
11430,U+614C,慌,36,,60,semantic
11431,U+614D,慍,15,,60,semantic
11432,U+614E,慎,36,,60,semantic
11433,U+614F,慏,0,,60,semantic
11434,U+6150,慐,0,,60,semantic
11435,U+6151,慑,36,,60,semantic
11436,U+6152,慒,0,,60,semantic
11437,U+6153,慓,53,,60,semantic
11438,U+6154,慔,0,,60,semantic
11439,U+6155,慕,28,,60,semantic
11440,U+6156,慖,0,,60,semantic
11441,U+6157,慗,0,,60,semantic
11442,U+6158,慘,15,,60,semantic
11443,U+6159,慙,15,,60,semantic
11444,U+615A,慚,15,,60,semantic
11445,U+615B,慛,0,,60,semantic
11446,U+615C,慜,12,,60,semantic
11447,U+615D,慝,42,,60,semantic
11448,U+615E,慞,36,,60,semantic
11449,U+615F,慟,15,,60,semantic
11450,U+6160,慠,0,,60,semantic
11451,U+6161,慡,0,,60,semantic
11452,U+6162,慢,45,,60,semantic
11453,U+6163,慣,33,,60,semantic
11454,U+6164,慤,28,,60,semantic
11455,U+6165,慥,28,,60,semantic
11456,U+6166,慦,0,,60,semantic
11457,U+6167,慧,28,,60,semantic
11458,U+6168,慨,15,,60,semantic
11459,U+6169,慩,0,,60,semantic
11460,U+616A,慪,15,,60,semantic
11461,U+616B,慫,36,,60,semantic
11462,U+616C,慬,36,,60,semantic
11463,U+616D,慭,36,,60,semantic
11464,U+616E,慮,36,,60,semantic
11465,U+616F,慯,0,,60,semantic
11466,U+6170,慰,36,,60,semantic
11467,U+6171,慱,15,,60,semantic
11468,U+6172,慲,0,,60,semantic
11469,U+6173,慳,45,,60,semantic
11470,U+6174,慴,36,,60,semantic
11471,U+6175,慵,45,,60,semantic
11472,U+6176,慶,28,,60,semantic
11473,U+6177,慷,28,,60,semantic
11474,U+6178,慸,0,,60,semantic
11475,U+6179,慹,0,,60,semantic
11476,U+617A,慺,20,,60,semantic
11477,U+617B,慻,0,,60,semantic
11478,U+617C,慼,15,,60,semantic
11479,U+617D,慽,15,,60,semantic
11480,U+617E,慾,33,,60,semantic
11481,U+617F,慿,0,,60,semantic
11482,U+6180,憀,20,,60,semantic
11483,U+6181,憁,0,,60,semantic
11484,U+6182,憂,15,,60,semantic
11485,U+6183,憃,45,,60,semantic
11486,U+6184,憄,0,,60,semantic
11487,U+6185,憅,0,,60,semantic
11488,U+6186,憆,0,,60,semantic
11489,U+6187,憇,5,,60,semantic
11490,U+6188,憈,0,,60,semantic
11491,U+6189,憉,0,,60,semantic
11492,U+618A,憊,45,,60,semantic
11493,U+618B,憋,36,,60,semantic
11494,U+618C,憌,0,,60,semantic
11495,U+618D,憍,28,,60,semantic
11496,U+618E,憎,42,,60,semantic
11497,U+618F,憏,0,,60,semantic
11498,U+6190,憐,15,,60,semantic
11499,U+6191,憑,20,,60,semantic
11500,U+6192,憒,15,,60,semantic
11501,U+6193,憓,29,,60,semantic
11502,U+6194,憔,45,,60,semantic
11503,U+6195,憕,0,,60,semantic
11504,U+6196,憖,36,,60,semantic
11505,U+6197,憗,0,,60,semantic
11506,U+6198,憘,28,,60,semantic
11507,U+6199,憙,28,,60,semantic
11508,U+619A,憚,36,,60,semantic
11509,U+619B,憛,0,,60,semantic
11510,U+619C,憜,0,,60,semantic
11511,U+619D,憝,42,,60,semantic
11512,U+619E,憞,0,,60,semantic
11513,U+619F,憟,0,,60,semantic
11514,U+61A0,憠,0,,60,semantic
11515,U+61A1,憡,0,,60,semantic
11516,U+61A2,憢,0,,60,semantic
11517,U+61A3,憣,0,,60,semantic
11518,U+61A4,憤,15,,60,semantic
11519,U+61A5,憥,0,,60,semantic
11520,U+61A6,憦,15,,60,semantic
11521,U+61A7,憧,42,,60,semantic
11522,U+61A8,憨,45,,60,semantic
11523,U+61A9,憩,5,,60,semantic
11524,U+61AA,憪,47,,60,semantic
11525,U+61AB,憫,15,,60,semantic
11526,U+61AC,憬,36,,60,semantic
11527,U+61AD,憭,34,,60,semantic
11528,U+61AE,憮,15,,60,semantic
11529,U+61AF,憯,15,,60,semantic
11530,U+61B0,憰,42,,60,semantic
11531,U+61B1,憱,0,,60,semantic
11532,U+61B2,憲,33,,60,semantic
11533,U+61B3,憳,0,,60,semantic
11534,U+61B4,憴,0,,60,semantic
11535,U+61B5,憵,31,,60,semantic
11536,U+61B6,憶,20,,60,semantic
11537,U+61B7,憷,15,,60,semantic
11538,U+61B8,憸,45,,60,semantic
11539,U+61B9,憹,15,,60,semantic
11540,U+61BA,憺,15,,60,semantic
11541,U+61BB,憻,0,,60,semantic
11542,U+61BC,憼,0,,60,semantic
11543,U+61BD,憽,0,,60,semantic
11544,U+61BE,憾,15,,60,semantic
11545,U+61BF,憿,0,,60,semantic
11546,U+61C0,懀,0,,60,semantic
11547,U+61C1,懁,36,,60,semantic
11548,U+61C2,懂,33,,60,semantic
11549,U+61C3,懃,28,,60,semantic
11550,U+61C4,懄,15,,60,semantic
11551,U+61C5,懅,15,,60,semantic
11552,U+61C6,懆,36,,60,semantic
11553,U+61C7,懇,28,,60,semantic
11554,U+61C8,懈,45,,60,semantic
11555,U+61C9,應,20,,60,semantic
11556,U+61CA,懊,36,,60,semantic
11557,U+61CB,懋,28,,60,semantic
11558,U+61CC,懌,28,,60,semantic
11559,U+61CD,懍,36,,60,semantic
11560,U+61CE,懎,0,,60,semantic
11561,U+61CF,懏,0,,60,semantic
11562,U+61D0,懐,57,,60,semantic
11563,U+61D1,懑,15,,60,semantic
11564,U+61D2,懒,45,,60,semantic
11565,U+61D3,懓,0,,60,semantic
11566,U+61D4,懔,36,,60,semantic
11567,U+61D5,懕,28,,60,semantic
11568,U+61D6,懖,0,,60,semantic
11569,U+61D7,懗,0,,60,semantic
11570,U+61D8,懘,0,,60,semantic
11571,U+61D9,懙,0,,60,semantic
11572,U+61DA,懚,0,,60,semantic
11573,U+61DB,懛,36,,60,semantic
11574,U+61DC,懜,45,,60,semantic
11575,U+61DD,懝,0,,60,semantic
11576,U+61DE,懞,53,,60,semantic
11577,U+61DF,懟,15,,60,semantic
11578,U+61E0,懠,15,,60,semantic
11579,U+61E1,懡,0,,60,semantic
11580,U+61E2,懢,0,,60,semantic
11581,U+61E3,懣,15,,60,semantic
11582,U+61E4,懤,15,,60,semantic
11583,U+61E5,懥,15,,60,semantic
11584,U+61E6,懦,45,,60,semantic
11585,U+61E7,懧,28,,60,semantic
11586,U+61E8,懨,28,,60,semantic
11587,U+61E9,懩,0,,60,semantic
11588,U+61EA,懪,0,,60,semantic
11589,U+61EB,懫,15,,60,semantic
11590,U+61EC,懬,0,,60,semantic
11591,U+61ED,懭,0,,60,semantic
11592,U+61EE,懮,36,,60,semantic
11593,U+61EF,懯,0,,60,semantic
11594,U+61F0,懰,28,,60,semantic
11595,U+61F1,懱,0,,60,semantic
11596,U+61F2,懲,42,,60,semantic
11597,U+61F3,懳,0,,60,semantic
11598,U+61F4,懴,42,,60,semantic
11599,U+61F5,懵,45,,60,semantic
11600,U+61F6,懶,45,,60,semantic
11601,U+61F7,懷,57,,60,semantic
11602,U+61F8,懸,13,,60,semantic
11603,U+61F9,懹,0,,60,semantic
11604,U+61FA,懺,42,,60,semantic
11605,U+61FB,懻,18,,60,semantic
11606,U+61FC,懼,36,,60,semantic
11607,U+61FD,懽,28,,60,semantic
11608,U+61FE,懾,36,,60,semantic
11609,U+61FF,懿,28,,60,semantic
11610,U+6200,戀,32,,60,semantic
11611,U+6201,戁,36,,60,semantic
11612,U+6202,戂,0,,60,semantic
11613,U+6203,戃,0,,60,semantic
11614,U+6204,戄,36,,60,semantic
11615,U+6205,戅,45,,60,semantic
11616,U+6206,戆,45,,60,semantic
11617,U+6207,戇,45,,60,semantic
11618,U+6208,戈,2,,60,semantic
11619,U+620B,戋,45,,60,semantic
11620,U+620C,戌,41,,60,semantic
11621,U+620D,戍,9,,60,semantic
11622,U+620E,戎,2,,60,semantic
11623,U+620F,戏,12,,60,semantic
11624,U+6210,成,47,,60,semantic
11625,U+6212,戒,36,,60,semantic
11626,U+6213,戓,0,,60,semantic
11627,U+6214,戔,45,,60,semantic
11628,U+6215,戕,1,,60,semantic
11629,U+6216,或,33,,60,semantic
11630,U+6217,戗,47,,60,semantic
11631,U+6218,战,1,,60,semantic
11632,U+6219,戙,13,,60,semantic
11633,U+621A,戚,15,,60,semantic
11634,U+621B,戛,1,,60,semantic
11635,U+621C,戜,52,,60,semantic
11636,U+621D,戝,42,,60,semantic
11637,U+621E,戞,1,,60,semantic
11638,U+621F,戟,2,,60,semantic
11639,U+6220,戠,2,,60,semantic
11640,U+6221,戡,33,,60,semantic
11641,U+6222,戢,5,,60,semantic
11642,U+6223,戣,2,,60,semantic
11643,U+6224,戤,42,,60,semantic
11644,U+6225,戥,2,,60,semantic
11645,U+6226,戦,1,,60,semantic
11646,U+6227,戧,47,,60,semantic
11647,U+6228,戨,0,,60,semantic
11648,U+6229,戩,5,,60,semantic
11649,U+622A,截,5,,60,semantic
11650,U+622B,戫,0,,60,semantic
11651,U+622C,戬,5,,60,semantic
11652,U+622D,戭,2,,60,semantic
11653,U+622E,戮,5,,60,semantic
11654,U+622F,戯,33,,60,semantic
11655,U+6230,戰,1,,60,semantic
11656,U+6231,戱,20,,60,semantic
11657,U+6232,戲,12,,60,semantic
11658,U+6233,戳,52,,60,semantic
11659,U+6234,戴,27,,60,semantic
11660,U+6235,戵,53,,60,semantic
11661,U+6236,戶,9,,60,semantic
11662,U+6237,户,9,,60,semantic
11663,U+6238,戸,9,,60,semantic
11664,U+6239,戹,15,,60,semantic
11665,U+623A,戺,51,,60,semantic
11666,U+623B,戻,42,,60,semantic
11667,U+623D,戽,23,,60,semantic
11668,U+623E,戾,42,,60,semantic
11669,U+623F,房,12,,60,semantic
11670,U+6240,所,33,,60,semantic
11671,U+6241,扁,45,,60,semantic
11672,U+6242,扂,0,,60,semantic
11673,U+6243,扃,9,,60,semantic
11674,U+6244,扄,9,,60,semantic
11675,U+6245,扅,46,,60,semantic
11676,U+6246,扆,53,,60,semantic
11677,U+6247,扇,9,,60,semantic
11678,U+6248,扈,33,,60,semantic
11679,U+6249,扉,9,,60,semantic
11680,U+624A,扊,9,,60,semantic
11681,U+624B,手,51,,60,semantic
11682,U+624C,扌,6,,60,semantic
11683,U+624E,扎,13,,60,semantic
11684,U+624F,扏,0,,60,semantic
11685,U+6250,扐,12,,60,semantic
11686,U+6251,扑,1,,60,semantic
11687,U+6252,扒,52,,60,semantic
11688,U+6253,打,1,,60,semantic
11689,U+6254,扔,13,,60,semantic
11690,U+6255,払,49,,60,semantic
11691,U+6256,扖,0,,60,semantic
11692,U+6257,扗,0,,60,semantic
11693,U+6258,托,13,,60,semantic
11694,U+6259,扙,0,,60,semantic
11695,U+625A,扚,0,,60,semantic
11696,U+625B,扛,13,,60,semantic
11697,U+625C,扜,0,,60,semantic
11698,U+625D,扝,0,,60,semantic
11699,U+625E,扞,5,,60,semantic
11700,U+625F,扟,0,,60,semantic
11701,U+6260,扠,13,,60,semantic
11702,U+6261,扡,31,,60,semantic
11703,U+6262,扢,53,,60,semantic
11704,U+6263,扣,13,,60,semantic
11705,U+6264,扤,31,,60,semantic
11706,U+6265,扥,0,,60,semantic
11707,U+6266,扦,2,,60,semantic
11708,U+6267,执,13,,60,semantic
11709,U+6268,扨,13,,60,semantic
11710,U+6269,扩,18,,60,semantic
11711,U+626A,扪,13,,60,semantic
11712,U+626B,扫,5,,60,semantic
11713,U+626C,扬,28,,60,semantic
11714,U+626D,扭,51,,60,semantic
11715,U+626E,扮,27,,60,semantic
11716,U+626F,扯,13,,60,semantic
11717,U+6270,扰,36,,60,semantic
11718,U+6271,扱,33,,60,semantic
11719,U+6272,扲,13,,60,semantic
11720,U+6273,扳,13,,60,semantic
11721,U+6274,扴,0,,60,semantic
11722,U+6275,扵,20,,60,semantic
11723,U+6276,扶,20,,60,semantic
11724,U+6277,扷,0,,60,semantic
11725,U+6278,扸,0,,60,semantic
11726,U+6279,批,42,,60,semantic
11727,U+627A,扺,1,,60,semantic
11728,U+627B,扻,1,,60,semantic
11729,U+627C,扼,13,,60,semantic
11730,U+627D,扽,13,,60,semantic
11731,U+627E,找,33,,60,semantic
11732,U+6280,技,33,,60,semantic
11733,U+6281,抁,0,,60,semantic
11734,U+6282,抂,0,,60,semantic
11735,U+6283,抃,8,,60,semantic
11736,U+6284,抄,13,,60,semantic
11737,U+6285,抅,29,,60,semantic
11738,U+6286,抆,52,,60,semantic
11739,U+6287,抇,0,,60,semantic
11740,U+6288,抈,51,,60,semantic
11741,U+6289,抉,13,,60,semantic
11742,U+628A,把,13,,60,semantic
11743,U+628B,抋,0,,60,semantic
11744,U+628C,抌,23,,60,semantic
11745,U+628D,抍,13,,60,semantic
11746,U+628E,抎,0,,60,semantic
11747,U+628F,抏,0,,60,semantic
11748,U+6290,抐,0,,60,semantic
11749,U+6291,抑,5,,60,semantic
11750,U+6292,抒,5,,60,semantic
11751,U+6293,抓,13,,60,semantic
11752,U+6294,抔,13,,60,semantic
11753,U+6295,投,13,,60,semantic
11754,U+6296,抖,8,,60,semantic
11755,U+6297,抗,5,,60,semantic
11756,U+6298,折,52,,60,semantic
11757,U+6299,抙,0,,60,semantic
11758,U+629A,抚,36,,60,semantic
11759,U+629B,抛,5,,60,semantic
11760,U+629C,抜,13,,60,semantic
11761,U+629D,抝,51,,60,semantic
11762,U+629E,択,33,,60,semantic
11763,U+629F,抟,51,,60,semantic
11764,U+62A0,抠,13,,60,semantic
11765,U+62A1,抡,13,,60,semantic
11766,U+62A2,抢,13,,60,semantic
11767,U+62A3,抣,0,,60,semantic
11768,U+62A4,护,33,,60,semantic
11769,U+62A5,报,33,,60,semantic
11770,U+62A6,抦,1,,60,semantic
11771,U+62A7,抧,0,,60,semantic
11772,U+62A8,抨,42,,60,semantic
11773,U+62A9,抩,0,,60,semantic
11774,U+62AA,抪,20,,60,semantic
11775,U+62AB,披,52,,60,semantic
11776,U+62AC,抬,13,,60,semantic
11777,U+62AD,抭,0,,60,semantic
11778,U+62AE,抮,51,,60,semantic
11779,U+62AF,抯,13,,60,semantic
11780,U+62B0,抰,16,,60,semantic
11781,U+62B1,抱,13,,60,semantic
11782,U+62B2,抲,0,,60,semantic
11783,U+62B3,抳,52,,60,semantic
11784,U+62B4,抴,13,,60,semantic
11785,U+62B5,抵,5,,60,semantic
11786,U+62B6,抶,1,,60,semantic
11787,U+62B7,抷,0,,60,semantic
11788,U+62B8,抸,0,,60,semantic
11789,U+62B9,抹,52,,60,semantic
11790,U+62BA,抺,52,,60,semantic
11791,U+62BB,抻,13,,60,semantic
11792,U+62BC,押,13,,60,semantic
11793,U+62BD,抽,13,,60,semantic
11794,U+62BE,抾,0,,60,semantic
11795,U+62BF,抿,17,,60,semantic
11796,U+62C0,拀,0,,60,semantic
11797,U+62C1,拁,0,,60,semantic
11798,U+62C2,拂,5,,60,semantic
11799,U+62C3,拃,13,,60,semantic
11800,U+62C4,拄,42,,60,semantic
11801,U+62C5,担,13,,60,semantic
11802,U+62C6,拆,5,,60,semantic
11803,U+62C7,拇,51,,60,semantic
11804,U+62C8,拈,13,,60,semantic
11805,U+62C9,拉,13,,60,semantic
11806,U+62CA,拊,1,,60,semantic
11807,U+62CB,拋,5,,60,semantic
11808,U+62CC,拌,26,,60,semantic
11809,U+62CD,拍,8,,60,semantic
11810,U+62CE,拎,13,,60,semantic
11811,U+62CF,拏,13,,60,semantic
11812,U+62D0,拐,13,,60,semantic
11813,U+62D1,拑,52,,60,semantic
11814,U+62D2,拒,1,,60,semantic
11815,U+62D3,拓,13,,60,semantic
11816,U+62D4,拔,13,,60,semantic
11817,U+62D5,拕,31,,60,semantic
11818,U+62D6,拖,13,,60,semantic
11819,U+62D7,拗,52,,60,semantic
11820,U+62D8,拘,13,,60,semantic
11821,U+62D9,拙,45,,60,semantic
11822,U+62DA,拚,42,,60,semantic
11823,U+62DB,招,13,,60,semantic
11824,U+62DC,拜,42,,60,semantic
11825,U+62DD,拝,42,,60,semantic
11826,U+62DE,拞,0,,60,semantic
11827,U+62DF,拟,33,,60,semantic
11828,U+62E0,拠,13,,60,semantic
11829,U+62E1,拡,18,,60,semantic
11830,U+62E2,拢,13,,60,semantic
11831,U+62E3,拣,13,,60,semantic
11832,U+62E4,拤,0,,60,semantic
11833,U+62E5,拥,13,,60,semantic
11834,U+62E6,拦,5,,60,semantic
11835,U+62E7,拧,52,,60,semantic
11836,U+62E8,拨,33,,60,semantic
11837,U+62E9,择,33,,60,semantic
11838,U+62EA,拪,0,,60,semantic
11839,U+62EB,拫,31,,60,semantic
11840,U+62EC,括,47,,60,semantic
11841,U+62ED,拭,52,,60,semantic
11842,U+62EE,拮,31,,60,semantic
11843,U+62EF,拯,13,,60,semantic
11844,U+62F0,拰,0,,60,semantic
11845,U+62F1,拱,46,,60,semantic
11846,U+62F2,拲,0,,60,semantic
11847,U+62F3,拳,1,,60,semantic
11848,U+62F4,拴,46,,60,semantic
11849,U+62F5,拵,20,,60,semantic
11850,U+62F6,拶,13,,60,semantic
11851,U+62F7,拷,1,,60,semantic
11852,U+62F8,拸,0,,60,semantic
11853,U+62F9,拹,0,,60,semantic
11854,U+62FA,拺,0,,60,semantic
11855,U+62FB,拻,0,,60,semantic
11856,U+62FC,拼,33,,60,semantic
11857,U+62FD,拽,13,,60,semantic
11858,U+62FE,拾,47,,60,semantic
11859,U+62FF,拿,13,,60,semantic
11860,U+6300,挀,0,,60,semantic
11861,U+6301,持,13,,60,semantic
11862,U+6302,挂,36,,60,semantic
11863,U+6303,挃,1,,60,semantic
11864,U+6304,挄,0,,60,semantic
11865,U+6305,挅,0,,60,semantic
11866,U+6306,挆,0,,60,semantic
11867,U+6307,指,51,,60,semantic
11868,U+6308,挈,33,,60,semantic
11869,U+6309,按,13,,60,semantic
11870,U+630A,挊,0,,60,semantic
11871,U+630B,挋,0,,60,semantic
11872,U+630C,挌,1,,60,semantic
11873,U+630D,挍,52,,60,semantic
11874,U+630E,挎,13,,60,semantic
11875,U+630F,挏,1,,60,semantic
11876,U+6310,挐,31,,60,semantic
11877,U+6311,挑,13,,60,semantic
11878,U+6312,挒,0,,60,semantic
11879,U+6313,挓,20,,60,semantic
11880,U+6314,挔,0,,60,semantic
11881,U+6315,挕,0,,60,semantic
11882,U+6316,挖,14,,60,semantic
11883,U+6317,挗,0,,60,semantic
11884,U+6318,挘,52,,60,semantic
11885,U+6319,挙,13,,60,semantic
11886,U+631A,挚,28,,60,semantic
11887,U+631B,挛,46,,60,semantic
11888,U+631C,挜,13,,60,semantic
11889,U+631D,挝,1,,60,semantic
11890,U+631E,挞,49,,60,semantic
11891,U+631F,挟,46,,60,semantic
11892,U+6320,挠,52,,60,semantic
11893,U+6321,挡,5,,60,semantic
11894,U+6322,挢,47,,60,semantic
11895,U+6323,挣,33,,60,semantic
11896,U+6324,挤,13,,60,semantic
11897,U+6325,挥,5,,60,semantic
11898,U+6326,挦,13,,60,semantic
11899,U+6327,挧,0,,60,semantic
11900,U+6328,挨,20,,60,semantic
11901,U+6329,挩,0,,60,semantic
11902,U+632A,挪,31,,60,semantic
11903,U+632B,挫,52,,60,semantic
11904,U+632C,挬,0,,60,semantic
11905,U+632D,挭,17,,60,semantic
11906,U+632E,挮,0,,60,semantic
11907,U+632F,振,13,,60,semantic
11908,U+6330,挰,0,,60,semantic
11909,U+6331,挱,51,,60,semantic
11910,U+6332,挲,51,,60,semantic
11911,U+6333,挳,0,,60,semantic
11912,U+6334,挴,0,,60,semantic
11913,U+6335,挵,20,,60,semantic
11914,U+6336,挶,13,,60,semantic
11915,U+6337,挷,1,,60,semantic
11916,U+6338,挸,0,,60,semantic
11917,U+6339,挹,23,,60,semantic
11918,U+633A,挺,51,,60,semantic
11919,U+633B,挻,0,,60,semantic
11920,U+633C,挼,51,,60,semantic
11921,U+633D,挽,13,,60,semantic
11922,U+633E,挾,13,,60,semantic
11923,U+633F,挿,3,,60,semantic
11924,U+6340,捀,0,,60,semantic
11925,U+6341,捁,0,,60,semantic
11926,U+6342,捂,5,,60,semantic
11927,U+6343,捃,13,,60,semantic
11928,U+6344,捄,51,,60,semantic
11929,U+6345,捅,1,,60,semantic
11930,U+6346,捆,46,,60,semantic
11931,U+6347,捇,0,,60,semantic
11932,U+6348,捈,0,,60,semantic
11933,U+6349,捉,13,,60,semantic
11934,U+634A,捊,0,,60,semantic
11935,U+634B,捋,52,,60,semantic
11936,U+634C,捌,47,,60,semantic
11937,U+634D,捍,42,,60,semantic
11938,U+634E,捎,13,,60,semantic
11939,U+634F,捏,13,,60,semantic
11940,U+6350,捐,29,,60,semantic
11941,U+6351,捑,0,,60,semantic
11942,U+6352,捒,0,,60,semantic
11943,U+6353,捓,20,,60,semantic
11944,U+6354,捔,2,,60,semantic
11945,U+6355,捕,13,,60,semantic
11946,U+6356,捖,0,,60,semantic
11947,U+6357,捗,31,,60,semantic
11948,U+6358,捘,13,,60,semantic
11949,U+6359,捙,0,,60,semantic
11950,U+635A,捚,0,,60,semantic
11951,U+635B,捛,0,,60,semantic
11952,U+635C,捜,33,,60,semantic
11953,U+635D,捝,0,,60,semantic
11954,U+635E,捞,23,,60,semantic
11955,U+635F,损,45,,60,semantic
11956,U+6360,捠,0,,60,semantic
11957,U+6361,捡,13,,60,semantic
11958,U+6362,换,33,,60,semantic
11959,U+6363,捣,1,,60,semantic
11960,U+6364,捤,0,,60,semantic
11961,U+6365,捥,51,,60,semantic
11962,U+6366,捦,13,,60,semantic
11963,U+6367,捧,13,,60,semantic
11964,U+6368,捨,5,,60,semantic
11965,U+6369,捩,51,,60,semantic
11966,U+636A,捪,0,,60,semantic
11967,U+636B,捫,51,,60,semantic
11968,U+636C,捬,13,,60,semantic
11969,U+636D,捭,20,,60,semantic
11970,U+636E,据,33,,60,semantic
11971,U+636F,捯,46,,60,semantic
11972,U+6370,捰,0,,60,semantic
11973,U+6371,捱,5,,60,semantic
11974,U+6372,捲,51,,60,semantic
11975,U+6373,捳,0,,60,semantic
11976,U+6374,捴,0,,60,semantic
11977,U+6375,捵,51,,60,semantic
11978,U+6376,捶,1,,60,semantic
11979,U+6377,捷,29,,60,semantic
11980,U+6378,捸,0,,60,semantic
11981,U+6379,捹,1,,60,semantic
11982,U+637A,捺,13,,60,semantic
11983,U+637B,捻,51,,60,semantic
11984,U+637C,捼,52,,60,semantic
11985,U+637D,捽,13,,60,semantic
11986,U+637E,捾,0,,60,semantic
11987,U+637F,捿,13,,60,semantic
11988,U+6380,掀,13,,60,semantic
11989,U+6381,掁,0,,60,semantic
11990,U+6382,掂,13,,60,semantic
11991,U+6383,掃,5,,60,semantic
11992,U+6384,掄,28,,60,semantic
11993,U+6385,掅,13,,60,semantic
11994,U+6386,掆,13,,60,semantic
11995,U+6387,掇,13,,60,semantic
11996,U+6388,授,33,,60,semantic
11997,U+6389,掉,5,,60,semantic
11998,U+638A,掊,52,,60,semantic
11999,U+638B,掋,0,,60,semantic
12000,U+638C,掌,51,,60,semantic
12001,U+638D,掍,0,,60,semantic
12002,U+638E,掎,31,,60,semantic
12003,U+638F,掏,5,,60,semantic
12004,U+6390,掐,13,,60,semantic
12005,U+6391,掑,0,,60,semantic
12006,U+6392,排,51,,60,semantic
12007,U+6393,掓,0,,60,semantic
12008,U+6394,掔,18,,60,semantic
12009,U+6395,掕,0,,60,semantic
12010,U+6396,掖,13,,60,semantic
12011,U+6397,掗,13,,60,semantic
12012,U+6398,掘,14,,60,semantic
12013,U+6399,掙,20,,60,semantic
12014,U+639A,掚,0,,60,semantic
12015,U+639B,掛,16,,60,semantic
12016,U+639C,掜,0,,60,semantic
12017,U+639D,掝,0,,60,semantic
12018,U+639E,掞,45,,60,semantic
12019,U+639F,掟,1,,60,semantic
12020,U+63A0,掠,42,,60,semantic
12021,U+63A1,採,13,,60,semantic
12022,U+63A2,探,33,,60,semantic
12023,U+63A3,掣,13,,60,semantic
12024,U+63A4,掤,13,,60,semantic
12025,U+63A5,接,47,,60,semantic
12026,U+63A6,掦,20,,60,semantic
12027,U+63A7,控,42,,60,semantic
12028,U+63A8,推,13,,60,semantic
12029,U+63A9,掩,20,,60,semantic
12030,U+63AA,措,33,,60,semantic
12031,U+63AB,掫,7,,60,semantic
12032,U+63AC,掬,13,,60,semantic
12033,U+63AD,掭,53,,60,semantic
12034,U+63AE,掮,27,,60,semantic
12035,U+63AF,掯,13,,60,semantic
12036,U+63B0,掰,52,,60,semantic
12037,U+63B1,掱,13,,60,semantic
12038,U+63B2,掲,20,,60,semantic
12039,U+63B3,掳,13,,60,semantic
12040,U+63B4,掴,17,,60,semantic
12041,U+63B5,掵,0,,60,semantic
12042,U+63B6,掶,0,,60,semantic
12043,U+63B7,掷,1,,60,semantic
12044,U+63B8,掸,49,,60,semantic
12045,U+63B9,掹,13,,60,semantic
12046,U+63BA,掺,33,,60,semantic
12047,U+63BB,掻,52,,60,semantic
12048,U+63BC,掼,1,,60,semantic
12049,U+63BD,掽,47,,60,semantic
12050,U+63BE,掾,12,,60,semantic
12051,U+63BF,掿,0,,60,semantic
12052,U+63C0,揀,13,,60,semantic
12053,U+63C1,揁,8,,60,semantic
12054,U+63C2,揂,0,,60,semantic
12055,U+63C3,揃,52,,60,semantic
12056,U+63C4,揄,13,,60,semantic
12057,U+63C5,揅,52,,60,semantic
12058,U+63C6,揆,12,,60,semantic
12059,U+63C7,揇,51,,60,semantic
12060,U+63C8,揈,5,,60,semantic
12061,U+63C9,揉,51,,60,semantic
12062,U+63CA,揊,0,,60,semantic
12063,U+63CB,揋,0,,60,semantic
12064,U+63CC,揌,16,,60,semantic
12065,U+63CD,揍,1,,60,semantic
12066,U+63CE,揎,1,,60,semantic
12067,U+63CF,描,47,,60,semantic
12068,U+63D0,提,13,,60,semantic
12069,U+63D1,揑,20,,60,semantic
12070,U+63D2,插,33,,60,semantic
12071,U+63D3,揓,0,,60,semantic
12072,U+63D4,揔,13,,60,semantic
12073,U+63D5,揕,1,,60,semantic
12074,U+63D6,揖,13,,60,semantic
12075,U+63D7,揗,1,,60,semantic
12076,U+63D8,揘,0,,60,semantic
12077,U+63D9,揙,0,,60,semantic
12078,U+63DA,揚,28,,60,semantic
12079,U+63DB,換,33,,60,semantic
12080,U+63DC,揜,5,,60,semantic
12081,U+63DD,揝,13,,60,semantic
12082,U+63DE,揞,27,,60,semantic
12083,U+63DF,揟,0,,60,semantic
12084,U+63E0,揠,5,,60,semantic
12085,U+63E1,握,13,,60,semantic
12086,U+63E2,揢,13,,60,semantic
12087,U+63E3,揣,27,,60,semantic
12088,U+63E4,揤,0,,60,semantic
12089,U+63E5,揥,52,,60,semantic
12090,U+63E6,揦,13,,60,semantic
12091,U+63E7,揧,0,,60,semantic
12092,U+63E8,揨,0,,60,semantic
12093,U+63E9,揩,49,,60,semantic
12094,U+63EA,揪,13,,60,semantic
12095,U+63EB,揫,13,,60,semantic
12096,U+63EC,揬,51,,60,semantic
12097,U+63ED,揭,13,,60,semantic
12098,U+63EE,揮,5,,60,semantic
12099,U+63EF,揯,45,,60,semantic
12100,U+63F0,揰,1,,60,semantic
12101,U+63F1,揱,0,,60,semantic
12102,U+63F2,揲,47,,60,semantic
12103,U+63F3,揳,52,,60,semantic
12104,U+63F4,援,29,,60,semantic
12105,U+63F5,揵,13,,60,semantic
12106,U+63F6,揶,42,,60,semantic
12107,U+63F7,揷,47,,60,semantic
12108,U+63F8,揸,13,,60,semantic
12109,U+63F9,揹,13,,60,semantic
12110,U+63FA,揺,16,,60,semantic
12111,U+63FB,揻,0,,60,semantic
12112,U+63FC,揼,5,,60,semantic
12113,U+63FD,揽,13,,60,semantic
12114,U+63FE,揾,52,,60,semantic
12115,U+63FF,揿,13,,60,semantic
12116,U+6400,搀,29,,60,semantic
12117,U+6401,搁,5,,60,semantic
12118,U+6402,搂,13,,60,semantic
12119,U+6403,搃,20,,60,semantic
12120,U+6404,搄,0,,60,semantic
12121,U+6405,搅,36,,60,semantic
12122,U+6406,搆,13,,60,semantic
12123,U+6407,搇,13,,60,semantic
12124,U+6408,搈,0,,60,semantic
12125,U+6409,搉,42,,60,semantic
12126,U+640A,搊,53,,60,semantic
12127,U+640B,搋,8,,60,semantic
12128,U+640C,搌,52,,60,semantic
12129,U+640D,損,5,,60,semantic
12130,U+640E,搎,51,,60,semantic
12131,U+640F,搏,13,,60,semantic
12132,U+6410,搐,36,,60,semantic
12133,U+6411,搑,0,,60,semantic
12134,U+6412,搒,2,,60,semantic
12135,U+6413,搓,51,,60,semantic
12136,U+6414,搔,52,,60,semantic
12137,U+6415,搕,1,,60,semantic
12138,U+6416,搖,16,,60,semantic
12139,U+6417,搗,1,,60,semantic
12140,U+6418,搘,47,,60,semantic
12141,U+6419,搙,20,,60,semantic
12142,U+641A,搚,0,,60,semantic
12143,U+641B,搛,54,,60,semantic
12144,U+641C,搜,7,,60,semantic
12145,U+641D,搝,0,,60,semantic
12146,U+641E,搞,5,,60,semantic
12147,U+641F,搟,0,,60,semantic
12148,U+6420,搠,1,,60,semantic
12149,U+6421,搡,31,,60,semantic
12150,U+6422,搢,20,,60,semantic
12151,U+6423,搣,52,,60,semantic
12152,U+6424,搤,13,,60,semantic
12153,U+6425,搥,1,,60,semantic
12154,U+6426,搦,13,,60,semantic
12155,U+6427,搧,1,,60,semantic
12156,U+6428,搨,52,,60,semantic
12157,U+6429,搩,0,,60,semantic
12158,U+642A,搪,5,,60,semantic
12159,U+642B,搫,31,,60,semantic
12160,U+642C,搬,31,,60,semantic
12161,U+642D,搭,33,,60,semantic
12162,U+642E,搮,0,,60,semantic
12163,U+642F,搯,13,,60,semantic
12164,U+6430,搰,14,,60,semantic
12165,U+6431,搱,0,,60,semantic
12166,U+6432,搲,13,,60,semantic
12167,U+6433,搳,1,,60,semantic
12168,U+6434,搴,13,,60,semantic
12169,U+6435,搵,52,,60,semantic
12170,U+6436,搶,13,,60,semantic
12171,U+6437,搷,1,,60,semantic
12172,U+6438,搸,0,,60,semantic
12173,U+6439,搹,0,,60,semantic
12174,U+643A,携,13,,60,semantic
12175,U+643B,搻,0,,60,semantic
12176,U+643C,搼,0,,60,semantic
12177,U+643D,搽,49,,60,semantic
12178,U+643E,搾,13,,60,semantic
12179,U+643F,搿,0,,60,semantic
12180,U+6440,摀,34,,60,semantic
12181,U+6441,摁,13,,60,semantic
12182,U+6442,摂,20,,60,semantic
12183,U+6443,摃,0,,60,semantic
12184,U+6444,摄,20,,60,semantic
12185,U+6445,摅,23,,60,semantic
12186,U+6446,摆,51,,60,semantic
12187,U+6447,摇,1,,60,semantic
12188,U+6448,摈,5,,60,semantic
12189,U+6449,摉,0,,60,semantic
12190,U+644A,摊,33,,60,semantic
12191,U+644B,摋,1,,60,semantic
12192,U+644C,摌,0,,60,semantic
12193,U+644D,摍,0,,60,semantic
12194,U+644E,摎,20,,60,semantic
12195,U+644F,摏,1,,60,semantic
12196,U+6450,摐,1,,60,semantic
12197,U+6451,摑,17,,60,semantic
12198,U+6452,摒,5,,60,semantic
12199,U+6453,摓,0,,60,semantic
12200,U+6454,摔,5,,60,semantic
12201,U+6455,摕,1,,60,semantic
12202,U+6456,摖,0,,60,semantic
12203,U+6457,摗,0,,60,semantic
12204,U+6458,摘,13,,60,semantic
12205,U+6459,摙,52,,60,semantic
12206,U+645A,摚,46,,60,semantic
12207,U+645B,摛,20,,60,semantic
12208,U+645C,摜,1,,60,semantic
12209,U+645D,摝,1,,60,semantic
12210,U+645E,摞,52,,60,semantic
12211,U+645F,摟,13,,60,semantic
12212,U+6460,摠,53,,60,semantic
12213,U+6461,摡,23,,60,semantic
12214,U+6462,摢,0,,60,semantic
12215,U+6463,摣,13,,60,semantic
12216,U+6464,摤,0,,60,semantic
12217,U+6465,摥,0,,60,semantic
12218,U+6466,摦,18,,60,semantic
12219,U+6467,摧,5,,60,semantic
12220,U+6468,摨,0,,60,semantic
12221,U+6469,摩,52,,60,semantic
12222,U+646A,摪,0,,60,semantic
12223,U+646B,摫,0,,60,semantic
12224,U+646C,摬,0,,60,semantic
12225,U+646D,摭,13,,60,semantic
12226,U+646E,摮,8,,60,semantic
12227,U+646F,摯,28,,60,semantic
12228,U+6470,摰,13,,60,semantic
12229,U+6471,摱,13,,60,semantic
12230,U+6472,摲,53,,60,semantic
12231,U+6473,摳,13,,60,semantic
12232,U+6474,摴,47,,60,semantic
12233,U+6475,摵,13,,60,semantic
12234,U+6476,摶,51,,60,semantic
12235,U+6477,摷,1,,60,semantic
12236,U+6478,摸,13,,60,semantic
12237,U+6479,摹,33,,60,semantic
12238,U+647A,摺,51,,60,semantic
12239,U+647B,摻,26,,60,semantic
12240,U+647C,摼,1,,60,semantic
12241,U+647D,摽,1,,60,semantic
12242,U+647E,摾,0,,60,semantic
12243,U+647F,摿,0,,60,semantic
12244,U+6480,撀,0,,60,semantic
12245,U+6481,撁,0,,60,semantic
12246,U+6482,撂,5,,60,semantic
12247,U+6483,撃,1,,60,semantic
12248,U+6484,撄,42,,60,semantic
12249,U+6485,撅,52,,60,semantic
12250,U+6486,撆,5,,60,semantic
12251,U+6487,撇,5,,60,semantic
12252,U+6488,撈,23,,60,semantic
12253,U+6489,撉,51,,60,semantic
12254,U+648A,撊,42,,60,semantic
12255,U+648B,撋,51,,60,semantic
12256,U+648C,撌,0,,60,semantic
12257,U+648D,撍,13,,60,semantic
12258,U+648E,撎,0,,60,semantic
12259,U+648F,撏,13,,60,semantic
12260,U+6490,撐,13,,60,semantic
12261,U+6491,撑,51,,60,semantic
12262,U+6492,撒,5,,60,semantic
12263,U+6493,撓,52,,60,semantic
12264,U+6494,撔,0,,60,semantic
12265,U+6495,撕,52,,60,semantic
12266,U+6496,撖,32,,60,semantic
12267,U+6497,撗,0,,60,semantic
12268,U+6498,撘,1,,60,semantic
12269,U+6499,撙,33,,60,semantic
12270,U+649A,撚,51,,60,semantic
12271,U+649B,撛,0,,60,semantic
12272,U+649C,撜,0,,60,semantic
12273,U+649D,撝,28,,60,semantic
12274,U+649E,撞,1,,60,semantic
12275,U+649F,撟,51,,60,semantic
12276,U+64A0,撠,0,,60,semantic
12277,U+64A1,撡,0,,60,semantic
12278,U+64A2,撢,49,,60,semantic
12279,U+64A3,撣,49,,60,semantic
12280,U+64A4,撤,5,,60,semantic
12281,U+64A5,撥,13,,60,semantic
12282,U+64A6,撦,13,,60,semantic
12283,U+64A7,撧,0,,60,semantic
12284,U+64A8,撨,0,,60,semantic
12285,U+64A9,撩,13,,60,semantic
12286,U+64AA,撪,0,,60,semantic
12287,U+64AB,撫,36,,60,semantic
12288,U+64AC,撬,13,,60,semantic
12289,U+64AD,播,5,,60,semantic
12290,U+64AE,撮,45,,60,semantic
12291,U+64AF,撯,0,,60,semantic
12292,U+64B0,撰,47,,60,semantic
12293,U+64B1,撱,5,,60,semantic
12294,U+64B2,撲,1,,60,semantic
12295,U+64B3,撳,13,,60,semantic
12296,U+64B4,撴,8,,60,semantic
12297,U+64B5,撵,5,,60,semantic
12298,U+64B6,撶,0,,60,semantic
12299,U+64B7,撷,13,,60,semantic
12300,U+64B8,撸,0,,60,semantic
12301,U+64B9,撹,36,,60,semantic
12302,U+64BA,撺,31,,60,semantic
12303,U+64BB,撻,49,,60,semantic
12304,U+64BC,撼,1,,60,semantic
12305,U+64BD,撽,1,,60,semantic
12306,U+64BE,撾,1,,60,semantic
12307,U+64BF,撿,13,,60,semantic
12308,U+64C0,擀,51,,60,semantic
12309,U+64C1,擁,13,,60,semantic
12310,U+64C2,擂,52,,60,semantic
12311,U+64C3,擃,1,,60,semantic
12312,U+64C4,擄,13,,60,semantic
12313,U+64C5,擅,33,,60,semantic
12314,U+64C6,擆,0,,60,semantic
12315,U+64C7,擇,13,,60,semantic
12316,U+64C8,擈,0,,60,semantic
12317,U+64C9,擉,46,,60,semantic
12318,U+64CA,擊,1,,60,semantic
12319,U+64CB,擋,5,,60,semantic
12320,U+64CC,擌,0,,60,semantic
12321,U+64CD,操,20,,60,semantic
12322,U+64CE,擎,13,,60,semantic
12323,U+64CF,擏,20,,60,semantic
12324,U+64D0,擐,20,,60,semantic
12325,U+64D1,擑,0,,60,semantic
12326,U+64D2,擒,13,,60,semantic
12327,U+64D3,擓,52,,60,semantic
12328,U+64D4,擔,13,,60,semantic
12329,U+64D5,擕,13,,60,semantic
12330,U+64D6,擖,52,,60,semantic
12331,U+64D7,擗,1,,60,semantic
12332,U+64D8,擘,52,,60,semantic
12333,U+64D9,擙,20,,60,semantic
12334,U+64DA,據,33,,60,semantic
12335,U+64DB,擛,0,,60,semantic
12336,U+64DC,擜,1,,60,semantic
12337,U+64DD,擝,13,,60,semantic
12338,U+64DE,擞,16,,60,semantic
12339,U+64DF,擟,0,,60,semantic
12340,U+64E0,擠,13,,60,semantic
12341,U+64E1,擡,13,,60,semantic
12342,U+64E2,擢,13,,60,semantic
12343,U+64E3,擣,1,,60,semantic
12344,U+64E4,擤,17,,60,semantic
12345,U+64E5,擥,5,,60,semantic
12346,U+64E6,擦,52,,60,semantic
12347,U+64E7,擧,13,,60,semantic
12348,U+64E8,擨,0,,60,semantic
12349,U+64E9,擩,50,,60,semantic
12350,U+64EA,擪,20,,60,semantic
12351,U+64EB,擫,13,,60,semantic
12352,U+64EC,擬,33,,60,semantic
12353,U+64ED,擭,13,,60,semantic
12354,U+64EE,擮,0,,60,semantic
12355,U+64EF,擯,5,,60,semantic
12356,U+64F0,擰,51,,60,semantic
12357,U+64F1,擱,5,,60,semantic
12358,U+64F2,擲,1,,60,semantic
12359,U+64F3,擳,52,,60,semantic
12360,U+64F4,擴,18,,60,semantic
12361,U+64F5,擵,13,,60,semantic
12362,U+64F6,擶,0,,60,semantic
12363,U+64F7,擷,13,,60,semantic
12364,U+64F8,擸,13,,60,semantic
12365,U+64F9,擹,0,,60,semantic
12366,U+64FA,擺,51,,60,semantic
12367,U+64FB,擻,16,,60,semantic
12368,U+64FC,擼,33,,60,semantic
12369,U+64FD,擽,58,,60,semantic
12370,U+64FE,擾,36,,60,semantic
12371,U+64FF,擿,13,,60,semantic
12372,U+6500,攀,13,,60,semantic
12373,U+6501,攁,0,,60,semantic
12374,U+6502,攂,1,,60,semantic
12375,U+6503,攃,47,,60,semantic
12376,U+6504,攄,23,,60,semantic
12377,U+6505,攅,13,,60,semantic
12378,U+6506,攆,5,,60,semantic
12379,U+6507,攇,0,,60,semantic
12380,U+6508,攈,0,,60,semantic
12381,U+6509,攉,20,,60,semantic
12382,U+650A,攊,0,,60,semantic
12383,U+650B,攋,13,,60,semantic
12384,U+650C,攌,0,,60,semantic
12385,U+650D,攍,0,,60,semantic
12386,U+650E,攎,0,,60,semantic
12387,U+650F,攏,13,,60,semantic
12388,U+6510,攐,0,,60,semantic
12389,U+6511,攑,0,,60,semantic
12390,U+6512,攒,13,,60,semantic
12391,U+6513,攓,0,,60,semantic
12392,U+6514,攔,5,,60,semantic
12393,U+6515,攕,0,,60,semantic
12394,U+6516,攖,42,,60,semantic
12395,U+6517,攗,0,,60,semantic
12396,U+6518,攘,13,,60,semantic
12397,U+6519,攙,29,,60,semantic
12398,U+651A,攚,0,,60,semantic
12399,U+651B,攛,31,,60,semantic
12400,U+651C,攜,13,,60,semantic
12401,U+651D,攝,20,,60,semantic
12402,U+651E,攞,52,,60,semantic
12403,U+651F,攟,13,,60,semantic
12404,U+6520,攠,0,,60,semantic
12405,U+6521,攡,0,,60,semantic
12406,U+6522,攢,13,,60,semantic
12407,U+6523,攣,46,,60,semantic
12408,U+6524,攤,33,,60,semantic
12409,U+6525,攥,13,,60,semantic
12410,U+6526,攦,0,,60,semantic
12411,U+6527,攧,5,,60,semantic
12412,U+6528,攨,0,,60,semantic
12413,U+6529,攩,5,,60,semantic
12414,U+652A,攪,36,,60,semantic
12415,U+652B,攫,13,,60,semantic
12416,U+652C,攬,13,,60,semantic
12417,U+652D,攭,0,,60,semantic
12418,U+652E,攮,1,,60,semantic
12419,U+652F,支,29,,60,semantic
12420,U+6530,攰,36,,60,semantic
12421,U+6531,攱,0,,60,semantic
12422,U+6532,攲,45,,60,semantic
12423,U+6533,攳,0,,60,semantic
12424,U+6534,攴,30,,60,semantic
12425,U+6535,攵,53,,60,semantic
12426,U+6536,收,33,,60,semantic
12427,U+6537,攷,7,,60,semantic
12428,U+6538,攸,34,,60,semantic
12429,U+6539,改,33,,60,semantic
12430,U+653A,攺,0,,60,semantic
12431,U+653B,攻,1,,60,semantic
12432,U+653C,攼,0,,60,semantic
12433,U+653D,攽,47,,60,semantic
12434,U+653E,放,5,,60,semantic
12435,U+653F,政,12,,60,semantic
12436,U+6540,敀,0,,60,semantic
12437,U+6541,敁,13,,60,semantic
12438,U+6542,敂,5,,60,semantic
12439,U+6543,敃,18,,60,semantic
12440,U+6544,敄,20,,60,semantic
12441,U+6545,故,12,,60,semantic
12442,U+6546,敆,0,,60,semantic
12443,U+6547,敇,0,,60,semantic
12444,U+6548,效,47,,60,semantic
12445,U+6549,敉,36,,60,semantic
12446,U+654A,敊,0,,60,semantic
12447,U+654B,敋,1,,60,semantic
12448,U+654C,敌,42,,60,semantic
12449,U+654D,敍,33,,60,semantic
12450,U+654E,敎,47,,60,semantic
12451,U+654F,敏,18,,60,semantic
12452,U+6550,敐,0,,60,semantic
12453,U+6551,救,29,,60,semantic
12454,U+6552,敒,0,,60,semantic
12455,U+6553,敓,0,,60,semantic
12456,U+6554,敔,53,,60,semantic
12457,U+6555,敕,12,,60,semantic
12458,U+6556,敖,33,,60,semantic
12459,U+6557,敗,5,,60,semantic
12460,U+6558,敘,33,,60,semantic
12461,U+6559,教,33,,60,semantic
12462,U+655A,敚,13,,60,semantic
12463,U+655B,敛,13,,60,semantic
12464,U+655C,敜,52,,60,semantic
12465,U+655D,敝,5,,60,semantic
12466,U+655E,敞,9,,60,semantic
12467,U+655F,敟,0,,60,semantic
12468,U+6560,敠,13,,60,semantic
12469,U+6561,敡,42,,60,semantic
12470,U+6562,敢,13,,60,semantic
12471,U+6563,散,5,,60,semantic
12472,U+6564,敤,0,,60,semantic
12473,U+6565,敥,0,,60,semantic
12474,U+6566,敦,28,,60,semantic
12475,U+6567,敧,54,,60,semantic
12476,U+6568,敨,0,,60,semantic
12477,U+6569,敩,20,,60,semantic
12478,U+656A,敪,13,,60,semantic
12479,U+656B,敫,53,,60,semantic
12480,U+656C,敬,28,,60,semantic
12481,U+656D,敭,20,,60,semantic
12482,U+656E,敮,0,,60,semantic
12483,U+656F,敯,20,,60,semantic
12484,U+6570,数,47,,60,semantic
12485,U+6571,敱,0,,60,semantic
12486,U+6572,敲,1,,60,semantic
12487,U+6573,敳,20,,60,semantic
12488,U+6574,整,47,,60,semantic
12489,U+6575,敵,42,,60,semantic
12490,U+6576,敶,0,,60,semantic
12491,U+6577,敷,49,,60,semantic
12492,U+6578,數,33,,60,semantic
12493,U+6579,敹,52,,60,semantic
12494,U+657A,敺,5,,60,semantic
12495,U+657B,敻,34,,60,semantic
12496,U+657C,敼,0,,60,semantic
12497,U+657D,敽,46,,60,semantic
12498,U+657E,敾,20,,60,semantic
12499,U+657F,敿,46,,60,semantic
12500,U+6580,斀,0,,60,semantic
12501,U+6581,斁,15,,60,semantic
12502,U+6582,斂,13,,60,semantic
12503,U+6583,斃,5,,60,semantic
12504,U+6584,斄,0,,60,semantic
12505,U+6585,斅,20,,60,semantic
12506,U+6586,斆,20,,60,semantic
12507,U+6587,文,33,,60,semantic
12508,U+6588,斈,47,,60,semantic
12509,U+6589,斉,47,,60,semantic
12510,U+658A,斊,0,,60,semantic
12511,U+658B,斋,54,,60,semantic
12512,U+658C,斌,28,,60,semantic
12513,U+658D,斍,20,,60,semantic
12514,U+658E,斎,54,,60,semantic
12515,U+658F,斏,0,,60,semantic
12516,U+6590,斐,28,,60,semantic
12517,U+6591,斑,53,,60,semantic
12518,U+6592,斒,47,,60,semantic
12519,U+6593,斓,50,,60,semantic
12520,U+6594,斔,0,,60,semantic
12521,U+6595,斕,50,,60,semantic
12522,U+6596,斖,0,,60,semantic
12523,U+6597,斗,12,,60,semantic
12524,U+6598,斘,0,,60,semantic
12525,U+6599,料,47,,60,semantic
12526,U+659A,斚,26,,60,semantic
12527,U+659B,斛,49,,60,semantic
12528,U+659C,斜,51,,60,semantic
12529,U+659D,斝,24,,60,semantic
12530,U+659E,斞,48,,60,semantic
12531,U+659F,斟,24,,60,semantic
12532,U+65A0,斠,47,,60,semantic
12533,U+65A1,斡,51,,60,semantic
12534,U+65A2,斢,0,,60,semantic
12535,U+65A3,斣,0,,60,semantic
12536,U+65A4,斤,30,,60,semantic
12537,U+65A5,斥,42,,60,semantic
12538,U+65A6,斦,0,,60,semantic
12539,U+65A7,斧,2,,60,semantic
12540,U+65A8,斨,2,,60,semantic
12541,U+65A9,斩,52,,60,semantic
12542,U+65AA,斪,0,,60,semantic
12543,U+65AB,斫,52,,60,semantic
12544,U+65AC,斬,52,,60,semantic
12545,U+65AD,断,5,,60,semantic
12546,U+65AE,斮,5,,60,semantic
12547,U+65AF,斯,5,,60,semantic
12548,U+65B0,新,47,,60,semantic
12549,U+65B1,斱,0,,60,semantic
12550,U+65B2,斲,52,,60,semantic
12551,U+65B3,斳,0,,60,semantic
12552,U+65B4,斴,23,,60,semantic
12553,U+65B5,斵,52,,60,semantic
12554,U+65B6,斶,32,,60,semantic
12555,U+65B7,斷,5,,60,semantic
12556,U+65B8,斸,52,,60,semantic
12557,U+65B9,方,14,,60,semantic
12558,U+65BA,斺,0,,60,semantic
12559,U+65BB,斻,0,,60,semantic
12560,U+65BC,於,33,,60,semantic
12561,U+65BD,施,29,,60,semantic
12562,U+65BE,斾,26,,60,semantic
12563,U+65BF,斿,31,,60,semantic
12564,U+65C0,旀,32,,60,semantic
12565,U+65C1,旁,9,,60,semantic
12566,U+65C2,旂,53,,60,semantic
12567,U+65C3,旃,11,,60,semantic
12568,U+65C4,旄,12,,60,semantic
12569,U+65C5,旅,31,,60,semantic
12570,U+65C6,旆,53,,60,semantic
12571,U+65C7,旇,0,,60,semantic
12572,U+65C8,旈,50,,60,semantic
12573,U+65C9,旉,20,,60,semantic
12574,U+65CA,旊,0,,60,semantic
12575,U+65CB,旋,31,,60,semantic
12576,U+65CC,旌,53,,60,semantic
12577,U+65CD,旍,53,,60,semantic
12578,U+65CE,旎,16,,60,semantic
12579,U+65CF,族,57,,60,semantic
12580,U+65D0,旐,47,,60,semantic
12581,U+65D1,旑,0,,60,semantic
12582,U+65D2,旒,50,,60,semantic
12583,U+65D3,旓,43,,60,semantic
12584,U+65D4,旔,0,,60,semantic
12585,U+65D5,旕,32,,60,semantic
12586,U+65D6,旖,28,,60,semantic
12587,U+65D7,旗,53,,60,semantic
12588,U+65D8,旘,53,,60,semantic
12589,U+65D9,旙,2,,60,semantic
12590,U+65DA,旚,0,,60,semantic
12591,U+65DB,旛,2,,60,semantic
12592,U+65DC,旜,53,,60,semantic
12593,U+65DD,旝,53,,60,semantic
12594,U+65DE,旞,0,,60,semantic
12595,U+65DF,旟,53,,60,semantic
12596,U+65E0,无,30,,60,semantic
12597,U+65E2,既,33,,60,semantic
12598,U+65E3,旣,47,,60,semantic
12599,U+65E4,旤,0,,60,semantic
12600,U+65E5,日,50,,60,semantic
12601,U+65E6,旦,50,,60,semantic
12602,U+65E7,旧,12,,60,semantic
12603,U+65E8,旨,33,,60,semantic
12604,U+65E9,早,34,,60,semantic
12605,U+65EA,旪,29,,60,semantic
12606,U+65EB,旫,0,,60,semantic
12607,U+65EC,旬,47,,60,semantic
12608,U+65ED,旭,50,,60,semantic
12609,U+65EE,旮,9,,60,semantic
12610,U+65EF,旯,9,,60,semantic
12611,U+65F0,旰,50,,60,semantic
12612,U+65F1,旱,45,,60,semantic
12613,U+65F2,旲,0,,60,semantic
12614,U+65F3,旳,57,,60,semantic
12615,U+65F4,旴,50,,60,semantic
12616,U+65F5,旵,0,,60,semantic
12617,U+65F6,时,57,,60,semantic
12618,U+65F7,旷,18,,60,semantic
12619,U+65F8,旸,50,,60,semantic
12620,U+65F9,旹,57,,60,semantic
12621,U+65FA,旺,28,,60,semantic
12622,U+65FB,旻,12,,60,semantic
12623,U+65FC,旼,28,,60,semantic
12624,U+65FD,旽,50,,60,semantic
12625,U+65FE,旾,53,,60,semantic
12626,U+65FF,旿,0,,60,semantic
12627,U+6600,昀,50,,60,semantic
12628,U+6601,昁,0,,60,semantic
12629,U+6602,昂,13,,60,semantic
12630,U+6603,昃,50,,60,semantic
12631,U+6604,昄,18,,60,semantic
12632,U+6605,昅,0,,60,semantic
12633,U+6606,昆,57,,60,semantic
12634,U+6607,昇,43,,60,semantic
12635,U+6608,昈,0,,60,semantic
12636,U+6609,昉,50,,60,semantic
12637,U+660A,昊,16,,60,semantic
12638,U+660B,昋,0,,60,semantic
12639,U+660C,昌,50,,60,semantic
12640,U+660D,昍,0,,60,semantic
12641,U+660E,明,50,,60,semantic
12642,U+660F,昏,50,,60,semantic
12643,U+6610,昐,0,,60,semantic
12644,U+6611,昑,50,,60,semantic
12645,U+6612,昒,50,,60,semantic
12646,U+6613,易,33,,60,semantic
12647,U+6614,昔,12,,60,semantic
12648,U+6615,昕,50,,60,semantic
12649,U+6616,昖,0,,60,semantic
12650,U+6617,昗,0,,60,semantic
12651,U+6618,昘,0,,60,semantic
12652,U+6619,昙,16,,60,semantic
12653,U+661A,昚,36,,60,semantic
12654,U+661B,昛,0,,60,semantic
12655,U+661C,昜,20,,60,semantic
12656,U+661D,昝,57,,60,semantic
12657,U+661E,昞,50,,60,semantic
12658,U+661F,星,12,,60,semantic
12659,U+6620,映,50,,60,semantic
12660,U+6621,昡,34,,60,semantic
12661,U+6622,昢,0,,60,semantic
12662,U+6623,昣,0,,60,semantic
12663,U+6624,昤,50,,60,semantic
12664,U+6625,春,53,,60,semantic
12665,U+6626,昦,0,,60,semantic
12666,U+6627,昧,50,,60,semantic
12667,U+6628,昨,57,,60,semantic
12668,U+6629,昩,0,,60,semantic
12669,U+662A,昪,28,,60,semantic
12670,U+662B,昫,39,,60,semantic
12671,U+662C,昬,50,,60,semantic
12672,U+662D,昭,28,,60,semantic
12673,U+662E,昮,0,,60,semantic
12674,U+662F,是,20,,60,semantic
12675,U+6630,昰,32,,60,semantic
12676,U+6631,昱,50,,60,semantic
12677,U+6632,昲,50,,60,semantic
12678,U+6633,昳,50,,60,semantic
12679,U+6634,昴,12,,60,semantic
12680,U+6635,昵,33,,60,semantic
12681,U+6636,昶,50,,60,semantic
12682,U+6637,昷,29,,60,semantic
12683,U+6638,昸,0,,60,semantic
12684,U+6639,昹,0,,60,semantic
12685,U+663A,昺,28,,60,semantic
12686,U+663B,昻,13,,60,semantic
12687,U+663C,昼,50,,60,semantic
12688,U+663D,昽,50,,60,semantic
12689,U+663E,显,33,,60,semantic
12690,U+663F,昿,18,,60,semantic
12691,U+6640,晀,0,,60,semantic
12692,U+6641,晁,50,,60,semantic
12693,U+6642,時,57,,60,semantic
12694,U+6643,晃,16,,60,semantic
12695,U+6644,晄,28,,60,semantic
12696,U+6645,晅,50,,60,semantic
12697,U+6646,晆,0,,60,semantic
12698,U+6647,晇,0,,60,semantic
12699,U+6648,晈,0,,60,semantic
12700,U+6649,晉,47,,60,semantic
12701,U+664A,晊,0,,60,semantic
12702,U+664B,晋,33,,60,semantic
12703,U+664C,晌,47,,60,semantic
12704,U+664D,晍,0,,60,semantic
12705,U+664E,晎,0,,60,semantic
12706,U+664F,晏,34,,60,semantic
12707,U+6650,晐,0,,60,semantic
12708,U+6651,晑,0,,60,semantic
12709,U+6652,晒,50,,60,semantic
12710,U+6653,晓,50,,60,semantic
12711,U+6654,晔,28,,60,semantic
12712,U+6655,晕,16,,60,semantic
12713,U+6656,晖,50,,60,semantic
12714,U+6657,晗,34,,60,semantic
12715,U+6658,晘,0,,60,semantic
12716,U+6659,晙,28,,60,semantic
12717,U+665A,晚,50,,60,semantic
12718,U+665B,晛,50,,60,semantic
12719,U+665C,晜,58,,60,semantic
12720,U+665D,晝,50,,60,semantic
12721,U+665E,晞,50,,60,semantic
12722,U+665F,晟,50,,60,semantic
12723,U+6660,晠,0,,60,semantic
12724,U+6661,晡,50,,60,semantic
12725,U+6662,晢,50,,60,semantic
12726,U+6663,晣,0,,60,semantic
12727,U+6664,晤,33,,60,semantic
12728,U+6665,晥,43,,60,semantic
12729,U+6666,晦,50,,60,semantic
12730,U+6667,晧,50,,60,semantic
12731,U+6668,晨,50,,60,semantic
12732,U+6669,晩,50,,60,semantic
12733,U+666A,晪,0,,60,semantic
12734,U+666B,晫,50,,60,semantic
12735,U+666C,晬,57,,60,semantic
12736,U+666D,晭,0,,60,semantic
12737,U+666E,普,18,,60,semantic
12738,U+666F,景,7,,60,semantic
12739,U+6670,晰,47,,60,semantic
12740,U+6671,晱,0,,60,semantic
12741,U+6672,晲,0,,60,semantic
12742,U+6673,晳,50,,60,semantic
12743,U+6674,晴,16,,60,semantic
12744,U+6675,晵,0,,60,semantic
12745,U+6676,晶,50,,60,semantic
12746,U+6677,晷,50,,60,semantic
12747,U+6678,晸,50,,60,semantic
12748,U+6679,晹,50,,60,semantic
12749,U+667A,智,28,,60,semantic
12750,U+667B,晻,47,,60,semantic
12751,U+667C,晼,50,,60,semantic
12752,U+667D,晽,0,,60,semantic
12753,U+667E,晾,49,,60,semantic
12754,U+667F,晿,0,,60,semantic
12755,U+6680,暀,0,,60,semantic
12756,U+6681,暁,50,,60,semantic
12757,U+6682,暂,34,,60,semantic
12758,U+6683,暃,0,,60,semantic
12759,U+6684,暄,28,,60,semantic
12760,U+6685,暅,0,,60,semantic
12761,U+6686,暆,0,,60,semantic
12762,U+6687,暇,34,,60,semantic
12763,U+6688,暈,16,,60,semantic
12764,U+6689,暉,50,,60,semantic
12765,U+668A,暊,0,,60,semantic
12766,U+668B,暋,18,,60,semantic
12767,U+668C,暌,34,,60,semantic
12768,U+668D,暍,50,,60,semantic
12769,U+668E,暎,50,,60,semantic
12770,U+668F,暏,39,,60,semantic
12771,U+6690,暐,50,,60,semantic
12772,U+6691,暑,39,,60,semantic
12773,U+6692,暒,0,,60,semantic
12774,U+6693,暓,0,,60,semantic
12775,U+6694,暔,0,,60,semantic
12776,U+6695,暕,0,,60,semantic
12777,U+6696,暖,39,,60,semantic
12778,U+6697,暗,34,,60,semantic
12779,U+6698,暘,50,,60,semantic
12780,U+6699,暙,0,,60,semantic
12781,U+669A,暚,0,,60,semantic
12782,U+669B,暛,0,,60,semantic
12783,U+669C,暜,0,,60,semantic
12784,U+669D,暝,34,,60,semantic
12785,U+669E,暞,0,,60,semantic
12786,U+669F,暟,0,,60,semantic
12787,U+66A0,暠,50,,60,semantic
12788,U+66A1,暡,0,,60,semantic
12789,U+66A2,暢,34,,60,semantic
12790,U+66A3,暣,0,,60,semantic
12791,U+66A4,暤,0,,60,semantic
12792,U+66A5,暥,0,,60,semantic
12793,U+66A6,暦,12,,60,semantic
12794,U+66A7,暧,34,,60,semantic
12795,U+66A8,暨,13,,60,semantic
12796,U+66A9,暩,0,,60,semantic
12797,U+66AA,暪,0,,60,semantic
12798,U+66AB,暫,34,,60,semantic
12799,U+66AC,暬,0,,60,semantic
12800,U+66AD,暭,0,,60,semantic
12801,U+66AE,暮,50,,60,semantic
12802,U+66AF,暯,0,,60,semantic
12803,U+66B0,暰,0,,60,semantic
12804,U+66B1,暱,33,,60,semantic
12805,U+66B2,暲,50,,60,semantic
12806,U+66B3,暳,0,,60,semantic
12807,U+66B4,暴,42,,60,semantic
12808,U+66B5,暵,50,,60,semantic
12809,U+66B6,暶,0,,60,semantic
12810,U+66B7,暷,0,,60,semantic
12811,U+66B8,暸,50,,60,semantic
12812,U+66B9,暹,31,,60,semantic
12813,U+66BA,暺,0,,60,semantic
12814,U+66BB,暻,50,,60,semantic
12815,U+66BC,暼,7,,60,semantic
12816,U+66BD,暽,0,,60,semantic
12817,U+66BE,暾,50,,60,semantic
12818,U+66BF,暿,0,,60,semantic
12819,U+66C0,曀,16,,60,semantic
12820,U+66C1,曁,20,,60,semantic
12821,U+66C2,曂,0,,60,semantic
12822,U+66C3,曃,0,,60,semantic
12823,U+66C4,曄,28,,60,semantic
12824,U+66C5,曅,28,,60,semantic
12825,U+66C6,曆,12,,60,semantic
12826,U+66C7,曇,16,,60,semantic
12827,U+66C8,曈,50,,60,semantic
12828,U+66C9,曉,50,,60,semantic
12829,U+66CA,曊,0,,60,semantic
12830,U+66CB,曋,0,,60,semantic
12831,U+66CC,曌,43,,60,semantic
12832,U+66CD,曍,28,,60,semantic
12833,U+66CE,曎,0,,60,semantic
12834,U+66CF,曏,47,,60,semantic
12835,U+66D0,曐,0,,60,semantic
12836,U+66D1,曑,0,,60,semantic
12837,U+66D2,曒,0,,60,semantic
12838,U+66D3,曓,0,,60,semantic
12839,U+66D4,曔,0,,60,semantic
12840,U+66D5,曕,50,,60,semantic
12841,U+66D6,曖,34,,60,semantic
12842,U+66D7,曗,0,,60,semantic
12843,U+66D8,曘,0,,60,semantic
12844,U+66D9,曙,50,,60,semantic
12845,U+66DA,曚,50,,60,semantic
12846,U+66DB,曛,50,,60,semantic
12847,U+66DC,曜,50,,60,semantic
12848,U+66DD,曝,50,,60,semantic
12849,U+66DE,曞,0,,60,semantic
12850,U+66DF,曟,0,,60,semantic
12851,U+66E0,曠,18,,60,semantic
12852,U+66E1,曡,47,,60,semantic
12853,U+66E2,曢,0,,60,semantic
12854,U+66E3,曣,16,,60,semantic
12855,U+66E4,曤,0,,60,semantic
12856,U+66E5,曥,0,,60,semantic
12857,U+66E6,曦,50,,60,semantic
12858,U+66E7,曧,0,,60,semantic
12859,U+66E8,曨,50,,60,semantic
12860,U+66E9,曩,12,,60,semantic
12861,U+66EA,曪,0,,60,semantic
12862,U+66EB,曫,0,,60,semantic
12863,U+66EC,曬,50,,60,semantic
12864,U+66ED,曭,16,,60,semantic
12865,U+66EE,曮,0,,60,semantic
12866,U+66EF,曯,0,,60,semantic
12867,U+66F0,曰,30,,60,semantic
12868,U+66F4,更,20,,60,semantic
12869,U+66F5,曵,31,,60,semantic
12870,U+66F6,曶,32,,60,semantic
12871,U+66F7,曷,47,,60,semantic
12872,U+66F8,書,47,,60,semantic
12873,U+66F9,曹,12,,60,semantic
12874,U+66FA,曺,0,,60,semantic
12875,U+66FB,曻,0,,60,semantic
12876,U+66FC,曼,18,,60,semantic
12877,U+66FD,曽,34,,60,semantic
12878,U+66FE,曾,34,,60,semantic
12879,U+66FF,替,33,,60,semantic
12880,U+6700,最,18,,60,semantic
12881,U+6701,朁,20,,60,semantic
12882,U+6702,朂,0,,60,semantic
12883,U+6703,會,20,,60,semantic
12884,U+6704,朄,0,,60,semantic
12885,U+6705,朅,28,,60,semantic
12886,U+6706,朆,47,,60,semantic
12887,U+6707,朇,0,,60,semantic
12888,U+6708,月,30,,60,semantic
12889,U+6709,有,33,,60,semantic
12890,U+670A,朊,0,,60,semantic
12891,U+670B,朋,33,,60,semantic
12892,U+670C,朌,4,,60,semantic
12893,U+670D,服,27,,60,semantic
12894,U+670E,朎,0,,60,semantic
12895,U+670F,朏,50,,60,semantic
12896,U+6710,朐,39,,60,semantic
12897,U+6711,朑,0,,60,semantic
12898,U+6712,朒,16,,60,semantic
12899,U+6713,朓,29,,60,semantic
12900,U+6714,朔,12,,60,semantic
12901,U+6715,朕,57,,60,semantic
12902,U+6716,朖,50,,60,semantic
12903,U+6717,朗,50,,60,semantic
12904,U+6718,朘,5,,60,semantic
12905,U+6719,朙,50,,60,semantic
12906,U+671A,朚,0,,60,semantic
12907,U+671B,望,7,,60,semantic
12908,U+671C,朜,0,,60,semantic
12909,U+671D,朝,12,,60,semantic
12910,U+671E,朞,57,,60,semantic
12911,U+671F,期,47,,60,semantic
12912,U+6720,朠,50,,60,semantic
12913,U+6721,朡,0,,60,semantic
12914,U+6722,朢,7,,60,semantic
12915,U+6723,朣,12,,60,semantic
12916,U+6724,朤,0,,60,semantic
12917,U+6725,朥,0,,60,semantic
12918,U+6726,朦,12,,60,semantic
12919,U+6727,朧,12,,60,semantic
12920,U+6728,木,41,,60,semantic
12921,U+672D,札,47,,60,semantic
12922,U+672E,朮,33,,60,semantic
12923,U+672F,术,33,,60,semantic
12924,U+6730,朰,53,,60,semantic
12925,U+6732,朲,0,,60,semantic
12926,U+6733,朳,41,,60,semantic
12927,U+6734,朴,34,,60,semantic
12928,U+6735,朵,3,,60,semantic
12929,U+6736,朶,3,,60,semantic
12930,U+6737,朷,0,,60,semantic
12931,U+6738,朸,0,,60,semantic
12932,U+6739,朹,0,,60,semantic
12933,U+673A,机,33,,60,semantic
12934,U+673B,朻,0,,60,semantic
12935,U+673C,朼,0,,60,semantic
12936,U+673D,朽,42,,60,semantic
12937,U+673E,朾,1,,60,semantic
12938,U+6740,杀,1,,60,semantic
12939,U+6741,杁,0,,60,semantic
12940,U+6742,杂,49,,60,semantic
12941,U+6743,权,33,,60,semantic
12942,U+6744,杄,0,,60,semantic
12943,U+6745,杅,23,,60,semantic
12944,U+6746,杆,2,,60,semantic
12945,U+6747,杇,53,,60,semantic
12946,U+6748,杈,41,,60,semantic
12947,U+6749,杉,41,,60,semantic
12948,U+674A,杊,0,,60,semantic
12949,U+674B,杋,0,,60,semantic
12950,U+674C,杌,41,,60,semantic
12951,U+674D,杍,0,,60,semantic
12952,U+674E,李,57,,60,semantic
12953,U+674F,杏,38,,60,semantic
12954,U+6750,材,2,,60,semantic
12955,U+6751,村,34,,60,semantic
12956,U+6752,杒,0,,60,semantic
12957,U+6753,杓,26,,60,semantic
12958,U+6754,杔,0,,60,semantic
12959,U+6755,杕,34,,60,semantic
12960,U+6756,杖,2,,60,semantic
12961,U+6757,杗,2,,60,semantic
12962,U+6758,杘,0,,60,semantic
12963,U+6759,杙,2,,60,semantic
12964,U+675A,杚,0,,60,semantic
12965,U+675B,杛,0,,60,semantic
12966,U+675C,杜,5,,60,semantic
12967,U+675D,杝,41,,60,semantic
12968,U+675E,杞,41,,60,semantic
12969,U+6760,杠,46,,60,semantic
12970,U+6761,条,47,,60,semantic
12971,U+6762,杢,2,,60,semantic
12972,U+6763,杣,41,,60,semantic
12973,U+6764,杤,41,,60,semantic
12974,U+6766,杦,0,,60,semantic
12975,U+6767,杧,38,,60,semantic
12976,U+6768,杨,41,,60,semantic
12977,U+6769,杩,4,,60,semantic
12978,U+676A,杪,41,,60,semantic
12979,U+676B,杫,0,,60,semantic
12980,U+676C,杬,41,,60,semantic
12981,U+676D,杭,10,,60,semantic
12982,U+676E,杮,4,,60,semantic
12983,U+676F,杯,24,,60,semantic
12984,U+6770,杰,28,,60,semantic
12985,U+6772,杲,50,,60,semantic
12986,U+6773,杳,34,,60,semantic
12987,U+6774,杴,14,,60,semantic
12988,U+6775,杵,1,,60,semantic
12989,U+6776,杶,53,,60,semantic
12990,U+6777,杷,53,,60,semantic
12991,U+6778,杸,2,,60,semantic
12992,U+6779,杹,0,,60,semantic
12993,U+677A,杺,0,,60,semantic
12994,U+677B,杻,41,,60,semantic
12995,U+677C,杼,45,,60,semantic
12996,U+677D,杽,0,,60,semantic
12997,U+677E,松,41,,60,semantic
12998,U+677F,板,54,,60,semantic
12999,U+6780,枀,0,,60,semantic
13000,U+6781,极,18,,60,semantic
13001,U+6782,枂,0,,60,semantic
13002,U+6783,枃,0,,60,semantic
13003,U+6784,构,9,,60,semantic
13004,U+6785,枅,0,,60,semantic
13005,U+6786,枆,0,,60,semantic
13006,U+6787,枇,53,,60,semantic
13007,U+6788,枈,0,,60,semantic
13008,U+6789,枉,45,,60,semantic
13009,U+678A,枊,0,,60,semantic
13010,U+678B,枋,41,,60,semantic
13011,U+678C,枌,41,,60,semantic
13012,U+678D,枍,0,,60,semantic
13013,U+678E,枎,0,,60,semantic
13014,U+678F,枏,41,,60,semantic
13015,U+6790,析,52,,60,semantic
13016,U+6791,枑,9,,60,semantic
13017,U+6792,枒,41,,60,semantic
13018,U+6793,枓,29,,60,semantic
13019,U+6794,枔,0,,60,semantic
13020,U+6795,枕,27,,60,semantic
13021,U+6796,枖,0,,60,semantic
13022,U+6797,林,41,,60,semantic
13023,U+6798,枘,2,,60,semantic
13024,U+6799,枙,0,,60,semantic
13025,U+679A,枚,41,,60,semantic
13026,U+679B,枛,0,,60,semantic
13027,U+679C,果,48,,60,semantic
13028,U+679D,枝,41,,60,semantic
13029,U+679E,枞,41,,60,semantic
13030,U+679F,枟,41,,60,semantic
13031,U+67A0,枠,46,,60,semantic
13032,U+67A1,枡,47,,60,semantic
13033,U+67A2,枢,51,,60,semantic
13034,U+67A3,枣,41,,60,semantic
13035,U+67A4,枤,0,,60,semantic
13036,U+67A5,枥,41,,60,semantic
13037,U+67A6,枦,0,,60,semantic
13038,U+67A7,枧,37,,60,semantic
13039,U+67A8,枨,13,,60,semantic
13040,U+67A9,枩,41,,60,semantic
13041,U+67AA,枪,2,,60,semantic
13042,U+67AB,枫,41,,60,semantic
13043,U+67AC,枬,37,,60,semantic
13044,U+67AD,枭,44,,60,semantic
13045,U+67AE,枮,0,,60,semantic
13046,U+67AF,枯,5,,60,semantic
13047,U+67B0,枰,14,,60,semantic
13048,U+67B1,枱,9,,60,semantic
13049,U+67B2,枲,53,,60,semantic
13050,U+67B3,枳,3,,60,semantic
13051,U+67B4,枴,41,,60,semantic
13052,U+67B5,枵,41,,60,semantic
13053,U+67B6,架,13,,60,semantic
13054,U+67B7,枷,2,,60,semantic
13055,U+67B8,枸,43,,60,semantic
13056,U+67B9,枹,53,,60,semantic
13057,U+67BA,枺,0,,60,semantic
13058,U+67BB,枻,52,,60,semantic
13059,U+67BC,枼,14,,60,semantic
13060,U+67BD,枽,0,,60,semantic
13061,U+67BE,枾,47,,60,semantic
13062,U+67BF,枿,0,,60,semantic
13063,U+67C0,柀,0,,60,semantic
13064,U+67C1,柁,46,,60,semantic
13065,U+67C2,柂,12,,60,semantic
13066,U+67C3,柃,0,,60,semantic
13067,U+67C4,柄,13,,60,semantic
13068,U+67C5,柅,28,,60,semantic
13069,U+67C6,柆,0,,60,semantic
13070,U+67C7,柇,0,,60,semantic
13071,U+67C8,柈,26,,60,semantic
13072,U+67C9,柉,0,,60,semantic
13073,U+67CA,柊,41,,60,semantic
13074,U+67CB,柋,0,,60,semantic
13075,U+67CC,柌,0,,60,semantic
13076,U+67CD,柍,0,,60,semantic
13077,U+67CE,柎,10,,60,semantic
13078,U+67CF,柏,41,,60,semantic
13079,U+67D0,某,57,,60,semantic
13080,U+67D1,柑,50,,60,semantic
13081,U+67D2,柒,43,,60,semantic
13082,U+67D3,染,49,,60,semantic
13083,U+67D4,柔,45,,60,semantic
13084,U+67D5,柕,0,,60,semantic
13085,U+67D6,柖,0,,60,semantic
13086,U+67D7,柗,0,,60,semantic
13087,U+67D8,柘,41,,60,semantic
13088,U+67D9,柙,46,,60,semantic
13089,U+67DA,柚,38,,60,semantic
13090,U+67DB,柛,0,,60,semantic
13091,U+67DC,柜,26,,60,semantic
13092,U+67DD,柝,53,,60,semantic
13093,U+67DE,柞,41,,60,semantic
13094,U+67DF,柟,38,,60,semantic
13095,U+67E0,柠,24,,60,semantic
13096,U+67E1,柡,0,,60,semantic
13097,U+67E2,柢,51,,60,semantic
13098,U+67E3,柣,53,,60,semantic
13099,U+67E4,柤,53,,60,semantic
13100,U+67E5,查,7,,60,semantic
13101,U+67E6,柦,0,,60,semantic
13102,U+67E7,柧,0,,60,semantic
13103,U+67E8,柨,0,,60,semantic
13104,U+67E9,柩,14,,60,semantic
13105,U+67EA,柪,0,,60,semantic
13106,U+67EB,柫,0,,60,semantic
13107,U+67ED,柭,0,,60,semantic
13108,U+67EE,柮,52,,60,semantic
13109,U+67EF,柯,2,,60,semantic
13110,U+67F0,柰,41,,60,semantic
13111,U+67F1,柱,33,,60,semantic
13112,U+67F2,柲,13,,60,semantic
13113,U+67F3,柳,12,,60,semantic
13114,U+67F4,柴,39,,60,semantic
13115,U+67F5,柵,9,,60,semantic
13116,U+67F6,柶,53,,60,semantic
13117,U+67F7,柷,47,,60,semantic
13118,U+67F8,柸,47,,60,semantic
13119,U+67F9,柹,47,,60,semantic
13120,U+67FA,柺,57,,60,semantic
13121,U+67FB,査,7,,60,semantic
13122,U+67FC,柼,0,,60,semantic
13123,U+67FD,柽,41,,60,semantic
13124,U+67FE,柾,48,,60,semantic
13125,U+67FF,柿,38,,60,semantic
13126,U+6800,栀,3,,60,semantic
13127,U+6801,栁,41,,60,semantic
13128,U+6802,栂,41,,60,semantic
13129,U+6803,栃,41,,60,semantic
13130,U+6804,栄,28,,60,semantic
13131,U+6805,栅,9,,60,semantic
13132,U+6806,栆,0,,60,semantic
13133,U+6807,标,41,,60,semantic
13134,U+6808,栈,9,,60,semantic
13135,U+6809,栉,49,,60,semantic
13136,U+680A,栊,46,,60,semantic
13137,U+680B,栋,9,,60,semantic
13138,U+680C,栌,53,,60,semantic
13139,U+680D,栍,37,,60,semantic
13140,U+680E,栎,41,,60,semantic
13141,U+680F,栏,46,,60,semantic
13142,U+6810,栐,0,,60,semantic
13143,U+6811,树,41,,60,semantic
13144,U+6812,栒,9,,60,semantic
13145,U+6813,栓,2,,60,semantic
13146,U+6814,栔,2,,60,semantic
13147,U+6815,栕,0,,60,semantic
13148,U+6816,栖,13,,60,semantic
13149,U+6817,栗,41,,60,semantic
13150,U+6818,栘,41,,60,semantic
13151,U+6819,栙,0,,60,semantic
13152,U+681A,栚,0,,60,semantic
13153,U+681B,栛,3,,60,semantic
13154,U+681C,栜,0,,60,semantic
13155,U+681D,栝,47,,60,semantic
13156,U+681E,栞,47,,60,semantic
13157,U+681F,栟,53,,60,semantic
13158,U+6820,栠,0,,60,semantic
13159,U+6821,校,33,,60,semantic
13160,U+6822,栢,41,,60,semantic
13161,U+6823,栣,0,,60,semantic
13162,U+6824,栤,0,,60,semantic
13163,U+6825,栥,0,,60,semantic
13164,U+6826,栦,0,,60,semantic
13165,U+6827,栧,0,,60,semantic
13166,U+6828,栨,0,,60,semantic
13167,U+6829,栩,41,,60,semantic
13168,U+682A,株,41,,60,semantic
13169,U+682B,栫,9,,60,semantic
13170,U+682C,栬,0,,60,semantic
13171,U+682D,栭,12,,60,semantic
13172,U+682E,栮,0,,60,semantic
13173,U+682F,栯,0,,60,semantic
13174,U+6830,栰,37,,60,semantic
13175,U+6831,栱,2,,60,semantic
13176,U+6832,栲,37,,60,semantic
13177,U+6833,栳,26,,60,semantic
13178,U+6834,栴,53,,60,semantic
13179,U+6835,栵,53,,60,semantic
13180,U+6836,栶,0,,60,semantic
13181,U+6837,样,33,,60,semantic
13182,U+6838,核,48,,60,semantic
13183,U+6839,根,41,,60,semantic
13184,U+683A,栺,0,,60,semantic
13185,U+683B,栻,41,,60,semantic
13186,U+683C,格,33,,60,semantic
13187,U+683D,栽,3,,60,semantic
13188,U+683E,栾,41,,60,semantic
13189,U+683F,栿,2,,60,semantic
13190,U+6840,桀,44,,60,semantic
13191,U+6841,桁,9,,60,semantic
13192,U+6842,桂,53,,60,semantic
13193,U+6843,桃,57,,60,semantic
13194,U+6844,桄,47,,60,semantic
13195,U+6845,桅,55,,60,semantic
13196,U+6846,框,9,,60,semantic
13197,U+6847,桇,0,,60,semantic
13198,U+6848,案,33,,60,semantic
13199,U+6849,桉,41,,60,semantic
13200,U+684A,桊,19,,60,semantic
13201,U+684B,桋,41,,60,semantic
13202,U+684C,桌,33,,60,semantic
13203,U+684D,桍,0,,60,semantic
13204,U+684E,桎,46,,60,semantic
13205,U+684F,桏,0,,60,semantic
13206,U+6850,桐,41,,60,semantic
13207,U+6851,桑,41,,60,semantic
13208,U+6852,桒,0,,60,semantic
13209,U+6853,桓,41,,60,semantic
13210,U+6854,桔,3,,60,semantic
13211,U+6855,桕,41,,60,semantic
13212,U+6856,桖,0,,60,semantic
13213,U+6857,桗,0,,60,semantic
13214,U+6858,桘,0,,60,semantic
13215,U+6859,桙,0,,60,semantic
13216,U+685A,桚,13,,60,semantic
13217,U+685B,桛,53,,60,semantic
13218,U+685C,桜,3,,60,semantic
13219,U+685D,桝,47,,60,semantic
13220,U+685E,桞,0,,60,semantic
13221,U+685F,桟,9,,60,semantic
13222,U+6860,桠,41,,60,semantic
13223,U+6861,桡,51,,60,semantic
13224,U+6862,桢,2,,60,semantic
13225,U+6863,档,27,,60,semantic
13226,U+6864,桤,53,,60,semantic
13227,U+6865,桥,9,,60,semantic
13228,U+6866,桦,41,,60,semantic
13229,U+6867,桧,41,,60,semantic
13230,U+6868,桨,55,,60,semantic
13231,U+6869,桩,33,,60,semantic
13232,U+686A,桪,41,,60,semantic
13233,U+686B,桫,35,,60,semantic
13234,U+686C,桬,41,,60,semantic
13235,U+686D,桭,9,,60,semantic
13236,U+686E,桮,26,,60,semantic
13237,U+686F,桯,47,,60,semantic
13238,U+6870,桰,0,,60,semantic
13239,U+6871,桱,0,,60,semantic
13240,U+6872,桲,53,,60,semantic
13241,U+6873,桳,0,,60,semantic
13242,U+6874,桴,55,,60,semantic
13243,U+6875,桵,41,,60,semantic
13244,U+6876,桶,26,,60,semantic
13245,U+6877,桷,53,,60,semantic
13246,U+6878,桸,0,,60,semantic
13247,U+6879,桹,38,,60,semantic
13248,U+687A,桺,41,,60,semantic
13249,U+687B,桻,0,,60,semantic
13250,U+687C,桼,41,,60,semantic
13251,U+687D,桽,0,,60,semantic
13252,U+687E,桾,0,,60,semantic
13253,U+687F,桿,2,,60,semantic
13254,U+6880,梀,0,,60,semantic
13255,U+6881,梁,10,,60,semantic
13256,U+6882,梂,26,,60,semantic
13257,U+6883,梃,34,,60,semantic
13258,U+6884,梄,41,,60,semantic
13259,U+6885,梅,3,,60,semantic
13260,U+6886,梆,53,,60,semantic
13261,U+6887,梇,0,,60,semantic
13262,U+6888,梈,0,,60,semantic
13263,U+6889,梉,0,,60,semantic
13264,U+688A,梊,52,,60,semantic
13265,U+688B,梋,0,,60,semantic
13266,U+688C,梌,0,,60,semantic
13267,U+688D,梍,41,,60,semantic
13268,U+688E,梎,53,,60,semantic
13269,U+688F,梏,46,,60,semantic
13270,U+6890,梐,9,,60,semantic
13271,U+6891,梑,0,,60,semantic
13272,U+6892,梒,0,,60,semantic
13273,U+6893,梓,38,,60,semantic
13274,U+6894,梔,3,,60,semantic
13275,U+6895,梕,0,,60,semantic
13276,U+6896,梖,41,,60,semantic
13277,U+6897,梗,3,,60,semantic
13278,U+6898,梘,37,,60,semantic
13279,U+6899,梙,0,,60,semantic
13280,U+689A,梚,0,,60,semantic
13281,U+689B,梛,0,,60,semantic
13282,U+689C,梜,46,,60,semantic
13283,U+689D,條,46,,60,semantic
13284,U+689E,梞,0,,60,semantic
13285,U+689F,梟,44,,60,semantic
13286,U+68A0,梠,55,,60,semantic
13287,U+68A1,梡,54,,60,semantic
13288,U+68A2,梢,46,,60,semantic
13289,U+68A3,梣,0,,60,semantic
13290,U+68A4,梤,0,,60,semantic
13291,U+68A5,梥,0,,60,semantic
13292,U+68A6,梦,28,,60,semantic
13293,U+68A7,梧,38,,60,semantic
13294,U+68A8,梨,41,,60,semantic
13295,U+68A9,梩,14,,60,semantic
13296,U+68AA,梪,0,,60,semantic
13297,U+68AB,梫,12,,60,semantic
13298,U+68AC,梬,0,,60,semantic
13299,U+68AD,梭,59,,60,semantic
13300,U+68AE,梮,53,,60,semantic
13301,U+68AF,梯,51,,60,semantic
13302,U+68B0,械,2,,60,semantic
13303,U+68B1,梱,9,,60,semantic
13304,U+68B2,梲,12,,60,semantic
13305,U+68B3,梳,52,,60,semantic
13306,U+68B4,梴,47,,60,semantic
13307,U+68B5,梵,12,,60,semantic
13308,U+68B6,梶,2,,60,semantic
13309,U+68B7,梷,0,,60,semantic
13310,U+68B8,梸,0,,60,semantic
13311,U+68B9,梹,48,,60,semantic
13312,U+68BA,梺,0,,60,semantic
13313,U+68BB,梻,41,,60,semantic
13314,U+68BC,梼,2,,60,semantic
13315,U+68BD,梽,43,,60,semantic
13316,U+68BE,梾,0,,60,semantic
13317,U+68BF,梿,53,,60,semantic
13318,U+68C0,检,7,,60,semantic
13319,U+68C1,棁,2,,60,semantic
13320,U+68C2,棂,27,,60,semantic
13321,U+68C3,棃,41,,60,semantic
13322,U+68C4,棄,5,,60,semantic
13323,U+68C5,棅,13,,60,semantic
13324,U+68C6,棆,41,,60,semantic
13325,U+68C7,棇,0,,60,semantic
13326,U+68C8,棈,0,,60,semantic
13327,U+68C9,棉,11,,60,semantic
13328,U+68CA,棊,14,,60,semantic
13329,U+68CB,棋,14,,60,semantic
13330,U+68CC,棌,0,,60,semantic
13331,U+68CD,棍,2,,60,semantic
13332,U+68CE,棎,0,,60,semantic
13333,U+68CF,棏,0,,60,semantic
13334,U+68D0,棐,19,,60,semantic
13335,U+68D1,棑,55,,60,semantic
13336,U+68D2,棒,1,,60,semantic
13337,U+68D3,棓,1,,60,semantic
13338,U+68D4,棔,0,,60,semantic
13339,U+68D5,棕,41,,60,semantic
13340,U+68D6,棖,9,,60,semantic
13341,U+68D7,棗,41,,60,semantic
13342,U+68D8,棘,41,,60,semantic
13343,U+68D9,棙,51,,60,semantic
13344,U+68DA,棚,9,,60,semantic
13345,U+68DB,棛,0,,60,semantic
13346,U+68DC,棜,54,,60,semantic
13347,U+68DD,棝,0,,60,semantic
13348,U+68DE,棞,0,,60,semantic
13349,U+68DF,棟,9,,60,semantic
13350,U+68E0,棠,41,,60,semantic
13351,U+68E1,棡,41,,60,semantic
13352,U+68E2,棢,59,,60,semantic
13353,U+68E3,棣,38,,60,semantic
13354,U+68E4,棤,0,,60,semantic
13355,U+68E5,棥,9,,60,semantic
13356,U+68E6,棦,0,,60,semantic
13357,U+68E7,棧,9,,60,semantic
13358,U+68E8,棨,47,,60,semantic
13359,U+68E9,棩,0,,60,semantic
13360,U+68EA,棪,41,,60,semantic
13361,U+68EB,棫,3,,60,semantic
13362,U+68EC,棬,26,,60,semantic
13363,U+68ED,棭,0,,60,semantic
13364,U+68EE,森,41,,60,semantic
13365,U+68EF,棯,41,,60,semantic
13366,U+68F0,棰,53,,60,semantic
13367,U+68F1,棱,46,,60,semantic
13368,U+68F2,棲,13,,60,semantic
13369,U+68F3,棳,14,,60,semantic
13370,U+68F4,棴,0,,60,semantic
13371,U+68F5,棵,41,,60,semantic
13372,U+68F6,棶,0,,60,semantic
13373,U+68F7,棷,0,,60,semantic
13374,U+68F8,棸,32,,60,semantic
13375,U+68F9,棹,55,,60,semantic
13376,U+68FA,棺,14,,60,semantic
13377,U+68FB,棻,49,,60,semantic
13378,U+68FC,棼,9,,60,semantic
13379,U+68FD,棽,0,,60,semantic
13380,U+68FE,棾,0,,60,semantic
13381,U+68FF,棿,0,,60,semantic
13382,U+6900,椀,26,,60,semantic
13383,U+6901,椁,14,,60,semantic
13384,U+6902,椂,0,,60,semantic
13385,U+6903,椃,0,,60,semantic
13386,U+6904,椄,52,,60,semantic
13387,U+6905,椅,59,,60,semantic
13388,U+6906,椆,0,,60,semantic
13389,U+6907,椇,41,,60,semantic
13390,U+6908,椈,53,,60,semantic
13391,U+6909,椉,0,,60,semantic
13392,U+690A,椊,46,,60,semantic
13393,U+690B,椋,3,,60,semantic
13394,U+690C,椌,47,,60,semantic
13395,U+690D,植,3,,60,semantic
13396,U+690E,椎,51,,60,semantic
13397,U+690F,椏,41,,60,semantic
13398,U+6910,椐,0,,60,semantic
13399,U+6911,椑,47,,60,semantic
13400,U+6912,椒,38,,60,semantic
13401,U+6913,椓,1,,60,semantic
13402,U+6914,椔,0,,60,semantic
13403,U+6915,椕,0,,60,semantic
13404,U+6916,椖,0,,60,semantic
13405,U+6917,椗,46,,60,semantic
13406,U+6918,椘,0,,60,semantic
13407,U+6919,椙,0,,60,semantic
13408,U+691A,椚,41,,60,semantic
13409,U+691B,椛,41,,60,semantic
13410,U+691C,検,7,,60,semantic
13411,U+691D,椝,47,,60,semantic
13412,U+691E,椞,0,,60,semantic
13413,U+691F,椟,27,,60,semantic
13414,U+6920,椠,53,,60,semantic
13415,U+6921,椡,0,,60,semantic
13416,U+6922,椢,0,,60,semantic
13417,U+6923,椣,0,,60,semantic
13418,U+6924,椤,41,,60,semantic
13419,U+6925,椥,43,,60,semantic
13420,U+6926,椦,0,,60,semantic
13421,U+6927,椧,46,,60,semantic
13422,U+6928,椨,0,,60,semantic
13423,U+6929,椩,0,,60,semantic
13424,U+692A,椪,38,,60,semantic
13425,U+692B,椫,14,,60,semantic
13426,U+692C,椬,0,,60,semantic
13427,U+692D,椭,14,,60,semantic
13428,U+692E,椮,25,,60,semantic
13429,U+692F,椯,0,,60,semantic
13430,U+6930,椰,41,,60,semantic
13431,U+6931,椱,0,,60,semantic
13432,U+6932,椲,2,,60,semantic
13433,U+6933,椳,9,,60,semantic
13434,U+6934,椴,41,,60,semantic
13435,U+6935,椵,49,,60,semantic
13436,U+6936,椶,41,,60,semantic
13437,U+6937,椷,29,,60,semantic
13438,U+6938,椸,46,,60,semantic
13439,U+6939,椹,52,,60,semantic
13440,U+693A,椺,9,,60,semantic
13441,U+693B,椻,0,,60,semantic
13442,U+693C,椼,0,,60,semantic
13443,U+693D,椽,55,,60,semantic
13444,U+693E,椾,0,,60,semantic
13445,U+693F,椿,3,,60,semantic
13446,U+6940,楀,41,,60,semantic
13447,U+6941,楁,0,,60,semantic
13448,U+6942,楂,55,,60,semantic
13449,U+6943,楃,0,,60,semantic
13450,U+6944,楄,53,,60,semantic
13451,U+6945,楅,2,,60,semantic
13452,U+6946,楆,0,,60,semantic
13453,U+6947,楇,0,,60,semantic
13454,U+6948,楈,0,,60,semantic
13455,U+6949,楉,0,,60,semantic
13456,U+694A,楊,41,,60,semantic
13457,U+694B,楋,0,,60,semantic
13458,U+694C,楌,0,,60,semantic
13459,U+694D,楍,0,,60,semantic
13460,U+694E,楎,53,,60,semantic
13461,U+694F,楏,0,,60,semantic
13462,U+6950,楐,0,,60,semantic
13463,U+6951,楑,0,,60,semantic
13464,U+6952,楒,0,,60,semantic
13465,U+6953,楓,41,,60,semantic
13466,U+6954,楔,46,,60,semantic
13467,U+6955,楕,14,,60,semantic
13468,U+6956,楖,0,,60,semantic
13469,U+6957,楗,9,,60,semantic
13470,U+6958,楘,47,,60,semantic
13471,U+6959,楙,3,,60,semantic
13472,U+695A,楚,12,,60,semantic
13473,U+695B,楛,48,,60,semantic
13474,U+695C,楜,0,,60,semantic
13475,U+695D,楝,38,,60,semantic
13476,U+695E,楞,12,,60,semantic
13477,U+695F,楟,41,,60,semantic
13478,U+6960,楠,41,,60,semantic
13479,U+6961,楡,41,,60,semantic
13480,U+6962,楢,53,,60,semantic
13481,U+6963,楣,9,,60,semantic
13482,U+6964,楤,0,,60,semantic
13483,U+6965,楥,51,,60,semantic
13484,U+6966,楦,51,,60,semantic
13485,U+6967,楧,0,,60,semantic
13486,U+6968,楨,2,,60,semantic
13487,U+6969,楩,41,,60,semantic
13488,U+696A,楪,26,,60,semantic
13489,U+696B,楫,55,,60,semantic
13490,U+696C,楬,47,,60,semantic
13491,U+696D,業,33,,60,semantic
13492,U+696E,楮,53,,60,semantic
13493,U+696F,楯,9,,60,semantic
13494,U+6970,楰,41,,60,semantic
13495,U+6971,楱,0,,60,semantic
13496,U+6972,楲,0,,60,semantic
13497,U+6973,楳,3,,60,semantic
13498,U+6974,楴,0,,60,semantic
13499,U+6975,極,18,,60,semantic
13500,U+6976,楶,0,,60,semantic
13501,U+6977,楷,43,,60,semantic
13502,U+6978,楸,38,,60,semantic
13503,U+6979,楹,14,,60,semantic
13504,U+697A,楺,0,,60,semantic
13505,U+697B,楻,0,,60,semantic
13506,U+697C,楼,33,,60,semantic
13507,U+697D,楽,28,,60,semantic
13508,U+697E,楾,0,,60,semantic
13509,U+697F,楿,0,,60,semantic
13510,U+6980,榀,2,,60,semantic
13511,U+6981,榁,0,,60,semantic
13512,U+6982,概,47,,60,semantic
13513,U+6983,榃,31,,60,semantic
13514,U+6984,榄,38,,60,semantic
13515,U+6985,榅,14,,60,semantic
13516,U+6986,榆,41,,60,semantic
13517,U+6987,榇,41,,60,semantic
13518,U+6988,榈,38,,60,semantic
13519,U+6989,榉,41,,60,semantic
13520,U+698A,榊,41,,60,semantic
13521,U+698B,榋,0,,60,semantic
13522,U+698C,榌,41,,60,semantic
13523,U+698D,榍,0,,60,semantic
13524,U+698E,榎,41,,60,semantic
13525,U+698F,榏,0,,60,semantic
13526,U+6990,榐,0,,60,semantic
13527,U+6991,榑,0,,60,semantic
13528,U+6992,榒,0,,60,semantic
13529,U+6993,榓,0,,60,semantic
13530,U+6994,榔,41,,60,semantic
13531,U+6995,榕,41,,60,semantic
13532,U+6996,榖,38,,60,semantic
13533,U+6997,榗,33,,60,semantic
13534,U+6998,榘,2,,60,semantic
13535,U+6999,榙,0,,60,semantic
13536,U+699A,榚,0,,60,semantic
13537,U+699B,榛,3,,60,semantic
13538,U+699C,榜,33,,60,semantic
13539,U+699D,榝,0,,60,semantic
13540,U+699E,榞,0,,60,semantic
13541,U+699F,榟,0,,60,semantic
13542,U+69A0,榠,0,,60,semantic
13543,U+69A1,榡,0,,60,semantic
13544,U+69A2,榢,2,,60,semantic
13545,U+69A3,榣,0,,60,semantic
13546,U+69A4,榤,44,,60,semantic
13547,U+69A5,榥,53,,60,semantic
13548,U+69A6,榦,41,,60,semantic
13549,U+69A7,榧,53,,60,semantic
13550,U+69A8,榨,13,,60,semantic
13551,U+69A9,榩,0,,60,semantic
13552,U+69AA,榪,4,,60,semantic
13553,U+69AB,榫,56,,60,semantic
13554,U+69AC,榬,0,,60,semantic
13555,U+69AD,榭,33,,60,semantic
13556,U+69AE,榮,28,,60,semantic
13557,U+69AF,榯,0,,60,semantic
13558,U+69B0,榰,0,,60,semantic
13559,U+69B1,榱,53,,60,semantic
13560,U+69B2,榲,14,,60,semantic
13561,U+69B3,榳,0,,60,semantic
13562,U+69B4,榴,38,,60,semantic
13563,U+69B5,榵,0,,60,semantic
13564,U+69B6,榶,0,,60,semantic
13565,U+69B7,榷,55,,60,semantic
13566,U+69B8,榸,0,,60,semantic
13567,U+69B9,榹,0,,60,semantic
13568,U+69BA,榺,0,,60,semantic
13569,U+69BB,榻,9,,60,semantic
13570,U+69BC,榼,24,,60,semantic
13571,U+69BD,榽,0,,60,semantic
13572,U+69BE,榾,2,,60,semantic
13573,U+69BF,榿,53,,60,semantic
13574,U+69C0,槀,47,,60,semantic
13575,U+69C1,槁,42,,60,semantic
13576,U+69C2,槂,0,,60,semantic
13577,U+69C3,槃,13,,60,semantic
13578,U+69C4,槄,0,,60,semantic
13579,U+69C5,槅,0,,60,semantic
13580,U+69C6,槆,0,,60,semantic
13581,U+69C7,槇,41,,60,semantic
13582,U+69C8,槈,0,,60,semantic
13583,U+69C9,槉,0,,60,semantic
13584,U+69CA,槊,2,,60,semantic
13585,U+69CB,構,47,,60,semantic
13586,U+69CC,槌,1,,60,semantic
13587,U+69CD,槍,2,,60,semantic
13588,U+69CE,槎,55,,60,semantic
13589,U+69CF,槏,0,,60,semantic
13590,U+69D0,槐,41,,60,semantic
13591,U+69D1,槑,3,,60,semantic
13592,U+69D2,槒,0,,60,semantic
13593,U+69D3,槓,46,,60,semantic
13594,U+69D4,槔,23,,60,semantic
13595,U+69D5,槕,47,,60,semantic
13596,U+69D6,槖,52,,60,semantic
13597,U+69D7,槗,0,,60,semantic
13598,U+69D8,様,33,,60,semantic
13599,U+69D9,槙,41,,60,semantic
13600,U+69DA,槚,41,,60,semantic
13601,U+69DB,槛,9,,60,semantic
13602,U+69DC,槜,53,,60,semantic
13603,U+69DD,槝,0,,60,semantic
13604,U+69DE,槞,0,,60,semantic
13605,U+69DF,槟,48,,60,semantic
13606,U+69E0,槠,41,,60,semantic
13607,U+69E1,槡,0,,60,semantic
13608,U+69E2,槢,2,,60,semantic
13609,U+69E3,槣,0,,60,semantic
13610,U+69E4,槤,38,,60,semantic
13611,U+69E5,槥,14,,60,semantic
13612,U+69E6,槦,0,,60,semantic
13613,U+69E7,槧,53,,60,semantic
13614,U+69E8,槨,14,,60,semantic
13615,U+69E9,槩,47,,60,semantic
13616,U+69EA,槪,47,,60,semantic
13617,U+69EB,槫,0,,60,semantic
13618,U+69EC,槬,0,,60,semantic
13619,U+69ED,槭,41,,60,semantic
13620,U+69EE,槮,25,,60,semantic
13621,U+69EF,槯,0,,60,semantic
13622,U+69F0,槰,0,,60,semantic
13623,U+69F1,槱,39,,60,semantic
13624,U+69F2,槲,41,,60,semantic
13625,U+69F3,槳,55,,60,semantic
13626,U+69F4,槴,0,,60,semantic
13627,U+69F5,槵,0,,60,semantic
13628,U+69F6,槶,0,,60,semantic
13629,U+69F7,槷,0,,60,semantic
13630,U+69F8,槸,0,,60,semantic
13631,U+69F9,槹,53,,60,semantic
13632,U+69FA,槺,53,,60,semantic
13633,U+69FB,槻,41,,60,semantic
13634,U+69FC,槼,47,,60,semantic
13635,U+69FD,槽,26,,60,semantic
13636,U+69FE,槾,14,,60,semantic
13637,U+69FF,槿,38,,60,semantic
13638,U+6A00,樀,0,,60,semantic
13639,U+6A01,樁,33,,60,semantic
13640,U+6A02,樂,28,,60,semantic
13641,U+6A03,樃,0,,60,semantic
13642,U+6A04,樄,0,,60,semantic
13643,U+6A05,樅,41,,60,semantic
13644,U+6A06,樆,0,,60,semantic
13645,U+6A07,樇,0,,60,semantic
13646,U+6A08,樈,0,,60,semantic
13647,U+6A09,樉,0,,60,semantic
13648,U+6A0A,樊,9,,60,semantic
13649,U+6A0B,樋,41,,60,semantic
13650,U+6A0C,樌,0,,60,semantic
13651,U+6A0D,樍,0,,60,semantic
13652,U+6A0E,樎,0,,60,semantic
13653,U+6A0F,樏,59,,60,semantic
13654,U+6A10,樐,2,,60,semantic
13655,U+6A11,樑,46,,60,semantic
13656,U+6A12,樒,41,,60,semantic
13657,U+6A13,樓,33,,60,semantic
13658,U+6A14,樔,0,,60,semantic
13659,U+6A15,樕,3,,60,semantic
13660,U+6A16,樖,41,,60,semantic
13661,U+6A17,樗,41,,60,semantic
13662,U+6A18,樘,9,,60,semantic
13663,U+6A19,標,33,,60,semantic
13664,U+6A1A,樚,59,,60,semantic
13665,U+6A1B,樛,51,,60,semantic
13666,U+6A1C,樜,0,,60,semantic
13667,U+6A1D,樝,53,,60,semantic
13668,U+6A1E,樞,9,,60,semantic
13669,U+6A1F,樟,41,,60,semantic
13670,U+6A20,樠,41,,60,semantic
13671,U+6A21,模,33,,60,semantic
13672,U+6A22,樢,47,,60,semantic
13673,U+6A23,樣,47,,60,semantic
13674,U+6A24,樤,0,,60,semantic
13675,U+6A25,樥,0,,60,semantic
13676,U+6A26,樦,0,,60,semantic
13677,U+6A27,樧,0,,60,semantic
13678,U+6A28,樨,54,,60,semantic
13679,U+6A29,権,33,,60,semantic
13680,U+6A2A,横,33,,60,semantic
13681,U+6A2B,樫,41,,60,semantic
13682,U+6A2C,樬,0,,60,semantic
13683,U+6A2D,樭,0,,60,semantic
13684,U+6A2E,樮,0,,60,semantic
13685,U+6A2F,樯,46,,60,semantic
13686,U+6A30,樰,0,,60,semantic
13687,U+6A31,樱,3,,60,semantic
13688,U+6A32,樲,53,,60,semantic
13689,U+6A33,樳,41,,60,semantic
13690,U+6A34,樴,0,,60,semantic
13691,U+6A35,樵,41,,60,semantic
13692,U+6A36,樶,2,,60,semantic
13693,U+6A37,樷,41,,60,semantic
13694,U+6A38,樸,45,,60,semantic
13695,U+6A39,樹,41,,60,semantic
13696,U+6A3A,樺,41,,60,semantic
13697,U+6A3B,樻,27,,60,semantic
13698,U+6A3C,樼,0,,60,semantic
13699,U+6A3D,樽,26,,60,semantic
13700,U+6A3E,樾,41,,60,semantic
13701,U+6A3F,樿,14,,60,semantic
13702,U+6A40,橀,0,,60,semantic
13703,U+6A41,橁,41,,60,semantic
13704,U+6A42,橂,0,,60,semantic
13705,U+6A43,橃,0,,60,semantic
13706,U+6A44,橄,38,,60,semantic
13707,U+6A45,橅,41,,60,semantic
13708,U+6A46,橆,34,,60,semantic
13709,U+6A47,橇,59,,60,semantic
13710,U+6A48,橈,51,,60,semantic
13711,U+6A49,橉,0,,60,semantic
13712,U+6A4A,橊,6,,60,semantic
13713,U+6A4B,橋,9,,60,semantic
13714,U+6A4C,橌,0,,60,semantic
13715,U+6A4D,橍,0,,60,semantic
13716,U+6A4E,橎,0,,60,semantic
13717,U+6A4F,橏,0,,60,semantic
13718,U+6A50,橐,27,,60,semantic
13719,U+6A51,橑,0,,60,semantic
13720,U+6A52,橒,41,,60,semantic
13721,U+6A53,橓,53,,60,semantic
13722,U+6A54,橔,27,,60,semantic
13723,U+6A55,橕,55,,60,semantic
13724,U+6A56,橖,0,,60,semantic
13725,U+6A57,橗,0,,60,semantic
13726,U+6A58,橘,50,,60,semantic
13727,U+6A59,橙,50,,60,semantic
13728,U+6A5A,橚,41,,60,semantic
13729,U+6A5B,橛,2,,60,semantic
13730,U+6A5C,橜,2,,60,semantic
13731,U+6A5D,橝,0,,60,semantic
13732,U+6A5E,橞,0,,60,semantic
13733,U+6A5F,機,47,,60,semantic
13734,U+6A60,橠,0,,60,semantic
13735,U+6A61,橡,41,,60,semantic
13736,U+6A62,橢,14,,60,semantic
13737,U+6A63,橣,0,,60,semantic
13738,U+6A64,橤,47,,60,semantic
13739,U+6A65,橥,2,,60,semantic
13740,U+6A66,橦,41,,60,semantic
13741,U+6A67,橧,9,,60,semantic
13742,U+6A68,橨,0,,60,semantic
13743,U+6A69,橩,0,,60,semantic
13744,U+6A6A,橪,0,,60,semantic
13745,U+6A6B,橫,51,,60,semantic
13746,U+6A6C,橬,0,,60,semantic
13747,U+6A6D,橭,0,,60,semantic
13748,U+6A6E,橮,0,,60,semantic
13749,U+6A6F,橯,0,,60,semantic
13750,U+6A70,橰,53,,60,semantic
13751,U+6A71,橱,9,,60,semantic
13752,U+6A72,橲,0,,60,semantic
13753,U+6A73,橳,0,,60,semantic
13754,U+6A74,橴,32,,60,semantic
13755,U+6A75,橵,9,,60,semantic
13756,U+6A76,橶,0,,60,semantic
13757,U+6A77,橷,0,,60,semantic
13758,U+6A78,橸,0,,60,semantic
13759,U+6A79,橹,53,,60,semantic
13760,U+6A7A,橺,47,,60,semantic
13761,U+6A7B,橻,0,,60,semantic
13762,U+6A7C,橼,50,,60,semantic
13763,U+6A7D,橽,0,,60,semantic
13764,U+6A7E,橾,59,,60,semantic
13765,U+6A7F,橿,41,,60,semantic
13766,U+6A80,檀,41,,60,semantic
13767,U+6A81,檁,9,,60,semantic
13768,U+6A82,檂,0,,60,semantic
13769,U+6A83,檃,0,,60,semantic
13770,U+6A84,檄,13,,60,semantic
13771,U+6A85,檅,0,,60,semantic
13772,U+6A86,檆,0,,60,semantic
13773,U+6A87,檇,2,,60,semantic
13774,U+6A88,檈,0,,60,semantic
13775,U+6A89,檉,41,,60,semantic
13776,U+6A8A,檊,0,,60,semantic
13777,U+6A8B,檋,0,,60,semantic
13778,U+6A8C,檌,0,,60,semantic
13779,U+6A8D,檍,53,,60,semantic
13780,U+6A8E,檎,41,,60,semantic
13781,U+6A8F,檏,0,,60,semantic
13782,U+6A90,檐,9,,60,semantic
13783,U+6A91,檑,41,,60,semantic
13784,U+6A92,檒,0,,60,semantic
13785,U+6A93,檓,0,,60,semantic
13786,U+6A94,檔,27,,60,semantic
13787,U+6A95,檕,0,,60,semantic
13788,U+6A96,檖,41,,60,semantic
13789,U+6A97,檗,41,,60,semantic
13790,U+6A98,檘,0,,60,semantic
13791,U+6A99,檙,0,,60,semantic
13792,U+6A9A,檚,0,,60,semantic
13793,U+6A9B,檛,53,,60,semantic
13794,U+6A9C,檜,41,,60,semantic
13795,U+6A9D,檝,53,,60,semantic
13796,U+6A9E,檞,41,,60,semantic
13797,U+6A9F,檟,41,,60,semantic
13798,U+6AA0,檠,2,,60,semantic
13799,U+6AA1,檡,0,,60,semantic
13800,U+6AA2,檢,7,,60,semantic
13801,U+6AA3,檣,46,,60,semantic
13802,U+6AA4,檤,0,,60,semantic
13803,U+6AA5,檥,55,,60,semantic
13804,U+6AA6,檦,0,,60,semantic
13805,U+6AA7,檧,0,,60,semantic
13806,U+6AA8,檨,3,,60,semantic
13807,U+6AA9,檩,9,,60,semantic
13808,U+6AAA,檪,41,,60,semantic
13809,U+6AAB,檫,53,,60,semantic
13810,U+6AAC,檬,38,,60,semantic
13811,U+6AAD,檭,0,,60,semantic
13812,U+6AAE,檮,2,,60,semantic
13813,U+6AAF,檯,26,,60,semantic
13814,U+6AB0,檰,0,,60,semantic
13815,U+6AB1,檱,0,,60,semantic
13816,U+6AB2,檲,0,,60,semantic
13817,U+6AB3,檳,48,,60,semantic
13818,U+6AB4,檴,41,,60,semantic
13819,U+6AB5,檵,3,,60,semantic
13820,U+6AB6,檶,0,,60,semantic
13821,U+6AB7,檷,0,,60,semantic
13822,U+6AB8,檸,50,,60,semantic
13823,U+6AB9,檹,0,,60,semantic
13824,U+6ABA,檺,0,,60,semantic
13825,U+6ABB,檻,9,,60,semantic
13826,U+6ABC,檼,2,,60,semantic
13827,U+6ABD,檽,0,,60,semantic
13828,U+6ABE,檾,3,,60,semantic
13829,U+6ABF,檿,53,,60,semantic
13830,U+6AC0,櫀,0,,60,semantic
13831,U+6AC1,櫁,0,,60,semantic
13832,U+6AC2,櫂,55,,60,semantic
13833,U+6AC3,櫃,27,,60,semantic
13834,U+6AC4,櫄,0,,60,semantic
13835,U+6AC5,櫅,41,,60,semantic
13836,U+6AC6,櫆,50,,60,semantic
13837,U+6AC7,櫇,0,,60,semantic
13838,U+6AC8,櫈,59,,60,semantic
13839,U+6AC9,櫉,0,,60,semantic
13840,U+6ACA,櫊,0,,60,semantic
13841,U+6ACB,櫋,0,,60,semantic
13842,U+6ACC,櫌,53,,60,semantic
13843,U+6ACD,櫍,0,,60,semantic
13844,U+6ACE,櫎,0,,60,semantic
13845,U+6ACF,櫏,0,,60,semantic
13846,U+6AD0,櫐,0,,60,semantic
13847,U+6AD1,櫑,0,,60,semantic
13848,U+6AD2,櫒,0,,60,semantic
13849,U+6AD3,櫓,53,,60,semantic
13850,U+6AD4,櫔,0,,60,semantic
13851,U+6AD5,櫕,0,,60,semantic
13852,U+6AD6,櫖,0,,60,semantic
13853,U+6AD7,櫗,0,,60,semantic
13854,U+6AD8,櫘,0,,60,semantic
13855,U+6AD9,櫙,0,,60,semantic
13856,U+6ADA,櫚,38,,60,semantic
13857,U+6ADB,櫛,5,,60,semantic
13858,U+6ADC,櫜,46,,60,semantic
13859,U+6ADD,櫝,27,,60,semantic
13860,U+6ADE,櫞,50,,60,semantic
13861,U+6ADF,櫟,41,,60,semantic
13862,U+6AE0,櫠,0,,60,semantic
13863,U+6AE1,櫡,0,,60,semantic
13864,U+6AE2,櫢,0,,60,semantic
13865,U+6AE3,櫣,0,,60,semantic
13866,U+6AE4,櫤,0,,60,semantic
13867,U+6AE5,櫥,9,,60,semantic
13868,U+6AE6,櫦,0,,60,semantic
13869,U+6AE7,櫧,41,,60,semantic
13870,U+6AE8,櫨,53,,60,semantic
13871,U+6AE9,櫩,0,,60,semantic
13872,U+6AEA,櫪,41,,60,semantic
13873,U+6AEB,櫫,2,,60,semantic
13874,U+6AEC,櫬,41,,60,semantic
13875,U+6AED,櫭,0,,60,semantic
13876,U+6AEE,櫮,0,,60,semantic
13877,U+6AEF,櫯,0,,60,semantic
13878,U+6AF0,櫰,0,,60,semantic
13879,U+6AF1,櫱,51,,60,semantic
13880,U+6AF2,櫲,0,,60,semantic
13881,U+6AF3,櫳,46,,60,semantic
13882,U+6AF4,櫴,0,,60,semantic
13883,U+6AF5,櫵,0,,60,semantic
13884,U+6AF6,櫶,53,,60,semantic
13885,U+6AF7,櫷,0,,60,semantic
13886,U+6AF8,櫸,41,,60,semantic
13887,U+6AF9,櫹,0,,60,semantic
13888,U+6AFA,櫺,27,,60,semantic
13889,U+6AFB,櫻,3,,60,semantic
13890,U+6AFC,櫼,51,,60,semantic
13891,U+6AFD,櫽,2,,60,semantic
13892,U+6AFE,櫾,38,,60,semantic
13893,U+6AFF,櫿,0,,60,semantic
13894,U+6B00,欀,0,,60,semantic
13895,U+6B01,欁,0,,60,semantic
13896,U+6B02,欂,0,,60,semantic
13897,U+6B03,欃,14,,60,semantic
13898,U+6B04,欄,46,,60,semantic
13899,U+6B05,欅,57,,60,semantic
13900,U+6B06,欆,0,,60,semantic
13901,U+6B07,欇,0,,60,semantic
13902,U+6B08,欈,0,,60,semantic
13903,U+6B09,欉,0,,60,semantic
13904,U+6B0A,權,12,,60,semantic
13905,U+6B0B,欋,20,,60,semantic
13906,U+6B0C,欌,0,,60,semantic
13907,U+6B0D,欍,0,,60,semantic
13908,U+6B0E,欎,0,,60,semantic
13909,U+6B0F,欏,35,,60,semantic
13910,U+6B10,欐,2,,60,semantic
13911,U+6B11,欑,47,,60,semantic
13912,U+6B12,欒,41,,60,semantic
13913,U+6B13,欓,9,,60,semantic
13914,U+6B14,欔,0,,60,semantic
13915,U+6B15,欕,41,,60,semantic
13916,U+6B16,欖,38,,60,semantic
13917,U+6B17,欗,0,,60,semantic
13918,U+6B18,欘,0,,60,semantic
13919,U+6B19,欙,59,,60,semantic
13920,U+6B1A,欚,0,,60,semantic
13921,U+6B1B,欛,13,,60,semantic
13922,U+6B1C,欜,0,,60,semantic
13923,U+6B1D,欝,18,,60,semantic
13924,U+6B1E,欞,9,,60,semantic
13925,U+6B1F,欟,0,,60,semantic
13926,U+6B20,欠,30,,60,semantic
13927,U+6B21,次,33,,60,semantic
13928,U+6B22,欢,28,,60,semantic
13929,U+6B23,欣,28,,60,semantic
13930,U+6B24,欤,36,,60,semantic
13931,U+6B25,欥,0,,60,semantic
13932,U+6B26,欦,0,,60,semantic
13933,U+6B27,欧,32,,60,semantic
13934,U+6B28,欨,28,,60,semantic
13935,U+6B29,欩,0,,60,semantic
13936,U+6B2A,欪,0,,60,semantic
13937,U+6B2B,欫,0,,60,semantic
13938,U+6B2C,欬,8,,60,semantic
13939,U+6B2D,欭,0,,60,semantic
13940,U+6B2E,欮,13,,60,semantic
13941,U+6B2F,欯,0,,60,semantic
13942,U+6B30,欰,0,,60,semantic
13943,U+6B31,欱,24,,60,semantic
13944,U+6B32,欲,20,,60,semantic
13945,U+6B33,欳,0,,60,semantic
13946,U+6B34,欴,0,,60,semantic
13947,U+6B35,欵,42,,60,semantic
13948,U+6B36,欶,42,,60,semantic
13949,U+6B37,欷,15,,60,semantic
13950,U+6B38,欸,8,,60,semantic
13951,U+6B39,欹,19,,60,semantic
13952,U+6B3A,欺,42,,60,semantic
13953,U+6B3B,欻,36,,60,semantic
13954,U+6B3C,欼,24,,60,semantic
13955,U+6B3D,欽,28,,60,semantic
13956,U+6B3E,款,29,,60,semantic
13957,U+6B3F,欿,15,,60,semantic
13958,U+6B40,歀,47,,60,semantic
13959,U+6B41,歁,0,,60,semantic
13960,U+6B42,歂,0,,60,semantic
13961,U+6B43,歃,42,,60,semantic
13962,U+6B44,歄,0,,60,semantic
13963,U+6B45,歅,0,,60,semantic
13964,U+6B46,歆,28,,60,semantic
13965,U+6B47,歇,9,,60,semantic
13966,U+6B48,歈,47,,60,semantic
13967,U+6B49,歉,45,,60,semantic
13968,U+6B4A,歊,8,,60,semantic
13969,U+6B4B,歋,0,,60,semantic
13970,U+6B4C,歌,8,,60,semantic
13971,U+6B4D,歍,0,,60,semantic
13972,U+6B4E,歎,28,,60,semantic
13973,U+6B4F,歏,0,,60,semantic
13974,U+6B50,歐,32,,60,semantic
13975,U+6B51,歑,0,,60,semantic
13976,U+6B52,歒,0,,60,semantic
13977,U+6B53,歓,28,,60,semantic
13978,U+6B54,歔,8,,60,semantic
13979,U+6B55,歕,5,,60,semantic
13980,U+6B56,歖,0,,60,semantic
13981,U+6B57,歗,8,,60,semantic
13982,U+6B58,歘,47,,60,semantic
13983,U+6B59,歙,43,,60,semantic
13984,U+6B5A,歚,12,,60,semantic
13985,U+6B5B,歛,13,,60,semantic
13986,U+6B5C,歜,15,,60,semantic
13987,U+6B5D,歝,0,,60,semantic
13988,U+6B5E,歞,0,,60,semantic
13989,U+6B5F,歟,36,,60,semantic
13990,U+6B60,歠,24,,60,semantic
13991,U+6B61,歡,28,,60,semantic
13992,U+6B62,止,5,,60,semantic
13993,U+6B63,正,47,,60,semantic
13994,U+6B64,此,33,,60,semantic
13995,U+6B65,步,31,,60,semantic
13996,U+6B66,武,1,,60,semantic
13997,U+6B67,歧,59,,60,semantic
13998,U+6B68,歨,0,,60,semantic
13999,U+6B69,歩,31,,60,semantic
14000,U+6B6A,歪,51,,60,semantic
14001,U+6B6B,歫,0,,60,semantic
14002,U+6B6C,歬,0,,60,semantic
14003,U+6B6D,歭,0,,60,semantic
14004,U+6B6E,歮,0,,60,semantic
14005,U+6B6F,歯,30,,60,semantic
14006,U+6B70,歰,20,,60,semantic
14007,U+6B71,歱,20,,60,semantic
14008,U+6B72,歲,57,,60,semantic
14009,U+6B73,歳,57,,60,semantic
14010,U+6B74,歴,20,,60,semantic
14011,U+6B75,歵,0,,60,semantic
14012,U+6B76,歶,0,,60,semantic
14013,U+6B77,歷,33,,60,semantic
14014,U+6B78,歸,20,,60,semantic
14015,U+6B79,歹,42,,60,semantic
14016,U+6B7A,歺,42,,60,semantic
14017,U+6B7B,死,5,,60,semantic
14018,U+6B7C,歼,5,,60,semantic
14019,U+6B7D,歽,0,,60,semantic
14020,U+6B7E,歾,23,,60,semantic
14021,U+6B7F,歿,5,,60,semantic
14022,U+6B80,殀,34,,60,semantic
14023,U+6B81,殁,5,,60,semantic
14024,U+6B82,殂,5,,60,semantic
14025,U+6B83,殃,15,,60,semantic
14026,U+6B84,殄,5,,60,semantic
14027,U+6B85,殅,0,,60,semantic
14028,U+6B86,殆,36,,60,semantic
14029,U+6B87,殇,15,,60,semantic
14030,U+6B88,殈,47,,60,semantic
14031,U+6B89,殉,33,,60,semantic
14032,U+6B8A,殊,53,,60,semantic
14033,U+6B8B,残,5,,60,semantic
14034,U+6B8C,殌,0,,60,semantic
14035,U+6B8D,殍,20,,60,semantic
14036,U+6B8E,殎,0,,60,semantic
14037,U+6B8F,殏,0,,60,semantic
14038,U+6B90,殐,0,,60,semantic
14039,U+6B91,殑,53,,60,semantic
14040,U+6B92,殒,5,,60,semantic
14041,U+6B93,殓,27,,60,semantic
14042,U+6B94,殔,0,,60,semantic
14043,U+6B95,殕,0,,60,semantic
14044,U+6B96,殖,33,,60,semantic
14045,U+6B97,殗,56,,60,semantic
14046,U+6B98,殘,5,,60,semantic
14047,U+6B99,殙,56,,60,semantic
14048,U+6B9A,殚,18,,60,semantic
14049,U+6B9B,殛,20,,60,semantic
14050,U+6B9C,殜,47,,60,semantic
14051,U+6B9D,殝,0,,60,semantic
14052,U+6B9E,殞,5,,60,semantic
14053,U+6B9F,殟,0,,60,semantic
14054,U+6BA0,殠,0,,60,semantic
14055,U+6BA1,殡,56,,60,semantic
14056,U+6BA2,殢,18,,60,semantic
14057,U+6BA3,殣,5,,60,semantic
14058,U+6BA4,殤,15,,60,semantic
14059,U+6BA5,殥,34,,60,semantic
14060,U+6BA6,殦,0,,60,semantic
14061,U+6BA7,殧,0,,60,semantic
14062,U+6BA8,殨,56,,60,semantic
14063,U+6BA9,殩,0,,60,semantic
14064,U+6BAA,殪,5,,60,semantic
14065,U+6BAB,殫,18,,60,semantic
14066,U+6BAC,殬,0,,60,semantic
14067,U+6BAD,殭,56,,60,semantic
14068,U+6BAE,殮,27,,60,semantic
14069,U+6BAF,殯,56,,60,semantic
14070,U+6BB0,殰,57,,60,semantic
14071,U+6BB1,殱,5,,60,semantic
14072,U+6BB2,殲,5,,60,semantic
14073,U+6BB3,殳,2,,60,semantic
14074,U+6BB4,殴,1,,60,semantic
14075,U+6BB5,段,47,,60,semantic
14076,U+6BB6,殶,0,,60,semantic
14077,U+6BB7,殷,28,,60,semantic
14078,U+6BB8,殸,53,,60,semantic
14079,U+6BB9,殹,8,,60,semantic
14080,U+6BBA,殺,5,,60,semantic
14081,U+6BBB,殻,52,,60,semantic
14082,U+6BBC,殼,52,,60,semantic
14083,U+6BBD,殽,54,,60,semantic
14084,U+6BBE,殾,0,,60,semantic
14085,U+6BBF,殿,12,,60,semantic
14086,U+6BC0,毀,42,,60,semantic
14087,U+6BC1,毁,5,,60,semantic
14088,U+6BC2,毂,59,,60,semantic
14089,U+6BC3,毃,0,,60,semantic
14090,U+6BC4,毄,0,,60,semantic
14091,U+6BC5,毅,33,,60,semantic
14092,U+6BC6,毆,1,,60,semantic
14093,U+6BC7,毇,0,,60,semantic
14094,U+6BC8,毈,56,,60,semantic
14095,U+6BC9,毉,56,,60,semantic
14096,U+6BCA,毊,0,,60,semantic
14097,U+6BCB,毋,34,,60,semantic
14098,U+6BCE,毎,47,,60,semantic
14099,U+6BCF,每,47,,60,semantic
14100,U+6BD0,毐,42,,60,semantic
14101,U+6BD1,毑,57,,60,semantic
14102,U+6BD2,毒,42,,60,semantic
14103,U+6BD3,毓,20,,60,semantic
14104,U+6BD4,比,47,,60,semantic
14105,U+6BD5,毕,5,,60,semantic
14106,U+6BD6,毖,20,,60,semantic
14107,U+6BD7,毗,20,,60,semantic
14108,U+6BD8,毘,33,,60,semantic
14109,U+6BD9,毙,5,,60,semantic
14110,U+6BDA,毚,42,,60,semantic
14111,U+6BDB,毛,4,,60,semantic
14112,U+6BDC,毜,0,,60,semantic
14113,U+6BDD,毝,0,,60,semantic
14114,U+6BDE,毞,0,,60,semantic
14115,U+6BDF,毟,52,,60,semantic
14116,U+6BE0,毠,0,,60,semantic
14117,U+6BE1,毡,27,,60,semantic
14118,U+6BE2,毢,0,,60,semantic
14119,U+6BE3,毣,0,,60,semantic
14120,U+6BE4,毤,0,,60,semantic
14121,U+6BE5,毥,0,,60,semantic
14122,U+6BE6,毦,0,,60,semantic
14123,U+6BE7,毧,4,,60,semantic
14124,U+6BE8,毨,20,,60,semantic
14125,U+6BE9,毩,2,,60,semantic
14126,U+6BEA,毪,12,,60,semantic
14127,U+6BEB,毫,4,,60,semantic
14128,U+6BEC,毬,14,,60,semantic
14129,U+6BED,毭,0,,60,semantic
14130,U+6BEE,毮,4,,60,semantic
14131,U+6BEF,毯,27,,60,semantic
14132,U+6BF0,毰,0,,60,semantic
14133,U+6BF1,毱,0,,60,semantic
14134,U+6BF2,毲,0,,60,semantic
14135,U+6BF3,毳,4,,60,semantic
14136,U+6BF4,毴,0,,60,semantic
14137,U+6BF5,毵,4,,60,semantic
14138,U+6BF6,毶,0,,60,semantic
14139,U+6BF7,毷,36,,60,semantic
14140,U+6BF8,毸,0,,60,semantic
14141,U+6BF9,毹,11,,60,semantic
14142,U+6BFA,毺,0,,60,semantic
14143,U+6BFB,毻,19,,60,semantic
14144,U+6BFC,毼,0,,60,semantic
14145,U+6BFD,毽,58,,60,semantic
14146,U+6BFE,毾,2,,60,semantic
14147,U+6BFF,毿,4,,60,semantic
14148,U+6C00,氀,0,,60,semantic
14149,U+6C01,氁,0,,60,semantic
14150,U+6C02,氂,4,,60,semantic
14151,U+6C03,氃,0,,60,semantic
14152,U+6C04,氄,5,,60,semantic
14153,U+6C05,氅,27,,60,semantic
14154,U+6C06,氆,53,,60,semantic
14155,U+6C07,氇,53,,60,semantic
14156,U+6C08,氈,27,,60,semantic
14157,U+6C09,氉,36,,60,semantic
14158,U+6C0A,氊,27,,60,semantic
14159,U+6C0B,氋,0,,60,semantic
14160,U+6C0C,氌,53,,60,semantic
14161,U+6C0D,氍,11,,60,semantic
14162,U+6C0E,氎,11,,60,semantic
14163,U+6C0F,氏,57,,60,semantic
14164,U+6C10,氐,12,,60,semantic
14165,U+6C12,氒,0,,60,semantic
14166,U+6C13,氓,12,,60,semantic
14167,U+6C14,气,30,,60,semantic
14168,U+6C15,氕,6,,60,semantic
14169,U+6C16,氖,50,,60,semantic
14170,U+6C17,気,39,,60,semantic
14171,U+6C18,氘,6,,60,semantic
14172,U+6C19,氙,6,,60,semantic
14173,U+6C1A,氚,6,,60,semantic
14174,U+6C1B,氛,39,,60,semantic
14175,U+6C1C,氜,50,,60,semantic
14176,U+6C1D,氝,50,,60,semantic
14177,U+6C1E,氞,0,,60,semantic
14178,U+6C1F,氟,6,,60,semantic
14179,U+6C20,氠,0,,60,semantic
14180,U+6C21,氡,6,,60,semantic
14181,U+6C22,氢,6,,60,semantic
14182,U+6C23,氣,39,,60,semantic
14183,U+6C24,氤,16,,60,semantic
14184,U+6C25,氥,6,,60,semantic
14185,U+6C26,氦,6,,60,semantic
14186,U+6C27,氧,6,,60,semantic
14187,U+6C28,氨,6,,60,semantic
14188,U+6C29,氩,6,,60,semantic
14189,U+6C2A,氪,6,,60,semantic
14190,U+6C2B,氫,6,,60,semantic
14191,U+6C2C,氬,6,,60,semantic
14192,U+6C2D,氭,6,,60,semantic
14193,U+6C2E,氮,6,,60,semantic
14194,U+6C2F,氯,6,,60,semantic
14195,U+6C30,氰,6,,60,semantic
14196,U+6C31,氱,0,,60,semantic
14197,U+6C32,氲,28,,60,semantic
14198,U+6C33,氳,28,,60,semantic
14199,U+6C34,水,23,,60,semantic
14200,U+6C35,氵,23,,60,semantic
14201,U+6C36,氶,43,,60,semantic
14202,U+6C37,氷,49,,60,semantic
14203,U+6C39,氹,23,,60,semantic
14204,U+6C3A,氺,0,,60,semantic
14205,U+6C3B,氻,0,,60,semantic
14206,U+6C3C,氼,23,,60,semantic
14207,U+6C3D,氽,23,,60,semantic
14208,U+6C3E,氾,23,,60,semantic
14209,U+6C3F,氿,16,,60,semantic
14210,U+6C40,汀,25,,60,semantic
14211,U+6C41,汁,24,,60,semantic
14212,U+6C42,求,33,,60,semantic
14213,U+6C43,汃,0,,60,semantic
14214,U+6C44,汄,0,,60,semantic
14215,U+6C45,汅,0,,60,semantic
14216,U+6C46,汆,23,,60,semantic
14217,U+6C47,汇,9,,60,semantic
14218,U+6C48,汈,10,,60,semantic
14219,U+6C49,汉,43,,60,semantic
14220,U+6C4A,汊,10,,60,semantic
14221,U+6C4B,汋,23,,60,semantic
14222,U+6C4C,汌,0,,60,semantic
14223,U+6C4D,汍,15,,60,semantic
14224,U+6C4E,汎,5,,60,semantic
14225,U+6C4F,汏,0,,60,semantic
14226,U+6C50,汐,16,,60,semantic
14227,U+6C51,汑,0,,60,semantic
14228,U+6C52,汒,0,,60,semantic
14229,U+6C53,汓,0,,60,semantic
14230,U+6C54,汔,34,,60,semantic
14231,U+6C55,汕,37,,60,semantic
14232,U+6C56,汖,0,,60,semantic
14233,U+6C57,汗,49,,60,semantic
14234,U+6C58,汘,0,,60,semantic
14235,U+6C59,汙,49,,60,semantic
14236,U+6C5A,汚,49,,60,semantic
14237,U+6C5B,汛,10,,60,semantic
14238,U+6C5C,汜,10,,60,semantic
14239,U+6C5D,汝,57,,60,semantic
14240,U+6C5E,汞,6,,60,semantic
14241,U+6C5F,江,43,,60,semantic
14242,U+6C60,池,10,,60,semantic
14243,U+6C61,污,49,,60,semantic
14244,U+6C62,汢,0,,60,semantic
14245,U+6C63,汣,0,,60,semantic
14246,U+6C64,汤,26,,60,semantic
14247,U+6C65,汥,0,,60,semantic
14248,U+6C66,汦,0,,60,semantic
14249,U+6C67,汧,10,,60,semantic
14250,U+6C68,汨,43,,60,semantic
14251,U+6C69,汩,31,,60,semantic
14252,U+6C6A,汪,18,,60,semantic
14253,U+6C6B,汫,10,,60,semantic
14254,U+6C6C,汬,0,,60,semantic
14255,U+6C6D,汭,23,,60,semantic
14256,U+6C6E,汮,0,,60,semantic
14257,U+6C6F,汯,0,,60,semantic
14258,U+6C70,汰,5,,60,semantic
14259,U+6C71,汱,0,,60,semantic
14260,U+6C72,汲,10,,60,semantic
14261,U+6C73,汳,0,,60,semantic
14262,U+6C74,汴,10,,60,semantic
14263,U+6C75,汵,0,,60,semantic
14264,U+6C76,汶,43,,60,semantic
14265,U+6C77,汷,0,,60,semantic
14266,U+6C78,汸,0,,60,semantic
14267,U+6C79,汹,36,,60,semantic
14268,U+6C7A,決,33,,60,semantic
14269,U+6C7B,汻,0,,60,semantic
14270,U+6C7C,汼,0,,60,semantic
14271,U+6C7D,汽,39,,60,semantic
14272,U+6C7E,汾,43,,60,semantic
14273,U+6C7F,汿,0,,60,semantic
14274,U+6C80,沀,0,,60,semantic
14275,U+6C81,沁,23,,60,semantic
14276,U+6C82,沂,43,,60,semantic
14277,U+6C83,沃,23,,60,semantic
14278,U+6C84,沄,53,,60,semantic
14279,U+6C85,沅,43,,60,semantic
14280,U+6C86,沆,55,,60,semantic
14281,U+6C87,沇,23,,60,semantic
14282,U+6C88,沈,49,,60,semantic
14283,U+6C89,沉,23,,60,semantic
14284,U+6C8A,沊,47,,60,semantic
14285,U+6C8B,沋,0,,60,semantic
14286,U+6C8C,沌,36,,60,semantic
14287,U+6C8D,沍,5,,60,semantic
14288,U+6C8E,沎,0,,60,semantic
14289,U+6C8F,沏,33,,60,semantic
14290,U+6C90,沐,49,,60,semantic
14291,U+6C91,沑,0,,60,semantic
14292,U+6C92,沒,5,,60,semantic
14293,U+6C93,沓,46,,60,semantic
14294,U+6C94,沔,23,,60,semantic
14295,U+6C95,沕,34,,60,semantic
14296,U+6C96,沖,23,,60,semantic
14297,U+6C97,沗,0,,60,semantic
14298,U+6C98,沘,10,,60,semantic
14299,U+6C99,沙,14,,60,semantic
14300,U+6C9A,沚,26,,60,semantic
14301,U+6C9B,沛,18,,60,semantic
14302,U+6C9C,沜,0,,60,semantic
14303,U+6C9D,沝,0,,60,semantic
14304,U+6C9E,沞,0,,60,semantic
14305,U+6C9F,沟,10,,60,semantic
14306,U+6CA0,沠,0,,60,semantic
14307,U+6CA1,没,5,,60,semantic
14308,U+6CA2,沢,10,,60,semantic
14309,U+6CA3,沣,43,,60,semantic
14310,U+6CA4,沤,23,,60,semantic
14311,U+6CA5,沥,23,,60,semantic
14312,U+6CA6,沦,23,,60,semantic
14313,U+6CA7,沧,50,,60,semantic
14314,U+6CA8,沨,8,,60,semantic
14315,U+6CA9,沩,43,,60,semantic
14316,U+6CAA,沪,43,,60,semantic
14317,U+6CAB,沫,49,,60,semantic
14318,U+6CAC,沬,43,,60,semantic
14319,U+6CAD,沭,10,,60,semantic
14320,U+6CAE,沮,5,,60,semantic
14321,U+6CAF,沯,0,,60,semantic
14322,U+6CB0,沰,5,,60,semantic
14323,U+6CB1,沱,10,,60,semantic
14324,U+6CB2,沲,47,,60,semantic
14325,U+6CB3,河,10,,60,semantic
14326,U+6CB4,沴,42,,60,semantic
14327,U+6CB5,沵,0,,60,semantic
14328,U+6CB6,沶,0,,60,semantic
14329,U+6CB7,沷,5,,60,semantic
14330,U+6CB8,沸,23,,60,semantic
14331,U+6CB9,油,49,,60,semantic
14332,U+6CBA,沺,16,,60,semantic
14333,U+6CBB,治,33,,60,semantic
14334,U+6CBC,沼,10,,60,semantic
14335,U+6CBD,沽,29,,60,semantic
14336,U+6CBE,沾,23,,60,semantic
14337,U+6CBF,沿,31,,60,semantic
14338,U+6CC0,泀,0,,60,semantic
14339,U+6CC1,況,47,,60,semantic
14340,U+6CC2,泂,23,,60,semantic
14341,U+6CC3,泃,10,,60,semantic
14342,U+6CC4,泄,23,,60,semantic
14343,U+6CC5,泅,10,,60,semantic
14344,U+6CC6,泆,5,,60,semantic
14345,U+6CC7,泇,0,,60,semantic
14346,U+6CC8,泈,0,,60,semantic
14347,U+6CC9,泉,29,,60,semantic
14348,U+6CCA,泊,55,,60,semantic
14349,U+6CCB,泋,0,,60,semantic
14350,U+6CCC,泌,5,,60,semantic
14351,U+6CCD,泍,0,,60,semantic
14352,U+6CCE,泎,0,,60,semantic
14353,U+6CCF,泏,0,,60,semantic
14354,U+6CD0,泐,14,,60,semantic
14355,U+6CD1,泑,49,,60,semantic
14356,U+6CD2,泒,10,,60,semantic
14357,U+6CD3,泓,23,,60,semantic
14358,U+6CD4,泔,21,,60,semantic
14359,U+6CD5,法,33,,60,semantic
14360,U+6CD6,泖,10,,60,semantic
14361,U+6CD7,泗,49,,60,semantic
14362,U+6CD8,泘,0,,60,semantic
14363,U+6CD9,泙,8,,60,semantic
14364,U+6CDA,泚,50,,60,semantic
14365,U+6CDB,泛,5,,60,semantic
14366,U+6CDC,泜,10,,60,semantic
14367,U+6CDD,泝,10,,60,semantic
14368,U+6CDE,泞,49,,60,semantic
14369,U+6CDF,泟,0,,60,semantic
14370,U+6CE0,泠,28,,60,semantic
14371,U+6CE1,泡,49,,60,semantic
14372,U+6CE2,波,5,,60,semantic
14373,U+6CE3,泣,15,,60,semantic
14374,U+6CE4,泤,0,,60,semantic
14375,U+6CE5,泥,49,,60,semantic
14376,U+6CE6,泦,0,,60,semantic
14377,U+6CE7,泧,0,,60,semantic
14378,U+6CE8,注,33,,60,semantic
14379,U+6CE9,泩,0,,60,semantic
14380,U+6CEA,泪,15,,60,semantic
14381,U+6CEB,泫,15,,60,semantic
14382,U+6CEC,泬,0,,60,semantic
14383,U+6CED,泭,55,,60,semantic
14384,U+6CEE,泮,43,,60,semantic
14385,U+6CEF,泯,5,,60,semantic
14386,U+6CF0,泰,18,,60,semantic
14387,U+6CF1,泱,18,,60,semantic
14388,U+6CF2,泲,24,,60,semantic
14389,U+6CF3,泳,23,,60,semantic
14390,U+6CF4,泴,0,,60,semantic
14391,U+6CF5,泵,23,,60,semantic
14392,U+6CF6,泶,0,,60,semantic
14393,U+6CF7,泷,43,,60,semantic
14394,U+6CF8,泸,43,,60,semantic
14395,U+6CF9,泹,0,,60,semantic
14396,U+6CFA,泺,43,,60,semantic
14397,U+6CFB,泻,23,,60,semantic
14398,U+6CFC,泼,23,,60,semantic
14399,U+6CFD,泽,10,,60,semantic
14400,U+6CFE,泾,10,,60,semantic
14401,U+6CFF,泿,0,,60,semantic
14402,U+6D00,洀,0,,60,semantic
14403,U+6D01,洁,49,,60,semantic
14404,U+6D02,洂,0,,60,semantic
14405,U+6D03,洃,0,,60,semantic
14406,U+6D04,洄,10,,60,semantic
14407,U+6D05,洅,0,,60,semantic
14408,U+6D06,洆,0,,60,semantic
14409,U+6D07,洇,47,,60,semantic
14410,U+6D08,洈,0,,60,semantic
14411,U+6D09,洉,0,,60,semantic
14412,U+6D0A,洊,23,,60,semantic
14413,U+6D0B,洋,55,,60,semantic
14414,U+6D0C,洌,47,,60,semantic
14415,U+6D0D,洍,0,,60,semantic
14416,U+6D0E,洎,54,,60,semantic
14417,U+6D0F,洏,15,,60,semantic
14418,U+6D10,洐,0,,60,semantic
14419,U+6D11,洑,53,,60,semantic
14420,U+6D12,洒,23,,60,semantic
14421,U+6D13,洓,0,,60,semantic
14422,U+6D14,洔,0,,60,semantic
14423,U+6D15,洕,0,,60,semantic
14424,U+6D16,洖,0,,60,semantic
14425,U+6D17,洗,49,,60,semantic
14426,U+6D18,洘,0,,60,semantic
14427,U+6D19,洙,43,,60,semantic
14428,U+6D1A,洚,23,,60,semantic
14429,U+6D1B,洛,43,,60,semantic
14430,U+6D1C,洜,0,,60,semantic
14431,U+6D1D,洝,0,,60,semantic
14432,U+6D1E,洞,14,,60,semantic
14433,U+6D1F,洟,17,,60,semantic
14434,U+6D20,洠,0,,60,semantic
14435,U+6D21,洡,0,,60,semantic
14436,U+6D22,洢,0,,60,semantic
14437,U+6D23,洣,43,,60,semantic
14438,U+6D24,洤,23,,60,semantic
14439,U+6D25,津,59,,60,semantic
14440,U+6D26,洦,0,,60,semantic
14441,U+6D27,洧,10,,60,semantic
14442,U+6D28,洨,10,,60,semantic
14443,U+6D29,洩,23,,60,semantic
14444,U+6D2A,洪,18,,60,semantic
14445,U+6D2B,洫,23,,60,semantic
14446,U+6D2C,洬,0,,60,semantic
14447,U+6D2D,洭,43,,60,semantic
14448,U+6D2E,洮,10,,60,semantic
14449,U+6D2F,洯,0,,60,semantic
14450,U+6D30,洰,0,,60,semantic
14451,U+6D31,洱,43,,60,semantic
14452,U+6D32,洲,12,,60,semantic
14453,U+6D33,洳,10,,60,semantic
14454,U+6D34,洴,8,,60,semantic
14455,U+6D35,洵,42,,60,semantic
14456,U+6D36,洶,23,,60,semantic
14457,U+6D37,洷,0,,60,semantic
14458,U+6D38,洸,50,,60,semantic
14459,U+6D39,洹,10,,60,semantic
14460,U+6D3A,洺,10,,60,semantic
14461,U+6D3B,活,28,,60,semantic
14462,U+6D3C,洼,14,,60,semantic
14463,U+6D3D,洽,23,,60,semantic
14464,U+6D3E,派,33,,60,semantic
14465,U+6D3F,洿,23,,60,semantic
14466,U+6D40,浀,0,,60,semantic
14467,U+6D41,流,23,,60,semantic
14468,U+6D42,浂,0,,60,semantic
14469,U+6D43,浃,23,,60,semantic
14470,U+6D44,浄,49,,60,semantic
14471,U+6D45,浅,45,,60,semantic
14472,U+6D46,浆,23,,60,semantic
14473,U+6D47,浇,23,,60,semantic
14474,U+6D48,浈,43,,60,semantic
14475,U+6D49,浉,10,,60,semantic
14476,U+6D4A,浊,49,,60,semantic
14477,U+6D4B,测,47,,60,semantic
14478,U+6D4C,浌,0,,60,semantic
14479,U+6D4D,浍,10,,60,semantic
14480,U+6D4E,济,29,,60,semantic
14481,U+6D4F,浏,8,,60,semantic
14482,U+6D50,浐,10,,60,semantic
14483,U+6D51,浑,49,,60,semantic
14484,U+6D52,浒,10,,60,semantic
14485,U+6D53,浓,18,,60,semantic
14486,U+6D54,浔,10,,60,semantic
14487,U+6D55,浕,10,,60,semantic
14488,U+6D56,浖,47,,60,semantic
14489,U+6D57,浗,0,,60,semantic
14490,U+6D58,浘,0,,60,semantic
14491,U+6D59,浙,43,,60,semantic
14492,U+6D5A,浚,53,,60,semantic
14493,U+6D5B,浛,43,,60,semantic
14494,U+6D5C,浜,10,,60,semantic
14495,U+6D5D,浝,0,,60,semantic
14496,U+6D5E,浞,23,,60,semantic
14497,U+6D5F,浟,0,,60,semantic
14498,U+6D60,浠,10,,60,semantic
14499,U+6D61,浡,31,,60,semantic
14500,U+6D62,浢,0,,60,semantic
14501,U+6D63,浣,23,,60,semantic
14502,U+6D64,浤,23,,60,semantic
14503,U+6D65,浥,23,,60,semantic
14504,U+6D66,浦,10,,60,semantic
14505,U+6D67,浧,0,,60,semantic
14506,U+6D68,浨,0,,60,semantic
14507,U+6D69,浩,18,,60,semantic
14508,U+6D6A,浪,42,,60,semantic
14509,U+6D6B,浫,0,,60,semantic
14510,U+6D6C,浬,55,,60,semantic
14511,U+6D6D,浭,10,,60,semantic
14512,U+6D6E,浮,13,,60,semantic
14513,U+6D6F,浯,43,,60,semantic
14514,U+6D70,浰,0,,60,semantic
14515,U+6D71,浱,0,,60,semantic
14516,U+6D72,浲,0,,60,semantic
14517,U+6D73,浳,0,,60,semantic
14518,U+6D74,浴,49,,60,semantic
14519,U+6D75,浵,0,,60,semantic
14520,U+6D76,浶,0,,60,semantic
14521,U+6D77,海,55,,60,semantic
14522,U+6D78,浸,23,,60,semantic
14523,U+6D79,浹,23,,60,semantic
14524,U+6D7A,浺,0,,60,semantic
14525,U+6D7B,浻,0,,60,semantic
14526,U+6D7C,浼,20,,60,semantic
14527,U+6D7D,浽,0,,60,semantic
14528,U+6D7E,浾,0,,60,semantic
14529,U+6D7F,浿,0,,60,semantic
14530,U+6D80,涀,0,,60,semantic
14531,U+6D81,涁,0,,60,semantic
14532,U+6D82,涂,10,,60,semantic
14533,U+6D83,涃,0,,60,semantic
14534,U+6D84,涄,0,,60,semantic
14535,U+6D85,涅,49,,60,semantic
14536,U+6D86,涆,0,,60,semantic
14537,U+6D87,涇,10,,60,semantic
14538,U+6D88,消,5,,60,semantic
14539,U+6D89,涉,10,,60,semantic
14540,U+6D8A,涊,14,,60,semantic
14541,U+6D8B,涋,0,,60,semantic
14542,U+6D8C,涌,16,,60,semantic
14543,U+6D8D,涍,0,,60,semantic
14544,U+6D8E,涎,17,,60,semantic
14545,U+6D8F,涏,0,,60,semantic
14546,U+6D90,涐,0,,60,semantic
14547,U+6D91,涑,10,,60,semantic
14548,U+6D92,涒,53,,60,semantic
14549,U+6D93,涓,10,,60,semantic
14550,U+6D94,涔,10,,60,semantic
14551,U+6D95,涕,17,,60,semantic
14552,U+6D96,涖,10,,60,semantic
14553,U+6D97,涗,0,,60,semantic
14554,U+6D98,涘,10,,60,semantic
14555,U+6D99,涙,15,,60,semantic
14556,U+6D9A,涚,0,,60,semantic
14557,U+6D9B,涛,16,,60,semantic
14558,U+6D9C,涜,14,,60,semantic
14559,U+6D9D,涝,23,,60,semantic
14560,U+6D9E,涞,10,,60,semantic
14561,U+6D9F,涟,23,,60,semantic
14562,U+6DA0,涠,23,,60,semantic
14563,U+6DA1,涡,16,,60,semantic
14564,U+6DA2,涢,10,,60,semantic
14565,U+6DA3,涣,49,,60,semantic
14566,U+6DA4,涤,49,,60,semantic
14567,U+6DA5,涥,0,,60,semantic
14568,U+6DA6,润,49,,60,semantic
14569,U+6DA7,涧,10,,60,semantic
14570,U+6DA8,涨,29,,60,semantic
14571,U+6DA9,涩,45,,60,semantic
14572,U+6DAA,涪,43,,60,semantic
14573,U+6DAB,涫,0,,60,semantic
14574,U+6DAC,涬,10,,60,semantic
14575,U+6DAD,涭,0,,60,semantic
14576,U+6DAE,涮,23,,60,semantic
14577,U+6DAF,涯,10,,60,semantic
14578,U+6DB0,涰,0,,60,semantic
14579,U+6DB1,涱,0,,60,semantic
14580,U+6DB2,液,23,,60,semantic
14581,U+6DB3,涳,0,,60,semantic
14582,U+6DB4,涴,53,,60,semantic
14583,U+6DB5,涵,23,,60,semantic
14584,U+6DB6,涶,17,,60,semantic
14585,U+6DB7,涷,23,,60,semantic
14586,U+6DB8,涸,45,,60,semantic
14587,U+6DB9,涹,0,,60,semantic
14588,U+6DBA,涺,0,,60,semantic
14589,U+6DBB,涻,0,,60,semantic
14590,U+6DBC,涼,36,,60,semantic
14591,U+6DBD,涽,0,,60,semantic
14592,U+6DBE,涾,0,,60,semantic
14593,U+6DBF,涿,23,,60,semantic
14594,U+6DC0,淀,10,,60,semantic
14595,U+6DC1,淁,0,,60,semantic
14596,U+6DC2,淂,0,,60,semantic
14597,U+6DC3,淃,0,,60,semantic
14598,U+6DC4,淄,43,,60,semantic
14599,U+6DC5,淅,21,,60,semantic
14600,U+6DC6,淆,42,,60,semantic
14601,U+6DC7,淇,10,,60,semantic
14602,U+6DC8,淈,0,,60,semantic
14603,U+6DC9,淉,0,,60,semantic
14604,U+6DCA,淊,0,,60,semantic
14605,U+6DCB,淋,23,,60,semantic
14606,U+6DCC,淌,23,,60,semantic
14607,U+6DCD,淍,0,,60,semantic
14608,U+6DCE,淎,0,,60,semantic
14609,U+6DCF,淏,0,,60,semantic
14610,U+6DD0,淐,0,,60,semantic
14611,U+6DD1,淑,28,,60,semantic
14612,U+6DD2,淒,15,,60,semantic
14613,U+6DD3,淓,0,,60,semantic
14614,U+6DD4,淔,0,,60,semantic
14615,U+6DD5,淕,0,,60,semantic
14616,U+6DD6,淖,49,,60,semantic
14617,U+6DD7,淗,0,,60,semantic
14618,U+6DD8,淘,23,,60,semantic
14619,U+6DD9,淙,23,,60,semantic
14620,U+6DDA,淚,15,,60,semantic
14621,U+6DDB,淛,0,,60,semantic
14622,U+6DDC,淜,16,,60,semantic
14623,U+6DDD,淝,43,,60,semantic
14624,U+6DDE,淞,43,,60,semantic
14625,U+6DDF,淟,49,,60,semantic
14626,U+6DE0,淠,10,,60,semantic
14627,U+6DE1,淡,45,,60,semantic
14628,U+6DE2,淢,14,,60,semantic
14629,U+6DE3,淣,0,,60,semantic
14630,U+6DE4,淤,49,,60,semantic
14631,U+6DE5,淥,52,,60,semantic
14632,U+6DE6,淦,10,,60,semantic
14633,U+6DE7,淧,0,,60,semantic
14634,U+6DE8,淨,34,,60,semantic
14635,U+6DE9,淩,31,,60,semantic
14636,U+6DEA,淪,23,,60,semantic
14637,U+6DEB,淫,42,,60,semantic
14638,U+6DEC,淬,49,,60,semantic
14639,U+6DED,淭,0,,60,semantic
14640,U+6DEE,淮,10,,60,semantic
14641,U+6DEF,淯,10,,60,semantic
14642,U+6DF0,淰,23,,60,semantic
14643,U+6DF1,深,18,,60,semantic
14644,U+6DF2,淲,0,,60,semantic
14645,U+6DF3,淳,45,,60,semantic
14646,U+6DF4,淴,23,,60,semantic
14647,U+6DF5,淵,10,,60,semantic
14648,U+6DF6,淶,10,,60,semantic
14649,U+6DF7,混,52,,60,semantic
14650,U+6DF8,淸,49,,60,semantic
14651,U+6DF9,淹,23,,60,semantic
14652,U+6DFA,淺,45,,60,semantic
14653,U+6DFB,添,47,,60,semantic
14654,U+6DFC,淼,10,,60,semantic
14655,U+6DFD,淽,0,,60,semantic
14656,U+6DFE,淾,0,,60,semantic
14657,U+6DFF,淿,0,,60,semantic
14658,U+6E00,渀,0,,60,semantic
14659,U+6E01,渁,0,,60,semantic
14660,U+6E02,渂,0,,60,semantic
14661,U+6E03,渃,33,,60,semantic
14662,U+6E04,渄,0,,60,semantic
14663,U+6E05,清,28,,60,semantic
14664,U+6E06,渆,0,,60,semantic
14665,U+6E07,渇,24,,60,semantic
14666,U+6E08,済,29,,60,semantic
14667,U+6E09,渉,23,,60,semantic
14668,U+6E0A,渊,16,,60,semantic
14669,U+6E0B,渋,45,,60,semantic
14670,U+6E0C,渌,52,,60,semantic
14671,U+6E0D,渍,49,,60,semantic
14672,U+6E0E,渎,14,,60,semantic
14673,U+6E0F,渏,0,,60,semantic
14674,U+6E10,渐,34,,60,semantic
14675,U+6E11,渑,43,,60,semantic
14676,U+6E12,渒,0,,60,semantic
14677,U+6E13,渓,10,,60,semantic
14678,U+6E14,渔,25,,60,semantic
14679,U+6E15,渕,16,,60,semantic
14680,U+6E16,渖,23,,60,semantic
14681,U+6E17,渗,5,,60,semantic
14682,U+6E18,渘,0,,60,semantic
14683,U+6E19,渙,6,,60,semantic
14684,U+6E1A,渚,14,,60,semantic
14685,U+6E1B,減,5,,60,semantic
14686,U+6E1C,渜,0,,60,semantic
14687,U+6E1D,渝,43,,60,semantic
14688,U+6E1E,渞,0,,60,semantic
14689,U+6E1F,渟,23,,60,semantic
14690,U+6E20,渠,10,,60,semantic
14691,U+6E21,渡,55,,60,semantic
14692,U+6E22,渢,8,,60,semantic
14693,U+6E23,渣,49,,60,semantic
14694,U+6E24,渤,23,,60,semantic
14695,U+6E25,渥,49,,60,semantic
14696,U+6E26,渦,16,,60,semantic
14697,U+6E27,渧,23,,60,semantic
14698,U+6E28,渨,14,,60,semantic
14699,U+6E29,温,36,,60,semantic
14700,U+6E2A,渪,0,,60,semantic
14701,U+6E2B,渫,23,,60,semantic
14702,U+6E2C,測,33,,60,semantic
14703,U+6E2D,渭,43,,60,semantic
14704,U+6E2E,渮,43,,60,semantic
14705,U+6E2F,港,55,,60,semantic
14706,U+6E30,渰,16,,60,semantic
14707,U+6E31,渱,0,,60,semantic
14708,U+6E32,渲,50,,60,semantic
14709,U+6E33,渳,0,,60,semantic
14710,U+6E34,渴,41,,60,semantic
14711,U+6E35,渵,0,,60,semantic
14712,U+6E36,渶,0,,60,semantic
14713,U+6E37,渷,0,,60,semantic
14714,U+6E38,游,31,,60,semantic
14715,U+6E39,渹,8,,60,semantic
14716,U+6E3A,渺,18,,60,semantic
14717,U+6E3B,渻,0,,60,semantic
14718,U+6E3C,渼,16,,60,semantic
14719,U+6E3D,渽,0,,60,semantic
14720,U+6E3E,渾,49,,60,semantic
14721,U+6E3F,渿,0,,60,semantic
14722,U+6E40,湀,0,,60,semantic
14723,U+6E41,湁,0,,60,semantic
14724,U+6E42,湂,0,,60,semantic
14725,U+6E43,湃,16,,60,semantic
14726,U+6E44,湄,10,,60,semantic
14727,U+6E45,湅,11,,60,semantic
14728,U+6E46,湆,45,,60,semantic
14729,U+6E47,湇,0,,60,semantic
14730,U+6E48,湈,0,,60,semantic
14731,U+6E49,湉,23,,60,semantic
14732,U+6E4A,湊,47,,60,semantic
14733,U+6E4B,湋,43,,60,semantic
14734,U+6E4C,湌,54,,60,semantic
14735,U+6E4D,湍,10,,60,semantic
14736,U+6E4E,湎,24,,60,semantic
14737,U+6E4F,湏,49,,60,semantic
14738,U+6E50,湐,0,,60,semantic
14739,U+6E51,湑,10,,60,semantic
14740,U+6E52,湒,0,,60,semantic
14741,U+6E53,湓,43,,60,semantic
14742,U+6E54,湔,49,,60,semantic
14743,U+6E55,湕,0,,60,semantic
14744,U+6E56,湖,10,,60,semantic
14745,U+6E57,湗,0,,60,semantic
14746,U+6E58,湘,43,,60,semantic
14747,U+6E59,湙,0,,60,semantic
14748,U+6E5A,湚,0,,60,semantic
14749,U+6E5B,湛,34,,60,semantic
14750,U+6E5C,湜,34,,60,semantic
14751,U+6E5D,湝,23,,60,semantic
14752,U+6E5E,湞,43,,60,semantic
14753,U+6E5F,湟,43,,60,semantic
14754,U+6E60,湠,0,,60,semantic
14755,U+6E61,湡,0,,60,semantic
14756,U+6E62,湢,49,,60,semantic
14757,U+6E63,湣,15,,60,semantic
14758,U+6E64,湤,0,,60,semantic
14759,U+6E65,湥,0,,60,semantic
14760,U+6E66,湦,0,,60,semantic
14761,U+6E67,湧,18,,60,semantic
14762,U+6E68,湨,10,,60,semantic
14763,U+6E69,湩,49,,60,semantic
14764,U+6E6A,湪,0,,60,semantic
14765,U+6E6B,湫,10,,60,semantic
14766,U+6E6C,湬,0,,60,semantic
14767,U+6E6D,湭,0,,60,semantic
14768,U+6E6E,湮,52,,60,semantic
14769,U+6E6F,湯,26,,60,semantic
14770,U+6E70,湰,0,,60,semantic
14771,U+6E71,湱,23,,60,semantic
14772,U+6E72,湲,23,,60,semantic
14773,U+6E73,湳,57,,60,semantic
14774,U+6E74,湴,49,,60,semantic
14775,U+6E75,湵,0,,60,semantic
14776,U+6E76,湶,0,,60,semantic
14777,U+6E77,湷,0,,60,semantic
14778,U+6E78,湸,0,,60,semantic
14779,U+6E79,湹,0,,60,semantic
14780,U+6E7A,湺,0,,60,semantic
14781,U+6E7B,湻,34,,60,semantic
14782,U+6E7C,湼,49,,60,semantic
14783,U+6E7D,湽,0,,60,semantic
14784,U+6E7E,湾,10,,60,semantic
14785,U+6E7F,湿,23,,60,semantic
14786,U+6E80,満,28,,60,semantic
14787,U+6E81,溁,10,,60,semantic
14788,U+6E82,溂,0,,60,semantic
14789,U+6E83,溃,10,,60,semantic
14790,U+6E84,溄,0,,60,semantic
14791,U+6E85,溅,23,,60,semantic
14792,U+6E86,溆,10,,60,semantic
14793,U+6E87,溇,10,,60,semantic
14794,U+6E88,溈,43,,60,semantic
14795,U+6E89,溉,23,,60,semantic
14796,U+6E8A,溊,0,,60,semantic
14797,U+6E8B,溋,0,,60,semantic
14798,U+6E8C,溌,23,,60,semantic
14799,U+6E8D,溍,23,,60,semantic
14800,U+6E8E,溎,10,,60,semantic
14801,U+6E8F,溏,23,,60,semantic
14802,U+6E90,源,32,,60,semantic
14803,U+6E91,溑,0,,60,semantic
14804,U+6E92,溒,0,,60,semantic
14805,U+6E93,溓,21,,60,semantic
14806,U+6E94,溔,0,,60,semantic
14807,U+6E95,溕,0,,60,semantic
14808,U+6E96,準,47,,60,semantic
14809,U+6E97,溗,0,,60,semantic
14810,U+6E98,溘,36,,60,semantic
14811,U+6E99,溙,0,,60,semantic
14812,U+6E9A,溚,23,,60,semantic
14813,U+6E9B,溛,0,,60,semantic
14814,U+6E9C,溜,51,,60,semantic
14815,U+6E9D,溝,10,,60,semantic
14816,U+6E9E,溞,0,,60,semantic
14817,U+6E9F,溟,16,,60,semantic
14818,U+6EA0,溠,10,,60,semantic
14819,U+6EA1,溡,0,,60,semantic
14820,U+6EA2,溢,23,,60,semantic
14821,U+6EA3,溣,0,,60,semantic
14822,U+6EA4,溤,0,,60,semantic
14823,U+6EA5,溥,18,,60,semantic
14824,U+6EA6,溦,49,,60,semantic
14825,U+6EA7,溧,43,,60,semantic
14826,U+6EA8,溨,0,,60,semantic
14827,U+6EA9,溩,0,,60,semantic
14828,U+6EAA,溪,10,,60,semantic
14829,U+6EAB,溫,45,,60,semantic
14830,U+6EAC,溬,0,,60,semantic
14831,U+6EAD,溭,0,,60,semantic
14832,U+6EAE,溮,10,,60,semantic
14833,U+6EAF,溯,31,,60,semantic
14834,U+6EB0,溰,0,,60,semantic
14835,U+6EB1,溱,10,,60,semantic
14836,U+6EB2,溲,49,,60,semantic
14837,U+6EB3,溳,10,,60,semantic
14838,U+6EB4,溴,6,,60,semantic
14839,U+6EB5,溵,43,,60,semantic
14840,U+6EB6,溶,23,,60,semantic
14841,U+6EB7,溷,49,,60,semantic
14842,U+6EB8,溸,0,,60,semantic
14843,U+6EB9,溹,0,,60,semantic
14844,U+6EBA,溺,23,,60,semantic
14845,U+6EBB,溻,23,,60,semantic
14846,U+6EBC,溼,23,,60,semantic
14847,U+6EBD,溽,49,,60,semantic
14848,U+6EBE,溾,0,,60,semantic
14849,U+6EBF,溿,0,,60,semantic
14850,U+6EC0,滀,10,,60,semantic
14851,U+6EC1,滁,43,,60,semantic
14852,U+6EC2,滂,23,,60,semantic
14853,U+6EC3,滃,23,,60,semantic
14854,U+6EC4,滄,50,,60,semantic
14855,U+6EC5,滅,5,,60,semantic
14856,U+6EC6,滆,43,,60,semantic
14857,U+6EC7,滇,43,,60,semantic
14858,U+6EC8,滈,10,,60,semantic
14859,U+6EC9,滉,34,,60,semantic
14860,U+6ECA,滊,10,,60,semantic
14861,U+6ECB,滋,33,,60,semantic
14862,U+6ECC,滌,49,,60,semantic
14863,U+6ECD,滍,43,,60,semantic
14864,U+6ECE,滎,43,,60,semantic
14865,U+6ECF,滏,10,,60,semantic
14866,U+6ED0,滐,18,,60,semantic
14867,U+6ED1,滑,51,,60,semantic
14868,U+6ED2,滒,0,,60,semantic
14869,U+6ED3,滓,10,,60,semantic
14870,U+6ED4,滔,23,,60,semantic
14871,U+6ED5,滕,43,,60,semantic
14872,U+6ED6,滖,0,,60,semantic
14873,U+6ED7,滗,23,,60,semantic
14874,U+6ED8,滘,10,,60,semantic
14875,U+6ED9,滙,23,,60,semantic
14876,U+6EDA,滚,51,,60,semantic
14877,U+6EDB,滛,0,,60,semantic
14878,U+6EDC,滜,0,,60,semantic
14879,U+6EDD,滝,43,,60,semantic
14880,U+6EDE,滞,13,,60,semantic
14881,U+6EDF,滟,23,,60,semantic
14882,U+6EE0,滠,10,,60,semantic
14883,U+6EE1,满,49,,60,semantic
14884,U+6EE2,滢,23,,60,semantic
14885,U+6EE3,滣,0,,60,semantic
14886,U+6EE4,滤,52,,60,semantic
14887,U+6EE5,滥,23,,60,semantic
14888,U+6EE6,滦,10,,60,semantic
14889,U+6EE7,滧,0,,60,semantic
14890,U+6EE8,滨,10,,60,semantic
14891,U+6EE9,滩,10,,60,semantic
14892,U+6EEA,滪,43,,60,semantic
14893,U+6EEB,滫,21,,60,semantic
14894,U+6EEC,滬,43,,60,semantic
14895,U+6EED,滭,0,,60,semantic
14896,U+6EEE,滮,23,,60,semantic
14897,U+6EEF,滯,5,,60,semantic
14898,U+6EF0,滰,0,,60,semantic
14899,U+6EF1,滱,0,,60,semantic
14900,U+6EF2,滲,5,,60,semantic
14901,U+6EF3,滳,0,,60,semantic
14902,U+6EF4,滴,23,,60,semantic
14903,U+6EF5,滵,0,,60,semantic
14904,U+6EF6,滶,0,,60,semantic
14905,U+6EF7,滷,54,,60,semantic
14906,U+6EF8,滸,10,,60,semantic
14907,U+6EF9,滹,39,,60,semantic
14908,U+6EFA,滺,23,,60,semantic
14909,U+6EFB,滻,10,,60,semantic
14910,U+6EFC,滼,0,,60,semantic
14911,U+6EFD,滽,23,,60,semantic
14912,U+6EFE,滾,51,,60,semantic
14913,U+6EFF,滿,49,,60,semantic
14914,U+6F00,漀,0,,60,semantic
14915,U+6F01,漁,13,,60,semantic
14916,U+6F02,漂,5,,60,semantic
14917,U+6F03,漃,0,,60,semantic
14918,U+6F04,漄,0,,60,semantic
14919,U+6F05,漅,0,,60,semantic
14920,U+6F06,漆,26,,60,semantic
14921,U+6F07,漇,49,,60,semantic
14922,U+6F08,漈,10,,60,semantic
14923,U+6F09,漉,23,,60,semantic
14924,U+6F0A,漊,10,,60,semantic
14925,U+6F0B,漋,0,,60,semantic
14926,U+6F0C,漌,0,,60,semantic
14927,U+6F0D,漍,10,,60,semantic
14928,U+6F0E,漎,10,,60,semantic
14929,U+6F0F,漏,23,,60,semantic
14930,U+6F10,漐,0,,60,semantic
14931,U+6F11,漑,23,,60,semantic
14932,U+6F12,漒,0,,60,semantic
14933,U+6F13,漓,10,,60,semantic
14934,U+6F14,演,13,,60,semantic
14935,U+6F15,漕,10,,60,semantic
14936,U+6F16,漖,10,,60,semantic
14937,U+6F17,漗,0,,60,semantic
14938,U+6F18,漘,47,,60,semantic
14939,U+6F19,漙,53,,60,semantic
14940,U+6F1A,漚,23,,60,semantic
14941,U+6F1B,漛,0,,60,semantic
14942,U+6F1C,漜,0,,60,semantic
14943,U+6F1D,漝,0,,60,semantic
14944,U+6F1E,漞,0,,60,semantic
14945,U+6F1F,漟,0,,60,semantic
14946,U+6F20,漠,49,,60,semantic
14947,U+6F21,漡,0,,60,semantic
14948,U+6F22,漢,43,,60,semantic
14949,U+6F23,漣,23,,60,semantic
14950,U+6F24,漤,25,,60,semantic
14951,U+6F25,漥,23,,60,semantic
14952,U+6F26,漦,17,,60,semantic
14953,U+6F27,漧,0,,60,semantic
14954,U+6F28,漨,0,,60,semantic
14955,U+6F29,漩,16,,60,semantic
14956,U+6F2A,漪,23,,60,semantic
14957,U+6F2B,漫,23,,60,semantic
14958,U+6F2C,漬,49,,60,semantic
14959,U+6F2D,漭,18,,60,semantic
14960,U+6F2E,漮,0,,60,semantic
14961,U+6F2F,漯,43,,60,semantic
14962,U+6F30,漰,8,,60,semantic
14963,U+6F31,漱,23,,60,semantic
14964,U+6F32,漲,29,,60,semantic
14965,U+6F33,漳,10,,60,semantic
14966,U+6F34,漴,0,,60,semantic
14967,U+6F35,漵,10,,60,semantic
14968,U+6F36,漶,34,,60,semantic
14969,U+6F37,漷,10,,60,semantic
14970,U+6F38,漸,47,,60,semantic
14971,U+6F39,漹,0,,60,semantic
14972,U+6F3A,漺,0,,60,semantic
14973,U+6F3B,漻,0,,60,semantic
14974,U+6F3C,漼,18,,60,semantic
14975,U+6F3D,漽,0,,60,semantic
14976,U+6F3E,漾,23,,60,semantic
14977,U+6F3F,漿,23,,60,semantic
14978,U+6F40,潀,23,,60,semantic
14979,U+6F41,潁,10,,60,semantic
14980,U+6F42,潂,0,,60,semantic
14981,U+6F43,潃,0,,60,semantic
14982,U+6F44,潄,0,,60,semantic
14983,U+6F45,潅,23,,60,semantic
14984,U+6F46,潆,23,,60,semantic
14985,U+6F47,潇,16,,60,semantic
14986,U+6F48,潈,23,,60,semantic
14987,U+6F49,潉,0,,60,semantic
14988,U+6F4A,潊,0,,60,semantic
14989,U+6F4B,潋,23,,60,semantic
14990,U+6F4C,潌,0,,60,semantic
14991,U+6F4D,潍,43,,60,semantic
14992,U+6F4E,潎,23,,60,semantic
14993,U+6F4F,潏,14,,60,semantic
14994,U+6F50,潐,0,,60,semantic
14995,U+6F51,潑,23,,60,semantic
14996,U+6F52,潒,0,,60,semantic
14997,U+6F53,潓,0,,60,semantic
14998,U+6F54,潔,49,,60,semantic
14999,U+6F55,潕,43,,60,semantic
15000,U+6F56,潖,43,,60,semantic
15001,U+6F57,潗,28,,60,semantic
15002,U+6F58,潘,21,,60,semantic
15003,U+6F59,潙,10,,60,semantic
15004,U+6F5A,潚,34,,60,semantic
15005,U+6F5B,潛,34,,60,semantic
15006,U+6F5C,潜,34,,60,semantic
15007,U+6F5D,潝,47,,60,semantic
15008,U+6F5E,潞,43,,60,semantic
15009,U+6F5F,潟,10,,60,semantic
15010,U+6F60,潠,16,,60,semantic
15011,U+6F61,潡,0,,60,semantic
15012,U+6F62,潢,10,,60,semantic
15013,U+6F63,潣,49,,60,semantic
15014,U+6F64,潤,49,,60,semantic
15015,U+6F65,潥,0,,60,semantic
15016,U+6F66,潦,23,,60,semantic
15017,U+6F67,潧,0,,60,semantic
15018,U+6F68,潨,23,,60,semantic
15019,U+6F69,潩,0,,60,semantic
15020,U+6F6A,潪,0,,60,semantic
15021,U+6F6B,潫,0,,60,semantic
15022,U+6F6C,潬,55,,60,semantic
15023,U+6F6D,潭,10,,60,semantic
15024,U+6F6E,潮,23,,60,semantic
15025,U+6F6F,潯,10,,60,semantic
15026,U+6F70,潰,10,,60,semantic
15027,U+6F71,潱,0,,60,semantic
15028,U+6F72,潲,23,,60,semantic
15029,U+6F73,潳,0,,60,semantic
15030,U+6F74,潴,10,,60,semantic
15031,U+6F75,潵,12,,60,semantic
15032,U+6F76,潶,0,,60,semantic
15033,U+6F77,潷,23,,60,semantic
15034,U+6F78,潸,15,,60,semantic
15035,U+6F79,潹,0,,60,semantic
15036,U+6F7A,潺,23,,60,semantic
15037,U+6F7B,潻,0,,60,semantic
15038,U+6F7C,潼,18,,60,semantic
15039,U+6F7D,潽,0,,60,semantic
15040,U+6F7E,潾,23,,60,semantic
15041,U+6F7F,潿,23,,60,semantic
15042,U+6F80,澀,45,,60,semantic
15043,U+6F81,澁,45,,60,semantic
15044,U+6F82,澂,23,,60,semantic
15045,U+6F83,澃,0,,60,semantic
15046,U+6F84,澄,23,,60,semantic
15047,U+6F85,澅,0,,60,semantic
15048,U+6F86,澆,23,,60,semantic
15049,U+6F87,澇,23,,60,semantic
15050,U+6F88,澈,47,,60,semantic
15051,U+6F89,澉,32,,60,semantic
15052,U+6F8A,澊,0,,60,semantic
15053,U+6F8B,澋,0,,60,semantic
15054,U+6F8C,澌,23,,60,semantic
15055,U+6F8D,澍,23,,60,semantic
15056,U+6F8E,澎,53,,60,semantic
15057,U+6F8F,澏,0,,60,semantic
15058,U+6F90,澐,53,,60,semantic
15059,U+6F91,澑,51,,60,semantic
15060,U+6F92,澒,18,,60,semantic
15061,U+6F93,澓,0,,60,semantic
15062,U+6F94,澔,50,,60,semantic
15063,U+6F95,澕,0,,60,semantic
15064,U+6F96,澖,0,,60,semantic
15065,U+6F97,澗,10,,60,semantic
15066,U+6F98,澘,0,,60,semantic
15067,U+6F99,澙,0,,60,semantic
15068,U+6F9A,澚,0,,60,semantic
15069,U+6F9B,澛,0,,60,semantic
15070,U+6F9C,澜,23,,60,semantic
15071,U+6F9D,澝,49,,60,semantic
15072,U+6F9E,澞,0,,60,semantic
15073,U+6F9F,澟,0,,60,semantic
15074,U+6FA0,澠,43,,60,semantic
15075,U+6FA1,澡,23,,60,semantic
15076,U+6FA2,澢,0,,60,semantic
15077,U+6FA3,澣,49,,60,semantic
15078,U+6FA4,澤,10,,60,semantic
15079,U+6FA5,澥,10,,60,semantic
15080,U+6FA6,澦,43,,60,semantic
15081,U+6FA7,澧,43,,60,semantic
15082,U+6FA8,澨,10,,60,semantic
15083,U+6FA9,澩,0,,60,semantic
15084,U+6FAA,澪,43,,60,semantic
15085,U+6FAB,澫,0,,60,semantic
15086,U+6FAC,澬,0,,60,semantic
15087,U+6FAD,澭,0,,60,semantic
15088,U+6FAE,澮,10,,60,semantic
15089,U+6FAF,澯,0,,60,semantic
15090,U+6FB0,澰,23,,60,semantic
15091,U+6FB1,澱,10,,60,semantic
15092,U+6FB2,澲,0,,60,semantic
15093,U+6FB3,澳,55,,60,semantic
15094,U+6FB4,澴,10,,60,semantic
15095,U+6FB5,澵,0,,60,semantic
15096,U+6FB6,澶,23,,60,semantic
15097,U+6FB7,澷,23,,60,semantic
15098,U+6FB8,澸,0,,60,semantic
15099,U+6FB9,澹,34,,60,semantic
15100,U+6FBA,澺,0,,60,semantic
15101,U+6FBB,澻,0,,60,semantic
15102,U+6FBC,澼,49,,60,semantic
15103,U+6FBD,澽,10,,60,semantic
15104,U+6FBE,澾,51,,60,semantic
15105,U+6FBF,澿,0,,60,semantic
15106,U+6FC0,激,33,,60,semantic
15107,U+6FC1,濁,49,,60,semantic
15108,U+6FC2,濂,10,,60,semantic
15109,U+6FC3,濃,18,,60,semantic
15110,U+6FC4,濄,10,,60,semantic
15111,U+6FC5,濅,0,,60,semantic
15112,U+6FC6,濆,10,,60,semantic
15113,U+6FC7,濇,45,,60,semantic
15114,U+6FC8,濈,47,,60,semantic
15115,U+6FC9,濉,10,,60,semantic
15116,U+6FCA,濊,18,,60,semantic
15117,U+6FCB,濋,0,,60,semantic
15118,U+6FCC,濌,0,,60,semantic
15119,U+6FCD,濍,0,,60,semantic
15120,U+6FCE,濎,0,,60,semantic
15121,U+6FCF,濏,0,,60,semantic
15122,U+6FD0,濐,0,,60,semantic
15123,U+6FD1,濑,10,,60,semantic
15124,U+6FD2,濒,33,,60,semantic
15125,U+6FD3,濓,0,,60,semantic
15126,U+6FD4,濔,47,,60,semantic
15127,U+6FD5,濕,23,,60,semantic
15128,U+6FD6,濖,0,,60,semantic
15129,U+6FD7,濗,0,,60,semantic
15130,U+6FD8,濘,49,,60,semantic
15131,U+6FD9,濙,23,,60,semantic
15132,U+6FDA,濚,10,,60,semantic
15133,U+6FDB,濛,16,,60,semantic
15134,U+6FDC,濜,10,,60,semantic
15135,U+6FDD,濝,0,,60,semantic
15136,U+6FDE,濞,43,,60,semantic
15137,U+6FDF,濟,20,,60,semantic
15138,U+6FE0,濠,14,,60,semantic
15139,U+6FE1,濡,23,,60,semantic
15140,U+6FE2,濢,0,,60,semantic
15141,U+6FE3,濣,0,,60,semantic
15142,U+6FE4,濤,16,,60,semantic
15143,U+6FE5,濥,0,,60,semantic
15144,U+6FE6,濦,0,,60,semantic
15145,U+6FE7,濧,23,,60,semantic
15146,U+6FE8,濨,0,,60,semantic
15147,U+6FE9,濩,23,,60,semantic
15148,U+6FEA,濪,0,,60,semantic
15149,U+6FEB,濫,23,,60,semantic
15150,U+6FEC,濬,52,,60,semantic
15151,U+6FED,濭,0,,60,semantic
15152,U+6FEE,濮,43,,60,semantic
15153,U+6FEF,濯,23,,60,semantic
15154,U+6FF0,濰,43,,60,semantic
15155,U+6FF1,濱,10,,60,semantic
15156,U+6FF2,濲,0,,60,semantic
15157,U+6FF3,濳,34,,60,semantic
15158,U+6FF4,濴,0,,60,semantic
15159,U+6FF5,濵,10,,60,semantic
15160,U+6FF6,濶,18,,60,semantic
15161,U+6FF7,濷,0,,60,semantic
15162,U+6FF8,濸,0,,60,semantic
15163,U+6FF9,濹,0,,60,semantic
15164,U+6FFA,濺,23,,60,semantic
15165,U+6FFB,濻,0,,60,semantic
15166,U+6FFC,濼,43,,60,semantic
15167,U+6FFD,濽,0,,60,semantic
15168,U+6FFE,濾,52,,60,semantic
15169,U+6FFF,濿,31,,60,semantic
15170,U+7000,瀀,0,,60,semantic
15171,U+7001,瀁,23,,60,semantic
15172,U+7002,瀂,0,,60,semantic
15173,U+7003,瀃,0,,60,semantic
15174,U+7004,瀄,52,,60,semantic
15175,U+7005,瀅,23,,60,semantic
15176,U+7006,瀆,14,,60,semantic
15177,U+7007,瀇,23,,60,semantic
15178,U+7008,瀈,0,,60,semantic
15179,U+7009,瀉,23,,60,semantic
15180,U+700A,瀊,0,,60,semantic
15181,U+700B,瀋,23,,60,semantic
15182,U+700C,瀌,18,,60,semantic
15183,U+700D,瀍,10,,60,semantic
15184,U+700E,瀎,0,,60,semantic
15185,U+700F,瀏,8,,60,semantic
15186,U+7010,瀐,0,,60,semantic
15187,U+7011,瀑,23,,60,semantic
15188,U+7012,瀒,45,,60,semantic
15189,U+7013,瀓,0,,60,semantic
15190,U+7014,瀔,10,,60,semantic
15191,U+7015,瀕,20,,60,semantic
15192,U+7016,瀖,0,,60,semantic
15193,U+7017,瀗,0,,60,semantic
15194,U+7018,瀘,43,,60,semantic
15195,U+7019,瀙,0,,60,semantic
15196,U+701A,瀚,18,,60,semantic
15197,U+701B,瀛,25,,60,semantic
15198,U+701C,瀜,0,,60,semantic
15199,U+701D,瀝,23,,60,semantic
15200,U+701E,瀞,10,,60,semantic
15201,U+701F,瀟,16,,60,semantic
15202,U+7020,瀠,23,,60,semantic
15203,U+7021,瀡,51,,60,semantic
15204,U+7022,瀢,0,,60,semantic
15205,U+7023,瀣,49,,60,semantic
15206,U+7024,瀤,0,,60,semantic
15207,U+7025,瀥,0,,60,semantic
15208,U+7026,瀦,10,,60,semantic
15209,U+7027,瀧,43,,60,semantic
15210,U+7028,瀨,10,,60,semantic
15211,U+7029,瀩,0,,60,semantic
15212,U+702A,瀪,0,,60,semantic
15213,U+702B,瀫,0,,60,semantic
15214,U+702C,瀬,10,,60,semantic
15215,U+702D,瀭,0,,60,semantic
15216,U+702E,瀮,0,,60,semantic
15217,U+702F,瀯,0,,60,semantic
15218,U+7030,瀰,23,,60,semantic
15219,U+7031,瀱,0,,60,semantic
15220,U+7032,瀲,23,,60,semantic
15221,U+7033,瀳,0,,60,semantic
15222,U+7034,瀴,0,,60,semantic
15223,U+7035,瀵,0,,60,semantic
15224,U+7036,瀶,0,,60,semantic
15225,U+7037,瀷,0,,60,semantic
15226,U+7038,瀸,49,,60,semantic
15227,U+7039,瀹,23,,60,semantic
15228,U+703A,瀺,8,,60,semantic
15229,U+703B,瀻,0,,60,semantic
15230,U+703C,瀼,10,,60,semantic
15231,U+703D,瀽,23,,60,semantic
15232,U+703E,瀾,23,,60,semantic
15233,U+703F,瀿,0,,60,semantic
15234,U+7040,灀,0,,60,semantic
15235,U+7041,灁,0,,60,semantic
15236,U+7042,灂,0,,60,semantic
15237,U+7043,灃,43,,60,semantic
15238,U+7044,灄,10,,60,semantic
15239,U+7045,灅,0,,60,semantic
15240,U+7046,灆,0,,60,semantic
15241,U+7047,灇,0,,60,semantic
15242,U+7048,灈,0,,60,semantic
15243,U+7049,灉,43,,60,semantic
15244,U+704A,灊,0,,60,semantic
15245,U+704B,灋,47,,60,semantic
15246,U+704C,灌,23,,60,semantic
15247,U+704D,灍,0,,60,semantic
15248,U+704E,灎,23,,60,semantic
15249,U+704F,灏,18,,60,semantic
15250,U+7050,灐,0,,60,semantic
15251,U+7051,灑,23,,60,semantic
15252,U+7052,灒,23,,60,semantic
15253,U+7053,灓,0,,60,semantic
15254,U+7054,灔,16,,60,semantic
15255,U+7055,灕,43,,60,semantic
15256,U+7056,灖,0,,60,semantic
15257,U+7057,灗,0,,60,semantic
15258,U+7058,灘,10,,60,semantic
15259,U+7059,灙,0,,60,semantic
15260,U+705A,灚,0,,60,semantic
15261,U+705B,灛,0,,60,semantic
15262,U+705C,灜,0,,60,semantic
15263,U+705D,灝,18,,60,semantic
15264,U+705E,灞,10,,60,semantic
15265,U+705F,灟,0,,60,semantic
15266,U+7060,灠,25,,60,semantic
15267,U+7061,灡,0,,60,semantic
15268,U+7062,灢,23,,60,semantic
15269,U+7063,灣,10,,60,semantic
15270,U+7064,灤,10,,60,semantic
15271,U+7065,灥,23,,60,semantic
15272,U+7066,灦,0,,60,semantic
15273,U+7067,灧,23,,60,semantic
15274,U+7068,灨,43,,60,semantic
15275,U+7069,灩,23,,60,semantic
15276,U+706A,灪,0,,60,semantic
15277,U+706B,火,39,,60,semantic
15278,U+706C,灬,39,,60,semantic
15279,U+706D,灭,5,,60,semantic
15280,U+706E,灮,0,,60,semantic
15281,U+706F,灯,50,,60,semantic
15282,U+7070,灰,49,,60,semantic
15283,U+7071,灱,0,,60,semantic
15284,U+7072,灲,0,,60,semantic
15285,U+7073,灳,0,,60,semantic
15286,U+7074,灴,39,,60,semantic
15287,U+7075,灵,12,,60,semantic
15288,U+7076,灶,54,,60,semantic
15289,U+7077,灷,0,,60,semantic
15290,U+7078,灸,33,,60,semantic
15291,U+7079,灹,0,,60,semantic
15292,U+707A,灺,39,,60,semantic
15293,U+707B,灻,0,,60,semantic
15294,U+707C,灼,39,,60,semantic
15295,U+707D,災,15,,60,semantic
15296,U+707E,灾,15,,60,semantic
15297,U+707F,灿,50,,60,semantic
15298,U+7080,炀,39,,60,semantic
15299,U+7081,炁,16,,60,semantic
15300,U+7082,炂,0,,60,semantic
15301,U+7083,炃,0,,60,semantic
15302,U+7084,炄,0,,60,semantic
15303,U+7085,炅,28,,60,semantic
15304,U+7086,炆,39,,60,semantic
15305,U+7087,炇,0,,60,semantic
15306,U+7088,炈,0,,60,semantic
15307,U+7089,炉,39,,60,semantic
15308,U+708A,炊,54,,60,semantic
15309,U+708B,炋,0,,60,semantic
15310,U+708C,炌,0,,60,semantic
15311,U+708D,炍,0,,60,semantic
15312,U+708E,炎,39,,60,semantic
15313,U+708F,炏,0,,60,semantic
15314,U+7090,炐,0,,60,semantic
15315,U+7091,炑,0,,60,semantic
15316,U+7092,炒,54,,60,semantic
15317,U+7093,炓,0,,60,semantic
15318,U+7094,炔,53,,60,semantic
15319,U+7095,炕,43,,60,semantic
15320,U+7096,炖,39,,60,semantic
15321,U+7097,炗,0,,60,semantic
15322,U+7098,炘,28,,60,semantic
15323,U+7099,炙,54,,60,semantic
15324,U+709A,炚,0,,60,semantic
15325,U+709B,炛,0,,60,semantic
15326,U+709C,炜,50,,60,semantic
15327,U+709D,炝,26,,60,semantic
15328,U+709E,炞,0,,60,semantic
15329,U+709F,炟,0,,60,semantic
15330,U+70A0,炠,39,,60,semantic
15331,U+70A1,炡,0,,60,semantic
15332,U+70A2,炢,0,,60,semantic
15333,U+70A3,炣,0,,60,semantic
15334,U+70A4,炤,50,,60,semantic
15335,U+70A5,炥,0,,60,semantic
15336,U+70A6,炦,0,,60,semantic
15337,U+70A7,炧,49,,60,semantic
15338,U+70A8,炨,0,,60,semantic
15339,U+70A9,炩,0,,60,semantic
15340,U+70AA,炪,0,,60,semantic
15341,U+70AB,炫,50,,60,semantic
15342,U+70AC,炬,39,,60,semantic
15343,U+70AD,炭,39,,60,semantic
15344,U+70AE,炮,2,,60,semantic
15345,U+70AF,炯,28,,60,semantic
15346,U+70B0,炰,54,,60,semantic
15347,U+70B1,炱,53,,60,semantic
15348,U+70B2,炲,0,,60,semantic
15349,U+70B3,炳,50,,60,semantic
15350,U+70B4,炴,0,,60,semantic
15351,U+70B5,炵,0,,60,semantic
15352,U+70B6,炶,0,,60,semantic
15353,U+70B7,炷,39,,60,semantic
15354,U+70B8,炸,54,,60,semantic
15355,U+70B9,点,14,,60,semantic
15356,U+70BB,炻,43,,60,semantic
15357,U+70BC,炼,49,,60,semantic
15358,U+70BD,炽,39,,60,semantic
15359,U+70BE,炾,0,,60,semantic
15360,U+70BF,炿,0,,60,semantic
15361,U+70C0,烀,53,,60,semantic
15362,U+70C1,烁,50,,60,semantic
15363,U+70C2,烂,42,,60,semantic
15364,U+70C3,烃,49,,60,semantic
15365,U+70C4,烄,0,,60,semantic
15366,U+70C5,烅,0,,60,semantic
15367,U+70C6,烆,0,,60,semantic
15368,U+70C7,烇,0,,60,semantic
15369,U+70C8,烈,39,,60,semantic
15370,U+70C9,烉,28,,60,semantic
15371,U+70CA,烊,49,,60,semantic
15372,U+70CB,烋,47,,60,semantic
15373,U+70CC,烌,0,,60,semantic
15374,U+70CD,烍,0,,60,semantic
15375,U+70CE,烎,0,,60,semantic
15376,U+70CF,烏,44,,60,semantic
15377,U+70D0,烐,0,,60,semantic
15378,U+70D1,烑,0,,60,semantic
15379,U+70D2,烒,0,,60,semantic
15380,U+70D3,烓,39,,60,semantic
15381,U+70D4,烔,39,,60,semantic
15382,U+70D5,烕,5,,60,semantic
15383,U+70D6,烖,15,,60,semantic
15384,U+70D7,烗,0,,60,semantic
15385,U+70D8,烘,39,,60,semantic
15386,U+70D9,烙,39,,60,semantic
15387,U+70DA,烚,39,,60,semantic
15388,U+70DB,烛,39,,60,semantic
15389,U+70DC,烜,50,,60,semantic
15390,U+70DD,烝,39,,60,semantic
15391,U+70DE,烞,0,,60,semantic
15392,U+70DF,烟,39,,60,semantic
15393,U+70E0,烠,0,,60,semantic
15394,U+70E1,烡,0,,60,semantic
15395,U+70E2,烢,0,,60,semantic
15396,U+70E3,烣,0,,60,semantic
15397,U+70E4,烤,54,,60,semantic
15398,U+70E5,烥,0,,60,semantic
15399,U+70E6,烦,36,,60,semantic
15400,U+70E7,烧,39,,60,semantic
15401,U+70E8,烨,39,,60,semantic
15402,U+70E9,烩,52,,60,semantic
15403,U+70EA,烪,0,,60,semantic
15404,U+70EB,烫,49,,60,semantic
15405,U+70EC,烬,49,,60,semantic
15406,U+70ED,热,39,,60,semantic
15407,U+70EE,烮,0,,60,semantic
15408,U+70EF,烯,53,,60,semantic
15409,U+70F0,烰,0,,60,semantic
15410,U+70F1,烱,28,,60,semantic
15411,U+70F2,烲,0,,60,semantic
15412,U+70F3,烳,0,,60,semantic
15413,U+70F4,烴,49,,60,semantic
15414,U+70F5,烵,0,,60,semantic
15415,U+70F6,烶,0,,60,semantic
15416,U+70F7,烷,53,,60,semantic
15417,U+70F8,烸,0,,60,semantic
15418,U+70F9,烹,54,,60,semantic
15419,U+70FA,烺,39,,60,semantic
15420,U+70FB,烻,0,,60,semantic
15421,U+70FC,烼,0,,60,semantic
15422,U+70FD,烽,39,,60,semantic
15423,U+70FE,烾,0,,60,semantic
15424,U+70FF,烿,0,,60,semantic
15425,U+7100,焀,0,,60,semantic
15426,U+7101,焁,0,,60,semantic
15427,U+7102,焂,0,,60,semantic
15428,U+7103,焃,0,,60,semantic
15429,U+7104,焄,39,,60,semantic
15430,U+7105,焅,54,,60,semantic
15431,U+7106,焆,0,,60,semantic
15432,U+7107,焇,0,,60,semantic
15433,U+7108,焈,0,,60,semantic
15434,U+7109,焉,47,,60,semantic
15435,U+710A,焊,2,,60,semantic
15436,U+710B,焋,0,,60,semantic
15437,U+710C,焌,50,,60,semantic
15438,U+710D,焍,0,,60,semantic
15439,U+710E,焎,0,,60,semantic
15440,U+710F,焏,0,,60,semantic
15441,U+7110,焐,39,,60,semantic
15442,U+7111,焑,0,,60,semantic
15443,U+7112,焒,0,,60,semantic
15444,U+7113,焓,39,,60,semantic
15445,U+7114,焔,39,,60,semantic
15446,U+7115,焕,50,,60,semantic
15447,U+7116,焖,39,,60,semantic
15448,U+7117,焗,54,,60,semantic
15449,U+7118,焘,50,,60,semantic
15450,U+7119,焙,39,,60,semantic
15451,U+711A,焚,39,,60,semantic
15452,U+711B,焛,0,,60,semantic
15453,U+711C,焜,39,,60,semantic
15454,U+711D,焝,0,,60,semantic
15455,U+711E,焞,45,,60,semantic
15456,U+711F,焟,0,,60,semantic
15457,U+7120,焠,39,,60,semantic
15458,U+7121,無,34,,60,semantic
15459,U+7122,焢,0,,60,semantic
15460,U+7123,焣,0,,60,semantic
15461,U+7124,焤,0,,60,semantic
15462,U+7125,焥,0,,60,semantic
15463,U+7126,焦,39,,60,semantic
15464,U+7127,焧,0,,60,semantic
15465,U+7128,焨,0,,60,semantic
15466,U+7129,焩,0,,60,semantic
15467,U+712A,焪,0,,60,semantic
15468,U+712B,焫,39,,60,semantic
15469,U+712C,焬,0,,60,semantic
15470,U+712D,焭,34,,60,semantic
15471,U+712E,焮,39,,60,semantic
15472,U+712F,焯,48,,60,semantic
15473,U+7130,焰,39,,60,semantic
15474,U+7131,焱,39,,60,semantic
15475,U+7132,焲,0,,60,semantic
15476,U+7133,焳,0,,60,semantic
15477,U+7134,焴,39,,60,semantic
15478,U+7135,焵,2,,60,semantic
15479,U+7136,然,33,,60,semantic
15480,U+7137,焷,0,,60,semantic
15481,U+7138,焸,0,,60,semantic
15482,U+7139,焹,0,,60,semantic
15483,U+713A,焺,0,,60,semantic
15484,U+713B,焻,8,,60,semantic
15485,U+713C,焼,39,,60,semantic
15486,U+713D,焽,0,,60,semantic
15487,U+713E,焾,45,,60,semantic
15488,U+713F,焿,43,,60,semantic
15489,U+7140,煀,39,,60,semantic
15490,U+7141,煁,45,,60,semantic
15491,U+7142,煂,0,,60,semantic
15492,U+7143,煃,5,,60,semantic
15493,U+7144,煄,0,,60,semantic
15494,U+7145,煅,2,,60,semantic
15495,U+7146,煆,39,,60,semantic
15496,U+7147,煇,2,,60,semantic
15497,U+7148,煈,0,,60,semantic
15498,U+7149,煉,49,,60,semantic
15499,U+714A,煊,39,,60,semantic
15500,U+714B,煋,57,,60,semantic
15501,U+714C,煌,50,,60,semantic
15502,U+714D,煍,50,,60,semantic
15503,U+714E,煎,54,,60,semantic
15504,U+714F,煏,39,,60,semantic
15505,U+7150,煐,0,,60,semantic
15506,U+7151,煑,54,,60,semantic
15507,U+7152,煒,50,,60,semantic
15508,U+7153,煓,0,,60,semantic
15509,U+7154,煔,0,,60,semantic
15510,U+7155,煕,28,,60,semantic
15511,U+7156,煖,39,,60,semantic
15512,U+7157,煗,39,,60,semantic
15513,U+7158,煘,0,,60,semantic
15514,U+7159,煙,39,,60,semantic
15515,U+715A,煚,39,,60,semantic
15516,U+715B,煛,0,,60,semantic
15517,U+715C,煜,28,,60,semantic
15518,U+715D,煝,39,,60,semantic
15519,U+715E,煞,12,,60,semantic
15520,U+715F,煟,50,,60,semantic
15521,U+7160,煠,54,,60,semantic
15522,U+7161,煡,0,,60,semantic
15523,U+7162,煢,34,,60,semantic
15524,U+7163,煣,39,,60,semantic
15525,U+7164,煤,39,,60,semantic
15526,U+7165,煥,28,,60,semantic
15527,U+7166,煦,28,,60,semantic
15528,U+7167,照,50,,60,semantic
15529,U+7168,煨,54,,60,semantic
15530,U+7169,煩,36,,60,semantic
15531,U+716A,煪,0,,60,semantic
15532,U+716B,煫,0,,60,semantic
15533,U+716C,煬,39,,60,semantic
15534,U+716D,煭,0,,60,semantic
15535,U+716E,煮,54,,60,semantic
15536,U+716F,煯,0,,60,semantic
15537,U+7170,煰,0,,60,semantic
15538,U+7171,煱,54,,60,semantic
15539,U+7172,煲,39,,60,semantic
15540,U+7173,煳,39,,60,semantic
15541,U+7174,煴,15,,60,semantic
15542,U+7175,煵,0,,60,semantic
15543,U+7176,煶,0,,60,semantic
15544,U+7177,煷,0,,60,semantic
15545,U+7178,煸,54,,60,semantic
15546,U+7179,煹,0,,60,semantic
15547,U+717A,煺,4,,60,semantic
15548,U+717B,煻,39,,60,semantic
15549,U+717C,煼,54,,60,semantic
15550,U+717D,煽,36,,60,semantic
15551,U+717E,煾,0,,60,semantic
15552,U+717F,煿,0,,60,semantic
15553,U+7180,熀,39,,60,semantic
15554,U+7181,熁,0,,60,semantic
15555,U+7182,熂,0,,60,semantic
15556,U+7183,熃,0,,60,semantic
15557,U+7184,熄,5,,60,semantic
15558,U+7185,熅,45,,60,semantic
15559,U+7186,熆,0,,60,semantic
15560,U+7187,熇,54,,60,semantic
15561,U+7188,熈,28,,60,semantic
15562,U+7189,熉,50,,60,semantic
15563,U+718A,熊,19,,60,semantic
15564,U+718B,熋,0,,60,semantic
15565,U+718C,熌,0,,60,semantic
15566,U+718D,熍,0,,60,semantic
15567,U+718E,熎,0,,60,semantic
15568,U+7190,熐,0,,60,semantic
15569,U+7191,熑,0,,60,semantic
15570,U+7192,熒,50,,60,semantic
15571,U+7193,熓,39,,60,semantic
15572,U+7194,熔,49,,60,semantic
15573,U+7195,熕,0,,60,semantic
15574,U+7196,熖,39,,60,semantic
15575,U+7197,熗,26,,60,semantic
15576,U+7198,熘,39,,60,semantic
15577,U+7199,熙,28,,60,semantic
15578,U+719A,熚,0,,60,semantic
15579,U+719B,熛,39,,60,semantic
15580,U+719C,熜,0,,60,semantic
15581,U+719D,熝,39,,60,semantic
15582,U+719E,熞,0,,60,semantic
15583,U+719F,熟,54,,60,semantic
15584,U+71A0,熠,50,,60,semantic
15585,U+71A1,熡,0,,60,semantic
15586,U+71A2,熢,0,,60,semantic
15587,U+71A3,熣,0,,60,semantic
15588,U+71A4,熤,0,,60,semantic
15589,U+71A5,熥,39,,60,semantic
15590,U+71A6,熦,0,,60,semantic
15591,U+71A7,熧,0,,60,semantic
15592,U+71A8,熨,2,,60,semantic
15593,U+71A9,熩,0,,60,semantic
15594,U+71AA,熪,0,,60,semantic
15595,U+71AB,熫,0,,60,semantic
15596,U+71AC,熬,23,,60,semantic
15597,U+71AD,熭,0,,60,semantic
15598,U+71AE,熮,0,,60,semantic
15599,U+71AF,熯,39,,60,semantic
15600,U+71B0,熰,23,,60,semantic
15601,U+71B1,熱,39,,60,semantic
15602,U+71B2,熲,50,,60,semantic
15603,U+71B3,熳,47,,60,semantic
15604,U+71B4,熴,0,,60,semantic
15605,U+71B5,熵,49,,60,semantic
15606,U+71B6,熶,0,,60,semantic
15607,U+71B7,熷,0,,60,semantic
15608,U+71B8,熸,5,,60,semantic
15609,U+71B9,熹,50,,60,semantic
15610,U+71BA,熺,50,,60,semantic
15611,U+71BB,熻,39,,60,semantic
15612,U+71BC,熼,0,,60,semantic
15613,U+71BD,熽,0,,60,semantic
15614,U+71BE,熾,39,,60,semantic
15615,U+71BF,熿,0,,60,semantic
15616,U+71C0,燀,39,,60,semantic
15617,U+71C1,燁,39,,60,semantic
15618,U+71C2,燂,39,,60,semantic
15619,U+71C3,燃,39,,60,semantic
15620,U+71C4,燄,39,,60,semantic
15621,U+71C5,燅,0,,60,semantic
15622,U+71C6,燆,0,,60,semantic
15623,U+71C7,燇,0,,60,semantic
15624,U+71C8,燈,50,,60,semantic
15625,U+71C9,燉,39,,60,semantic
15626,U+71CA,燊,18,,60,semantic
15627,U+71CB,燋,39,,60,semantic
15628,U+71CC,燌,0,,60,semantic
15629,U+71CD,燍,0,,60,semantic
15630,U+71CE,燎,39,,60,semantic
15631,U+71CF,燏,39,,60,semantic
15632,U+71D0,燐,6,,60,semantic
15633,U+71D1,燑,0,,60,semantic
15634,U+71D2,燒,39,,60,semantic
15635,U+71D3,燓,0,,60,semantic
15636,U+71D4,燔,39,,60,semantic
15637,U+71D5,燕,17,,60,semantic
15638,U+71D6,燖,54,,60,semantic
15639,U+71D7,燗,39,,60,semantic
15640,U+71D8,燘,17,,60,semantic
15641,U+71D9,燙,49,,60,semantic
15642,U+71DA,燚,32,,60,semantic
15643,U+71DB,燛,0,,60,semantic
15644,U+71DC,燜,39,,60,semantic
15645,U+71DD,燝,0,,60,semantic
15646,U+71DE,燞,0,,60,semantic
15647,U+71DF,營,33,,60,semantic
15648,U+71E0,燠,39,,60,semantic
15649,U+71E1,燡,50,,60,semantic
15650,U+71E2,燢,0,,60,semantic
15651,U+71E3,燣,15,,60,semantic
15652,U+71E4,燤,0,,60,semantic
15653,U+71E5,燥,45,,60,semantic
15654,U+71E6,燦,50,,60,semantic
15655,U+71E7,燧,39,,60,semantic
15656,U+71E8,燨,0,,60,semantic
15657,U+71E9,燩,0,,60,semantic
15658,U+71EA,燪,0,,60,semantic
15659,U+71EB,燫,0,,60,semantic
15660,U+71EC,燬,39,,60,semantic
15661,U+71ED,燭,39,,60,semantic
15662,U+71EE,燮,33,,60,semantic
15663,U+71EF,燯,0,,60,semantic
15664,U+71F0,燰,0,,60,semantic
15665,U+71F1,燱,0,,60,semantic
15666,U+71F2,燲,0,,60,semantic
15667,U+71F3,燳,0,,60,semantic
15668,U+71F4,燴,54,,60,semantic
15669,U+71F5,燵,51,,60,semantic
15670,U+71F6,燶,39,,60,semantic
15671,U+71F7,燷,15,,60,semantic
15672,U+71F8,燸,0,,60,semantic
15673,U+71F9,燹,39,,60,semantic
15674,U+71FA,燺,39,,60,semantic
15675,U+71FB,燻,39,,60,semantic
15676,U+71FC,燼,49,,60,semantic
15677,U+71FD,燽,0,,60,semantic
15678,U+71FE,燾,50,,60,semantic
15679,U+71FF,燿,28,,60,semantic
15680,U+7200,爀,0,,60,semantic
15681,U+7201,爁,0,,60,semantic
15682,U+7202,爂,0,,60,semantic
15683,U+7203,爃,0,,60,semantic
15684,U+7204,爄,0,,60,semantic
15685,U+7205,爅,0,,60,semantic
15686,U+7206,爆,8,,60,semantic
15687,U+7207,爇,39,,60,semantic
15688,U+7208,爈,0,,60,semantic
15689,U+7209,爉,0,,60,semantic
15690,U+720A,爊,54,,60,semantic
15691,U+720B,爋,0,,60,semantic
15692,U+720C,爌,33,,60,semantic
15693,U+720D,爍,50,,60,semantic
15694,U+720E,爎,0,,60,semantic
15695,U+720F,爏,0,,60,semantic
15696,U+7210,爐,39,,60,semantic
15697,U+7211,爑,0,,60,semantic
15698,U+7212,爒,0,,60,semantic
15699,U+7213,爓,39,,60,semantic
15700,U+7214,爔,50,,60,semantic
15701,U+7215,爕,0,,60,semantic
15702,U+7216,爖,39,,60,semantic
15703,U+7217,爗,39,,60,semantic
15704,U+7218,爘,0,,60,semantic
15705,U+7219,爙,0,,60,semantic
15706,U+721A,爚,39,,60,semantic
15707,U+721B,爛,42,,60,semantic
15708,U+721C,爜,0,,60,semantic
15709,U+721D,爝,39,,60,semantic
15710,U+721E,爞,0,,60,semantic
15711,U+721F,爟,39,,60,semantic
15712,U+7220,爠,0,,60,semantic
15713,U+7221,爡,0,,60,semantic
15714,U+7222,爢,0,,60,semantic
15715,U+7223,爣,0,,60,semantic
15716,U+7224,爤,0,,60,semantic
15717,U+7225,爥,39,,60,semantic
15718,U+7226,爦,0,,60,semantic
15719,U+7227,爧,0,,60,semantic
15720,U+7228,爨,39,,60,semantic
15721,U+7229,爩,39,,60,semantic
15722,U+722A,爪,51,,60,semantic
15723,U+722B,爫,30,,60,semantic
15724,U+722C,爬,13,,60,semantic
15725,U+722D,爭,1,,60,semantic
15726,U+722E,爮,0,,60,semantic
15727,U+722F,爯,0,,60,semantic
15728,U+7230,爰,33,,60,semantic
15729,U+7231,爱,28,,60,semantic
15730,U+7233,爳,0,,60,semantic
15731,U+7234,爴,0,,60,semantic
15732,U+7235,爵,12,,60,semantic
15733,U+7236,父,30,,60,semantic
15734,U+7237,爷,57,,60,semantic
15735,U+7238,爸,57,,60,semantic
15736,U+7239,爹,57,,60,semantic
15737,U+723A,爺,57,,60,semantic
15738,U+723B,爻,12,,60,semantic
15739,U+723C,爼,54,,60,semantic
15740,U+723D,爽,28,,60,semantic
15741,U+723E,爾,57,,60,semantic
15742,U+723F,爿,30,,60,semantic
15743,U+7240,牀,9,,60,semantic
15744,U+7241,牁,2,,60,semantic
15745,U+7242,牂,19,,60,semantic
15746,U+7243,牃,0,,60,semantic
15747,U+7244,牄,31,,60,semantic
15748,U+7245,牅,0,,60,semantic
15749,U+7246,牆,9,,60,semantic
15750,U+7247,片,52,,60,semantic
15751,U+7248,版,52,,60,semantic
15752,U+7249,牉,47,,60,semantic
15753,U+724A,牊,0,,60,semantic
15754,U+724B,牋,47,,60,semantic
15755,U+724C,牌,33,,60,semantic
15756,U+724D,牍,33,,60,semantic
15757,U+724E,牎,53,,60,semantic
15758,U+724F,牏,14,,60,semantic
15759,U+7250,牐,10,,60,semantic
15760,U+7251,牑,0,,60,semantic
15761,U+7252,牒,33,,60,semantic
15762,U+7253,牓,47,,60,semantic
15763,U+7254,牔,53,,60,semantic
15764,U+7255,牕,53,,60,semantic
15765,U+7256,牖,9,,60,semantic
15766,U+7257,牗,0,,60,semantic
15767,U+7258,牘,33,,60,semantic
15768,U+7259,牙,17,,60,semantic
15769,U+725A,牚,0,,60,semantic
15770,U+725B,牛,19,,60,semantic
15771,U+725D,牝,57,,60,semantic
15772,U+725E,牞,0,,60,semantic
15773,U+725F,牟,20,,60,semantic
15774,U+7260,牠,19,,60,semantic
15775,U+7261,牡,19,,60,semantic
15776,U+7262,牢,9,,60,semantic
15777,U+7263,牣,47,,60,semantic
15778,U+7264,牤,19,,60,semantic
15779,U+7265,牥,0,,60,semantic
15780,U+7266,牦,4,,60,semantic
15781,U+7267,牧,19,,60,semantic
15782,U+7268,牨,0,,60,semantic
15783,U+7269,物,33,,60,semantic
15784,U+726A,牪,0,,60,semantic
15785,U+726B,牫,0,,60,semantic
15786,U+726C,牬,0,,60,semantic
15787,U+726D,牭,0,,60,semantic
15788,U+726E,牮,2,,60,semantic
15789,U+726F,牯,19,,60,semantic
15790,U+7270,牰,0,,60,semantic
15791,U+7271,牱,0,,60,semantic
15792,U+7272,牲,19,,60,semantic
15793,U+7273,牳,0,,60,semantic
15794,U+7274,牴,42,,60,semantic
15795,U+7275,牵,13,,60,semantic
15796,U+7276,牶,19,,60,semantic
15797,U+7277,牷,19,,60,semantic
15798,U+7278,牸,19,,60,semantic
15799,U+7279,特,47,,60,semantic
15800,U+727A,牺,29,,60,semantic
15801,U+727B,牻,19,,60,semantic
15802,U+727C,牼,19,,60,semantic
15803,U+727D,牽,13,,60,semantic
15804,U+727E,牾,42,,60,semantic
15805,U+727F,牿,2,,60,semantic
15806,U+7280,犀,4,,60,semantic
15807,U+7281,犁,48,,60,semantic
15808,U+7282,犂,53,,60,semantic
15809,U+7283,犃,0,,60,semantic
15810,U+7284,犄,19,,60,semantic
15811,U+7285,犅,0,,60,semantic
15812,U+7286,犆,47,,60,semantic
15813,U+7287,犇,31,,60,semantic
15814,U+7288,犈,0,,60,semantic
15815,U+7289,犉,19,,60,semantic
15816,U+728A,犊,19,,60,semantic
15817,U+728B,犋,19,,60,semantic
15818,U+728C,犌,0,,60,semantic
15819,U+728D,犍,19,,60,semantic
15820,U+728E,犎,53,,60,semantic
15821,U+728F,犏,53,,60,semantic
15822,U+7290,犐,0,,60,semantic
15823,U+7291,犑,0,,60,semantic
15824,U+7292,犒,1,,60,semantic
15825,U+7293,犓,0,,60,semantic
15826,U+7294,犔,0,,60,semantic
15827,U+7295,犕,0,,60,semantic
15828,U+7296,犖,19,,60,semantic
15829,U+7297,犗,19,,60,semantic
15830,U+7298,犘,0,,60,semantic
15831,U+7299,犙,0,,60,semantic
15832,U+729A,犚,0,,60,semantic
15833,U+729B,犛,19,,60,semantic
15834,U+729C,犜,0,,60,semantic
15835,U+729D,犝,0,,60,semantic
15836,U+729E,犞,0,,60,semantic
15837,U+729F,犟,42,,60,semantic
15838,U+72A0,犠,29,,60,semantic
15839,U+72A1,犡,0,,60,semantic
15840,U+72A2,犢,19,,60,semantic
15841,U+72A3,犣,0,,60,semantic
15842,U+72A4,犤,0,,60,semantic
15843,U+72A5,犥,0,,60,semantic
15844,U+72A6,犦,0,,60,semantic
15845,U+72A7,犧,29,,60,semantic
15846,U+72A8,犨,19,,60,semantic
15847,U+72A9,犩,0,,60,semantic
15848,U+72AA,犪,0,,60,semantic
15849,U+72AB,犫,47,,60,semantic
15850,U+72AC,犬,30,,60,semantic
15851,U+72AD,犭,30,,60,semantic
15852,U+72AE,犮,13,,60,semantic
15853,U+72AF,犯,42,,60,semantic
15854,U+72B0,犰,53,,60,semantic
15855,U+72B1,犱,0,,60,semantic
15856,U+72B2,犲,19,,60,semantic
15857,U+72B3,犳,0,,60,semantic
15858,U+72B4,犴,19,,60,semantic
15859,U+72B5,犵,43,,60,semantic
15860,U+72B6,状,47,,60,semantic
15861,U+72B7,犷,42,,60,semantic
15862,U+72B8,犸,18,,60,semantic
15863,U+72B9,犹,47,,60,semantic
15864,U+72BA,犺,19,,60,semantic
15865,U+72BB,犻,0,,60,semantic
15866,U+72BC,犼,58,,60,semantic
15867,U+72BD,犽,57,,60,semantic
15868,U+72BE,犾,0,,60,semantic
15869,U+72BF,犿,0,,60,semantic
15870,U+72C0,狀,47,,60,semantic
15871,U+72C1,狁,12,,60,semantic
15872,U+72C2,狂,36,,60,semantic
15873,U+72C3,狃,20,,60,semantic
15874,U+72C4,狄,43,,60,semantic
15875,U+72C5,狅,0,,60,semantic
15876,U+72C6,狆,19,,60,semantic
15877,U+72C7,狇,0,,60,semantic
15878,U+72C8,狈,19,,60,semantic
15879,U+72C9,狉,19,,60,semantic
15880,U+72CA,狊,0,,60,semantic
15881,U+72CB,狋,0,,60,semantic
15882,U+72CC,狌,19,,60,semantic
15883,U+72CD,狍,19,,60,semantic
15884,U+72CE,狎,42,,60,semantic
15885,U+72CF,狏,0,,60,semantic
15886,U+72D0,狐,19,,60,semantic
15887,U+72D1,狑,0,,60,semantic
15888,U+72D2,狒,53,,60,semantic
15889,U+72D3,狓,0,,60,semantic
15890,U+72D4,狔,0,,60,semantic
15891,U+72D5,狕,0,,60,semantic
15892,U+72D6,狖,17,,60,semantic
15893,U+72D7,狗,19,,60,semantic
15894,U+72D8,狘,13,,60,semantic
15895,U+72D9,狙,58,,60,semantic
15896,U+72DA,狚,0,,60,semantic
15897,U+72DB,狛,12,,60,semantic
15898,U+72DC,狜,19,,60,semantic
15899,U+72DD,狝,2,,60,semantic
15900,U+72DE,狞,42,,60,semantic
15901,U+72DF,狟,0,,60,semantic
15902,U+72E0,狠,42,,60,semantic
15903,U+72E1,狡,42,,60,semantic
15904,U+72E2,狢,19,,60,semantic
15905,U+72E3,狣,0,,60,semantic
15906,U+72E4,狤,0,,60,semantic
15907,U+72E5,狥,31,,60,semantic
15908,U+72E6,狦,0,,60,semantic
15909,U+72E7,狧,0,,60,semantic
15910,U+72E8,狨,19,,60,semantic
15911,U+72E9,狩,12,,60,semantic
15912,U+72EA,狪,0,,60,semantic
15913,U+72EB,狫,0,,60,semantic
15914,U+72EC,独,34,,60,semantic
15915,U+72ED,狭,45,,60,semantic
15916,U+72EE,狮,19,,60,semantic
15917,U+72EF,狯,42,,60,semantic
15918,U+72F0,狰,18,,60,semantic
15919,U+72F1,狱,42,,60,semantic
15920,U+72F2,狲,58,,60,semantic
15921,U+72F3,狳,53,,60,semantic
15922,U+72F4,狴,9,,60,semantic
15923,U+72F5,狵,47,,60,semantic
15924,U+72F6,狶,0,,60,semantic
15925,U+72F7,狷,36,,60,semantic
15926,U+72F8,狸,19,,60,semantic
15927,U+72F9,狹,45,,60,semantic
15928,U+72FA,狺,19,,60,semantic
15929,U+72FB,狻,19,,60,semantic
15930,U+72FC,狼,19,,60,semantic
15931,U+72FD,狽,19,,60,semantic
15932,U+72FE,狾,0,,60,semantic
15933,U+72FF,狿,0,,60,semantic
15934,U+7300,猀,0,,60,semantic
15935,U+7301,猁,58,,60,semantic
15936,U+7302,猂,0,,60,semantic
15937,U+7303,猃,19,,60,semantic
15938,U+7304,猄,19,,60,semantic
15939,U+7305,猅,0,,60,semantic
15940,U+7306,猆,0,,60,semantic
15941,U+7307,猇,36,,60,semantic
15942,U+7308,猈,0,,60,semantic
15943,U+7309,猉,0,,60,semantic
15944,U+730A,猊,19,,60,semantic
15945,U+730B,猋,16,,60,semantic
15946,U+730C,猌,0,,60,semantic
15947,U+730D,猍,0,,60,semantic
15948,U+730E,猎,1,,60,semantic
15949,U+730F,猏,0,,60,semantic
15950,U+7310,猐,0,,60,semantic
15951,U+7311,猑,0,,60,semantic
15952,U+7312,猒,0,,60,semantic
15953,U+7313,猓,58,,60,semantic
15954,U+7314,猔,12,,60,semantic
15955,U+7315,猕,58,,60,semantic
15956,U+7316,猖,42,,60,semantic
15957,U+7317,猗,28,,60,semantic
15958,U+7318,猘,36,,60,semantic
15959,U+7319,猙,18,,60,semantic
15960,U+731A,猚,0,,60,semantic
15961,U+731B,猛,42,,60,semantic
15962,U+731C,猜,33,,60,semantic
15963,U+731D,猝,36,,60,semantic
15964,U+731E,猞,44,,60,semantic
15965,U+731F,猟,1,,60,semantic
15966,U+7320,猠,0,,60,semantic
15967,U+7321,猡,19,,60,semantic
15968,U+7322,猢,58,,60,semantic
15969,U+7323,猣,0,,60,semantic
15970,U+7324,猤,0,,60,semantic
15971,U+7325,猥,45,,60,semantic
15972,U+7326,猦,0,,60,semantic
15973,U+7327,猧,0,,60,semantic
15974,U+7328,猨,58,,60,semantic
15975,U+7329,猩,58,,60,semantic
15976,U+732A,猪,19,,60,semantic
15977,U+732B,猫,19,,60,semantic
15978,U+732C,猬,58,,60,semantic
15979,U+732D,猭,0,,60,semantic
15980,U+732E,献,33,,60,semantic
15981,U+732F,猯,0,,60,semantic
15982,U+7330,猰,19,,60,semantic
15983,U+7331,猱,58,,60,semantic
15984,U+7332,猲,39,,60,semantic
15985,U+7333,猳,0,,60,semantic
15986,U+7334,猴,58,,60,semantic
15987,U+7335,猵,0,,60,semantic
15988,U+7336,猶,47,,60,semantic
15989,U+7337,猷,33,,60,semantic
15990,U+7338,猸,58,,60,semantic
15991,U+7339,猹,19,,60,semantic
15992,U+733A,猺,12,,60,semantic
15993,U+733B,猻,58,,60,semantic
15994,U+733C,猼,0,,60,semantic
15995,U+733D,猽,0,,60,semantic
15996,U+733E,猾,42,,60,semantic
15997,U+733F,猿,58,,60,semantic
15998,U+7340,獀,20,,60,semantic
15999,U+7341,獁,18,,60,semantic
16000,U+7342,獂,0,,60,semantic
16001,U+7343,獃,45,,60,semantic
16002,U+7344,獄,33,,60,semantic
16003,U+7345,獅,19,,60,semantic
16004,U+7346,獆,0,,60,semantic
16005,U+7347,獇,0,,60,semantic
16006,U+7348,獈,0,,60,semantic
16007,U+7349,獉,58,,60,semantic
16008,U+734A,獊,0,,60,semantic
16009,U+734B,獋,8,,60,semantic
16010,U+734C,獌,0,,60,semantic
16011,U+734D,獍,19,,60,semantic
16012,U+734E,獎,29,,60,semantic
16013,U+734F,獏,44,,60,semantic
16014,U+7350,獐,19,,60,semantic
16015,U+7351,獑,0,,60,semantic
16016,U+7352,獒,19,,60,semantic
16017,U+7353,獓,0,,60,semantic
16018,U+7354,獔,0,,60,semantic
16019,U+7355,獕,0,,60,semantic
16020,U+7356,獖,0,,60,semantic
16021,U+7357,獗,42,,60,semantic
16022,U+7358,獘,5,,60,semantic
16023,U+7359,獙,0,,60,semantic
16024,U+735A,獚,0,,60,semantic
16025,U+735B,獛,0,,60,semantic
16026,U+735C,獜,0,,60,semantic
16027,U+735D,獝,42,,60,semantic
16028,U+735E,獞,43,,60,semantic
16029,U+735F,獟,0,,60,semantic
16030,U+7360,獠,39,,60,semantic
16031,U+7361,獡,0,,60,semantic
16032,U+7362,獢,19,,60,semantic
16033,U+7363,獣,19,,60,semantic
16034,U+7364,獤,0,,60,semantic
16035,U+7365,獥,0,,60,semantic
16036,U+7366,獦,0,,60,semantic
16037,U+7367,獧,56,,60,semantic
16038,U+7368,獨,34,,60,semantic
16039,U+7369,獩,0,,60,semantic
16040,U+736A,獪,42,,60,semantic
16041,U+736B,獫,19,,60,semantic
16042,U+736C,獬,18,,60,semantic
16043,U+736D,獭,19,,60,semantic
16044,U+736E,獮,2,,60,semantic
16045,U+736F,獯,12,,60,semantic
16046,U+7370,獰,42,,60,semantic
16047,U+7371,獱,19,,60,semantic
16048,U+7372,獲,13,,60,semantic
16049,U+7373,獳,15,,60,semantic
16050,U+7374,獴,53,,60,semantic
16051,U+7375,獵,1,,60,semantic
16052,U+7376,獶,0,,60,semantic
16053,U+7377,獷,42,,60,semantic
16054,U+7378,獸,19,,60,semantic
16055,U+7379,獹,19,,60,semantic
16056,U+737A,獺,58,,60,semantic
16057,U+737B,獻,29,,60,semantic
16058,U+737C,獼,58,,60,semantic
16059,U+737D,獽,0,,60,semantic
16060,U+737E,獾,19,,60,semantic
16061,U+737F,獿,0,,60,semantic
16062,U+7380,玀,19,,60,semantic
16063,U+7381,玁,19,,60,semantic
16064,U+7382,玂,0,,60,semantic
16065,U+7383,玃,58,,60,semantic
16066,U+7384,玄,30,,60,semantic
16067,U+7385,玅,28,,60,semantic
16068,U+7386,玆,57,,60,semantic
16069,U+7387,率,33,,60,semantic
16070,U+7388,玈,50,,60,semantic
16071,U+7389,玉,40,,60,semantic
16072,U+738A,玊,0,,60,semantic
16073,U+738B,王,12,,60,semantic
16074,U+738C,玌,0,,60,semantic
16075,U+738D,玍,42,,60,semantic
16076,U+738E,玎,53,,60,semantic
16077,U+738F,玏,0,,60,semantic
16078,U+7390,玐,0,,60,semantic
16079,U+7391,玑,6,,60,semantic
16080,U+7392,玒,0,,60,semantic
16081,U+7393,玓,47,,60,semantic
16082,U+7394,玔,40,,60,semantic
16083,U+7395,玕,53,,60,semantic
16084,U+7396,玖,40,,60,semantic
16085,U+7397,玗,40,,60,semantic
16086,U+7398,玘,27,,60,semantic
16087,U+7399,玙,40,,60,semantic
16088,U+739A,玚,40,,60,semantic
16089,U+739B,玛,38,,60,semantic
16090,U+739C,玜,0,,60,semantic
16091,U+739D,玝,0,,60,semantic
16092,U+739E,玞,53,,60,semantic
16093,U+739F,玟,40,,60,semantic
16094,U+73A0,玠,40,,60,semantic
16095,U+73A1,玡,43,,60,semantic
16096,U+73A2,玢,40,,60,semantic
16097,U+73A3,玣,0,,60,semantic
16098,U+73A4,玤,40,,60,semantic
16099,U+73A5,玥,50,,60,semantic
16100,U+73A6,玦,40,,60,semantic
16101,U+73A7,玧,50,,60,semantic
16102,U+73A8,玨,40,,60,semantic
16103,U+73A9,玩,28,,60,semantic
16104,U+73AA,玪,0,,60,semantic
16105,U+73AB,玫,50,,60,semantic
16106,U+73AC,玬,0,,60,semantic
16107,U+73AD,玭,53,,60,semantic
16108,U+73AE,玮,40,,60,semantic
16109,U+73AF,环,40,,60,semantic
16110,U+73B0,现,7,,60,semantic
16111,U+73B1,玱,53,,60,semantic
16112,U+73B2,玲,40,,60,semantic
16113,U+73B3,玳,58,,60,semantic
16114,U+73B4,玴,0,,60,semantic
16115,U+73B5,玵,0,,60,semantic
16116,U+73B6,玶,40,,60,semantic
16117,U+73B7,玷,42,,60,semantic
16118,U+73B8,玸,0,,60,semantic
16119,U+73B9,玹,40,,60,semantic
16120,U+73BA,玺,12,,60,semantic
16121,U+73BB,玻,24,,60,semantic
16122,U+73BC,玼,50,,60,semantic
16123,U+73BD,玽,0,,60,semantic
16124,U+73BE,玾,0,,60,semantic
16125,U+73BF,玿,0,,60,semantic
16126,U+73C0,珀,49,,60,semantic
16127,U+73C1,珁,0,,60,semantic
16128,U+73C2,珂,40,,60,semantic
16129,U+73C3,珃,0,,60,semantic
16130,U+73C4,珄,0,,60,semantic
16131,U+73C5,珅,40,,60,semantic
16132,U+73C6,珆,0,,60,semantic
16133,U+73C7,珇,0,,60,semantic
16134,U+73C8,珈,4,,60,semantic
16135,U+73C9,珉,40,,60,semantic
16136,U+73CA,珊,25,,60,semantic
16137,U+73CB,珋,0,,60,semantic
16138,U+73CC,珌,47,,60,semantic
16139,U+73CD,珍,28,,60,semantic
16140,U+73CE,珎,28,,60,semantic
16141,U+73CF,珏,40,,60,semantic
16142,U+73D0,珐,17,,60,semantic
16143,U+73D1,珑,53,,60,semantic
16144,U+73D2,珒,0,,60,semantic
16145,U+73D3,珓,47,,60,semantic
16146,U+73D4,珔,0,,60,semantic
16147,U+73D5,珕,0,,60,semantic
16148,U+73D6,珖,53,,60,semantic
16149,U+73D7,珗,0,,60,semantic
16150,U+73D8,珘,0,,60,semantic
16151,U+73D9,珙,43,,60,semantic
16152,U+73DA,珚,0,,60,semantic
16153,U+73DB,珛,0,,60,semantic
16154,U+73DC,珜,0,,60,semantic
16155,U+73DD,珝,0,,60,semantic
16156,U+73DE,珞,53,,60,semantic
16157,U+73DF,珟,0,,60,semantic
16158,U+73E0,珠,40,,60,semantic
16159,U+73E1,珡,53,,60,semantic
16160,U+73E2,珢,14,,60,semantic
16161,U+73E3,珣,40,,60,semantic
16162,U+73E4,珤,29,,60,semantic
16163,U+73E5,珥,17,,60,semantic
16164,U+73E6,珦,40,,60,semantic
16165,U+73E7,珧,57,,60,semantic
16166,U+73E8,珨,0,,60,semantic
16167,U+73E9,珩,2,,60,semantic
16168,U+73EA,珪,12,,60,semantic
16169,U+73EB,珫,0,,60,semantic
16170,U+73EC,珬,0,,60,semantic
16171,U+73ED,班,33,,60,semantic
16172,U+73EE,珮,40,,60,semantic
16173,U+73EF,珯,0,,60,semantic
16174,U+73F0,珰,27,,60,semantic
16175,U+73F1,珱,40,,60,semantic
16176,U+73F2,珲,28,,60,semantic
16177,U+73F3,珳,0,,60,semantic
16178,U+73F4,珴,0,,60,semantic
16179,U+73F5,珵,0,,60,semantic
16180,U+73F6,珶,0,,60,semantic
16181,U+73F7,珷,53,,60,semantic
16182,U+73F8,珸,0,,60,semantic
16183,U+73F9,珹,40,,60,semantic
16184,U+73FA,珺,40,,60,semantic
16185,U+73FB,珻,0,,60,semantic
16186,U+73FC,珼,0,,60,semantic
16187,U+73FD,珽,40,,60,semantic
16188,U+73FE,現,7,,60,semantic
16189,U+73FF,珿,0,,60,semantic
16190,U+7400,琀,14,,60,semantic
16191,U+7401,琁,40,,60,semantic
16192,U+7402,琂,0,,60,semantic
16193,U+7403,球,14,,60,semantic
16194,U+7404,琄,2,,60,semantic
16195,U+7405,琅,50,,60,semantic
16196,U+7406,理,47,,60,semantic
16197,U+7407,琇,40,,60,semantic
16198,U+7408,琈,0,,60,semantic
16199,U+7409,琉,50,,60,semantic
16200,U+740A,琊,43,,60,semantic
16201,U+740B,琋,0,,60,semantic
16202,U+740C,琌,0,,60,semantic
16203,U+740D,琍,0,,60,semantic
16204,U+740E,琎,40,,60,semantic
16205,U+740F,琏,55,,60,semantic
16206,U+7410,琐,45,,60,semantic
16207,U+7411,琑,0,,60,semantic
16208,U+7412,琒,0,,60,semantic
16209,U+7413,琓,0,,60,semantic
16210,U+7414,琔,0,,60,semantic
16211,U+7415,琕,53,,60,semantic
16212,U+7416,琖,24,,60,semantic
16213,U+7417,琗,0,,60,semantic
16214,U+7418,琘,0,,60,semantic
16215,U+7419,琙,0,,60,semantic
16216,U+741A,琚,53,,60,semantic
16217,U+741B,琛,29,,60,semantic
16218,U+741C,琜,0,,60,semantic
16219,U+741D,琝,0,,60,semantic
16220,U+741E,琞,0,,60,semantic
16221,U+741F,琟,0,,60,semantic
16222,U+7420,琠,40,,60,semantic
16223,U+7421,琡,0,,60,semantic
16224,U+7422,琢,40,,60,semantic
16225,U+7423,琣,0,,60,semantic
16226,U+7424,琤,40,,60,semantic
16227,U+7425,琥,50,,60,semantic
16228,U+7426,琦,40,,60,semantic
16229,U+7427,琧,0,,60,semantic
16230,U+7428,琨,40,,60,semantic
16231,U+7429,琩,0,,60,semantic
16232,U+742A,琪,40,,60,semantic
16233,U+742B,琫,47,,60,semantic
16234,U+742C,琬,40,,60,semantic
16235,U+742D,琭,40,,60,semantic
16236,U+742E,琮,40,,60,semantic
16237,U+742F,琯,40,,60,semantic
16238,U+7430,琰,50,,60,semantic
16239,U+7431,琱,47,,60,semantic
16240,U+7432,琲,27,,60,semantic
16241,U+7433,琳,40,,60,semantic
16242,U+7434,琴,43,,60,semantic
16243,U+7435,琵,53,,60,semantic
16244,U+7436,琶,53,,60,semantic
16245,U+7437,琷,0,,60,semantic
16246,U+7438,琸,0,,60,semantic
16247,U+7439,琹,0,,60,semantic
16248,U+743A,琺,17,,60,semantic
16249,U+743B,琻,0,,60,semantic
16250,U+743C,琼,40,,60,semantic
16251,U+743D,琽,0,,60,semantic
16252,U+743E,琾,0,,60,semantic
16253,U+743F,琿,28,,60,semantic
16254,U+7440,瑀,40,,60,semantic
16255,U+7441,瑁,40,,60,semantic
16256,U+7442,瑂,0,,60,semantic
16257,U+7443,瑃,0,,60,semantic
16258,U+7444,瑄,40,,60,semantic
16259,U+7445,瑅,0,,60,semantic
16260,U+7446,瑆,0,,60,semantic
16261,U+7447,瑇,58,,60,semantic
16262,U+7448,瑈,0,,60,semantic
16263,U+7449,瑉,0,,60,semantic
16264,U+744A,瑊,40,,60,semantic
16265,U+744B,瑋,40,,60,semantic
16266,U+744C,瑌,14,,60,semantic
16267,U+744D,瑍,0,,60,semantic
16268,U+744E,瑎,0,,60,semantic
16269,U+744F,瑏,0,,60,semantic
16270,U+7450,瑐,0,,60,semantic
16271,U+7451,瑑,52,,60,semantic
16272,U+7452,瑒,40,,60,semantic
16273,U+7453,瑓,0,,60,semantic
16274,U+7454,瑔,0,,60,semantic
16275,U+7455,瑕,6,,60,semantic
16276,U+7456,瑖,0,,60,semantic
16277,U+7457,瑗,40,,60,semantic
16278,U+7458,瑘,22,,60,semantic
16279,U+7459,瑙,38,,60,semantic
16280,U+745A,瑚,25,,60,semantic
16281,U+745B,瑛,50,,60,semantic
16282,U+745C,瑜,28,,60,semantic
16283,U+745D,瑝,0,,60,semantic
16284,U+745E,瑞,36,,60,semantic
16285,U+745F,瑟,18,,60,semantic
16286,U+7460,瑠,14,,60,semantic
16287,U+7461,瑡,0,,60,semantic
16288,U+7462,瑢,46,,60,semantic
16289,U+7463,瑣,45,,60,semantic
16290,U+7464,瑤,40,,60,semantic
16291,U+7465,瑥,0,,60,semantic
16292,U+7466,瑦,0,,60,semantic
16293,U+7467,瑧,0,,60,semantic
16294,U+7468,瑨,40,,60,semantic
16295,U+7469,瑩,28,,60,semantic
16296,U+746A,瑪,38,,60,semantic
16297,U+746B,瑫,0,,60,semantic
16298,U+746C,瑬,0,,60,semantic
16299,U+746D,瑭,40,,60,semantic
16300,U+746E,瑮,0,,60,semantic
16301,U+746F,瑯,38,,60,semantic
16302,U+7470,瑰,28,,60,semantic
16303,U+7471,瑱,40,,60,semantic
16304,U+7472,瑲,53,,60,semantic
16305,U+7473,瑳,28,,60,semantic
16306,U+7474,瑴,40,,60,semantic
16307,U+7475,瑵,0,,60,semantic
16308,U+7476,瑶,40,,60,semantic
16309,U+7477,瑷,40,,60,semantic
16310,U+7478,瑸,40,,60,semantic
16311,U+7479,瑹,0,,60,semantic
16312,U+747A,瑺,0,,60,semantic
16313,U+747B,瑻,0,,60,semantic
16314,U+747C,瑼,0,,60,semantic
16315,U+747D,瑽,40,,60,semantic
16316,U+747E,瑾,40,,60,semantic
16317,U+747F,瑿,40,,60,semantic
16318,U+7480,璀,28,,60,semantic
16319,U+7481,璁,50,,60,semantic
16320,U+7482,璂,40,,60,semantic
16321,U+7483,璃,24,,60,semantic
16322,U+7484,璄,0,,60,semantic
16323,U+7485,璅,50,,60,semantic
16324,U+7486,璆,40,,60,semantic
16325,U+7487,璇,40,,60,semantic
16326,U+7488,璈,53,,60,semantic
16327,U+7489,璉,55,,60,semantic
16328,U+748A,璊,50,,60,semantic
16329,U+748B,璋,40,,60,semantic
16330,U+748C,璌,0,,60,semantic
16331,U+748D,璍,0,,60,semantic
16332,U+748E,璎,40,,60,semantic
16333,U+748F,璏,0,,60,semantic
16334,U+7490,璐,40,,60,semantic
16335,U+7491,璑,0,,60,semantic
16336,U+7492,璒,0,,60,semantic
16337,U+7493,璓,0,,60,semantic
16338,U+7494,璔,0,,60,semantic
16339,U+7495,璕,0,,60,semantic
16340,U+7496,璖,0,,60,semantic
16341,U+7497,璗,50,,60,semantic
16342,U+7498,璘,40,,60,semantic
16343,U+7499,璙,0,,60,semantic
16344,U+749A,璚,28,,60,semantic
16345,U+749B,璛,0,,60,semantic
16346,U+749C,璜,40,,60,semantic
16347,U+749D,璝,0,,60,semantic
16348,U+749E,璞,50,,60,semantic
16349,U+749F,璟,28,,60,semantic
16350,U+74A0,璠,40,,60,semantic
16351,U+74A1,璡,40,,60,semantic
16352,U+74A2,璢,14,,60,semantic
16353,U+74A3,璣,6,,60,semantic
16354,U+74A4,璤,0,,60,semantic
16355,U+74A5,璥,40,,60,semantic
16356,U+74A6,璦,40,,60,semantic
16357,U+74A7,璧,40,,60,semantic
16358,U+74A8,璨,28,,60,semantic
16359,U+74A9,璩,40,,60,semantic
16360,U+74AA,璪,46,,60,semantic
16361,U+74AB,璫,27,,60,semantic
16362,U+74AC,璬,0,,60,semantic
16363,U+74AD,璭,0,,60,semantic
16364,U+74AE,璮,0,,60,semantic
16365,U+74AF,璯,40,,60,semantic
16366,U+74B0,環,40,,60,semantic
16367,U+74B1,璱,0,,60,semantic
16368,U+74B2,璲,53,,60,semantic
16369,U+74B3,璳,0,,60,semantic
16370,U+74B4,璴,0,,60,semantic
16371,U+74B5,璵,40,,60,semantic
16372,U+74B6,璶,0,,60,semantic
16373,U+74B7,璷,0,,60,semantic
16374,U+74B8,璸,40,,60,semantic
16375,U+74B9,璹,0,,60,semantic
16376,U+74BA,璺,52,,60,semantic
16377,U+74BB,璻,0,,60,semantic
16378,U+74BC,璼,0,,60,semantic
16379,U+74BD,璽,12,,60,semantic
16380,U+74BE,璾,0,,60,semantic
16381,U+74BF,璿,40,,60,semantic
16382,U+74C0,瓀,50,,60,semantic
16383,U+74C1,瓁,0,,60,semantic
16384,U+74C2,瓂,0,,60,semantic
16385,U+74C3,瓃,0,,60,semantic
16386,U+74C4,瓄,0,,60,semantic
16387,U+74C5,瓅,0,,60,semantic
16388,U+74C6,瓆,0,,60,semantic
16389,U+74C7,瓇,0,,60,semantic
16390,U+74C8,瓈,24,,60,semantic
16391,U+74C9,瓉,0,,60,semantic
16392,U+74CA,瓊,40,,60,semantic
16393,U+74CB,瓋,0,,60,semantic
16394,U+74CC,瓌,28,,60,semantic
16395,U+74CD,瓍,0,,60,semantic
16396,U+74CE,瓎,0,,60,semantic
16397,U+74CF,瓏,53,,60,semantic
16398,U+74D0,瓐,0,,60,semantic
16399,U+74D1,瓑,0,,60,semantic
16400,U+74D2,瓒,26,,60,semantic
16401,U+74D3,瓓,0,,60,semantic
16402,U+74D4,瓔,40,,60,semantic
16403,U+74D5,瓕,0,,60,semantic
16404,U+74D6,瓖,47,,60,semantic
16405,U+74D7,瓗,0,,60,semantic
16406,U+74D8,瓘,40,,60,semantic
16407,U+74D9,瓙,0,,60,semantic
16408,U+74DA,瓚,26,,60,semantic
16409,U+74DB,瓛,53,,60,semantic
16410,U+74DC,瓜,30,,60,semantic
16411,U+74DD,瓝,0,,60,semantic
16412,U+74DE,瓞,3,,60,semantic
16413,U+74DF,瓟,24,,60,semantic
16414,U+74E0,瓠,26,,60,semantic
16415,U+74E1,瓡,0,,60,semantic
16416,U+74E2,瓢,49,,60,semantic
16417,U+74E3,瓣,46,,60,semantic
16418,U+74E4,瓤,54,,60,semantic
16419,U+74E5,瓥,0,,60,semantic
16420,U+74E6,瓦,26,,60,semantic
16421,U+74E7,瓧,47,,60,semantic
16422,U+74E8,瓨,0,,60,semantic
16423,U+74E9,瓩,6,,60,semantic
16424,U+74EA,瓪,0,,60,semantic
16425,U+74EB,瓫,0,,60,semantic
16426,U+74EC,瓬,0,,60,semantic
16427,U+74ED,瓭,0,,60,semantic
16428,U+74EE,瓮,26,,60,semantic
16429,U+74EF,瓯,26,,60,semantic
16430,U+74F0,瓰,47,,60,semantic
16431,U+74F1,瓱,53,,60,semantic
16432,U+74F2,瓲,0,,60,semantic
16433,U+74F3,瓳,0,,60,semantic
16434,U+74F4,瓴,46,,60,semantic
16435,U+74F5,瓵,0,,60,semantic
16436,U+74F6,瓶,26,,60,semantic
16437,U+74F7,瓷,26,,60,semantic
16438,U+74F8,瓸,47,,60,semantic
16439,U+74F9,瓹,34,,60,semantic
16440,U+74FA,瓺,0,,60,semantic
16441,U+74FB,瓻,26,,60,semantic
16442,U+74FC,瓼,0,,60,semantic
16443,U+74FD,瓽,0,,60,semantic
16444,U+74FE,瓾,0,,60,semantic
16445,U+74FF,瓿,26,,60,semantic
16446,U+7500,甀,26,,60,semantic
16447,U+7501,甁,26,,60,semantic
16448,U+7502,甂,54,,60,semantic
16449,U+7503,甃,9,,60,semantic
16450,U+7504,甄,33,,60,semantic
16451,U+7505,甅,47,,60,semantic
16452,U+7506,甆,26,,60,semantic
16453,U+7507,甇,26,,60,semantic
16454,U+7508,甈,0,,60,semantic
16455,U+7509,甉,0,,60,semantic
16456,U+750A,甊,0,,60,semantic
16457,U+750B,甋,26,,60,semantic
16458,U+750C,甌,26,,60,semantic
16459,U+750D,甍,55,,60,semantic
16460,U+750E,甎,14,,60,semantic
16461,U+750F,甏,26,,60,semantic
16462,U+7510,甐,0,,60,semantic
16463,U+7511,甑,21,,60,semantic
16464,U+7512,甒,26,,60,semantic
16465,U+7513,甓,14,,60,semantic
16466,U+7514,甔,26,,60,semantic
16467,U+7515,甕,26,,60,semantic
16468,U+7516,甖,26,,60,semantic
16469,U+7517,甗,55,,60,semantic
16470,U+7518,甘,28,,60,semantic
16471,U+7519,甙,48,,60,semantic
16472,U+751A,甚,18,,60,semantic
16473,U+751B,甛,28,,60,semantic
16474,U+751C,甜,28,,60,semantic
16475,U+751D,甝,0,,60,semantic
16476,U+751E,甞,17,,60,semantic
16477,U+751F,生,57,,60,semantic
16478,U+7520,甠,0,,60,semantic
16479,U+7521,甡,18,,60,semantic
16480,U+7522,產,29,,60,semantic
16481,U+7523,産,57,,60,semantic
16482,U+7524,甤,3,,60,semantic
16483,U+7525,甥,57,,60,semantic
16484,U+7526,甦,5,,60,semantic
16485,U+7527,甧,0,,60,semantic
16486,U+7528,用,33,,60,semantic
16487,U+7529,甩,5,,60,semantic
16488,U+752A,甪,5,,60,semantic
16489,U+752B,甫,57,,60,semantic
16490,U+752C,甬,10,,60,semantic
16491,U+752D,甭,34,,60,semantic
16492,U+752E,甮,34,,60,semantic
16493,U+752F,甯,34,,60,semantic
16494,U+7530,田,3,,60,semantic
16495,U+7534,甴,58,,60,semantic
16496,U+7535,电,39,,60,semantic
16497,U+7536,甶,0,,60,semantic
16498,U+7537,男,57,,60,semantic
16499,U+7538,甸,43,,60,semantic
16500,U+7539,甹,0,,60,semantic
16501,U+753A,町,31,,60,semantic
16502,U+753B,画,20,,60,semantic
16503,U+753C,甼,31,,60,semantic
16504,U+753D,甽,23,,60,semantic
16505,U+753E,甾,14,,60,semantic
16506,U+753F,甿,48,,60,semantic
16507,U+7540,畀,29,,60,semantic
16508,U+7541,畁,29,,60,semantic
16509,U+7542,畂,0,,60,semantic
16510,U+7543,畃,0,,60,semantic
16511,U+7544,畄,5,,60,semantic
16512,U+7545,畅,34,,60,semantic
16513,U+7546,畆,43,,60,semantic
16514,U+7547,畇,12,,60,semantic
16515,U+7548,畈,48,,60,semantic
16516,U+7549,畉,0,,60,semantic
16517,U+754A,畊,3,,60,semantic
16518,U+754B,畋,20,,60,semantic
16519,U+754C,界,33,,60,semantic
16520,U+754D,畍,0,,60,semantic
16521,U+754E,畎,23,,60,semantic
16522,U+754F,畏,36,,60,semantic
16523,U+7550,畐,27,,60,semantic
16524,U+7551,畑,21,,60,semantic
16525,U+7552,畒,43,,60,semantic
16526,U+7553,畓,21,,60,semantic
16527,U+7554,畔,9,,60,semantic
16528,U+7555,畕,0,,60,semantic
16529,U+7556,畖,0,,60,semantic
16530,U+7557,畗,0,,60,semantic
16531,U+7558,畘,0,,60,semantic
16532,U+7559,留,5,,60,semantic
16533,U+755A,畚,48,,60,semantic
16534,U+755B,畛,9,,60,semantic
16535,U+755C,畜,19,,60,semantic
16536,U+755D,畝,43,,60,semantic
16537,U+755E,畞,0,,60,semantic
16538,U+755F,畟,52,,60,semantic
16539,U+7560,畠,3,,60,semantic
16540,U+7561,畡,0,,60,semantic
16541,U+7562,畢,12,,60,semantic
16542,U+7563,畣,0,,60,semantic
16543,U+7564,畤,12,,60,semantic
16544,U+7565,略,47,,60,semantic
16545,U+7566,畦,3,,60,semantic
16546,U+7567,畧,47,,60,semantic
16547,U+7568,畨,47,,60,semantic
16548,U+7569,畩,0,,60,semantic
16549,U+756A,番,31,,60,semantic
16550,U+756B,畫,33,,60,semantic
16551,U+756C,畬,12,,60,semantic
16552,U+756D,畭,0,,60,semantic
16553,U+756E,畮,0,,60,semantic
16554,U+756F,畯,45,,60,semantic
16555,U+7570,異,47,,60,semantic
16556,U+7571,畱,20,,60,semantic
16557,U+7572,畲,39,,60,semantic
16558,U+7573,畳,47,,60,semantic
16559,U+7574,畴,3,,60,semantic
16560,U+7575,畵,33,,60,semantic
16561,U+7576,當,33,,60,semantic
16562,U+7577,畷,31,,60,semantic
16563,U+7578,畸,36,,60,semantic
16564,U+7579,畹,47,,60,semantic
16565,U+757A,畺,9,,60,semantic
16566,U+757B,畻,0,,60,semantic
16567,U+757C,畼,0,,60,semantic
16568,U+757D,畽,14,,60,semantic
16569,U+757E,畾,47,,60,semantic
16570,U+757F,畿,12,,60,semantic
16571,U+7580,疀,0,,60,semantic
16572,U+7581,疁,0,,60,semantic
16573,U+7582,疂,47,,60,semantic
16574,U+7583,疃,9,,60,semantic
16575,U+7584,疄,0,,60,semantic
16576,U+7585,疅,0,,60,semantic
16577,U+7586,疆,9,,60,semantic
16578,U+7587,疇,3,,60,semantic
16579,U+7588,疈,0,,60,semantic
16580,U+7589,疉,47,,60,semantic
16581,U+758A,疊,33,,60,semantic
16582,U+758B,疋,51,,60,semantic
16583,U+758D,疍,53,,60,semantic
16584,U+758E,疎,45,,60,semantic
16585,U+7590,疐,5,,60,semantic
16586,U+7591,疑,36,,60,semantic
16587,U+7592,疒,30,,60,semantic
16588,U+7593,疓,51,,60,semantic
16589,U+7594,疔,56,,60,semantic
16590,U+7595,疕,56,,60,semantic
16591,U+7596,疖,56,,60,semantic
16592,U+7597,疗,29,,60,semantic
16593,U+7598,疘,0,,60,semantic
16594,U+7599,疙,56,,60,semantic
16595,U+759A,疚,15,,60,semantic
16596,U+759B,疛,0,,60,semantic
16597,U+759C,疜,0,,60,semantic
16598,U+759D,疝,56,,60,semantic
16599,U+759E,疞,0,,60,semantic
16600,U+759F,疟,56,,60,semantic
16601,U+75A0,疠,56,,60,semantic
16602,U+75A1,疡,56,,60,semantic
16603,U+75A2,疢,51,,60,semantic
16604,U+75A3,疣,53,,60,semantic
16605,U+75A4,疤,56,,60,semantic
16606,U+75A5,疥,53,,60,semantic
16607,U+75A6,疦,0,,60,semantic
16608,U+75A7,疧,56,,60,semantic
16609,U+75A8,疨,0,,60,semantic
16610,U+75A9,疩,0,,60,semantic
16611,U+75AA,疪,0,,60,semantic
16612,U+75AB,疫,56,,60,semantic
16613,U+75AC,疬,56,,60,semantic
16614,U+75AD,疭,56,,60,semantic
16615,U+75AE,疮,56,,60,semantic
16616,U+75AF,疯,36,,60,semantic
16617,U+75B0,疰,56,,60,semantic
16618,U+75B1,疱,56,,60,semantic
16619,U+75B2,疲,45,,60,semantic
16620,U+75B3,疳,56,,60,semantic
16621,U+75B4,疴,56,,60,semantic
16622,U+75B5,疵,56,,60,semantic
16623,U+75B6,疶,0,,60,semantic
16624,U+75B7,疷,0,,60,semantic
16625,U+75B8,疸,56,,60,semantic
16626,U+75B9,疹,56,,60,semantic
16627,U+75BA,疺,0,,60,semantic
16628,U+75BB,疻,1,,60,semantic
16629,U+75BC,疼,15,,60,semantic
16630,U+75BD,疽,56,,60,semantic
16631,U+75BE,疾,56,,60,semantic
16632,U+75BF,疿,49,,60,semantic
16633,U+75C0,痀,51,,60,semantic
16634,U+75C1,痁,56,,60,semantic
16635,U+75C2,痂,52,,60,semantic
16636,U+75C3,痃,56,,60,semantic
16637,U+75C4,痄,56,,60,semantic
16638,U+75C5,病,56,,60,semantic
16639,U+75C6,痆,0,,60,semantic
16640,U+75C7,症,56,,60,semantic
16641,U+75C8,痈,56,,60,semantic
16642,U+75C9,痉,36,,60,semantic
16643,U+75CA,痊,29,,60,semantic
16644,U+75CB,痋,0,,60,semantic
16645,U+75CC,痌,15,,60,semantic
16646,U+75CD,痍,56,,60,semantic
16647,U+75CE,痎,56,,60,semantic
16648,U+75CF,痏,56,,60,semantic
16649,U+75D0,痐,16,,60,semantic
16650,U+75D1,痑,35,,60,semantic
16651,U+75D2,痒,56,,60,semantic
16652,U+75D3,痓,0,,60,semantic
16653,U+75D4,痔,56,,60,semantic
16654,U+75D5,痕,52,,60,semantic
16655,U+75D6,痖,45,,60,semantic
16656,U+75D7,痗,56,,60,semantic
16657,U+75D8,痘,56,,60,semantic
16658,U+75D9,痙,36,,60,semantic
16659,U+75DA,痚,56,,60,semantic
16660,U+75DB,痛,15,,60,semantic
16661,U+75DC,痜,4,,60,semantic
16662,U+75DD,痝,0,,60,semantic
16663,U+75DE,痞,56,,60,semantic
16664,U+75DF,痟,0,,60,semantic
16665,U+75E0,痠,51,,60,semantic
16666,U+75E1,痡,56,,60,semantic
16667,U+75E2,痢,56,,60,semantic
16668,U+75E3,痣,56,,60,semantic
16669,U+75E4,痤,56,,60,semantic
16670,U+75E5,痥,0,,60,semantic
16671,U+75E6,痦,56,,60,semantic
16672,U+75E7,痧,56,,60,semantic
16673,U+75E8,痨,56,,60,semantic
16674,U+75E9,痩,45,,60,semantic
16675,U+75EA,痪,36,,60,semantic
16676,U+75EB,痫,36,,60,semantic
16677,U+75EC,痬,0,,60,semantic
16678,U+75ED,痭,56,,60,semantic
16679,U+75EE,痮,56,,60,semantic
16680,U+75EF,痯,56,,60,semantic
16681,U+75F0,痰,17,,60,semantic
16682,U+75F1,痱,56,,60,semantic
16683,U+75F2,痲,56,,60,semantic
16684,U+75F3,痳,56,,60,semantic
16685,U+75F4,痴,45,,60,semantic
16686,U+75F5,痵,56,,60,semantic
16687,U+75F6,痶,0,,60,semantic
16688,U+75F7,痷,0,,60,semantic
16689,U+75F8,痸,0,,60,semantic
16690,U+75F9,痹,36,,60,semantic
16691,U+75FA,痺,36,,60,semantic
16692,U+75FB,痻,15,,60,semantic
16693,U+75FC,痼,56,,60,semantic
16694,U+75FD,痽,0,,60,semantic
16695,U+75FE,痾,56,,60,semantic
16696,U+75FF,痿,36,,60,semantic
16697,U+7600,瘀,56,,60,semantic
16698,U+7601,瘁,15,,60,semantic
16699,U+7602,瘂,45,,60,semantic
16700,U+7603,瘃,56,,60,semantic
16701,U+7604,瘄,0,,60,semantic
16702,U+7605,瘅,15,,60,semantic
16703,U+7606,瘆,36,,60,semantic
16704,U+7607,瘇,51,,60,semantic
16705,U+7608,瘈,56,,60,semantic
16706,U+7609,瘉,29,,60,semantic
16707,U+760A,瘊,53,,60,semantic
16708,U+760B,瘋,36,,60,semantic
16709,U+760C,瘌,56,,60,semantic
16710,U+760D,瘍,56,,60,semantic
16711,U+760E,瘎,0,,60,semantic
16712,U+760F,瘏,56,,60,semantic
16713,U+7610,瘐,42,,60,semantic
16714,U+7611,瘑,0,,60,semantic
16715,U+7612,瘒,0,,60,semantic
16716,U+7613,瘓,36,,60,semantic
16717,U+7614,瘔,0,,60,semantic
16718,U+7615,瘕,56,,60,semantic
16719,U+7616,瘖,45,,60,semantic
16720,U+7617,瘗,14,,60,semantic
16721,U+7618,瘘,56,,60,semantic
16722,U+7619,瘙,56,,60,semantic
16723,U+761A,瘚,4,,60,semantic
16724,U+761B,瘛,56,,60,semantic
16725,U+761C,瘜,38,,60,semantic
16726,U+761D,瘝,15,,60,semantic
16727,U+761E,瘞,14,,60,semantic
16728,U+761F,瘟,56,,60,semantic
16729,U+7620,瘠,45,,60,semantic
16730,U+7621,瘡,56,,60,semantic
16731,U+7622,瘢,56,,60,semantic
16732,U+7623,瘣,0,,60,semantic
16733,U+7624,瘤,56,,60,semantic
16734,U+7625,瘥,56,,60,semantic
16735,U+7626,瘦,45,,60,semantic
16736,U+7627,瘧,56,,60,semantic
16737,U+7628,瘨,15,,60,semantic
16738,U+7629,瘩,56,,60,semantic
16739,U+762A,瘪,52,,60,semantic
16740,U+762B,瘫,36,,60,semantic
16741,U+762C,瘬,0,,60,semantic
16742,U+762D,瘭,53,,60,semantic
16743,U+762E,瘮,36,,60,semantic
16744,U+762F,瘯,56,,60,semantic
16745,U+7630,瘰,56,,60,semantic
16746,U+7631,瘱,0,,60,semantic
16747,U+7632,瘲,56,,60,semantic
16748,U+7633,瘳,20,,60,semantic
16749,U+7634,瘴,58,,60,semantic
16750,U+7635,瘵,56,,60,semantic
16751,U+7636,瘶,8,,60,semantic
16752,U+7637,瘷,0,,60,semantic
16753,U+7638,瘸,51,,60,semantic
16754,U+7639,瘹,0,,60,semantic
16755,U+763A,瘺,56,,60,semantic
16756,U+763B,瘻,56,,60,semantic
16757,U+763C,瘼,15,,60,semantic
16758,U+763D,瘽,0,,60,semantic
16759,U+763E,瘾,42,,60,semantic
16760,U+763F,瘿,56,,60,semantic
16761,U+7640,癀,56,,60,semantic
16762,U+7641,癁,0,,60,semantic
16763,U+7642,療,29,,60,semantic
16764,U+7643,癃,56,,60,semantic
16765,U+7644,癄,0,,60,semantic
16766,U+7645,癅,56,,60,semantic
16767,U+7646,癆,56,,60,semantic
16768,U+7647,癇,36,,60,semantic
16769,U+7648,癈,5,,60,semantic
16770,U+7649,癉,15,,60,semantic
16771,U+764A,癊,56,,60,semantic
16772,U+764B,癋,0,,60,semantic
16773,U+764C,癌,38,,60,semantic
16774,U+764D,癍,56,,60,semantic
16775,U+764E,癎,36,,60,semantic
16776,U+764F,癏,0,,60,semantic
16777,U+7650,癐,47,,60,semantic
16778,U+7651,癑,0,,60,semantic
16779,U+7652,癒,29,,60,semantic
16780,U+7653,癓,0,,60,semantic
16781,U+7654,癔,36,,60,semantic
16782,U+7655,癕,49,,60,semantic
16783,U+7656,癖,56,,60,semantic
16784,U+7657,癗,0,,60,semantic
16785,U+7658,癘,56,,60,semantic
16786,U+7659,癙,56,,60,semantic
16787,U+765A,癚,0,,60,semantic
16788,U+765B,癛,0,,60,semantic
16789,U+765C,癜,56,,60,semantic
16790,U+765D,癝,0,,60,semantic
16791,U+765E,癞,56,,60,semantic
16792,U+765F,癟,49,,60,semantic
16793,U+7660,癠,56,,60,semantic
16794,U+7661,癡,45,,60,semantic
16795,U+7662,癢,56,,60,semantic
16796,U+7663,癣,58,,60,semantic
16797,U+7664,癤,56,,60,semantic
16798,U+7665,癥,56,,60,semantic
16799,U+7666,癦,58,,60,semantic
16800,U+7667,癧,56,,60,semantic
16801,U+7668,癨,32,,60,semantic
16802,U+7669,癩,56,,60,semantic
16803,U+766A,癪,56,,60,semantic
16804,U+766B,癫,36,,60,semantic
16805,U+766C,癬,58,,60,semantic
16806,U+766D,癭,56,,60,semantic
16807,U+766E,癮,56,,60,semantic
16808,U+766F,癯,45,,60,semantic
16809,U+7670,癰,56,,60,semantic
16810,U+7671,癱,36,,60,semantic
16811,U+7672,癲,36,,60,semantic
16812,U+7673,癳,0,,60,semantic
16813,U+7674,癴,0,,60,semantic
16814,U+7675,癵,0,,60,semantic
16815,U+7677,癷,0,,60,semantic
16816,U+7678,癸,12,,60,semantic
16817,U+7679,癹,0,,60,semantic
16818,U+767A,発,47,,60,semantic
16819,U+767B,登,22,,60,semantic
16820,U+767C,發,33,,60,semantic
16821,U+767D,白,50,,60,semantic
16822,U+767E,百,18,,60,semantic
16823,U+767F,癿,0,,60,semantic
16824,U+7680,皀,48,,60,semantic
16825,U+7681,皁,31,,60,semantic
16826,U+7682,皂,49,,60,semantic
16827,U+7683,皃,28,,60,semantic
16828,U+7684,的,57,,60,semantic
16829,U+7685,皅,0,,60,semantic
16830,U+7686,皆,33,,60,semantic
16831,U+7687,皇,12,,60,semantic
16832,U+7688,皈,33,,60,semantic
16833,U+7689,皉,0,,60,semantic
16834,U+768A,皊,0,,60,semantic
16835,U+768B,皋,10,,60,semantic
16836,U+768C,皌,0,,60,semantic
16837,U+768D,皍,0,,60,semantic
16838,U+768E,皎,50,,60,semantic
16839,U+768F,皏,0,,60,semantic
16840,U+7690,皐,10,,60,semantic
16841,U+7691,皑,50,,60,semantic
16842,U+7692,皒,0,,60,semantic
16843,U+7693,皓,50,,60,semantic
16844,U+7694,皔,0,,60,semantic
16845,U+7695,皕,47,,60,semantic
16846,U+7696,皖,43,,60,semantic
16847,U+7697,皗,0,,60,semantic
16848,U+7698,皘,0,,60,semantic
16849,U+7699,皙,50,,60,semantic
16850,U+769A,皚,50,,60,semantic
16851,U+769B,皛,0,,60,semantic
16852,U+769C,皜,50,,60,semantic
16853,U+769D,皝,50,,60,semantic
16854,U+769E,皞,28,,60,semantic
16855,U+769F,皟,0,,60,semantic
16856,U+76A0,皠,0,,60,semantic
16857,U+76A1,皡,28,,60,semantic
16858,U+76A2,皢,0,,60,semantic
16859,U+76A3,皣,0,,60,semantic
16860,U+76A4,皤,4,,60,semantic
16861,U+76A5,皥,28,,60,semantic
16862,U+76A6,皦,50,,60,semantic
16863,U+76A7,皧,0,,60,semantic
16864,U+76A8,皨,0,,60,semantic
16865,U+76A9,皩,0,,60,semantic
16866,U+76AA,皪,0,,60,semantic
16867,U+76AB,皫,50,,60,semantic
16868,U+76AC,皬,0,,60,semantic
16869,U+76AD,皭,50,,60,semantic
16870,U+76AE,皮,4,,60,semantic
16871,U+76AF,皯,0,,60,semantic
16872,U+76B0,皰,56,,60,semantic
16873,U+76B1,皱,52,,60,semantic
16874,U+76B2,皲,52,,60,semantic
16875,U+76B3,皳,0,,60,semantic
16876,U+76B4,皴,52,,60,semantic
16877,U+76B5,皵,0,,60,semantic
16878,U+76B6,皶,4,,60,semantic
16879,U+76B7,皷,8,,60,semantic
16880,U+76B8,皸,52,,60,semantic
16881,U+76B9,皹,52,,60,semantic
16882,U+76BA,皺,52,,60,semantic
16883,U+76BB,皻,56,,60,semantic
16884,U+76BC,皼,0,,60,semantic
16885,U+76BD,皽,53,,60,semantic
16886,U+76BE,皾,0,,60,semantic
16887,U+76BF,皿,26,,60,semantic
16888,U+76C0,盀,0,,60,semantic
16889,U+76C1,盁,0,,60,semantic
16890,U+76C2,盂,26,,60,semantic
16891,U+76C3,盃,24,,60,semantic
16892,U+76C4,盄,0,,60,semantic
16893,U+76C5,盅,26,,60,semantic
16894,U+76C6,盆,26,,60,semantic
16895,U+76C7,盇,47,,60,semantic
16896,U+76C8,盈,18,,60,semantic
16897,U+76C9,盉,47,,60,semantic
16898,U+76CA,益,29,,60,semantic
16899,U+76CB,盋,26,,60,semantic
16900,U+76CC,盌,26,,60,semantic
16901,U+76CD,盍,47,,60,semantic
16902,U+76CE,盎,26,,60,semantic
16903,U+76CF,盏,26,,60,semantic
16904,U+76D0,盐,49,,60,semantic
16905,U+76D1,监,33,,60,semantic
16906,U+76D2,盒,14,,60,semantic
16907,U+76D3,盓,0,,60,semantic
16908,U+76D4,盔,26,,60,semantic
16909,U+76D5,盕,0,,60,semantic
16910,U+76D6,盖,9,,60,semantic
16911,U+76D7,盗,42,,60,semantic
16912,U+76D8,盘,54,,60,semantic
16913,U+76D9,盙,26,,60,semantic
16914,U+76DA,盚,0,,60,semantic
16915,U+76DB,盛,28,,60,semantic
16916,U+76DC,盜,42,,60,semantic
16917,U+76DD,盝,23,,60,semantic
16918,U+76DE,盞,26,,60,semantic
16919,U+76DF,盟,12,,60,semantic
16920,U+76E0,盠,0,,60,semantic
16921,U+76E1,盡,5,,60,semantic
16922,U+76E2,盢,0,,60,semantic
16923,U+76E3,監,33,,60,semantic
16924,U+76E4,盤,54,,60,semantic
16925,U+76E5,盥,23,,60,semantic
16926,U+76E6,盦,53,,60,semantic
16927,U+76E7,盧,9,,60,semantic
16928,U+76E8,盨,0,,60,semantic
16929,U+76E9,盩,53,,60,semantic
16930,U+76EA,盪,1,,60,semantic
16931,U+76EB,盫,0,,60,semantic
16932,U+76EC,盬,26,,60,semantic
16933,U+76ED,盭,42,,60,semantic
16934,U+76EE,目,30,,60,semantic
16935,U+76EF,盯,7,,60,semantic
16936,U+76F0,盰,0,,60,semantic
16937,U+76F1,盱,7,,60,semantic
16938,U+76F2,盲,7,,60,semantic
16939,U+76F3,盳,0,,60,semantic
16940,U+76F4,直,51,,60,semantic
16941,U+76F5,盵,0,,60,semantic
16942,U+76F6,盶,0,,60,semantic
16943,U+76F7,盷,0,,60,semantic
16944,U+76F8,相,47,,60,semantic
16945,U+76F9,盹,8,,60,semantic
16946,U+76FA,盺,7,,60,semantic
16947,U+76FB,盻,7,,60,semantic
16948,U+76FC,盼,7,,60,semantic
16949,U+76FD,盽,0,,60,semantic
16950,U+76FF,盿,0,,60,semantic
16951,U+7700,眀,0,,60,semantic
16952,U+7701,省,33,,60,semantic
16953,U+7702,眂,0,,60,semantic
16954,U+7703,眃,0,,60,semantic
16955,U+7704,眄,45,,60,semantic
16956,U+7705,眅,9,,60,semantic
16957,U+7706,眆,47,,60,semantic
16958,U+7707,眇,7,,60,semantic
16959,U+7708,眈,20,,60,semantic
16960,U+7709,眉,4,,60,semantic
16961,U+770A,眊,45,,60,semantic
16962,U+770B,看,7,,60,semantic
16963,U+770C,県,43,,60,semantic
16964,U+770D,眍,5,,60,semantic
16965,U+770E,眎,7,,60,semantic
16966,U+770F,眏,0,,60,semantic
16967,U+7710,眐,0,,60,semantic
16968,U+7711,眑,34,,60,semantic
16969,U+7712,眒,0,,60,semantic
16970,U+7713,眓,0,,60,semantic
16971,U+7714,眔,0,,60,semantic
16972,U+7715,眕,13,,60,semantic
16973,U+7716,眖,0,,60,semantic
16974,U+7717,眗,0,,60,semantic
16975,U+7718,眘,0,,60,semantic
16976,U+7719,眙,7,,60,semantic
16977,U+771A,眚,7,,60,semantic
16978,U+771B,眛,34,,60,semantic
16979,U+771C,眜,0,,60,semantic
16980,U+771D,眝,0,,60,semantic
16981,U+771E,眞,33,,60,semantic
16982,U+771F,真,47,,60,semantic
16983,U+7720,眠,34,,60,semantic
16984,U+7721,眡,7,,60,semantic
16985,U+7722,眢,50,,60,semantic
16986,U+7723,眣,7,,60,semantic
16987,U+7724,眤,0,,60,semantic
16988,U+7725,眥,7,,60,semantic
16989,U+7726,眦,7,,60,semantic
16990,U+7727,眧,0,,60,semantic
16991,U+7728,眨,7,,60,semantic
16992,U+7729,眩,36,,60,semantic
16993,U+772A,眪,0,,60,semantic
16994,U+772B,眫,0,,60,semantic
16995,U+772C,眬,45,,60,semantic
16996,U+772D,眭,7,,60,semantic
16997,U+772E,眮,0,,60,semantic
16998,U+772F,眯,7,,60,semantic
16999,U+7730,眰,0,,60,semantic
17000,U+7731,眱,0,,60,semantic
17001,U+7732,眲,42,,60,semantic
17002,U+7733,眳,0,,60,semantic
17003,U+7734,眴,28,,60,semantic
17004,U+7735,眵,7,,60,semantic
17005,U+7736,眶,46,,60,semantic
17006,U+7737,眷,33,,60,semantic
17007,U+7738,眸,7,,60,semantic
17008,U+7739,眹,47,,60,semantic
17009,U+773A,眺,7,,60,semantic
17010,U+773B,眻,0,,60,semantic
17011,U+773C,眼,7,,60,semantic
17012,U+773D,眽,7,,60,semantic
17013,U+773E,眾,18,,60,semantic
17014,U+773F,眿,0,,60,semantic
17015,U+7740,着,13,,60,semantic
17016,U+7741,睁,7,,60,semantic
17017,U+7742,睂,0,,60,semantic
17018,U+7743,睃,7,,60,semantic
17019,U+7744,睄,7,,60,semantic
17020,U+7745,睅,7,,60,semantic
17021,U+7746,睆,50,,60,semantic
17022,U+7747,睇,7,,60,semantic
17023,U+7748,睈,0,,60,semantic
17024,U+7749,睉,0,,60,semantic
17025,U+774A,睊,7,,60,semantic
17026,U+774B,睋,0,,60,semantic
17027,U+774C,睌,0,,60,semantic
17028,U+774D,睍,36,,60,semantic
17029,U+774E,睎,7,,60,semantic
17030,U+774F,睏,36,,60,semantic
17031,U+7750,睐,7,,60,semantic
17032,U+7751,睑,4,,60,semantic
17033,U+7752,睒,7,,60,semantic
17034,U+7753,睓,0,,60,semantic
17035,U+7754,睔,0,,60,semantic
17036,U+7755,睕,0,,60,semantic
17037,U+7756,睖,7,,60,semantic
17038,U+7757,睗,50,,60,semantic
17039,U+7758,睘,7,,60,semantic
17040,U+7759,睙,0,,60,semantic
17041,U+775A,睚,7,,60,semantic
17042,U+775B,睛,7,,60,semantic
17043,U+775C,睜,7,,60,semantic
17044,U+775D,睝,0,,60,semantic
17045,U+775E,睞,7,,60,semantic
17046,U+775F,睟,7,,60,semantic
17047,U+7760,睠,20,,60,semantic
17048,U+7761,睡,36,,60,semantic
17049,U+7762,睢,7,,60,semantic
17050,U+7763,督,33,,60,semantic
17051,U+7764,睤,7,,60,semantic
17052,U+7765,睥,7,,60,semantic
17053,U+7766,睦,28,,60,semantic
17054,U+7767,睧,45,,60,semantic
17055,U+7768,睨,7,,60,semantic
17056,U+7769,睩,0,,60,semantic
17057,U+776A,睪,33,,60,semantic
17058,U+776B,睫,4,,60,semantic
17059,U+776C,睬,7,,60,semantic
17060,U+776D,睭,0,,60,semantic
17061,U+776E,睮,0,,60,semantic
17062,U+776F,睯,0,,60,semantic
17063,U+7770,睰,0,,60,semantic
17064,U+7771,睱,7,,60,semantic
17065,U+7772,睲,0,,60,semantic
17066,U+7773,睳,0,,60,semantic
17067,U+7774,睴,0,,60,semantic
17068,U+7775,睵,0,,60,semantic
17069,U+7776,睶,0,,60,semantic
17070,U+7777,睷,0,,60,semantic
17071,U+7778,睸,5,,60,semantic
17072,U+7779,睹,7,,60,semantic
17073,U+777A,睺,7,,60,semantic
17074,U+777B,睻,0,,60,semantic
17075,U+777C,睼,7,,60,semantic
17076,U+777D,睽,7,,60,semantic
17077,U+777E,睾,38,,60,semantic
17078,U+777F,睿,28,,60,semantic
17079,U+7780,瞀,7,,60,semantic
17080,U+7781,瞁,0,,60,semantic
17081,U+7782,瞂,0,,60,semantic
17082,U+7783,瞃,0,,60,semantic
17083,U+7784,瞄,7,,60,semantic
17084,U+7785,瞅,7,,60,semantic
17085,U+7786,瞆,45,,60,semantic
17086,U+7787,瞇,7,,60,semantic
17087,U+7788,瞈,0,,60,semantic
17088,U+7789,瞉,0,,60,semantic
17089,U+778A,瞊,0,,60,semantic
17090,U+778B,瞋,15,,60,semantic
17091,U+778C,瞌,36,,60,semantic
17092,U+778D,瞍,7,,60,semantic
17093,U+778E,瞎,42,,60,semantic
17094,U+778F,瞏,47,,60,semantic
17095,U+7790,瞐,0,,60,semantic
17096,U+7791,瞑,7,,60,semantic
17097,U+7792,瞒,42,,60,semantic
17098,U+7793,瞓,36,,60,semantic
17099,U+7794,瞔,0,,60,semantic
17100,U+7795,瞕,7,,60,semantic
17101,U+7796,瞖,7,,60,semantic
17102,U+7797,瞗,0,,60,semantic
17103,U+7798,瞘,7,,60,semantic
17104,U+7799,瞙,0,,60,semantic
17105,U+779A,瞚,0,,60,semantic
17106,U+779B,瞛,0,,60,semantic
17107,U+779C,瞜,7,,60,semantic
17108,U+779D,瞝,0,,60,semantic
17109,U+779E,瞞,42,,60,semantic
17110,U+779F,瞟,7,,60,semantic
17111,U+77A0,瞠,7,,60,semantic
17112,U+77A1,瞡,0,,60,semantic
17113,U+77A2,瞢,7,,60,semantic
17114,U+77A3,瞣,0,,60,semantic
17115,U+77A4,瞤,7,,60,semantic
17116,U+77A5,瞥,7,,60,semantic
17117,U+77A6,瞦,0,,60,semantic
17118,U+77A7,瞧,7,,60,semantic
17119,U+77A8,瞨,0,,60,semantic
17120,U+77A9,瞩,7,,60,semantic
17121,U+77AA,瞪,7,,60,semantic
17122,U+77AB,瞫,7,,60,semantic
17123,U+77AC,瞬,50,,60,semantic
17124,U+77AD,瞭,50,,60,semantic
17125,U+77AE,瞮,0,,60,semantic
17126,U+77AF,瞯,20,,60,semantic
17127,U+77B0,瞰,7,,60,semantic
17128,U+77B1,瞱,0,,60,semantic
17129,U+77B2,瞲,0,,60,semantic
17130,U+77B3,瞳,7,,60,semantic
17131,U+77B4,瞴,0,,60,semantic
17132,U+77B5,瞵,7,,60,semantic
17133,U+77B6,瞶,50,,60,semantic
17134,U+77B7,瞷,53,,60,semantic
17135,U+77B8,瞸,0,,60,semantic
17136,U+77B9,瞹,34,,60,semantic
17137,U+77BA,瞺,0,,60,semantic
17138,U+77BB,瞻,7,,60,semantic
17139,U+77BC,瞼,7,,60,semantic
17140,U+77BD,瞽,34,,60,semantic
17141,U+77BE,瞾,0,,60,semantic
17142,U+77BF,瞿,32,,60,semantic
17143,U+77C0,矀,0,,60,semantic
17144,U+77C1,矁,7,,60,semantic
17145,U+77C2,矂,0,,60,semantic
17146,U+77C3,矃,0,,60,semantic
17147,U+77C4,矄,0,,60,semantic
17148,U+77C5,矅,0,,60,semantic
17149,U+77C6,矆,0,,60,semantic
17150,U+77C7,矇,45,,60,semantic
17151,U+77C8,矈,18,,60,semantic
17152,U+77C9,矉,7,,60,semantic
17153,U+77CA,矊,0,,60,semantic
17154,U+77CB,矋,15,,60,semantic
17155,U+77CC,矌,0,,60,semantic
17156,U+77CD,矍,36,,60,semantic
17157,U+77CE,矎,0,,60,semantic
17158,U+77CF,矏,0,,60,semantic
17159,U+77D0,矐,0,,60,semantic
17160,U+77D1,矑,7,,60,semantic
17161,U+77D2,矒,0,,60,semantic
17162,U+77D3,矓,45,,60,semantic
17163,U+77D4,矔,0,,60,semantic
17164,U+77D5,矕,7,,60,semantic
17165,U+77D6,矖,7,,60,semantic
17166,U+77D7,矗,51,,60,semantic
17167,U+77D8,矘,0,,60,semantic
17168,U+77D9,矙,7,,60,semantic
17169,U+77DA,矚,7,,60,semantic
17170,U+77DB,矛,30,,60,semantic
17171,U+77DC,矜,15,,60,semantic
17172,U+77DD,矝,0,,60,semantic
17173,U+77DE,矞,28,,60,semantic
17174,U+77DF,矟,2,,60,semantic
17175,U+77E0,矠,0,,60,semantic
17176,U+77E1,矡,0,,60,semantic
17177,U+77E2,矢,2,,60,semantic
17178,U+77E3,矣,5,,60,semantic
17179,U+77E4,矤,0,,60,semantic
17180,U+77E5,知,33,,60,semantic
17181,U+77E6,矦,0,,60,semantic
17182,U+77E7,矧,17,,60,semantic
17183,U+77E8,矨,0,,60,semantic
17184,U+77E9,矩,2,,60,semantic
17185,U+77EA,矪,0,,60,semantic
17186,U+77EB,矫,33,,60,semantic
17187,U+77EC,矬,53,,60,semantic
17188,U+77ED,短,45,,60,semantic
17189,U+77EE,矮,45,,60,semantic
17190,U+77EF,矯,33,,60,semantic
17191,U+77F0,矰,46,,60,semantic
17192,U+77F1,矱,47,,60,semantic
17193,U+77F2,矲,0,,60,semantic
17194,U+77F3,石,30,,60,semantic
17195,U+77F4,矴,9,,60,semantic
17196,U+77F5,矵,0,,60,semantic
17197,U+77F6,矶,10,,60,semantic
17198,U+77F7,矷,0,,60,semantic
17199,U+77F8,矸,22,,60,semantic
17200,U+77F9,矹,0,,60,semantic
17201,U+77FA,矺,31,,60,semantic
17202,U+77FB,矻,20,,60,semantic
17203,U+77FC,矼,14,,60,semantic
17204,U+77FD,矽,6,,60,semantic
17205,U+77FE,矾,49,,60,semantic
17206,U+77FF,矿,6,,60,semantic
17207,U+7800,砀,50,,60,semantic
17208,U+7801,码,47,,60,semantic
17209,U+7802,砂,14,,60,semantic
17210,U+7803,砃,0,,60,semantic
17211,U+7804,砄,0,,60,semantic
17212,U+7805,砅,31,,60,semantic
17213,U+7806,砆,14,,60,semantic
17214,U+7807,砇,40,,60,semantic
17215,U+7808,砈,0,,60,semantic
17216,U+7809,砉,8,,60,semantic
17217,U+780A,砊,0,,60,semantic
17218,U+780B,砋,0,,60,semantic
17219,U+780C,砌,14,,60,semantic
17220,U+780D,砍,52,,60,semantic
17221,U+780E,砎,0,,60,semantic
17222,U+780F,砏,0,,60,semantic
17223,U+7810,砐,8,,60,semantic
17224,U+7811,砑,51,,60,semantic
17225,U+7812,砒,6,,60,semantic
17226,U+7813,砓,0,,60,semantic
17227,U+7814,研,52,,60,semantic
17228,U+7815,砕,52,,60,semantic
17229,U+7816,砖,14,,60,semantic
17230,U+7817,砗,53,,60,semantic
17231,U+7818,砘,2,,60,semantic
17232,U+7819,砙,0,,60,semantic
17233,U+781A,砚,49,,60,semantic
17234,U+781B,砛,0,,60,semantic
17235,U+781C,砜,6,,60,semantic
17236,U+781D,砝,13,,60,semantic
17237,U+781E,砞,1,,60,semantic
17238,U+781F,砟,14,,60,semantic
17239,U+7820,砠,22,,60,semantic
17240,U+7821,砡,0,,60,semantic
17241,U+7822,砢,14,,60,semantic
17242,U+7823,砣,14,,60,semantic
17243,U+7824,砤,0,,60,semantic
17244,U+7825,砥,53,,60,semantic
17245,U+7826,砦,9,,60,semantic
17246,U+7827,砧,14,,60,semantic
17247,U+7828,砨,0,,60,semantic
17248,U+7829,砩,0,,60,semantic
17249,U+782A,砪,0,,60,semantic
17250,U+782B,砫,43,,60,semantic
17251,U+782C,砬,14,,60,semantic
17252,U+782D,砭,7,,60,semantic
17253,U+782E,砮,46,,60,semantic
17254,U+782F,砯,8,,60,semantic
17255,U+7830,砰,8,,60,semantic
17256,U+7831,砱,0,,60,semantic
17257,U+7832,砲,2,,60,semantic
17258,U+7833,砳,14,,60,semantic
17259,U+7834,破,5,,60,semantic
17260,U+7835,砵,55,,60,semantic
17261,U+7836,砶,0,,60,semantic
17262,U+7837,砷,6,,60,semantic
17263,U+7838,砸,52,,60,semantic
17264,U+7839,砹,6,,60,semantic
17265,U+783A,砺,53,,60,semantic
17266,U+783B,砻,52,,60,semantic
17267,U+783C,砼,14,,60,semantic
17268,U+783D,砽,0,,60,semantic
17269,U+783E,砾,14,,60,semantic
17270,U+783F,砿,14,,60,semantic
17271,U+7840,础,14,,60,semantic
17272,U+7841,硁,8,,60,semantic
17273,U+7842,硂,0,,60,semantic
17274,U+7843,硃,53,,60,semantic
17275,U+7844,硄,0,,60,semantic
17276,U+7845,硅,6,,60,semantic
17277,U+7846,硆,0,,60,semantic
17278,U+7847,硇,49,,60,semantic
17279,U+7848,硈,0,,60,semantic
17280,U+7849,硉,35,,60,semantic
17281,U+784A,硊,43,,60,semantic
17282,U+784B,硋,0,,60,semantic
17283,U+784C,硌,51,,60,semantic
17284,U+784D,硍,1,,60,semantic
17285,U+784E,硎,53,,60,semantic
17286,U+784F,硏,52,,60,semantic
17287,U+7850,硐,14,,60,semantic
17288,U+7851,硑,0,,60,semantic
17289,U+7852,硒,6,,60,semantic
17290,U+7853,硓,0,,60,semantic
17291,U+7854,硔,0,,60,semantic
17292,U+7855,硕,18,,60,semantic
17293,U+7856,硖,43,,60,semantic
17294,U+7857,硗,14,,60,semantic
17295,U+7858,硘,0,,60,semantic
17296,U+7859,硙,52,,60,semantic
17297,U+785A,硚,43,,60,semantic
17298,U+785B,硛,0,,60,semantic
17299,U+785C,硜,8,,60,semantic
17300,U+785D,硝,49,,60,semantic
17301,U+785E,硞,0,,60,semantic
17302,U+785F,硟,52,,60,semantic
17303,U+7860,硠,0,,60,semantic
17304,U+7861,硡,0,,60,semantic
17305,U+7862,硢,0,,60,semantic
17306,U+7863,硣,0,,60,semantic
17307,U+7864,硤,43,,60,semantic
17308,U+7865,硥,0,,60,semantic
17309,U+7866,硦,0,,60,semantic
17310,U+7867,硧,14,,60,semantic
17311,U+7868,硨,53,,60,semantic
17312,U+7869,硩,0,,60,semantic
17313,U+786A,硪,2,,60,semantic
17314,U+786B,硫,6,,60,semantic
17315,U+786C,硬,18,,60,semantic
17316,U+786D,硭,49,,60,semantic
17317,U+786E,确,33,,60,semantic
17318,U+786F,硯,53,,60,semantic
17319,U+7870,硰,0,,60,semantic
17320,U+7871,硱,0,,60,semantic
17321,U+7872,硲,0,,60,semantic
17322,U+7873,硳,0,,60,semantic
17323,U+7874,硴,0,,60,semantic
17324,U+7875,硵,49,,60,semantic
17325,U+7876,硶,0,,60,semantic
17326,U+7877,硷,49,,60,semantic
17327,U+7878,硸,52,,60,semantic
17328,U+7879,硹,0,,60,semantic
17329,U+787A,硺,0,,60,semantic
17330,U+787B,硻,0,,60,semantic
17331,U+787C,硼,6,,60,semantic
17332,U+787D,硽,0,,60,semantic
17333,U+787E,硾,18,,60,semantic
17334,U+787F,硿,0,,60,semantic
17335,U+7880,碀,0,,60,semantic
17336,U+7881,碁,14,,60,semantic
17337,U+7882,碂,0,,60,semantic
17338,U+7883,碃,0,,60,semantic
17339,U+7884,碄,0,,60,semantic
17340,U+7885,碅,0,,60,semantic
17341,U+7886,碆,46,,60,semantic
17342,U+7887,碇,46,,60,semantic
17343,U+7888,碈,0,,60,semantic
17344,U+7889,碉,9,,60,semantic
17345,U+788A,碊,0,,60,semantic
17346,U+788B,碋,0,,60,semantic
17347,U+788C,碌,45,,60,semantic
17348,U+788D,碍,5,,60,semantic
17349,U+788E,碎,52,,60,semantic
17350,U+788F,碏,50,,60,semantic
17351,U+7890,碐,0,,60,semantic
17352,U+7891,碑,14,,60,semantic
17353,U+7892,碒,0,,60,semantic
17354,U+7893,碓,58,,60,semantic
17355,U+7894,碔,53,,60,semantic
17356,U+7895,碕,53,,60,semantic
17357,U+7896,碖,0,,60,semantic
17358,U+7897,碗,26,,60,semantic
17359,U+7898,碘,6,,60,semantic
17360,U+7899,碙,0,,60,semantic
17361,U+789A,碚,9,,60,semantic
17362,U+789B,碛,14,,60,semantic
17363,U+789C,碜,52,,60,semantic
17364,U+789D,碝,0,,60,semantic
17365,U+789E,碞,9,,60,semantic
17366,U+789F,碟,54,,60,semantic
17367,U+78A0,碠,0,,60,semantic
17368,U+78A1,碡,14,,60,semantic
17369,U+78A2,碢,0,,60,semantic
17370,U+78A3,碣,38,,60,semantic
17371,U+78A4,碤,0,,60,semantic
17372,U+78A5,碥,22,,60,semantic
17373,U+78A6,碦,0,,60,semantic
17374,U+78A7,碧,40,,60,semantic
17375,U+78A8,碨,53,,60,semantic
17376,U+78A9,碩,18,,60,semantic
17377,U+78AA,碪,52,,60,semantic
17378,U+78AB,碫,0,,60,semantic
17379,U+78AC,碬,53,,60,semantic
17380,U+78AD,碭,50,,60,semantic
17381,U+78AE,碮,0,,60,semantic
17382,U+78AF,碯,53,,60,semantic
17383,U+78B0,碰,1,,60,semantic
17384,U+78B1,碱,49,,60,semantic
17385,U+78B2,碲,6,,60,semantic
17386,U+78B3,碳,6,,60,semantic
17387,U+78B4,碴,26,,60,semantic
17388,U+78B5,碵,0,,60,semantic
17389,U+78B6,碶,10,,60,semantic
17390,U+78B7,碷,0,,60,semantic
17391,U+78B8,碸,49,,60,semantic
17392,U+78B9,碹,0,,60,semantic
17393,U+78BA,確,47,,60,semantic
17394,U+78BB,碻,47,,60,semantic
17395,U+78BC,碼,47,,60,semantic
17396,U+78BD,碽,8,,60,semantic
17397,U+78BE,碾,51,,60,semantic
17398,U+78BF,碿,0,,60,semantic
17399,U+78C0,磀,0,,60,semantic
17400,U+78C1,磁,6,,60,semantic
17401,U+78C2,磂,0,,60,semantic
17402,U+78C3,磃,0,,60,semantic
17403,U+78C4,磄,0,,60,semantic
17404,U+78C5,磅,54,,60,semantic
17405,U+78C6,磆,0,,60,semantic
17406,U+78C7,磇,6,,60,semantic
17407,U+78C8,磈,14,,60,semantic
17408,U+78C9,磉,14,,60,semantic
17409,U+78CA,磊,14,,60,semantic
17410,U+78CB,磋,33,,60,semantic
17411,U+78CC,磌,8,,60,semantic
17412,U+78CD,磍,0,,60,semantic
17413,U+78CE,磎,10,,60,semantic
17414,U+78CF,磏,0,,60,semantic
17415,U+78D0,磐,22,,60,semantic
17416,U+78D1,磑,52,,60,semantic
17417,U+78D2,磒,20,,60,semantic
17418,U+78D3,磓,1,,60,semantic
17419,U+78D4,磔,5,,60,semantic
17420,U+78D5,磕,1,,60,semantic
17421,U+78D6,磖,14,,60,semantic
17422,U+78D7,磗,0,,60,semantic
17423,U+78D8,磘,0,,60,semantic
17424,U+78D9,磙,51,,60,semantic
17425,U+78DA,磚,14,,60,semantic
17426,U+78DB,磛,22,,60,semantic
17427,U+78DC,磜,0,,60,semantic
17428,U+78DD,磝,0,,60,semantic
17429,U+78DE,磞,0,,60,semantic
17430,U+78DF,磟,45,,60,semantic
17431,U+78E0,磠,49,,60,semantic
17432,U+78E1,磡,22,,60,semantic
17433,U+78E2,磢,51,,60,semantic
17434,U+78E3,磣,52,,60,semantic
17435,U+78E4,磤,0,,60,semantic
17436,U+78E5,磥,14,,60,semantic
17437,U+78E6,磦,0,,60,semantic
17438,U+78E7,磧,14,,60,semantic
17439,U+78E8,磨,52,,60,semantic
17440,U+78E9,磩,0,,60,semantic
17441,U+78EA,磪,22,,60,semantic
17442,U+78EB,磫,0,,60,semantic
17443,U+78EC,磬,14,,60,semantic
17444,U+78ED,磭,0,,60,semantic
17445,U+78EE,磮,0,,60,semantic
17446,U+78EF,磯,10,,60,semantic
17447,U+78F0,磰,0,,60,semantic
17448,U+78F1,磱,0,,60,semantic
17449,U+78F2,磲,51,,60,semantic
17450,U+78F3,磳,0,,60,semantic
17451,U+78F4,磴,22,,60,semantic
17452,U+78F5,磵,10,,60,semantic
17453,U+78F6,磶,0,,60,semantic
17454,U+78F7,磷,6,,60,semantic
17455,U+78F8,磸,0,,60,semantic
17456,U+78F9,磹,0,,60,semantic
17457,U+78FA,磺,49,,60,semantic
17458,U+78FB,磻,43,,60,semantic
17459,U+78FC,磼,0,,60,semantic
17460,U+78FD,磽,14,,60,semantic
17461,U+78FE,磾,50,,60,semantic
17462,U+78FF,磿,0,,60,semantic
17463,U+7900,礀,0,,60,semantic
17464,U+7901,礁,25,,60,semantic
17465,U+7902,礂,0,,60,semantic
17466,U+7903,礃,14,,60,semantic
17467,U+7904,礄,43,,60,semantic
17468,U+7905,礅,14,,60,semantic
17469,U+7906,礆,49,,60,semantic
17470,U+7907,礇,0,,60,semantic
17471,U+7908,礈,0,,60,semantic
17472,U+7909,礉,0,,60,semantic
17473,U+790A,礊,0,,60,semantic
17474,U+790B,礋,0,,60,semantic
17475,U+790C,礌,14,,60,semantic
17476,U+790D,礍,0,,60,semantic
17477,U+790E,礎,14,,60,semantic
17478,U+790F,礏,0,,60,semantic
17479,U+7910,礐,0,,60,semantic
17480,U+7911,礑,0,,60,semantic
17481,U+7912,礒,0,,60,semantic
17482,U+7913,礓,14,,60,semantic
17483,U+7914,礔,0,,60,semantic
17484,U+7915,礕,0,,60,semantic
17485,U+7916,礖,0,,60,semantic
17486,U+7917,礗,0,,60,semantic
17487,U+7918,礘,0,,60,semantic
17488,U+7919,礙,5,,60,semantic
17489,U+791A,礚,0,,60,semantic
17490,U+791B,礛,0,,60,semantic
17491,U+791C,礜,0,,60,semantic
17492,U+791D,礝,0,,60,semantic
17493,U+791E,礞,6,,60,semantic
17494,U+791F,礟,2,,60,semantic
17495,U+7920,礠,0,,60,semantic
17496,U+7921,礡,33,,60,semantic
17497,U+7922,礢,0,,60,semantic
17498,U+7923,礣,0,,60,semantic
17499,U+7924,礤,52,,60,semantic
17500,U+7925,礥,0,,60,semantic
17501,U+7926,礦,6,,60,semantic
17502,U+7927,礧,43,,60,semantic
17503,U+7928,礨,0,,60,semantic
17504,U+7929,礩,0,,60,semantic
17505,U+792A,礪,53,,60,semantic
17506,U+792B,礫,14,,60,semantic
17507,U+792C,礬,47,,60,semantic
17508,U+792D,礭,0,,60,semantic
17509,U+792E,礮,2,,60,semantic
17510,U+792F,礯,0,,60,semantic
17511,U+7930,礰,0,,60,semantic
17512,U+7931,礱,52,,60,semantic
17513,U+7932,礲,0,,60,semantic
17514,U+7933,礳,43,,60,semantic
17515,U+7934,礴,33,,60,semantic
17516,U+7935,礵,43,,60,semantic
17517,U+7936,礶,26,,60,semantic
17518,U+7937,礷,0,,60,semantic
17519,U+7938,礸,0,,60,semantic
17520,U+7939,礹,0,,60,semantic
17521,U+793A,示,30,,60,semantic
17522,U+793B,礻,12,,60,semantic
17523,U+793C,礼,28,,60,semantic
17524,U+793D,礽,28,,60,semantic
17525,U+793E,社,12,,60,semantic
17526,U+793F,礿,29,,60,semantic
17527,U+7940,祀,29,,60,semantic
17528,U+7941,祁,18,,60,semantic
17529,U+7942,祂,12,,60,semantic
17530,U+7943,祃,29,,60,semantic
17531,U+7944,祄,0,,60,semantic
17532,U+7945,祅,15,,60,semantic
17533,U+7946,祆,12,,60,semantic
17534,U+7947,祇,12,,60,semantic
17535,U+7948,祈,47,,60,semantic
17536,U+7949,祉,28,,60,semantic
17537,U+794A,祊,10,,60,semantic
17538,U+794B,祋,0,,60,semantic
17539,U+794C,祌,0,,60,semantic
17540,U+794D,祍,0,,60,semantic
17541,U+794E,祎,28,,60,semantic
17542,U+794F,祏,12,,60,semantic
17543,U+7950,祐,12,,60,semantic
17544,U+7951,祑,0,,60,semantic
17545,U+7952,祒,0,,60,semantic
17546,U+7953,祓,5,,60,semantic
17547,U+7954,祔,12,,60,semantic
17548,U+7955,祕,34,,60,semantic
17549,U+7956,祖,57,,60,semantic
17550,U+7957,祗,33,,60,semantic
17551,U+7958,祘,47,,60,semantic
17552,U+7959,祙,12,,60,semantic
17553,U+795A,祚,28,,60,semantic
17554,U+795B,祛,5,,60,semantic
17555,U+795C,祜,28,,60,semantic
17556,U+795D,祝,28,,60,semantic
17557,U+795E,神,12,,60,semantic
17558,U+795F,祟,42,,60,semantic
17559,U+7960,祠,29,,60,semantic
17560,U+7961,祡,0,,60,semantic
17561,U+7962,祢,12,,60,semantic
17562,U+7963,祣,0,,60,semantic
17563,U+7964,祤,0,,60,semantic
17564,U+7965,祥,28,,60,semantic
17565,U+7966,祦,28,,60,semantic
17566,U+7967,祧,12,,60,semantic
17567,U+7968,票,37,,60,semantic
17568,U+7969,祩,27,,60,semantic
17569,U+796A,祪,0,,60,semantic
17570,U+796B,祫,29,,60,semantic
17571,U+796C,祬,0,,60,semantic
17572,U+796D,祭,29,,60,semantic
17573,U+796E,祮,0,,60,semantic
17574,U+796F,祯,28,,60,semantic
17575,U+7970,祰,0,,60,semantic
17576,U+7971,祱,0,,60,semantic
17577,U+7972,祲,36,,60,semantic
17578,U+7973,祳,0,,60,semantic
17579,U+7974,祴,0,,60,semantic
17580,U+7975,祵,0,,60,semantic
17581,U+7976,祶,0,,60,semantic
17582,U+7977,祷,20,,60,semantic
17583,U+7978,祸,15,,60,semantic
17584,U+7979,祹,0,,60,semantic
17585,U+797A,祺,28,,60,semantic
17586,U+797B,祻,0,,60,semantic
17587,U+797C,祼,53,,60,semantic
17588,U+797D,祽,0,,60,semantic
17589,U+797E,祾,0,,60,semantic
17590,U+797F,祿,28,,60,semantic
17591,U+7980,禀,33,,60,semantic
17592,U+7981,禁,5,,60,semantic
17593,U+7982,禂,20,,60,semantic
17594,U+7983,禃,0,,60,semantic
17595,U+7984,禄,28,,60,semantic
17596,U+7985,禅,12,,60,semantic
17597,U+7986,禆,0,,60,semantic
17598,U+7987,禇,0,,60,semantic
17599,U+7988,禈,0,,60,semantic
17600,U+7989,禉,0,,60,semantic
17601,U+798A,禊,47,,60,semantic
17602,U+798B,禋,29,,60,semantic
17603,U+798C,禌,0,,60,semantic
17604,U+798D,禍,15,,60,semantic
17605,U+798E,禎,28,,60,semantic
17606,U+798F,福,28,,60,semantic
17607,U+7990,禐,0,,60,semantic
17608,U+7991,禑,28,,60,semantic
17609,U+7992,禒,0,,60,semantic
17610,U+7993,禓,19,,60,semantic
17611,U+7994,禔,28,,60,semantic
17612,U+7995,禕,28,,60,semantic
17613,U+7996,禖,29,,60,semantic
17614,U+7997,禗,0,,60,semantic
17615,U+7998,禘,12,,60,semantic
17616,U+7999,禙,0,,60,semantic
17617,U+799A,禚,43,,60,semantic
17618,U+799B,禛,28,,60,semantic
17619,U+799C,禜,29,,60,semantic
17620,U+799D,禝,0,,60,semantic
17621,U+799E,禞,0,,60,semantic
17622,U+799F,禟,0,,60,semantic
17623,U+79A0,禠,28,,60,semantic
17624,U+79A1,禡,29,,60,semantic
17625,U+79A2,禢,32,,60,semantic
17626,U+79A3,禣,0,,60,semantic
17627,U+79A4,禤,32,,60,semantic
17628,U+79A5,禥,0,,60,semantic
17629,U+79A6,禦,1,,60,semantic
17630,U+79A7,禧,28,,60,semantic
17631,U+79A8,禨,29,,60,semantic
17632,U+79A9,禩,29,,60,semantic
17633,U+79AA,禪,12,,60,semantic
17634,U+79AB,禫,29,,60,semantic
17635,U+79AC,禬,0,,60,semantic
17636,U+79AD,禭,0,,60,semantic
17637,U+79AE,禮,28,,60,semantic
17638,U+79AF,禯,0,,60,semantic
17639,U+79B0,禰,57,,60,semantic
17640,U+79B1,禱,20,,60,semantic
17641,U+79B2,禲,0,,60,semantic
17642,U+79B3,禳,29,,60,semantic
17643,U+79B4,禴,29,,60,semantic
17644,U+79B5,禵,0,,60,semantic
17645,U+79B6,禶,0,,60,semantic
17646,U+79B7,禷,0,,60,semantic
17647,U+79B8,禸,30,,60,semantic
17648,U+79BB,离,58,,60,semantic
17649,U+79BC,禼,32,,60,semantic
17650,U+79BD,禽,44,,60,semantic
17651,U+79BE,禾,21,,60,semantic
17652,U+79BF,禿,45,,60,semantic
17653,U+79C0,秀,48,,60,semantic
17654,U+79C1,私,34,,60,semantic
17655,U+79C2,秂,0,,60,semantic
17656,U+79C3,秃,4,,60,semantic
17657,U+79C4,秄,53,,60,semantic
17658,U+79C5,秅,0,,60,semantic
17659,U+79C6,秆,48,,60,semantic
17660,U+79C7,秇,2,,60,semantic
17661,U+79C8,秈,21,,60,semantic
17662,U+79C9,秉,13,,60,semantic
17663,U+79CA,秊,57,,60,semantic
17664,U+79CB,秋,41,,60,semantic
17665,U+79CC,秌,47,,60,semantic
17666,U+79CD,种,3,,60,semantic
17667,U+79CE,秎,0,,60,semantic
17668,U+79CF,秏,42,,60,semantic
17669,U+79D0,秐,3,,60,semantic
17670,U+79D1,科,33,,60,semantic
17671,U+79D2,秒,48,,60,semantic
17672,U+79D3,秓,0,,60,semantic
17673,U+79D4,秔,21,,60,semantic
17674,U+79D5,秕,21,,60,semantic
17675,U+79D6,秖,48,,60,semantic
17676,U+79D7,秗,0,,60,semantic
17677,U+79D8,秘,34,,60,semantic
17678,U+79D9,秙,0,,60,semantic
17679,U+79DA,秚,0,,60,semantic
17680,U+79DB,秛,0,,60,semantic
17681,U+79DC,秜,0,,60,semantic
17682,U+79DD,秝,45,,60,semantic
17683,U+79DE,秞,0,,60,semantic
17684,U+79DF,租,29,,60,semantic
17685,U+79E0,秠,53,,60,semantic
17686,U+79E1,秡,0,,60,semantic
17687,U+79E2,秢,0,,60,semantic
17688,U+79E3,秣,35,,60,semantic
17689,U+79E4,秤,2,,60,semantic
17690,U+79E5,秥,21,,60,semantic
17691,U+79E6,秦,43,,60,semantic
17692,U+79E7,秧,21,,60,semantic
17693,U+79E8,秨,0,,60,semantic
17694,U+79E9,秩,33,,60,semantic
17695,U+79EA,秪,34,,60,semantic
17696,U+79EB,秫,53,,60,semantic
17697,U+79EC,秬,53,,60,semantic
17698,U+79ED,秭,43,,60,semantic
17699,U+79EE,秮,0,,60,semantic
17700,U+79EF,积,33,,60,semantic
17701,U+79F0,称,32,,60,semantic
17702,U+79F1,秱,0,,60,semantic
17703,U+79F2,秲,0,,60,semantic
17704,U+79F3,秳,0,,60,semantic
17705,U+79F4,秴,0,,60,semantic
17706,U+79F5,秵,0,,60,semantic
17707,U+79F6,秶,0,,60,semantic
17708,U+79F7,秷,0,,60,semantic
17709,U+79F8,秸,48,,60,semantic
17710,U+79F9,秹,0,,60,semantic
17711,U+79FA,秺,0,,60,semantic
17712,U+79FB,移,31,,60,semantic
17713,U+79FC,秼,0,,60,semantic
17714,U+79FD,秽,42,,60,semantic
17715,U+79FE,秾,18,,60,semantic
17716,U+79FF,秿,0,,60,semantic
17717,U+7A00,稀,45,,60,semantic
17718,U+7A01,稁,0,,60,semantic
17719,U+7A02,稂,3,,60,semantic
17720,U+7A03,稃,53,,60,semantic
17721,U+7A04,稄,0,,60,semantic
17722,U+7A05,稅,29,,60,semantic
17723,U+7A06,稆,48,,60,semantic
17724,U+7A07,稇,46,,60,semantic
17725,U+7A08,稈,48,,60,semantic
17726,U+7A09,稉,21,,60,semantic
17727,U+7A0A,稊,53,,60,semantic
17728,U+7A0B,程,31,,60,semantic
17729,U+7A0C,稌,21,,60,semantic
17730,U+7A0D,稍,45,,60,semantic
17731,U+7A0E,税,29,,60,semantic
17732,U+7A0F,稏,21,,60,semantic
17733,U+7A10,稐,0,,60,semantic
17734,U+7A11,稑,21,,60,semantic
17735,U+7A12,稒,0,,60,semantic
17736,U+7A13,稓,0,,60,semantic
17737,U+7A14,稔,48,,60,semantic
17738,U+7A15,稕,0,,60,semantic
17739,U+7A16,稖,48,,60,semantic
17740,U+7A17,稗,48,,60,semantic
17741,U+7A18,稘,57,,60,semantic
17742,U+7A19,稙,48,,60,semantic
17743,U+7A1A,稚,45,,60,semantic
17744,U+7A1B,稛,46,,60,semantic
17745,U+7A1C,稜,9,,60,semantic
17746,U+7A1D,稝,0,,60,semantic
17747,U+7A1E,稞,48,,60,semantic
17748,U+7A1F,稟,33,,60,semantic
17749,U+7A20,稠,49,,60,semantic
17750,U+7A21,稡,0,,60,semantic
17751,U+7A22,稢,0,,60,semantic
17752,U+7A23,稣,13,,60,semantic
17753,U+7A24,稤,0,,60,semantic
17754,U+7A25,稥,0,,60,semantic
17755,U+7A26,稦,0,,60,semantic
17756,U+7A27,稧,0,,60,semantic
17757,U+7A28,稨,0,,60,semantic
17758,U+7A29,稩,0,,60,semantic
17759,U+7A2A,稪,0,,60,semantic
17760,U+7A2B,稫,0,,60,semantic
17761,U+7A2C,稬,17,,60,semantic
17762,U+7A2D,稭,48,,60,semantic
17763,U+7A2E,種,3,,60,semantic
17764,U+7A2F,稯,0,,60,semantic
17765,U+7A30,稰,0,,60,semantic
17766,U+7A31,稱,32,,60,semantic
17767,U+7A32,稲,21,,60,semantic
17768,U+7A33,稳,47,,60,semantic
17769,U+7A34,稴,0,,60,semantic
17770,U+7A35,稵,0,,60,semantic
17771,U+7A36,稶,0,,60,semantic
17772,U+7A37,稷,48,,60,semantic
17773,U+7A38,稸,0,,60,semantic
17774,U+7A39,稹,47,,60,semantic
17775,U+7A3A,稺,48,,60,semantic
17776,U+7A3B,稻,21,,60,semantic
17777,U+7A3C,稼,48,,60,semantic
17778,U+7A3D,稽,7,,60,semantic
17779,U+7A3E,稾,47,,60,semantic
17780,U+7A3F,稿,33,,60,semantic
17781,U+7A40,穀,48,,60,semantic
17782,U+7A41,穁,0,,60,semantic
17783,U+7A42,穂,48,,60,semantic
17784,U+7A43,穃,0,,60,semantic
17785,U+7A44,穄,36,,60,semantic
17786,U+7A45,穅,48,,60,semantic
17787,U+7A46,穆,28,,60,semantic
17788,U+7A47,穇,3,,60,semantic
17789,U+7A48,穈,53,,60,semantic
17790,U+7A49,穉,48,,60,semantic
17791,U+7A4A,穊,52,,60,semantic
17792,U+7A4B,穋,21,,60,semantic
17793,U+7A4C,穌,13,,60,semantic
17794,U+7A4D,積,33,,60,semantic
17795,U+7A4E,穎,21,,60,semantic
17796,U+7A4F,穏,36,,60,semantic
17797,U+7A50,穐,16,,60,semantic
17798,U+7A51,穑,48,,60,semantic
17799,U+7A52,穒,0,,60,semantic
17800,U+7A53,穓,0,,60,semantic
17801,U+7A54,穔,0,,60,semantic
17802,U+7A55,穕,0,,60,semantic
17803,U+7A56,穖,0,,60,semantic
17804,U+7A57,穗,48,,60,semantic
17805,U+7A58,穘,0,,60,semantic
17806,U+7A59,穙,0,,60,semantic
17807,U+7A5A,穚,0,,60,semantic
17808,U+7A5B,穛,0,,60,semantic
17809,U+7A5C,穜,21,,60,semantic
17810,U+7A5D,穝,0,,60,semantic
17811,U+7A5E,穞,0,,60,semantic
17812,U+7A5F,穟,48,,60,semantic
17813,U+7A60,穠,3,,60,semantic
17814,U+7A61,穡,48,,60,semantic
17815,U+7A62,穢,42,,60,semantic
17816,U+7A63,穣,3,,60,semantic
17817,U+7A64,穤,21,,60,semantic
17818,U+7A65,穥,0,,60,semantic
17819,U+7A66,穦,0,,60,semantic
17820,U+7A67,穧,53,,60,semantic
17821,U+7A68,穨,5,,60,semantic
17822,U+7A69,穩,47,,60,semantic
17823,U+7A6A,穪,28,,60,semantic
17824,U+7A6B,穫,48,,60,semantic
17825,U+7A6C,穬,0,,60,semantic
17826,U+7A6D,穭,48,,60,semantic
17827,U+7A6E,穮,3,,60,semantic
17828,U+7A6F,穯,0,,60,semantic
17829,U+7A70,穰,3,,60,semantic
17830,U+7A71,穱,0,,60,semantic
17831,U+7A72,穲,0,,60,semantic
17832,U+7A73,穳,0,,60,semantic
17833,U+7A74,穴,30,,60,semantic
17834,U+7A75,穵,14,,60,semantic
17835,U+7A76,究,7,,60,semantic
17836,U+7A77,穷,45,,60,semantic
17837,U+7A78,穸,14,,60,semantic
17838,U+7A79,穹,18,,60,semantic
17839,U+7A7A,空,34,,60,semantic
17840,U+7A7B,穻,0,,60,semantic
17841,U+7A7C,穼,0,,60,semantic
17842,U+7A7D,穽,14,,60,semantic
17843,U+7A7E,穾,0,,60,semantic
17844,U+7A7F,穿,52,,60,semantic
17845,U+7A80,窀,14,,60,semantic
17846,U+7A81,突,36,,60,semantic
17847,U+7A82,窂,0,,60,semantic
17848,U+7A83,窃,42,,60,semantic
17849,U+7A84,窄,45,,60,semantic
17850,U+7A85,窅,34,,60,semantic
17851,U+7A86,窆,14,,60,semantic
17852,U+7A87,窇,0,,60,semantic
17853,U+7A88,窈,34,,60,semantic
17854,U+7A89,窉,34,,60,semantic
17855,U+7A8A,窊,14,,60,semantic
17856,U+7A8B,窋,0,,60,semantic
17857,U+7A8C,窌,14,,60,semantic
17858,U+7A8D,窍,14,,60,semantic
17859,U+7A8E,窎,34,,60,semantic
17860,U+7A8F,窏,0,,60,semantic
17861,U+7A90,窐,0,,60,semantic
17862,U+7A91,窑,14,,60,semantic
17863,U+7A92,窒,5,,60,semantic
17864,U+7A93,窓,9,,60,semantic
17865,U+7A94,窔,9,,60,semantic
17866,U+7A95,窕,45,,60,semantic
17867,U+7A96,窖,9,,60,semantic
17868,U+7A97,窗,9,,60,semantic
17869,U+7A98,窘,36,,60,semantic
17870,U+7A99,窙,0,,60,semantic
17871,U+7A9A,窚,0,,60,semantic
17872,U+7A9B,窛,0,,60,semantic
17873,U+7A9C,窜,5,,60,semantic
17874,U+7A9D,窝,9,,60,semantic
17875,U+7A9E,窞,14,,60,semantic
17876,U+7A9F,窟,14,,60,semantic
17877,U+7AA0,窠,9,,60,semantic
17878,U+7AA1,窡,0,,60,semantic
17879,U+7AA2,窢,0,,60,semantic
17880,U+7AA3,窣,5,,60,semantic
17881,U+7AA4,窤,0,,60,semantic
17882,U+7AA5,窥,33,,60,semantic
17883,U+7AA6,窦,42,,60,semantic
17884,U+7AA7,窧,0,,60,semantic
17885,U+7AA8,窨,9,,60,semantic
17886,U+7AA9,窩,9,,60,semantic
17887,U+7AAA,窪,14,,60,semantic
17888,U+7AAB,窫,0,,60,semantic
17889,U+7AAC,窬,9,,60,semantic
17890,U+7AAD,窭,45,,60,semantic
17891,U+7AAE,窮,45,,60,semantic
17892,U+7AAF,窯,14,,60,semantic
17893,U+7AB0,窰,14,,60,semantic
17894,U+7AB1,窱,0,,60,semantic
17895,U+7AB2,窲,0,,60,semantic
17896,U+7AB3,窳,45,,60,semantic
17897,U+7AB4,窴,7,,60,semantic
17898,U+7AB5,窵,34,,60,semantic
17899,U+7AB6,窶,45,,60,semantic
17900,U+7AB7,窷,0,,60,semantic
17901,U+7AB8,窸,8,,60,semantic
17902,U+7AB9,窹,0,,60,semantic
17903,U+7ABA,窺,33,,60,semantic
17904,U+7ABB,窻,53,,60,semantic
17905,U+7ABC,窼,0,,60,semantic
17906,U+7ABD,窽,34,,60,semantic
17907,U+7ABE,窾,14,,60,semantic
17908,U+7ABF,窿,14,,60,semantic
17909,U+7AC0,竀,0,,60,semantic
17910,U+7AC1,竁,56,,60,semantic
17911,U+7AC2,竂,0,,60,semantic
17912,U+7AC3,竃,39,,60,semantic
17913,U+7AC4,竄,5,,60,semantic
17914,U+7AC5,竅,14,,60,semantic
17915,U+7AC6,竆,45,,60,semantic
17916,U+7AC7,竇,42,,60,semantic
17917,U+7AC8,竈,39,,60,semantic
17918,U+7AC9,竉,14,,60,semantic
17919,U+7ACA,竊,42,,60,semantic
17920,U+7ACB,立,20,,60,semantic
17921,U+7ACC,竌,0,,60,semantic
17922,U+7ACD,竍,47,,60,semantic
17923,U+7ACE,竎,0,,60,semantic
17924,U+7ACF,竏,53,,60,semantic
17925,U+7AD0,竐,0,,60,semantic
17926,U+7AD1,竑,18,,60,semantic
17927,U+7AD2,竒,34,,60,semantic
17928,U+7AD3,竓,53,,60,semantic
17929,U+7AD4,竔,47,,60,semantic
17930,U+7AD5,竕,47,,60,semantic
17931,U+7AD6,竖,51,,60,semantic
17932,U+7AD7,竗,0,,60,semantic
17933,U+7AD8,竘,0,,60,semantic
17934,U+7AD9,站,13,,60,semantic
17935,U+7ADA,竚,20,,60,semantic
17936,U+7ADB,竛,0,,60,semantic
17937,U+7ADC,竜,12,,60,semantic
17938,U+7ADD,竝,47,,60,semantic
17939,U+7ADE,竞,1,,60,semantic
17940,U+7ADF,竟,47,,60,semantic
17941,U+7AE0,章,33,,60,semantic
17942,U+7AE1,竡,47,,60,semantic
17943,U+7AE2,竢,20,,60,semantic
17944,U+7AE3,竣,5,,60,semantic
17945,U+7AE4,竤,0,,60,semantic
17946,U+7AE5,童,57,,60,semantic
17947,U+7AE6,竦,28,,60,semantic
17948,U+7AE7,竧,0,,60,semantic
17949,U+7AE8,竨,0,,60,semantic
17950,U+7AE9,竩,0,,60,semantic
17951,U+7AEA,竪,51,,60,semantic
17952,U+7AEB,竫,0,,60,semantic
17953,U+7AEC,竬,0,,60,semantic
17954,U+7AED,竭,33,,60,semantic
17955,U+7AEE,竮,0,,60,semantic
17956,U+7AEF,端,33,,60,semantic
17957,U+7AF0,竰,47,,60,semantic
17958,U+7AF1,竱,0,,60,semantic
17959,U+7AF2,竲,0,,60,semantic
17960,U+7AF3,竳,0,,60,semantic
17961,U+7AF4,竴,0,,60,semantic
17962,U+7AF5,竵,0,,60,semantic
17963,U+7AF6,競,33,,60,semantic
17964,U+7AF7,竷,0,,60,semantic
17965,U+7AF8,竸,1,,60,semantic
17966,U+7AF9,竹,37,,60,semantic
17967,U+7AFA,竺,37,,60,semantic
17968,U+7AFB,竻,41,,60,semantic
17969,U+7AFC,竼,37,,60,semantic
17970,U+7AFD,竽,55,,60,semantic
17971,U+7AFE,竾,53,,60,semantic
17972,U+7AFF,竿,37,,60,semantic
17973,U+7B00,笀,0,,60,semantic
17974,U+7B01,笁,0,,60,semantic
17975,U+7B02,笂,0,,60,semantic
17976,U+7B03,笃,28,,60,semantic
17977,U+7B04,笄,4,,60,semantic
17978,U+7B05,笅,0,,60,semantic
17979,U+7B06,笆,37,,60,semantic
17980,U+7B07,笇,0,,60,semantic
17981,U+7B08,笈,37,,60,semantic
17982,U+7B09,笉,0,,60,semantic
17983,U+7B0A,笊,37,,60,semantic
17984,U+7B0B,笋,37,,60,semantic
17985,U+7B0C,笌,0,,60,semantic
17986,U+7B0D,笍,0,,60,semantic
17987,U+7B0E,笎,0,,60,semantic
17988,U+7B0F,笏,12,,60,semantic
17989,U+7B10,笐,37,,60,semantic
17990,U+7B11,笑,28,,60,semantic
17991,U+7B12,笒,0,,60,semantic
17992,U+7B13,笓,52,,60,semantic
17993,U+7B14,笔,52,,60,semantic
17994,U+7B15,笕,37,,60,semantic
17995,U+7B16,笖,0,,60,semantic
17996,U+7B17,笗,0,,60,semantic
17997,U+7B18,笘,0,,60,semantic
17998,U+7B19,笙,53,,60,semantic
17999,U+7B1A,笚,0,,60,semantic
18000,U+7B1B,笛,37,,60,semantic
18001,U+7B1C,笜,0,,60,semantic
18002,U+7B1D,笝,0,,60,semantic
18003,U+7B1E,笞,37,,60,semantic
18004,U+7B1F,笟,0,,60,semantic
18005,U+7B20,笠,37,,60,semantic
18006,U+7B21,笡,0,,60,semantic
18007,U+7B22,笢,0,,60,semantic
18008,U+7B23,笣,0,,60,semantic
18009,U+7B24,笤,52,,60,semantic
18010,U+7B25,笥,54,,60,semantic
18011,U+7B26,符,47,,60,semantic
18012,U+7B27,笧,46,,60,semantic
18013,U+7B28,笨,45,,60,semantic
18014,U+7B29,笩,0,,60,semantic
18015,U+7B2A,笪,37,,60,semantic
18016,U+7B2B,笫,9,,60,semantic
18017,U+7B2C,第,33,,60,semantic
18018,U+7B2D,笭,37,,60,semantic
18019,U+7B2E,笮,9,,60,semantic
18020,U+7B2F,笯,44,,60,semantic
18021,U+7B30,笰,9,,60,semantic
18022,U+7B31,笱,46,,60,semantic
18023,U+7B32,笲,26,,60,semantic
18024,U+7B33,笳,41,,60,semantic
18025,U+7B34,笴,2,,60,semantic
18026,U+7B35,笵,37,,60,semantic
18027,U+7B36,笶,0,,60,semantic
18028,U+7B37,笷,0,,60,semantic
18029,U+7B38,笸,48,,60,semantic
18030,U+7B39,笹,37,,60,semantic
18031,U+7B3A,笺,47,,60,semantic
18032,U+7B3B,笻,0,,60,semantic
18033,U+7B3C,笼,46,,60,semantic
18034,U+7B3D,笽,0,,60,semantic
18035,U+7B3E,笾,37,,60,semantic
18036,U+7B3F,笿,0,,60,semantic
18037,U+7B40,筀,0,,60,semantic
18038,U+7B41,筁,11,,60,semantic
18039,U+7B42,筂,0,,60,semantic
18040,U+7B43,筃,0,,60,semantic
18041,U+7B44,筄,0,,60,semantic
18042,U+7B45,筅,37,,60,semantic
18043,U+7B46,筆,52,,60,semantic
18044,U+7B47,筇,37,,60,semantic
18045,U+7B48,筈,46,,60,semantic
18046,U+7B49,等,47,,60,semantic
18047,U+7B4A,筊,37,,60,semantic
18048,U+7B4B,筋,51,,60,semantic
18049,U+7B4C,筌,37,,60,semantic
18050,U+7B4D,筍,37,,60,semantic
18051,U+7B4E,筎,0,,60,semantic
18052,U+7B4F,筏,55,,60,semantic
18053,U+7B50,筐,37,,60,semantic
18054,U+7B51,筑,53,,60,semantic
18055,U+7B52,筒,37,,60,semantic
18056,U+7B53,筓,4,,60,semantic
18057,U+7B54,答,33,,60,semantic
18058,U+7B55,筕,0,,60,semantic
18059,U+7B56,策,1,,60,semantic
18060,U+7B57,筗,0,,60,semantic
18061,U+7B58,筘,46,,60,semantic
18062,U+7B59,筙,0,,60,semantic
18063,U+7B5A,筚,37,,60,semantic
18064,U+7B5B,筛,33,,60,semantic
18065,U+7B5C,筜,37,,60,semantic
18066,U+7B5D,筝,46,,60,semantic
18067,U+7B5E,筞,1,,60,semantic
18068,U+7B5F,筟,0,,60,semantic
18069,U+7B60,筠,37,,60,semantic
18070,U+7B61,筡,0,,60,semantic
18071,U+7B62,筢,52,,60,semantic
18072,U+7B63,筣,0,,60,semantic
18073,U+7B64,筤,37,,60,semantic
18074,U+7B65,筥,21,,60,semantic
18075,U+7B66,筦,47,,60,semantic
18076,U+7B67,筧,37,,60,semantic
18077,U+7B68,筨,0,,60,semantic
18078,U+7B69,筩,37,,60,semantic
18079,U+7B6A,筪,0,,60,semantic
18080,U+7B6B,筫,0,,60,semantic
18081,U+7B6C,筬,48,,60,semantic
18082,U+7B6D,筭,47,,60,semantic
18083,U+7B6E,筮,3,,60,semantic
18084,U+7B6F,筯,54,,60,semantic
18085,U+7B70,筰,46,,60,semantic
18086,U+7B71,筱,37,,60,semantic
18087,U+7B72,筲,26,,60,semantic
18088,U+7B73,筳,0,,60,semantic
18089,U+7B74,筴,3,,60,semantic
18090,U+7B75,筵,54,,60,semantic
18091,U+7B76,筶,0,,60,semantic
18092,U+7B77,筷,46,,60,semantic
18093,U+7B78,筸,32,,60,semantic
18094,U+7B79,筹,29,,60,semantic
18095,U+7B7A,筺,37,,60,semantic
18096,U+7B7B,筻,43,,60,semantic
18097,U+7B7C,筼,37,,60,semantic
18098,U+7B7D,筽,0,,60,semantic
18099,U+7B7E,签,33,,60,semantic
18100,U+7B7F,筿,0,,60,semantic
18101,U+7B80,简,45,,60,semantic
18102,U+7B81,箁,0,,60,semantic
18103,U+7B82,箂,0,,60,semantic
18104,U+7B83,箃,0,,60,semantic
18105,U+7B84,箄,55,,60,semantic
18106,U+7B85,箅,53,,60,semantic
18107,U+7B86,箆,4,,60,semantic
18108,U+7B87,箇,47,,60,semantic
18109,U+7B88,箈,0,,60,semantic
18110,U+7B89,箉,0,,60,semantic
18111,U+7B8A,箊,0,,60,semantic
18112,U+7B8B,箋,33,,60,semantic
18113,U+7B8C,箌,0,,60,semantic
18114,U+7B8D,箍,46,,60,semantic
18115,U+7B8E,箎,2,,60,semantic
18116,U+7B8F,箏,46,,60,semantic
18117,U+7B90,箐,37,,60,semantic
18118,U+7B91,箑,53,,60,semantic
18119,U+7B92,箒,52,,60,semantic
18120,U+7B93,箓,33,,60,semantic
18121,U+7B94,箔,11,,60,semantic
18122,U+7B95,箕,12,,60,semantic
18123,U+7B96,箖,26,,60,semantic
18124,U+7B97,算,47,,60,semantic
18125,U+7B98,箘,37,,60,semantic
18126,U+7B99,箙,53,,60,semantic
18127,U+7B9A,箚,47,,60,semantic
18128,U+7B9B,箛,53,,60,semantic
18129,U+7B9C,箜,46,,60,semantic
18130,U+7B9D,箝,46,,60,semantic
18131,U+7B9E,箞,0,,60,semantic
18132,U+7B9F,箟,0,,60,semantic
18133,U+7BA0,箠,35,,60,semantic
18134,U+7BA1,管,46,,60,semantic
18135,U+7BA2,箢,0,,60,semantic
18136,U+7BA3,箣,0,,60,semantic
18137,U+7BA4,箤,0,,60,semantic
18138,U+7BA5,箥,0,,60,semantic
18139,U+7BA6,箦,9,,60,semantic
18140,U+7BA7,箧,59,,60,semantic
18141,U+7BA8,箨,37,,60,semantic
18142,U+7BA9,箩,37,,60,semantic
18143,U+7BAA,箪,37,,60,semantic
18144,U+7BAB,箫,37,,60,semantic
18145,U+7BAC,箬,37,,60,semantic
18146,U+7BAD,箭,37,,60,semantic
18147,U+7BAE,箮,0,,60,semantic
18148,U+7BAF,箯,37,,60,semantic
18149,U+7BB0,箰,0,,60,semantic
18150,U+7BB1,箱,59,,60,semantic
18151,U+7BB2,箲,37,,60,semantic
18152,U+7BB3,箳,37,,60,semantic
18153,U+7BB4,箴,33,,60,semantic
18154,U+7BB5,箵,37,,60,semantic
18155,U+7BB6,箶,0,,60,semantic
18156,U+7BB7,箷,37,,60,semantic
18157,U+7BB8,箸,46,,60,semantic
18158,U+7BB9,箹,0,,60,semantic
18159,U+7BBA,箺,0,,60,semantic
18160,U+7BBB,箻,0,,60,semantic
18161,U+7BBC,箼,0,,60,semantic
18162,U+7BBD,箽,0,,60,semantic
18163,U+7BBE,箾,37,,60,semantic
18164,U+7BBF,箿,0,,60,semantic
18165,U+7BC0,節,46,,60,semantic
18166,U+7BC1,篁,37,,60,semantic
18167,U+7BC2,篂,0,,60,semantic
18168,U+7BC3,篃,0,,60,semantic
18169,U+7BC4,範,33,,60,semantic
18170,U+7BC5,篅,37,,60,semantic
18171,U+7BC6,篆,33,,60,semantic
18172,U+7BC7,篇,47,,60,semantic
18173,U+7BC8,篈,0,,60,semantic
18174,U+7BC9,築,47,,60,semantic
18175,U+7BCA,篊,0,,60,semantic
18176,U+7BCB,篋,59,,60,semantic
18177,U+7BCC,篌,2,,60,semantic
18178,U+7BCD,篍,0,,60,semantic
18179,U+7BCE,篎,0,,60,semantic
18180,U+7BCF,篏,20,,60,semantic
18181,U+7BD0,篐,0,,60,semantic
18182,U+7BD1,篑,37,,60,semantic
18183,U+7BD2,篒,0,,60,semantic
18184,U+7BD3,篓,37,,60,semantic
18185,U+7BD4,篔,37,,60,semantic
18186,U+7BD5,篕,0,,60,semantic
18187,U+7BD6,篖,0,,60,semantic
18188,U+7BD7,篗,46,,60,semantic
18189,U+7BD8,篘,24,,60,semantic
18190,U+7BD9,篙,55,,60,semantic
18191,U+7BDA,篚,51,,60,semantic
18192,U+7BDB,篛,37,,60,semantic
18193,U+7BDC,篜,0,,60,semantic
18194,U+7BDD,篝,37,,60,semantic
18195,U+7BDE,篞,0,,60,semantic
18196,U+7BDF,篟,0,,60,semantic
18197,U+7BE0,篠,37,,60,semantic
18198,U+7BE1,篡,47,,60,semantic
18199,U+7BE2,篢,37,,60,semantic
18200,U+7BE3,篣,0,,60,semantic
18201,U+7BE4,篤,28,,60,semantic
18202,U+7BE5,篥,53,,60,semantic
18203,U+7BE6,篦,4,,60,semantic
18204,U+7BE7,篧,0,,60,semantic
18205,U+7BE8,篨,37,,60,semantic
18206,U+7BE9,篩,47,,60,semantic
18207,U+7BEA,篪,37,,60,semantic
18208,U+7BEB,篫,0,,60,semantic
18209,U+7BEC,篬,0,,60,semantic
18210,U+7BED,篭,46,,60,semantic
18211,U+7BEE,篮,26,,60,semantic
18212,U+7BEF,篯,32,,60,semantic
18213,U+7BF0,篰,37,,60,semantic
18214,U+7BF1,篱,37,,60,semantic
18215,U+7BF2,篲,53,,60,semantic
18216,U+7BF3,篳,37,,60,semantic
18217,U+7BF4,篴,37,,60,semantic
18218,U+7BF5,篵,0,,60,semantic
18219,U+7BF6,篶,0,,60,semantic
18220,U+7BF7,篷,55,,60,semantic
18221,U+7BF8,篸,4,,60,semantic
18222,U+7BF9,篹,37,,60,semantic
18223,U+7BFA,篺,55,,60,semantic
18224,U+7BFB,篻,0,,60,semantic
18225,U+7BFC,篼,59,,60,semantic
18226,U+7BFD,篽,0,,60,semantic
18227,U+7BFE,篾,37,,60,semantic
18228,U+7BFF,篿,0,,60,semantic
18229,U+7C00,簀,9,,60,semantic
18230,U+7C01,簁,52,,60,semantic
18231,U+7C02,簂,0,,60,semantic
18232,U+7C03,簃,9,,60,semantic
18233,U+7C04,簄,0,,60,semantic
18234,U+7C05,簅,0,,60,semantic
18235,U+7C06,簆,53,,60,semantic
18236,U+7C07,簇,18,,60,semantic
18237,U+7C08,簈,37,,60,semantic
18238,U+7C09,簉,57,,60,semantic
18239,U+7C0A,簊,0,,60,semantic
18240,U+7C0B,簋,37,,60,semantic
18241,U+7C0C,簌,3,,60,semantic
18242,U+7C0D,簍,37,,60,semantic
18243,U+7C0E,簎,0,,60,semantic
18244,U+7C0F,簏,26,,60,semantic
18245,U+7C10,簐,0,,60,semantic
18246,U+7C11,簑,27,,60,semantic
18247,U+7C12,簒,47,,60,semantic
18248,U+7C13,簓,37,,60,semantic
18249,U+7C14,簔,27,,60,semantic
18250,U+7C15,簕,2,,60,semantic
18251,U+7C16,簖,37,,60,semantic
18252,U+7C17,簗,25,,60,semantic
18253,U+7C18,簘,37,,60,semantic
18254,U+7C19,簙,0,,60,semantic
18255,U+7C1A,簚,0,,60,semantic
18256,U+7C1B,簛,52,,60,semantic
18257,U+7C1C,簜,37,,60,semantic
18258,U+7C1D,簝,0,,60,semantic
18259,U+7C1E,簞,21,,60,semantic
18260,U+7C1F,簟,37,,60,semantic
18261,U+7C20,簠,26,,60,semantic
18262,U+7C21,簡,45,,60,semantic
18263,U+7C22,簢,0,,60,semantic
18264,U+7C23,簣,37,,60,semantic
18265,U+7C24,簤,0,,60,semantic
18266,U+7C25,簥,26,,60,semantic
18267,U+7C26,簦,59,,60,semantic
18268,U+7C27,簧,55,,60,semantic
18269,U+7C28,簨,46,,60,semantic
18270,U+7C29,簩,0,,60,semantic
18271,U+7C2A,簪,4,,60,semantic
18272,U+7C2B,簫,37,,60,semantic
18273,U+7C2C,簬,0,,60,semantic
18274,U+7C2D,簭,0,,60,semantic
18275,U+7C2E,簮,0,,60,semantic
18276,U+7C2F,簯,0,,60,semantic
18277,U+7C30,簰,37,,60,semantic
18278,U+7C31,簱,0,,60,semantic
18279,U+7C32,簲,0,,60,semantic
18280,U+7C33,簳,0,,60,semantic
18281,U+7C34,簴,0,,60,semantic
18282,U+7C35,簵,37,,60,semantic
18283,U+7C36,簶,0,,60,semantic
18284,U+7C37,簷,9,,60,semantic
18285,U+7C38,簸,53,,60,semantic
18286,U+7C39,簹,37,,60,semantic
18287,U+7C3A,簺,0,,60,semantic
18288,U+7C3B,簻,34,,60,semantic
18289,U+7C3C,簼,0,,60,semantic
18290,U+7C3D,簽,33,,60,semantic
18291,U+7C3E,簾,9,,60,semantic
18292,U+7C3F,簿,33,,60,semantic
18293,U+7C40,籀,33,,60,semantic
18294,U+7C41,籁,37,,60,semantic
18295,U+7C42,籂,0,,60,semantic
18296,U+7C43,籃,26,,60,semantic
18297,U+7C44,籄,14,,60,semantic
18298,U+7C45,籅,0,,60,semantic
18299,U+7C46,籆,46,,60,semantic
18300,U+7C47,籇,0,,60,semantic
18301,U+7C48,籈,0,,60,semantic
18302,U+7C49,籉,0,,60,semantic
18303,U+7C4A,籊,47,,60,semantic
18304,U+7C4B,籋,0,,60,semantic
18305,U+7C4C,籌,29,,60,semantic
18306,U+7C4D,籍,47,,60,semantic
18307,U+7C4E,籎,0,,60,semantic
18308,U+7C4F,籏,53,,60,semantic
18309,U+7C50,籐,41,,60,semantic
18310,U+7C51,籑,54,,60,semantic
18311,U+7C52,籒,0,,60,semantic
18312,U+7C53,籓,14,,60,semantic
18313,U+7C54,籔,37,,60,semantic
18314,U+7C55,籕,0,,60,semantic
18315,U+7C56,籖,18,,60,semantic
18316,U+7C57,籗,0,,60,semantic
18317,U+7C58,籘,41,,60,semantic
18318,U+7C59,籙,47,,60,semantic
18319,U+7C5A,籚,37,,60,semantic
18320,U+7C5B,籛,32,,60,semantic
18321,U+7C5C,籜,37,,60,semantic
18322,U+7C5D,籝,46,,60,semantic
18323,U+7C5E,籞,9,,60,semantic
18324,U+7C5F,籟,37,,60,semantic
18325,U+7C60,籠,46,,60,semantic
18326,U+7C61,籡,0,,60,semantic
18327,U+7C62,籢,0,,60,semantic
18328,U+7C63,籣,46,,60,semantic
18329,U+7C64,籤,18,,60,semantic
18330,U+7C65,籥,2,,60,semantic
18331,U+7C66,籦,0,,60,semantic
18332,U+7C67,籧,37,,60,semantic
18333,U+7C68,籨,53,,60,semantic
18334,U+7C69,籩,37,,60,semantic
18335,U+7C6A,籪,37,,60,semantic
18336,U+7C6B,籫,0,,60,semantic
18337,U+7C6C,籬,37,,60,semantic
18338,U+7C6D,籭,0,,60,semantic
18339,U+7C6E,籮,37,,60,semantic
18340,U+7C6F,籯,37,,60,semantic
18341,U+7C70,籰,46,,60,semantic
18342,U+7C71,籱,0,,60,semantic
18343,U+7C72,籲,33,,60,semantic
18344,U+7C73,米,21,,60,semantic
18345,U+7C74,籴,48,,60,semantic
18346,U+7C75,籵,47,,60,semantic
18347,U+7C76,籶,0,,60,semantic
18348,U+7C77,籷,0,,60,semantic
18349,U+7C78,籸,49,,60,semantic
18350,U+7C79,籹,54,,60,semantic
18351,U+7C7A,籺,0,,60,semantic
18352,U+7C7B,类,33,,60,semantic
18353,U+7C7C,籼,21,,60,semantic
18354,U+7C7D,籽,48,,60,semantic
18355,U+7C7E,籾,21,,60,semantic
18356,U+7C7F,籿,0,,60,semantic
18357,U+7C80,粀,0,,60,semantic
18358,U+7C81,粁,47,,60,semantic
18359,U+7C82,粂,32,,60,semantic
18360,U+7C83,粃,48,,60,semantic
18361,U+7C84,粄,0,,60,semantic
18362,U+7C85,粅,0,,60,semantic
18363,U+7C86,粆,45,,60,semantic
18364,U+7C87,粇,53,,60,semantic
18365,U+7C88,粈,0,,60,semantic
18366,U+7C89,粉,49,,60,semantic
18367,U+7C8A,粊,0,,60,semantic
18368,U+7C8B,粋,33,,60,semantic
18369,U+7C8C,粌,0,,60,semantic
18370,U+7C8D,粍,47,,60,semantic
18371,U+7C8E,粎,47,,60,semantic
18372,U+7C8F,粏,0,,60,semantic
18373,U+7C90,粐,0,,60,semantic
18374,U+7C91,粑,54,,60,semantic
18375,U+7C92,粒,48,,60,semantic
18376,U+7C93,粓,0,,60,semantic
18377,U+7C94,粔,21,,60,semantic
18378,U+7C95,粕,24,,60,semantic
18379,U+7C96,粖,0,,60,semantic
18380,U+7C97,粗,45,,60,semantic
18381,U+7C98,粘,38,,60,semantic
18382,U+7C99,粙,0,,60,semantic
18383,U+7C9A,粚,0,,60,semantic
18384,U+7C9C,粜,48,,60,semantic
18385,U+7C9D,粝,21,,60,semantic
18386,U+7C9E,粞,21,,60,semantic
18387,U+7C9F,粟,48,,60,semantic
18388,U+7CA0,粠,0,,60,semantic
18389,U+7CA1,粡,0,,60,semantic
18390,U+7CA2,粢,48,,60,semantic
18391,U+7CA3,粣,0,,60,semantic
18392,U+7CA4,粤,43,,60,semantic
18393,U+7CA5,粥,21,,60,semantic
18394,U+7CA6,粦,6,,60,semantic
18395,U+7CA7,粧,4,,60,semantic
18396,U+7CA8,粨,47,,60,semantic
18397,U+7CA9,粩,0,,60,semantic
18398,U+7CAA,粪,49,,60,semantic
18399,U+7CAB,粫,0,,60,semantic
18400,U+7CAC,粬,38,,60,semantic
18401,U+7CAD,粭,0,,60,semantic
18402,U+7CAE,粮,54,,60,semantic
18403,U+7CAF,粯,0,,60,semantic
18404,U+7CB0,粰,0,,60,semantic
18405,U+7CB1,粱,48,,60,semantic
18406,U+7CB2,粲,28,,60,semantic
18407,U+7CB3,粳,21,,60,semantic
18408,U+7CB4,粴,0,,60,semantic
18409,U+7CB5,粵,43,,60,semantic
18410,U+7CB6,粶,0,,60,semantic
18411,U+7CB7,粷,0,,60,semantic
18412,U+7CB8,粸,0,,60,semantic
18413,U+7CB9,粹,33,,60,semantic
18414,U+7CBA,粺,21,,60,semantic
18415,U+7CBB,粻,47,,60,semantic
18416,U+7CBC,粼,23,,60,semantic
18417,U+7CBD,粽,21,,60,semantic
18418,U+7CBE,精,33,,60,semantic
18419,U+7CBF,粿,21,,60,semantic
18420,U+7CC0,糀,0,,60,semantic
18421,U+7CC1,糁,21,,60,semantic
18422,U+7CC2,糂,0,,60,semantic
18423,U+7CC3,糃,0,,60,semantic
18424,U+7CC4,糄,0,,60,semantic
18425,U+7CC5,糅,49,,60,semantic
18426,U+7CC6,糆,0,,60,semantic
18427,U+7CC7,糇,21,,60,semantic
18428,U+7CC8,糈,21,,60,semantic
18429,U+7CC9,糉,21,,60,semantic
18430,U+7CCA,糊,52,,60,semantic
18431,U+7CCB,糋,0,,60,semantic
18432,U+7CCC,糌,48,,60,semantic
18433,U+7CCD,糍,21,,60,semantic
18434,U+7CCE,糎,47,,60,semantic
18435,U+7CCF,糏,21,,60,semantic
18436,U+7CD0,糐,0,,60,semantic
18437,U+7CD1,糑,0,,60,semantic
18438,U+7CD2,糒,54,,60,semantic
18439,U+7CD3,糓,48,,60,semantic
18440,U+7CD4,糔,24,,60,semantic
18441,U+7CD5,糕,54,,60,semantic
18442,U+7CD6,糖,54,,60,semantic
18443,U+7CD7,糗,48,,60,semantic
18444,U+7CD8,糘,0,,60,semantic
18445,U+7CD9,糙,21,,60,semantic
18446,U+7CDA,糚,0,,60,semantic
18447,U+7CDB,糛,0,,60,semantic
18448,U+7CDC,糜,21,,60,semantic
18449,U+7CDD,糝,21,,60,semantic
18450,U+7CDE,糞,49,,60,semantic
18451,U+7CDF,糟,49,,60,semantic
18452,U+7CE0,糠,45,,60,semantic
18453,U+7CE1,糡,53,,60,semantic
18454,U+7CE2,糢,21,,60,semantic
18455,U+7CE3,糣,0,,60,semantic
18456,U+7CE4,糤,54,,60,semantic
18457,U+7CE5,糥,0,,60,semantic
18458,U+7CE6,糦,0,,60,semantic
18459,U+7CE7,糧,54,,60,semantic
18460,U+7CE8,糨,53,,60,semantic
18461,U+7CE9,糩,0,,60,semantic
18462,U+7CEA,糪,0,,60,semantic
18463,U+7CEB,糫,0,,60,semantic
18464,U+7CEC,糬,0,,60,semantic
18465,U+7CED,糭,21,,60,semantic
18466,U+7CEE,糮,0,,60,semantic
18467,U+7CEF,糯,21,,60,semantic
18468,U+7CF0,糰,21,,60,semantic
18469,U+7CF1,糱,48,,60,semantic
18470,U+7CF2,糲,21,,60,semantic
18471,U+7CF3,糳,0,,60,semantic
18472,U+7CF4,糴,48,,60,semantic
18473,U+7CF5,糵,48,,60,semantic
18474,U+7CF6,糶,48,,60,semantic
18475,U+7CF7,糷,0,,60,semantic
18476,U+7CF8,糸,30,,60,semantic
18477,U+7CF9,糹,30,,60,semantic
18478,U+7CFA,糺,20,,60,semantic
18479,U+7CFB,系,46,,60,semantic
18480,U+7CFC,糼,0,,60,semantic
18481,U+7CFD,糽,0,,60,semantic
18482,U+7CFE,糾,7,,60,semantic
18483,U+7CFF,糿,0,,60,semantic
18484,U+7D00,紀,12,,60,semantic
18485,U+7D01,紁,0,,60,semantic
18486,U+7D02,紂,35,,60,semantic
18487,U+7D03,紃,46,,60,semantic
18488,U+7D04,約,47,,60,semantic
18489,U+7D05,紅,50,,60,semantic
18490,U+7D06,紆,51,,60,semantic
18491,U+7D07,紇,11,,60,semantic
18492,U+7D08,紈,11,,60,semantic
18493,U+7D09,紉,46,,60,semantic
18494,U+7D0A,紊,36,,60,semantic
18495,U+7D0B,紋,51,,60,semantic
18496,U+7D0C,紌,0,,60,semantic
18497,U+7D0D,納,33,,60,semantic
18498,U+7D0E,紎,0,,60,semantic
18499,U+7D0F,紏,0,,60,semantic
18500,U+7D10,紐,46,,60,semantic
18501,U+7D11,紑,47,,60,semantic
18502,U+7D12,紒,0,,60,semantic
18503,U+7D13,紓,5,,60,semantic
18504,U+7D14,純,49,,60,semantic
18505,U+7D15,紕,11,,60,semantic
18506,U+7D16,紖,46,,60,semantic
18507,U+7D17,紗,11,,60,semantic
18508,U+7D18,紘,18,,60,semantic
18509,U+7D19,紙,33,,60,semantic
18510,U+7D1A,級,33,,60,semantic
18511,U+7D1B,紛,52,,60,semantic
18512,U+7D1C,紜,36,,60,semantic
18513,U+7D1D,紝,11,,60,semantic
18514,U+7D1E,紞,34,,60,semantic
18515,U+7D1F,紟,46,,60,semantic
18516,U+7D20,素,50,,60,semantic
18517,U+7D21,紡,46,,60,semantic
18518,U+7D22,索,46,,60,semantic
18519,U+7D23,紣,0,,60,semantic
18520,U+7D24,紤,0,,60,semantic
18521,U+7D25,紥,46,,60,semantic
18522,U+7D26,紦,0,,60,semantic
18523,U+7D27,紧,46,,60,semantic
18524,U+7D28,紨,0,,60,semantic
18525,U+7D29,紩,27,,60,semantic
18526,U+7D2A,紪,0,,60,semantic
18527,U+7D2B,紫,50,,60,semantic
18528,U+7D2C,紬,11,,60,semantic
18529,U+7D2D,紭,0,,60,semantic
18530,U+7D2E,紮,46,,60,semantic
18531,U+7D2F,累,36,,60,semantic
18532,U+7D30,細,45,,60,semantic
18533,U+7D31,紱,46,,60,semantic
18534,U+7D32,紲,53,,60,semantic
18535,U+7D33,紳,46,,60,semantic
18536,U+7D34,紴,0,,60,semantic
18537,U+7D35,紵,27,,60,semantic
18538,U+7D36,紶,0,,60,semantic
18539,U+7D37,紷,0,,60,semantic
18540,U+7D38,紸,0,,60,semantic
18541,U+7D39,紹,13,,60,semantic
18542,U+7D3A,紺,50,,60,semantic
18543,U+7D3B,紻,0,,60,semantic
18544,U+7D3C,紼,46,,60,semantic
18545,U+7D3D,紽,11,,60,semantic
18546,U+7D3E,紾,51,,60,semantic
18547,U+7D3F,紿,42,,60,semantic
18548,U+7D40,絀,27,,60,semantic
18549,U+7D41,絁,11,,60,semantic
18550,U+7D42,終,5,,60,semantic
18551,U+7D43,絃,46,,60,semantic
18552,U+7D44,組,47,,60,semantic
18553,U+7D45,絅,27,,60,semantic
18554,U+7D46,絆,46,,60,semantic
18555,U+7D47,絇,0,,60,semantic
18556,U+7D48,絈,0,,60,semantic
18557,U+7D49,絉,0,,60,semantic
18558,U+7D4A,絊,0,,60,semantic
18559,U+7D4B,絋,0,,60,semantic
18560,U+7D4C,経,12,,60,semantic
18561,U+7D4D,絍,27,,60,semantic
18562,U+7D4E,絎,53,,60,semantic
18563,U+7D4F,絏,46,,60,semantic
18564,U+7D50,結,46,,60,semantic
18565,U+7D51,絑,0,,60,semantic
18566,U+7D52,絒,0,,60,semantic
18567,U+7D53,絓,5,,60,semantic
18568,U+7D54,絔,0,,60,semantic
18569,U+7D55,絕,5,,60,semantic
18570,U+7D56,絖,11,,60,semantic
18571,U+7D57,絗,0,,60,semantic
18572,U+7D58,絘,0,,60,semantic
18573,U+7D59,絙,0,,60,semantic
18574,U+7D5A,絚,46,,60,semantic
18575,U+7D5B,絛,11,,60,semantic
18576,U+7D5C,絜,47,,60,semantic
18577,U+7D5D,絝,27,,60,semantic
18578,U+7D5E,絞,46,,60,semantic
18579,U+7D5F,絟,0,,60,semantic
18580,U+7D60,絠,0,,60,semantic
18581,U+7D61,絡,46,,60,semantic
18582,U+7D62,絢,28,,60,semantic
18583,U+7D63,絣,46,,60,semantic
18584,U+7D64,絤,0,,60,semantic
18585,U+7D65,絥,59,,60,semantic
18586,U+7D66,給,29,,60,semantic
18587,U+7D67,絧,0,,60,semantic
18588,U+7D68,絨,11,,60,semantic
18589,U+7D69,絩,0,,60,semantic
18590,U+7D6A,絪,53,,60,semantic
18591,U+7D6B,絫,0,,60,semantic
18592,U+7D6C,絬,0,,60,semantic
18593,U+7D6D,絭,0,,60,semantic
18594,U+7D6E,絮,11,,60,semantic
18595,U+7D6F,絯,0,,60,semantic
18596,U+7D70,絰,27,,60,semantic
18597,U+7D71,統,12,,60,semantic
18598,U+7D72,絲,11,,60,semantic
18599,U+7D73,絳,43,,60,semantic
18600,U+7D74,絴,0,,60,semantic
18601,U+7D75,絵,47,,60,semantic
18602,U+7D76,絶,52,,60,semantic
18603,U+7D77,絷,46,,60,semantic
18604,U+7D78,絸,53,,60,semantic
18605,U+7D79,絹,11,,60,semantic
18606,U+7D7A,絺,11,,60,semantic
18607,U+7D7B,絻,15,,60,semantic
18608,U+7D7C,絼,0,,60,semantic
18609,U+7D7D,絽,11,,60,semantic
18610,U+7D7E,絾,0,,60,semantic
18611,U+7D7F,絿,47,,60,semantic
18612,U+7D80,綀,27,,60,semantic
18613,U+7D81,綁,46,,60,semantic
18614,U+7D82,綂,12,,60,semantic
18615,U+7D83,綃,11,,60,semantic
18616,U+7D84,綄,42,,60,semantic
18617,U+7D85,綅,46,,60,semantic
18618,U+7D86,綆,46,,60,semantic
18619,U+7D87,綇,0,,60,semantic
18620,U+7D88,綈,11,,60,semantic
18621,U+7D89,綉,27,,60,semantic
18622,U+7D8A,綊,0,,60,semantic
18623,U+7D8B,綋,0,,60,semantic
18624,U+7D8C,綌,11,,60,semantic
18625,U+7D8D,綍,46,,60,semantic
18626,U+7D8E,綎,11,,60,semantic
18627,U+7D8F,綏,33,,60,semantic
18628,U+7D90,綐,11,,60,semantic
18629,U+7D91,綑,46,,60,semantic
18630,U+7D92,綒,0,,60,semantic
18631,U+7D93,經,12,,60,semantic
18632,U+7D94,綔,0,,60,semantic
18633,U+7D95,綕,0,,60,semantic
18634,U+7D96,綖,46,,60,semantic
18635,U+7D97,綗,0,,60,semantic
18636,U+7D98,綘,0,,60,semantic
18637,U+7D99,継,33,,60,semantic
18638,U+7D9A,続,31,,60,semantic
18639,U+7D9B,綛,0,,60,semantic
18640,U+7D9C,綜,11,,60,semantic
18641,U+7D9D,綝,47,,60,semantic
18642,U+7D9E,綞,11,,60,semantic
18643,U+7D9F,綟,0,,60,semantic
18644,U+7DA0,綠,6,,60,semantic
18645,U+7DA1,綡,0,,60,semantic
18646,U+7DA2,綢,11,,60,semantic
18647,U+7DA3,綣,28,,60,semantic
18648,U+7DA4,綤,0,,60,semantic
18649,U+7DA5,綥,0,,60,semantic
18650,U+7DA6,綦,50,,60,semantic
18651,U+7DA7,綧,0,,60,semantic
18652,U+7DA8,綨,0,,60,semantic
18653,U+7DA9,綩,0,,60,semantic
18654,U+7DAA,綪,50,,60,semantic
18655,U+7DAB,綫,46,,60,semantic
18656,U+7DAC,綬,11,,60,semantic
18657,U+7DAD,維,33,,60,semantic
18658,U+7DAE,綮,27,,60,semantic
18659,U+7DAF,綯,51,,60,semantic
18660,U+7DB0,綰,46,,60,semantic
18661,U+7DB1,綱,46,,60,semantic
18662,U+7DB2,網,33,,60,semantic
18663,U+7DB3,綳,27,,60,semantic
18664,U+7DB4,綴,47,,60,semantic
18665,U+7DB5,綵,11,,60,semantic
18666,U+7DB6,綶,0,,60,semantic
18667,U+7DB7,綷,0,,60,semantic
18668,U+7DB8,綸,11,,60,semantic
18669,U+7DB9,綹,53,,60,semantic
18670,U+7DBA,綺,11,,60,semantic
18671,U+7DBB,綻,52,,60,semantic
18672,U+7DBC,綼,0,,60,semantic
18673,U+7DBD,綽,28,,60,semantic
18674,U+7DBE,綾,11,,60,semantic
18675,U+7DBF,綿,11,,60,semantic
18676,U+7DC0,緀,0,,60,semantic
18677,U+7DC1,緁,20,,60,semantic
18678,U+7DC2,緂,0,,60,semantic
18679,U+7DC3,緃,51,,60,semantic
18680,U+7DC4,緄,46,,60,semantic
18681,U+7DC5,緅,11,,60,semantic
18682,U+7DC6,緆,0,,60,semantic
18683,U+7DC7,緇,11,,60,semantic
18684,U+7DC8,緈,0,,60,semantic
18685,U+7DC9,緉,51,,60,semantic
18686,U+7DCA,緊,46,,60,semantic
18687,U+7DCB,緋,50,,60,semantic
18688,U+7DCC,緌,46,,60,semantic
18689,U+7DCD,緍,46,,60,semantic
18690,U+7DCE,緎,27,,60,semantic
18691,U+7DCF,総,13,,60,semantic
18692,U+7DD0,緐,0,,60,semantic
18693,U+7DD1,緑,6,,60,semantic
18694,U+7DD2,緒,46,,60,semantic
18695,U+7DD3,緓,0,,60,semantic
18696,U+7DD4,緔,51,,60,semantic
18697,U+7DD5,緕,0,,60,semantic
18698,U+7DD6,緖,46,,60,semantic
18699,U+7DD7,緗,50,,60,semantic
18700,U+7DD8,緘,46,,60,semantic
18701,U+7DD9,緙,11,,60,semantic
18702,U+7DDA,線,46,,60,semantic
18703,U+7DDB,緛,0,,60,semantic
18704,U+7DDC,緜,11,,60,semantic
18705,U+7DDD,緝,27,,60,semantic
18706,U+7DDE,緞,53,,60,semantic
18707,U+7DDF,緟,0,,60,semantic
18708,U+7DE0,締,46,,60,semantic
18709,U+7DE1,緡,46,,60,semantic
18710,U+7DE2,緢,0,,60,semantic
18711,U+7DE3,緣,29,,60,semantic
18712,U+7DE4,緤,46,,60,semantic
18713,U+7DE5,緥,23,,60,semantic
18714,U+7DE6,緦,11,,60,semantic
18715,U+7DE7,緧,0,,60,semantic
18716,U+7DE8,編,27,,60,semantic
18717,U+7DE9,緩,31,,60,semantic
18718,U+7DEA,緪,46,,60,semantic
18719,U+7DEB,緫,13,,60,semantic
18720,U+7DEC,緬,34,,60,semantic
18721,U+7DED,緭,0,,60,semantic
18722,U+7DEE,緮,0,,60,semantic
18723,U+7DEF,緯,16,,60,semantic
18724,U+7DF0,緰,53,,60,semantic
18725,U+7DF1,緱,46,,60,semantic
18726,U+7DF2,緲,34,,60,semantic
18727,U+7DF3,緳,0,,60,semantic
18728,U+7DF4,練,1,,60,semantic
18729,U+7DF5,緵,53,,60,semantic
18730,U+7DF6,緶,27,,60,semantic
18731,U+7DF7,緷,0,,60,semantic
18732,U+7DF8,緸,0,,60,semantic
18733,U+7DF9,緹,50,,60,semantic
18734,U+7DFA,緺,46,,60,semantic
18735,U+7DFB,緻,28,,60,semantic
18736,U+7DFC,緼,53,,60,semantic
18737,U+7DFD,緽,0,,60,semantic
18738,U+7DFE,緾,0,,60,semantic
18739,U+7DFF,緿,0,,60,semantic
18740,U+7E00,縀,0,,60,semantic
18741,U+7E01,縁,27,,60,semantic
18742,U+7E02,縂,13,,60,semantic
18743,U+7E03,縃,0,,60,semantic
18744,U+7E04,縄,46,,60,semantic
18745,U+7E05,縅,42,,60,semantic
18746,U+7E06,縆,46,,60,semantic
18747,U+7E07,縇,27,,60,semantic
18748,U+7E08,縈,46,,60,semantic
18749,U+7E09,縉,11,,60,semantic
18750,U+7E0A,縊,52,,60,semantic
18751,U+7E0B,縋,46,,60,semantic
18752,U+7E0C,縌,0,,60,semantic
18753,U+7E0D,縍,51,,60,semantic
18754,U+7E0E,縎,0,,60,semantic
18755,U+7E0F,縏,27,,60,semantic
18756,U+7E10,縐,52,,60,semantic
18757,U+7E11,縑,11,,60,semantic
18758,U+7E12,縒,51,,60,semantic
18759,U+7E13,縓,11,,60,semantic
18760,U+7E14,縔,0,,60,semantic
18761,U+7E15,縕,11,,60,semantic
18762,U+7E16,縖,0,,60,semantic
18763,U+7E17,縗,27,,60,semantic
18764,U+7E18,縘,0,,60,semantic
18765,U+7E19,縙,0,,60,semantic
18766,U+7E1A,縚,47,,60,semantic
18767,U+7E1B,縛,46,,60,semantic
18768,U+7E1C,縜,0,,60,semantic
18769,U+7E1D,縝,11,,60,semantic
18770,U+7E1E,縞,11,,60,semantic
18771,U+7E1F,縟,28,,60,semantic
18772,U+7E20,縠,53,,60,semantic
18773,U+7E21,縡,57,,60,semantic
18774,U+7E22,縢,46,,60,semantic
18775,U+7E23,縣,43,,60,semantic
18776,U+7E24,縤,0,,60,semantic
18777,U+7E25,縥,0,,60,semantic
18778,U+7E26,縦,20,,60,semantic
18779,U+7E27,縧,11,,60,semantic
18780,U+7E28,縨,0,,60,semantic
18781,U+7E29,縩,0,,60,semantic
18782,U+7E2A,縪,0,,60,semantic
18783,U+7E2B,縫,27,,60,semantic
18784,U+7E2C,縬,0,,60,semantic
18785,U+7E2D,縭,27,,60,semantic
18786,U+7E2E,縮,33,,60,semantic
18787,U+7E2F,縯,47,,60,semantic
18788,U+7E30,縰,4,,60,semantic
18789,U+7E31,縱,20,,60,semantic
18790,U+7E32,縲,46,,60,semantic
18791,U+7E33,縳,46,,60,semantic
18792,U+7E34,縴,46,,60,semantic
18793,U+7E35,縵,11,,60,semantic
18794,U+7E36,縶,46,,60,semantic
18795,U+7E37,縷,46,,60,semantic
18796,U+7E38,縸,0,,60,semantic
18797,U+7E39,縹,50,,60,semantic
18798,U+7E3A,縺,46,,60,semantic
18799,U+7E3B,縻,46,,60,semantic
18800,U+7E3C,縼,0,,60,semantic
18801,U+7E3D,總,13,,60,semantic
18802,U+7E3E,績,51,,60,semantic
18803,U+7E3F,縿,23,,60,semantic
18804,U+7E40,繀,59,,60,semantic
18805,U+7E41,繁,47,,60,semantic
18806,U+7E42,繂,5,,60,semantic
18807,U+7E43,繃,46,,60,semantic
18808,U+7E44,繄,47,,60,semantic
18809,U+7E45,繅,11,,60,semantic
18810,U+7E46,繆,33,,60,semantic
18811,U+7E47,繇,47,,60,semantic
18812,U+7E48,繈,27,,60,semantic
18813,U+7E49,繉,0,,60,semantic
18814,U+7E4A,繊,28,,60,semantic
18815,U+7E4B,繋,46,,60,semantic
18816,U+7E4C,繌,0,,60,semantic
18817,U+7E4D,繍,27,,60,semantic
18818,U+7E4E,繎,0,,60,semantic
18819,U+7E4F,繏,0,,60,semantic
18820,U+7E50,繐,11,,60,semantic
18821,U+7E51,繑,16,,60,semantic
18822,U+7E52,繒,11,,60,semantic
18823,U+7E53,繓,0,,60,semantic
18824,U+7E54,織,11,,60,semantic
18825,U+7E55,繕,33,,60,semantic
18826,U+7E56,繖,16,,60,semantic
18827,U+7E57,繗,0,,60,semantic
18828,U+7E58,繘,46,,60,semantic
18829,U+7E59,繙,16,,60,semantic
18830,U+7E5A,繚,16,,60,semantic
18831,U+7E5B,繛,0,,60,semantic
18832,U+7E5C,繜,0,,60,semantic
18833,U+7E5D,繝,0,,60,semantic
18834,U+7E5E,繞,16,,60,semantic
18835,U+7E5F,繟,0,,60,semantic
18836,U+7E60,繠,13,,60,semantic
18837,U+7E61,繡,27,,60,semantic
18838,U+7E62,繢,47,,60,semantic
18839,U+7E63,繣,42,,60,semantic
18840,U+7E64,繤,47,,60,semantic
18841,U+7E65,繥,0,,60,semantic
18842,U+7E66,繦,46,,60,semantic
18843,U+7E67,繧,0,,60,semantic
18844,U+7E68,繨,46,,60,semantic
18845,U+7E69,繩,46,,60,semantic
18846,U+7E6A,繪,33,,60,semantic
18847,U+7E6B,繫,46,,60,semantic
18848,U+7E6C,繬,0,,60,semantic
18849,U+7E6D,繭,38,,60,semantic
18850,U+7E6E,繮,2,,60,semantic
18851,U+7E6F,繯,46,,60,semantic
18852,U+7E70,繰,11,,60,semantic
18853,U+7E71,繱,0,,60,semantic
18854,U+7E72,繲,27,,60,semantic
18855,U+7E73,繳,29,,60,semantic
18856,U+7E74,繴,25,,60,semantic
18857,U+7E75,繵,0,,60,semantic
18858,U+7E76,繶,0,,60,semantic
18859,U+7E77,繷,0,,60,semantic
18860,U+7E78,繸,27,,60,semantic
18861,U+7E79,繹,11,,60,semantic
18862,U+7E7A,繺,0,,60,semantic
18863,U+7E7B,繻,11,,60,semantic
18864,U+7E7C,繼,31,,60,semantic
18865,U+7E7D,繽,28,,60,semantic
18866,U+7E7E,繾,46,,60,semantic
18867,U+7E7F,繿,27,,60,semantic
18868,U+7E80,纀,0,,60,semantic
18869,U+7E81,纁,50,,60,semantic
18870,U+7E82,纂,33,,60,semantic
18871,U+7E83,纃,0,,60,semantic
18872,U+7E84,纄,0,,60,semantic
18873,U+7E85,纅,0,,60,semantic
18874,U+7E86,纆,46,,60,semantic
18875,U+7E87,纇,46,,60,semantic
18876,U+7E88,纈,11,,60,semantic
18877,U+7E89,纉,0,,60,semantic
18878,U+7E8A,纊,11,,60,semantic
18879,U+7E8B,纋,0,,60,semantic
18880,U+7E8C,續,31,,60,semantic
18881,U+7E8D,纍,46,,60,semantic
18882,U+7E8E,纎,28,,60,semantic
18883,U+7E8F,纏,46,,60,semantic
18884,U+7E90,纐,0,,60,semantic
18885,U+7E91,纑,49,,60,semantic
18886,U+7E92,纒,46,,60,semantic
18887,U+7E93,纓,17,,60,semantic
18888,U+7E94,纔,33,,60,semantic
18889,U+7E95,纕,46,,60,semantic
18890,U+7E96,纖,28,,60,semantic
18891,U+7E97,纗,0,,60,semantic
18892,U+7E98,纘,31,,60,semantic
18893,U+7E99,纙,0,,60,semantic
18894,U+7E9A,纚,46,,60,semantic
18895,U+7E9B,纛,10,,60,semantic
18896,U+7E9C,纜,46,,60,semantic
18897,U+7E9D,纝,0,,60,semantic
18898,U+7E9E,纞,0,,60,semantic
18899,U+7E9F,纟,30,,60,semantic
18900,U+7EA0,纠,7,,60,semantic
18901,U+7EA1,纡,51,,60,semantic
18902,U+7EA2,红,50,,60,semantic
18903,U+7EA3,纣,12,,60,semantic
18904,U+7EA4,纤,28,,60,semantic
18905,U+7EA5,纥,11,,60,semantic
18906,U+7EA6,约,47,,60,semantic
18907,U+7EA7,级,33,,60,semantic
18908,U+7EA8,纨,11,,60,semantic
18909,U+7EA9,纩,11,,60,semantic
18910,U+7EAA,纪,12,,60,semantic
18911,U+7EAB,纫,46,,60,semantic
18912,U+7EAC,纬,16,,60,semantic
18913,U+7EAD,纭,36,,60,semantic
18914,U+7EAE,纮,18,,60,semantic
18915,U+7EAF,纯,49,,60,semantic
18916,U+7EB0,纰,11,,60,semantic
18917,U+7EB1,纱,11,,60,semantic
18918,U+7EB2,纲,46,,60,semantic
18919,U+7EB3,纳,33,,60,semantic
18920,U+7EB4,纴,11,,60,semantic
18921,U+7EB5,纵,20,,60,semantic
18922,U+7EB6,纶,11,,60,semantic
18923,U+7EB7,纷,36,,60,semantic
18924,U+7EB8,纸,33,,60,semantic
18925,U+7EB9,纹,52,,60,semantic
18926,U+7EBA,纺,46,,60,semantic
18927,U+7EBB,纻,27,,60,semantic
18928,U+7EBC,纼,46,,60,semantic
18929,U+7EBD,纽,46,,60,semantic
18930,U+7EBE,纾,5,,60,semantic
18931,U+7EBF,线,46,,60,semantic
18932,U+7EC0,绀,50,,60,semantic
18933,U+7EC1,绁,20,,60,semantic
18934,U+7EC2,绂,46,,60,semantic
18935,U+7EC3,练,33,,60,semantic
18936,U+7EC4,组,47,,60,semantic
18937,U+7EC5,绅,46,,60,semantic
18938,U+7EC6,细,45,,60,semantic
18939,U+7EC7,织,27,,60,semantic
18940,U+7EC8,终,5,,60,semantic
18941,U+7EC9,绉,52,,60,semantic
18942,U+7ECA,绊,46,,60,semantic
18943,U+7ECB,绋,46,,60,semantic
18944,U+7ECC,绌,27,,60,semantic
18945,U+7ECD,绍,31,,60,semantic
18946,U+7ECE,绎,11,,60,semantic
18947,U+7ECF,经,12,,60,semantic
18948,U+7ED0,绐,42,,60,semantic
18949,U+7ED1,绑,46,,60,semantic
18950,U+7ED2,绒,11,,60,semantic
18951,U+7ED3,结,46,,60,semantic
18952,U+7ED4,绔,27,,60,semantic
18953,U+7ED5,绕,46,,60,semantic
18954,U+7ED6,绖,27,,60,semantic
18955,U+7ED7,绗,53,,60,semantic
18956,U+7ED8,绘,33,,60,semantic
18957,U+7ED9,给,29,,60,semantic
18958,U+7EDA,绚,28,,60,semantic
18959,U+7EDB,绛,43,,60,semantic
18960,U+7EDC,络,46,,60,semantic
18961,U+7EDD,绝,5,,60,semantic
18962,U+7EDE,绞,46,,60,semantic
18963,U+7EDF,统,33,,60,semantic
18964,U+7EE0,绠,46,,60,semantic
18965,U+7EE1,绡,11,,60,semantic
18966,U+7EE2,绢,11,,60,semantic
18967,U+7EE3,绣,27,,60,semantic
18968,U+7EE4,绤,11,,60,semantic
18969,U+7EE5,绥,36,,60,semantic
18970,U+7EE6,绦,11,,60,semantic
18971,U+7EE7,继,33,,60,semantic
18972,U+7EE8,绨,11,,60,semantic
18973,U+7EE9,绩,33,,60,semantic
18974,U+7EEA,绪,46,,60,semantic
18975,U+7EEB,绫,11,,60,semantic
18976,U+7EEC,绬,0,,60,semantic
18977,U+7EED,续,31,,60,semantic
18978,U+7EEE,绮,11,,60,semantic
18979,U+7EEF,绯,50,,60,semantic
18980,U+7EF0,绰,28,,60,semantic
18981,U+7EF1,绱,51,,60,semantic
18982,U+7EF2,绲,46,,60,semantic
18983,U+7EF3,绳,46,,60,semantic
18984,U+7EF4,维,33,,60,semantic
18985,U+7EF5,绵,11,,60,semantic
18986,U+7EF6,绶,11,,60,semantic
18987,U+7EF7,绷,52,,60,semantic
18988,U+7EF8,绸,11,,60,semantic
18989,U+7EF9,绹,51,,60,semantic
18990,U+7EFA,绺,53,,60,semantic
18991,U+7EFB,绻,28,,60,semantic
18992,U+7EFC,综,11,,60,semantic
18993,U+7EFD,绽,52,,60,semantic
18994,U+7EFE,绾,46,,60,semantic
18995,U+7EFF,绿,6,,60,semantic
18996,U+7F00,缀,46,,60,semantic
18997,U+7F01,缁,11,,60,semantic
18998,U+7F02,缂,11,,60,semantic
18999,U+7F03,缃,50,,60,semantic
19000,U+7F04,缄,46,,60,semantic
19001,U+7F05,缅,34,,60,semantic
19002,U+7F06,缆,46,,60,semantic
19003,U+7F07,缇,50,,60,semantic
19004,U+7F08,缈,34,,60,semantic
19005,U+7F09,缉,27,,60,semantic
19006,U+7F0A,缊,11,,60,semantic
19007,U+7F0B,缋,47,,60,semantic
19008,U+7F0C,缌,11,,60,semantic
19009,U+7F0D,缍,11,,60,semantic
19010,U+7F0E,缎,53,,60,semantic
19011,U+7F0F,缏,27,,60,semantic
19012,U+7F10,缐,46,,60,semantic
19013,U+7F11,缑,46,,60,semantic
19014,U+7F12,缒,46,,60,semantic
19015,U+7F13,缓,31,,60,semantic
19016,U+7F14,缔,46,,60,semantic
19017,U+7F15,缕,46,,60,semantic
19018,U+7F16,编,33,,60,semantic
19019,U+7F17,缗,46,,60,semantic
19020,U+7F18,缘,33,,60,semantic
19021,U+7F19,缙,11,,60,semantic
19022,U+7F1A,缚,46,,60,semantic
19023,U+7F1B,缛,28,,60,semantic
19024,U+7F1C,缜,33,,60,semantic
19025,U+7F1D,缝,27,,60,semantic
19026,U+7F1E,缞,27,,60,semantic
19027,U+7F1F,缟,11,,60,semantic
19028,U+7F20,缠,46,,60,semantic
19029,U+7F21,缡,27,,60,semantic
19030,U+7F22,缢,52,,60,semantic
19031,U+7F23,缣,11,,60,semantic
19032,U+7F24,缤,28,,60,semantic
19033,U+7F25,缥,50,,60,semantic
19034,U+7F26,缦,11,,60,semantic
19035,U+7F27,缧,46,,60,semantic
19036,U+7F28,缨,17,,60,semantic
19037,U+7F29,缩,33,,60,semantic
19038,U+7F2A,缪,33,,60,semantic
19039,U+7F2B,缫,46,,60,semantic
19040,U+7F2C,缬,11,,60,semantic
19041,U+7F2D,缭,16,,60,semantic
19042,U+7F2E,缮,33,,60,semantic
19043,U+7F2F,缯,11,,60,semantic
19044,U+7F30,缰,13,,60,semantic
19045,U+7F31,缱,46,,60,semantic
19046,U+7F32,缲,46,,60,semantic
19047,U+7F33,缳,46,,60,semantic
19048,U+7F34,缴,29,,60,semantic
19049,U+7F35,缵,31,,60,semantic
19050,U+7F36,缶,30,,60,semantic
19051,U+7F37,缷,5,,60,semantic
19052,U+7F38,缸,26,,60,semantic
19053,U+7F39,缹,54,,60,semantic
19054,U+7F3A,缺,45,,60,semantic
19055,U+7F3B,缻,26,,60,semantic
19056,U+7F3C,缼,0,,60,semantic
19057,U+7F3D,缽,26,,60,semantic
19058,U+7F3E,缾,26,,60,semantic
19059,U+7F3F,缿,0,,60,semantic
19060,U+7F40,罀,26,,60,semantic
19061,U+7F41,罁,26,,60,semantic
19062,U+7F42,罂,26,,60,semantic
19063,U+7F43,罃,26,,60,semantic
19064,U+7F44,罄,5,,60,semantic
19065,U+7F45,罅,52,,60,semantic
19066,U+7F46,罆,26,,60,semantic
19067,U+7F47,罇,24,,60,semantic
19068,U+7F48,罈,26,,60,semantic
19069,U+7F49,罉,26,,60,semantic
19070,U+7F4A,罊,0,,60,semantic
19071,U+7F4B,罋,26,,60,semantic
19072,U+7F4C,罌,26,,60,semantic
19073,U+7F4D,罍,24,,60,semantic
19074,U+7F4E,罎,26,,60,semantic
19075,U+7F4F,罏,24,,60,semantic
19076,U+7F50,罐,26,,60,semantic
19077,U+7F51,网,30,,60,semantic
19078,U+7F52,罒,30,,60,semantic
19079,U+7F53,罓,0,,60,semantic
19080,U+7F54,罔,42,,60,semantic
19081,U+7F55,罕,45,,60,semantic
19082,U+7F56,罖,53,,60,semantic
19083,U+7F57,罗,44,,60,semantic
19084,U+7F58,罘,12,,60,semantic
19085,U+7F59,罙,34,,60,semantic
19086,U+7F5A,罚,42,,60,semantic
19087,U+7F5B,罛,25,,60,semantic
19088,U+7F5C,罜,0,,60,semantic
19089,U+7F5D,罝,19,,60,semantic
19090,U+7F5E,罞,0,,60,semantic
19091,U+7F5F,罟,46,,60,semantic
19092,U+7F60,罠,46,,60,semantic
19093,U+7F61,罡,16,,60,semantic
19094,U+7F62,罢,5,,60,semantic
19095,U+7F63,罣,33,,60,semantic
19096,U+7F64,罤,0,,60,semantic
19097,U+7F65,罥,5,,60,semantic
19098,U+7F66,罦,53,,60,semantic
19099,U+7F67,罧,14,,60,semantic
19100,U+7F68,罨,25,,60,semantic
19101,U+7F69,罩,25,,60,semantic
19102,U+7F6A,罪,42,,60,semantic
19103,U+7F6B,罫,45,,60,semantic
19104,U+7F6C,罬,0,,60,semantic
19105,U+7F6D,罭,46,,60,semantic
19106,U+7F6E,置,5,,60,semantic
19107,U+7F6F,罯,0,,60,semantic
19108,U+7F70,罰,42,,60,semantic
19109,U+7F71,罱,25,,60,semantic
19110,U+7F72,署,33,,60,semantic
19111,U+7F73,罳,2,,60,semantic
19112,U+7F74,罴,19,,60,semantic
19113,U+7F75,罵,42,,60,semantic
19114,U+7F76,罶,25,,60,semantic
19115,U+7F77,罷,5,,60,semantic
19116,U+7F78,罸,42,,60,semantic
19117,U+7F79,罹,15,,60,semantic
19118,U+7F7A,罺,0,,60,semantic
19119,U+7F7B,罻,53,,60,semantic
19120,U+7F7C,罼,0,,60,semantic
19121,U+7F7D,罽,11,,60,semantic
19122,U+7F7E,罾,10,,60,semantic
19123,U+7F7F,罿,44,,60,semantic
19124,U+7F80,羀,25,,60,semantic
19125,U+7F81,羁,13,,60,semantic
19126,U+7F82,羂,53,,60,semantic
19127,U+7F83,羃,27,,60,semantic
19128,U+7F84,羄,0,,60,semantic
19129,U+7F85,羅,44,,60,semantic
19130,U+7F86,羆,19,,60,semantic
19131,U+7F87,羇,9,,60,semantic
19132,U+7F88,羈,13,,60,semantic
19133,U+7F89,羉,0,,60,semantic
19134,U+7F8A,羊,19,,60,semantic
19135,U+7F8B,羋,19,,60,semantic
19136,U+7F8C,羌,43,,60,semantic
19137,U+7F8D,羍,0,,60,semantic
19138,U+7F8E,美,28,,60,semantic
19139,U+7F8F,羏,0,,60,semantic
19140,U+7F90,羐,31,,60,semantic
19141,U+7F91,羑,28,,60,semantic
19142,U+7F92,羒,19,,60,semantic
19143,U+7F93,羓,54,,60,semantic
19144,U+7F94,羔,19,,60,semantic
19145,U+7F95,羕,23,,60,semantic
19146,U+7F96,羖,19,,60,semantic
19147,U+7F97,羗,43,,60,semantic
19148,U+7F98,羘,53,,60,semantic
19149,U+7F99,羙,28,,60,semantic
19150,U+7F9A,羚,58,,60,semantic
19151,U+7F9B,羛,0,,60,semantic
19152,U+7F9C,羜,19,,60,semantic
19153,U+7F9D,羝,19,,60,semantic
19154,U+7F9E,羞,15,,60,semantic
19155,U+7F9F,羟,6,,60,semantic
19156,U+7FA0,羠,0,,60,semantic
19157,U+7FA1,羡,28,,60,semantic
19158,U+7FA2,羢,11,,60,semantic
19159,U+7FA3,羣,18,,60,semantic
19160,U+7FA4,群,18,,60,semantic
19161,U+7FA5,羥,6,,60,semantic
19162,U+7FA6,羦,0,,60,semantic
19163,U+7FA7,羧,6,,60,semantic
19164,U+7FA8,羨,28,,60,semantic
19165,U+7FA9,義,33,,60,semantic
19166,U+7FAA,羪,0,,60,semantic
19167,U+7FAB,羫,19,,60,semantic
19168,U+7FAC,羬,0,,60,semantic
19169,U+7FAD,羭,28,,60,semantic
19170,U+7FAE,羮,26,,60,semantic
19171,U+7FAF,羯,19,,60,semantic
19172,U+7FB0,羰,6,,60,semantic
19173,U+7FB1,羱,19,,60,semantic
19174,U+7FB2,羲,32,,60,semantic
19175,U+7FB3,羳,0,,60,semantic
19176,U+7FB4,羴,19,,60,semantic
19177,U+7FB5,羵,12,,60,semantic
19178,U+7FB6,羶,49,,60,semantic
19179,U+7FB7,羷,0,,60,semantic
19180,U+7FB8,羸,45,,60,semantic
19181,U+7FB9,羹,26,,60,semantic
19182,U+7FBA,羺,0,,60,semantic
19183,U+7FBB,羻,0,,60,semantic
19184,U+7FBC,羼,47,,60,semantic
19185,U+7FBD,羽,30,,60,semantic
19186,U+7FBE,羾,0,,60,semantic
19187,U+7FBF,羿,2,,60,semantic
19188,U+7FC0,翀,13,,60,semantic
19189,U+7FC1,翁,57,,60,semantic
19190,U+7FC2,翂,0,,60,semantic
19191,U+7FC3,翃,16,,60,semantic
19192,U+7FC4,翄,25,,60,semantic
19193,U+7FC5,翅,44,,60,semantic
19194,U+7FC6,翆,50,,60,semantic
19195,U+7FC7,翇,0,,60,semantic
19196,U+7FC8,翈,0,,60,semantic
19197,U+7FC9,翉,0,,60,semantic
19198,U+7FCA,翊,33,,60,semantic
19199,U+7FCB,翋,0,,60,semantic
19200,U+7FCC,翌,50,,60,semantic
19201,U+7FCD,翍,0,,60,semantic
19202,U+7FCE,翎,44,,60,semantic
19203,U+7FCF,翏,16,,60,semantic
19204,U+7FD0,翐,0,,60,semantic
19205,U+7FD1,翑,0,,60,semantic
19206,U+7FD2,習,44,,60,semantic
19207,U+7FD3,翓,0,,60,semantic
19208,U+7FD4,翔,16,,60,semantic
19209,U+7FD5,翕,47,,60,semantic
19210,U+7FD6,翖,47,,60,semantic
19211,U+7FD7,翗,0,,60,semantic
19212,U+7FD8,翘,13,,60,semantic
19213,U+7FD9,翙,53,,60,semantic
19214,U+7FDA,翚,44,,60,semantic
19215,U+7FDB,翛,53,,60,semantic
19216,U+7FDC,翜,0,,60,semantic
19217,U+7FDD,翝,0,,60,semantic
19218,U+7FDE,翞,0,,60,semantic
19219,U+7FDF,翟,44,,60,semantic
19220,U+7FE0,翠,50,,60,semantic
19221,U+7FE1,翡,40,,60,semantic
19222,U+7FE2,翢,0,,60,semantic
19223,U+7FE3,翣,4,,60,semantic
19224,U+7FE4,翤,0,,60,semantic
19225,U+7FE5,翥,5,,60,semantic
19226,U+7FE6,翦,52,,60,semantic
19227,U+7FE7,翧,0,,60,semantic
19228,U+7FE8,翨,0,,60,semantic
19229,U+7FE9,翩,16,,60,semantic
19230,U+7FEA,翪,16,,60,semantic
19231,U+7FEB,翫,42,,60,semantic
19232,U+7FEC,翬,44,,60,semantic
19233,U+7FED,翭,0,,60,semantic
19234,U+7FEE,翮,44,,60,semantic
19235,U+7FEF,翯,50,,60,semantic
19236,U+7FF0,翰,33,,60,semantic
19237,U+7FF1,翱,53,,60,semantic
19238,U+7FF2,翲,0,,60,semantic
19239,U+7FF3,翳,50,,60,semantic
19240,U+7FF4,翴,0,,60,semantic
19241,U+7FF5,翵,0,,60,semantic
19242,U+7FF6,翶,0,,60,semantic
19243,U+7FF7,翷,0,,60,semantic
19244,U+7FF8,翸,0,,60,semantic
19245,U+7FF9,翹,13,,60,semantic
19246,U+7FFA,翺,53,,60,semantic
19247,U+7FFB,翻,51,,60,semantic
19248,U+7FFC,翼,44,,60,semantic
19249,U+7FFD,翽,53,,60,semantic
19250,U+7FFE,翾,16,,60,semantic
19251,U+7FFF,翿,26,,60,semantic
19252,U+8000,耀,39,,60,semantic
19253,U+8001,老,30,,60,semantic
19254,U+8003,考,7,,60,semantic
19255,U+8004,耄,57,,60,semantic
19256,U+8005,者,33,,60,semantic
19257,U+8006,耆,57,,60,semantic
19258,U+8007,耇,4,,60,semantic
19259,U+8008,耈,57,,60,semantic
19260,U+8009,耉,57,,60,semantic
19261,U+800A,耊,0,,60,semantic
19262,U+800B,耋,57,,60,semantic
19263,U+800C,而,30,,60,semantic
19264,U+800D,耍,53,,60,semantic
19265,U+800E,耎,45,,60,semantic
19266,U+800F,耏,53,,60,semantic
19267,U+8010,耐,33,,60,semantic
19268,U+8011,耑,18,,60,semantic
19269,U+8012,耒,30,,60,semantic
19270,U+8013,耓,0,,60,semantic
19271,U+8014,耔,3,,60,semantic
19272,U+8015,耕,3,,60,semantic
19273,U+8016,耖,53,,60,semantic
19274,U+8017,耗,5,,60,semantic
19275,U+8018,耘,3,,60,semantic
19276,U+8019,耙,52,,60,semantic
19277,U+801A,耚,0,,60,semantic
19278,U+801B,耛,0,,60,semantic
19279,U+801C,耜,2,,60,semantic
19280,U+801D,耝,0,,60,semantic
19281,U+801E,耞,53,,60,semantic
19282,U+801F,耟,0,,60,semantic
19283,U+8020,耠,14,,60,semantic
19284,U+8021,耡,53,,60,semantic
19285,U+8022,耢,2,,60,semantic
19286,U+8023,耣,0,,60,semantic
19287,U+8024,耤,52,,60,semantic
19288,U+8025,耥,2,,60,semantic
19289,U+8026,耦,33,,60,semantic
19290,U+8027,耧,48,,60,semantic
19291,U+8028,耨,3,,60,semantic
19292,U+8029,耩,52,,60,semantic
19293,U+802A,耪,3,,60,semantic
19294,U+802B,耫,0,,60,semantic
19295,U+802C,耬,48,,60,semantic
19296,U+802D,耭,3,,60,semantic
19297,U+802E,耮,2,,60,semantic
19298,U+802F,耯,0,,60,semantic
19299,U+8030,耰,52,,60,semantic
19300,U+8031,耱,2,,60,semantic
19301,U+8032,耲,14,,60,semantic
19302,U+8033,耳,30,,60,semantic
19303,U+8034,耴,0,,60,semantic
19304,U+8035,耵,17,,60,semantic
19305,U+8036,耶,32,,60,semantic
19306,U+8037,耷,17,,60,semantic
19307,U+8038,耸,13,,60,semantic
19308,U+8039,耹,0,,60,semantic
19309,U+803A,耺,47,,60,semantic
19310,U+803B,耻,15,,60,semantic
19311,U+803C,耼,17,,60,semantic
19312,U+803D,耽,42,,60,semantic
19313,U+803E,耾,17,,60,semantic
19314,U+803F,耿,28,,60,semantic
19315,U+8040,聀,0,,60,semantic
19316,U+8041,聁,0,,60,semantic
19317,U+8042,聂,8,,60,semantic
19318,U+8043,聃,17,,60,semantic
19319,U+8044,聄,0,,60,semantic
19320,U+8045,聅,0,,60,semantic
19321,U+8046,聆,8,,60,semantic
19322,U+8047,聇,0,,60,semantic
19323,U+8048,聈,0,,60,semantic
19324,U+8049,聉,0,,60,semantic
19325,U+804A,聊,47,,60,semantic
19326,U+804B,聋,17,,60,semantic
19327,U+804C,职,33,,60,semantic
19328,U+804D,聍,17,,60,semantic
19329,U+804E,聎,0,,60,semantic
19330,U+804F,聏,0,,60,semantic
19331,U+8050,聐,0,,60,semantic
19332,U+8051,聑,0,,60,semantic
19333,U+8052,聒,53,,60,semantic
19334,U+8053,聓,0,,60,semantic
19335,U+8054,联,46,,60,semantic
19336,U+8055,聕,0,,60,semantic
19337,U+8056,聖,12,,60,semantic
19338,U+8057,聗,0,,60,semantic
19339,U+8058,聘,33,,60,semantic
19340,U+8059,聙,0,,60,semantic
19341,U+805A,聚,33,,60,semantic
19342,U+805B,聛,0,,60,semantic
19343,U+805C,聜,0,,60,semantic
19344,U+805D,聝,17,,60,semantic
19345,U+805E,聞,8,,60,semantic
19346,U+805F,聟,57,,60,semantic
19347,U+8060,聠,0,,60,semantic
19348,U+8061,聡,28,,60,semantic
19349,U+8062,聢,47,,60,semantic
19350,U+8063,聣,0,,60,semantic
19351,U+8064,聤,0,,60,semantic
19352,U+8065,聥,0,,60,semantic
19353,U+8066,聦,20,,60,semantic
19354,U+8067,聧,0,,60,semantic
19355,U+8068,聨,33,,60,semantic
19356,U+8069,聩,17,,60,semantic
19357,U+806A,聪,28,,60,semantic
19358,U+806B,聫,33,,60,semantic
19359,U+806C,聬,0,,60,semantic
19360,U+806D,聭,0,,60,semantic
19361,U+806E,聮,33,,60,semantic
19362,U+806F,聯,33,,60,semantic
19363,U+8070,聰,28,,60,semantic
19364,U+8071,聱,51,,60,semantic
19365,U+8072,聲,8,,60,semantic
19366,U+8073,聳,13,,60,semantic
19367,U+8074,聴,8,,60,semantic
19368,U+8075,聵,17,,60,semantic
19369,U+8076,聶,8,,60,semantic
19370,U+8077,職,33,,60,semantic
19371,U+8078,聸,0,,60,semantic
19372,U+8079,聹,17,,60,semantic
19373,U+807A,聺,0,,60,semantic
19374,U+807B,聻,5,,60,semantic
19375,U+807C,聼,20,,60,semantic
19376,U+807D,聽,33,,60,semantic
19377,U+807E,聾,17,,60,semantic
19378,U+807F,聿,30,,60,semantic
19379,U+8080,肀,53,,60,semantic
19380,U+8081,肁,0,,60,semantic
19381,U+8082,肂,0,,60,semantic
19382,U+8084,肄,20,,60,semantic
19383,U+8086,肆,33,,60,semantic
19384,U+8087,肇,33,,60,semantic
19385,U+8088,肈,20,,60,semantic
19386,U+8089,肉,30,,60,semantic
19387,U+808A,肊,0,,60,semantic
19388,U+808B,肋,46,,60,semantic
19389,U+808C,肌,2,,60,semantic
19390,U+808D,肍,0,,60,semantic
19391,U+808E,肎,20,,60,semantic
19392,U+808F,肏,42,,60,semantic
19393,U+8090,肐,51,,60,semantic
19394,U+8091,肑,0,,60,semantic
19395,U+8092,肒,0,,60,semantic
19396,U+8093,肓,51,,60,semantic
19397,U+8094,肔,0,,60,semantic
19398,U+8095,肕,18,,60,semantic
19399,U+8096,肖,7,,60,semantic
19400,U+8097,肗,0,,60,semantic
19401,U+8098,肘,51,,60,semantic
19402,U+8099,肙,58,,60,semantic
19403,U+809A,肚,56,,60,semantic
19404,U+809B,肛,38,,60,semantic
19405,U+809C,肜,29,,60,semantic
19406,U+809D,肝,56,,60,semantic
19407,U+809E,肞,0,,60,semantic
19408,U+809F,肟,6,,60,semantic
19409,U+80A0,肠,56,,60,semantic
19410,U+80A1,股,51,,60,semantic
19411,U+80A2,肢,51,,60,semantic
19412,U+80A3,肣,0,,60,semantic
19413,U+80A4,肤,45,,60,semantic
19414,U+80A5,肥,54,,60,semantic
19415,U+80A6,肦,18,,60,semantic
19416,U+80A7,肧,47,,60,semantic
19417,U+80A8,肨,56,,60,semantic
19418,U+80A9,肩,27,,60,semantic
19419,U+80AA,肪,54,,60,semantic
19420,U+80AB,肫,53,,60,semantic
19421,U+80AC,肬,53,,60,semantic
19422,U+80AD,肭,54,,60,semantic
19423,U+80AE,肮,49,,60,semantic
19424,U+80AF,肯,33,,60,semantic
19425,U+80B0,肰,0,,60,semantic
19426,U+80B1,肱,51,,60,semantic
19427,U+80B2,育,33,,60,semantic
19428,U+80B3,肳,17,,60,semantic
19429,U+80B4,肴,54,,60,semantic
19430,U+80B5,肵,47,,60,semantic
19431,U+80B6,肶,51,,60,semantic
19432,U+80B7,肷,51,,60,semantic
19433,U+80B8,肸,28,,60,semantic
19434,U+80B9,肹,56,,60,semantic
19435,U+80BA,肺,56,,60,semantic
19436,U+80BB,肻,0,,60,semantic
19437,U+80BC,肼,23,,60,semantic
19438,U+80BD,肽,6,,60,semantic
19439,U+80BE,肾,56,,60,semantic
19440,U+80BF,肿,56,,60,semantic
19441,U+80C0,胀,23,,60,semantic
19442,U+80C1,胁,46,,60,semantic
19443,U+80C2,胂,56,,60,semantic
19444,U+80C3,胃,14,,60,semantic
19445,U+80C4,胄,4,,60,semantic
19446,U+80C5,胅,0,,60,semantic
19447,U+80C6,胆,33,,60,semantic
19448,U+80C7,胇,0,,60,semantic
19449,U+80C8,胈,4,,60,semantic
19450,U+80C9,胉,0,,60,semantic
19451,U+80CA,胊,53,,60,semantic
19452,U+80CB,胋,0,,60,semantic
19453,U+80CC,背,42,,60,semantic
19454,U+80CD,胍,38,,60,semantic
19455,U+80CE,胎,57,,60,semantic
19456,U+80CF,胏,54,,60,semantic
19457,U+80D0,胐,0,,60,semantic
19458,U+80D1,胑,51,,60,semantic
19459,U+80D2,胒,0,,60,semantic
19460,U+80D3,胓,54,,60,semantic
19461,U+80D4,胔,54,,60,semantic
19462,U+80D5,胕,0,,60,semantic
19463,U+80D6,胖,54,,60,semantic
19464,U+80D7,胗,53,,60,semantic
19465,U+80D8,胘,0,,60,semantic
19466,U+80D9,胙,29,,60,semantic
19467,U+80DA,胚,33,,60,semantic
19468,U+80DB,胛,46,,60,semantic
19469,U+80DC,胜,28,,60,semantic
19470,U+80DD,胝,48,,60,semantic
19471,U+80DE,胞,9,,60,semantic
19472,U+80DF,胟,0,,60,semantic
19473,U+80E0,胠,5,,60,semantic
19474,U+80E1,胡,42,,60,semantic
19475,U+80E2,胢,0,,60,semantic
19476,U+80E3,胣,0,,60,semantic
19477,U+80E4,胤,57,,60,semantic
19478,U+80E5,胥,57,,60,semantic
19479,U+80E6,胦,46,,60,semantic
19480,U+80E7,胧,12,,60,semantic
19481,U+80E8,胨,53,,60,semantic
19482,U+80E9,胩,6,,60,semantic
19483,U+80EA,胪,47,,60,semantic
19484,U+80EB,胫,51,,60,semantic
19485,U+80EC,胬,56,,60,semantic
19486,U+80ED,胭,49,,60,semantic
19487,U+80EE,胮,23,,60,semantic
19488,U+80EF,胯,51,,60,semantic
19489,U+80F0,胰,56,,60,semantic
19490,U+80F1,胱,56,,60,semantic
19491,U+80F2,胲,6,,60,semantic
19492,U+80F3,胳,51,,60,semantic
19493,U+80F4,胴,56,,60,semantic
19494,U+80F5,胵,44,,60,semantic
19495,U+80F6,胶,52,,60,semantic
19496,U+80F7,胷,27,,60,semantic
19497,U+80F8,胸,27,,60,semantic
19498,U+80F9,胹,54,,60,semantic
19499,U+80FA,胺,6,,60,semantic
19500,U+80FB,胻,0,,60,semantic
19501,U+80FC,胼,38,,60,semantic
19502,U+80FD,能,20,,60,semantic
19503,U+80FE,胾,54,,60,semantic
19504,U+80FF,胿,0,,60,semantic
19505,U+8100,脀,0,,60,semantic
19506,U+8101,脁,29,,60,semantic
19507,U+8102,脂,54,,60,semantic
19508,U+8103,脃,17,,60,semantic
19509,U+8104,脄,0,,60,semantic
19510,U+8105,脅,46,,60,semantic
19511,U+8106,脆,45,,60,semantic
19512,U+8107,脇,2,,60,semantic
19513,U+8108,脈,46,,60,semantic
19514,U+8109,脉,2,,60,semantic
19515,U+810A,脊,51,,60,semantic
19516,U+810B,脋,0,,60,semantic
19517,U+810C,脌,19,,60,semantic
19518,U+810D,脍,25,,60,semantic
19519,U+810E,脎,53,,60,semantic
19520,U+810F,脏,56,,60,semantic
19521,U+8110,脐,25,,60,semantic
19522,U+8111,脑,33,,60,semantic
19523,U+8112,脒,53,,60,semantic
19524,U+8113,脓,49,,60,semantic
19525,U+8114,脔,54,,60,semantic
19526,U+8115,脕,0,,60,semantic
19527,U+8116,脖,17,,60,semantic
19528,U+8117,脗,47,,60,semantic
19529,U+8118,脘,56,,60,semantic
19530,U+8119,脙,0,,60,semantic
19531,U+811A,脚,51,,60,semantic
19532,U+811B,脛,51,,60,semantic
19533,U+811C,脜,0,,60,semantic
19534,U+811D,脝,47,,60,semantic
19535,U+811E,脞,54,,60,semantic
19536,U+811F,脟,0,,60,semantic
19537,U+8120,脠,0,,60,semantic
19538,U+8121,脡,54,,60,semantic
19539,U+8122,脢,54,,60,semantic
19540,U+8123,脣,17,,60,semantic
19541,U+8124,脤,54,,60,semantic
19542,U+8125,脥,0,,60,semantic
19543,U+8126,脦,53,,60,semantic
19544,U+8127,脧,57,,60,semantic
19545,U+8128,脨,0,,60,semantic
19546,U+8129,脩,54,,60,semantic
19547,U+812A,脪,56,,60,semantic
19548,U+812B,脫,52,,60,semantic
19549,U+812C,脬,56,,60,semantic
19550,U+812D,脭,0,,60,semantic
19551,U+812E,脮,0,,60,semantic
19552,U+812F,脯,54,,60,semantic
19553,U+8130,脰,27,,60,semantic
19554,U+8131,脱,5,,60,semantic
19555,U+8132,脲,49,,60,semantic
19556,U+8133,脳,33,,60,semantic
19557,U+8134,脴,0,,60,semantic
19558,U+8135,脵,19,,60,semantic
19559,U+8136,脶,47,,60,semantic
19560,U+8137,脷,17,,60,semantic
19561,U+8138,脸,4,,60,semantic
19562,U+8139,脹,23,,60,semantic
19563,U+813A,脺,56,,60,semantic
19564,U+813B,脻,0,,60,semantic
19565,U+813C,脼,0,,60,semantic
19566,U+813D,脽,57,,60,semantic
19567,U+813E,脾,56,,60,semantic
19568,U+813F,脿,0,,60,semantic
19569,U+8140,腀,0,,60,semantic
19570,U+8141,腁,53,,60,semantic
19571,U+8142,腂,0,,60,semantic
19572,U+8143,腃,0,,60,semantic
19573,U+8144,腄,0,,60,semantic
19574,U+8145,腅,0,,60,semantic
19575,U+8146,腆,28,,60,semantic
19576,U+8147,腇,0,,60,semantic
19577,U+8148,腈,6,,60,semantic
19578,U+8149,腉,47,,60,semantic
19579,U+814A,腊,54,,60,semantic
19580,U+814B,腋,53,,60,semantic
19581,U+814C,腌,49,,60,semantic
19582,U+814D,腍,45,,60,semantic
19583,U+814E,腎,56,,60,semantic
19584,U+814F,腏,0,,60,semantic
19585,U+8150,腐,56,,60,semantic
19586,U+8151,腑,56,,60,semantic
19587,U+8152,腒,47,,60,semantic
19588,U+8153,腓,19,,60,semantic
19589,U+8154,腔,56,,60,semantic
19590,U+8155,腕,51,,60,semantic
19591,U+8156,腖,53,,60,semantic
19592,U+8157,腗,0,,60,semantic
19593,U+8158,腘,14,,60,semantic
19594,U+8159,腙,10,,60,semantic
19595,U+815A,腚,51,,60,semantic
19596,U+815B,腛,0,,60,semantic
19597,U+815C,腜,53,,60,semantic
19598,U+815D,腝,0,,60,semantic
19599,U+815E,腞,0,,60,semantic
19600,U+815F,腟,56,,60,semantic
19601,U+8160,腠,56,,60,semantic
19602,U+8161,腡,47,,60,semantic
19603,U+8162,腢,27,,60,semantic
19604,U+8163,腣,0,,60,semantic
19605,U+8164,腤,0,,60,semantic
19606,U+8165,腥,54,,60,semantic
19607,U+8166,腦,12,,60,semantic
19608,U+8167,腧,51,,60,semantic
19609,U+8168,腨,0,,60,semantic
19610,U+8169,腩,54,,60,semantic
19611,U+816A,腪,0,,60,semantic
19612,U+816B,腫,56,,60,semantic
19613,U+816C,腬,49,,60,semantic
19614,U+816D,腭,17,,60,semantic
19615,U+816E,腮,25,,60,semantic
19616,U+816F,腯,18,,60,semantic
19617,U+8170,腰,51,,60,semantic
19618,U+8171,腱,51,,60,semantic
19619,U+8172,腲,0,,60,semantic
19620,U+8173,腳,51,,60,semantic
19621,U+8174,腴,45,,60,semantic
19622,U+8175,腵,0,,60,semantic
19623,U+8176,腶,54,,60,semantic
19624,U+8177,腷,0,,60,semantic
19625,U+8178,腸,56,,60,semantic
19626,U+8179,腹,56,,60,semantic
19627,U+817A,腺,56,,60,semantic
19628,U+817B,腻,49,,60,semantic
19629,U+817C,腼,45,,60,semantic
19630,U+817D,腽,54,,60,semantic
19631,U+817E,腾,31,,60,semantic
19632,U+817F,腿,51,,60,semantic
19633,U+8180,膀,51,,60,semantic
19634,U+8181,膁,53,,60,semantic
19635,U+8182,膂,51,,60,semantic
19636,U+8183,膃,54,,60,semantic
19637,U+8184,膄,56,,60,semantic
19638,U+8185,膅,0,,60,semantic
19639,U+8186,膆,44,,60,semantic
19640,U+8187,膇,53,,60,semantic
19641,U+8188,膈,51,,60,semantic
19642,U+8189,膉,49,,60,semantic
19643,U+818A,膊,27,,60,semantic
19644,U+818B,膋,54,,60,semantic
19645,U+818C,膌,56,,60,semantic
19646,U+818D,膍,19,,60,semantic
19647,U+818E,膎,0,,60,semantic
19648,U+818F,膏,54,,60,semantic
19649,U+8190,膐,0,,60,semantic
19650,U+8191,膑,51,,60,semantic
19651,U+8192,膒,0,,60,semantic
19652,U+8193,膓,54,,60,semantic
19653,U+8194,膔,0,,60,semantic
19654,U+8195,膕,14,,60,semantic
19655,U+8196,膖,0,,60,semantic
19656,U+8197,膗,54,,60,semantic
19657,U+8198,膘,54,,60,semantic
19658,U+8199,膙,51,,60,semantic
19659,U+819A,膚,45,,60,semantic
19660,U+819B,膛,14,,60,semantic
19661,U+819C,膜,46,,60,semantic
19662,U+819D,膝,51,,60,semantic
19663,U+819E,膞,53,,60,semantic
19664,U+819F,膟,54,,60,semantic
19665,U+81A0,膠,52,,60,semantic
19666,U+81A1,膡,0,,60,semantic
19667,U+81A2,膢,0,,60,semantic
19668,U+81A3,膣,56,,60,semantic
19669,U+81A4,膤,0,,60,semantic
19670,U+81A5,膥,58,,60,semantic
19671,U+81A6,膦,56,,60,semantic
19672,U+81A7,膧,0,,60,semantic
19673,U+81A8,膨,56,,60,semantic
19674,U+81A9,膩,49,,60,semantic
19675,U+81AA,膪,19,,60,semantic
19676,U+81AB,膫,54,,60,semantic
19677,U+81AC,膬,0,,60,semantic
19678,U+81AD,膭,0,,60,semantic
19679,U+81AE,膮,0,,60,semantic
19680,U+81AF,膯,0,,60,semantic
19681,U+81B0,膰,54,,60,semantic
19682,U+81B1,膱,49,,60,semantic
19683,U+81B2,膲,56,,60,semantic
19684,U+81B3,膳,54,,60,semantic
19685,U+81B4,膴,47,,60,semantic
19686,U+81B5,膵,56,,60,semantic
19687,U+81B6,膶,56,,60,semantic
19688,U+81B7,膷,26,,60,semantic
19689,U+81B8,膸,0,,60,semantic
19690,U+81B9,膹,0,,60,semantic
19691,U+81BA,膺,19,,60,semantic
19692,U+81BB,膻,49,,60,semantic
19693,U+81BC,膼,0,,60,semantic
19694,U+81BD,膽,33,,60,semantic
19695,U+81BE,膾,25,,60,semantic
19696,U+81BF,膿,47,,60,semantic
19697,U+81C0,臀,51,,60,semantic
19698,U+81C1,臁,19,,60,semantic
19699,U+81C2,臂,51,,60,semantic
19700,U+81C3,臃,56,,60,semantic
19701,U+81C4,臄,53,,60,semantic
19702,U+81C5,臅,0,,60,semantic
19703,U+81C6,臆,57,,60,semantic
19704,U+81C7,臇,54,,60,semantic
19705,U+81C8,臈,54,,60,semantic
19706,U+81C9,臉,4,,60,semantic
19707,U+81CA,臊,33,,60,semantic
19708,U+81CB,臋,0,,60,semantic
19709,U+81CC,臌,56,,60,semantic
19710,U+81CD,臍,25,,60,semantic
19711,U+81CE,臎,0,,60,semantic
19712,U+81CF,臏,51,,60,semantic
19713,U+81D0,臐,53,,60,semantic
19714,U+81D1,臑,45,,60,semantic
19715,U+81D2,臒,0,,60,semantic
19716,U+81D3,臓,56,,60,semantic
19717,U+81D4,臔,0,,60,semantic
19718,U+81D5,臕,54,,60,semantic
19719,U+81D6,臖,0,,60,semantic
19720,U+81D7,臗,0,,60,semantic
19721,U+81D8,臘,54,,60,semantic
19722,U+81D9,臙,49,,60,semantic
19723,U+81DA,臚,47,,60,semantic
19724,U+81DB,臛,53,,60,semantic
19725,U+81DC,臜,49,,60,semantic
19726,U+81DD,臝,34,,60,semantic
19727,U+81DE,臞,45,,60,semantic
19728,U+81DF,臟,56,,60,semantic
19729,U+81E0,臠,54,,60,semantic
19730,U+81E1,臡,0,,60,semantic
19731,U+81E2,臢,49,,60,semantic
19732,U+81E3,臣,30,,60,semantic
19733,U+81E4,臤,45,,60,semantic
19734,U+81E5,臥,51,,60,semantic
19735,U+81E6,臦,0,,60,semantic
19736,U+81E7,臧,28,,60,semantic
19737,U+81E8,臨,47,,60,semantic
19738,U+81E9,臩,0,,60,semantic
19739,U+81EA,自,30,,60,semantic
19740,U+81EB,臫,0,,60,semantic
19741,U+81EC,臬,33,,60,semantic
19742,U+81ED,臭,49,,60,semantic
19743,U+81EE,臮,0,,60,semantic
19744,U+81EF,臯,28,,60,semantic
19745,U+81F0,臰,0,,60,semantic
19746,U+81F1,臱,0,,60,semantic
19747,U+81F2,臲,36,,60,semantic
19748,U+81F3,至,30,,60,semantic
19749,U+81F4,致,33,,60,semantic
19750,U+81F5,臵,0,,60,semantic
19751,U+81F6,臶,0,,60,semantic
19752,U+81F7,臷,0,,60,semantic
19753,U+81F8,臸,0,,60,semantic
19754,U+81F9,臹,0,,60,semantic
19755,U+81FA,臺,22,,60,semantic
19756,U+81FB,臻,18,,60,semantic
19757,U+81FC,臼,30,,60,semantic
19758,U+81FD,臽,14,,60,semantic
19759,U+81FE,臾,34,,60,semantic
19760,U+81FF,臿,48,,60,semantic
19761,U+8200,舀,13,,60,semantic
19762,U+8201,舁,13,,60,semantic
19763,U+8202,舂,52,,60,semantic
19764,U+8203,舃,51,,60,semantic
19765,U+8204,舄,51,,60,semantic
19766,U+8205,舅,57,,60,semantic
19767,U+8206,舆,59,,60,semantic
19768,U+8207,與,29,,60,semantic
19769,U+8208,興,33,,60,semantic
19770,U+8209,舉,13,,60,semantic
19771,U+820A,舊,12,,60,semantic
19772,U+820B,舋,52,,60,semantic
19773,U+820C,舌,30,,60,semantic
19774,U+820D,舍,9,,60,semantic
19775,U+820E,舎,9,,60,semantic
19776,U+820F,舏,0,,60,semantic
19777,U+8210,舐,17,,60,semantic
19778,U+8211,舑,0,,60,semantic
19779,U+8212,舒,34,,60,semantic
19780,U+8213,舓,17,,60,semantic
19781,U+8214,舔,17,,60,semantic
19782,U+8215,舕,17,,60,semantic
19783,U+8216,舖,33,,60,semantic
19784,U+8217,舗,33,,60,semantic
19785,U+8218,舘,12,,60,semantic
19786,U+8219,舙,0,,60,semantic
19787,U+821A,舚,17,,60,semantic
19788,U+821B,舛,30,,60,semantic
19789,U+821C,舜,12,,60,semantic
19790,U+821D,舝,46,,60,semantic
19791,U+821E,舞,51,,60,semantic
19792,U+821F,舟,30,,60,semantic
19793,U+8220,舠,55,,60,semantic
19794,U+8221,舡,55,,60,semantic
19795,U+8222,舢,53,,60,semantic
19796,U+8223,舣,55,,60,semantic
19797,U+8224,舤,0,,60,semantic
19798,U+8225,舥,0,,60,semantic
19799,U+8226,舦,55,,60,semantic
19800,U+8227,舧,0,,60,semantic
19801,U+8228,舨,53,,60,semantic
19802,U+8229,舩,55,,60,semantic
19803,U+822A,航,55,,60,semantic
19804,U+822B,舫,55,,60,semantic
19805,U+822C,般,33,,60,semantic
19806,U+822D,舭,0,,60,semantic
19807,U+822E,舮,55,,60,semantic
19808,U+822F,舯,0,,60,semantic
19809,U+8230,舰,55,,60,semantic
19810,U+8231,舱,55,,60,semantic
19811,U+8232,舲,55,,60,semantic
19812,U+8233,舳,55,,60,semantic
19813,U+8234,舴,55,,60,semantic
19814,U+8235,舵,55,,60,semantic
19815,U+8236,舶,55,,60,semantic
19816,U+8237,舷,55,,60,semantic
19817,U+8238,舸,55,,60,semantic
19818,U+8239,船,55,,60,semantic
19819,U+823A,舺,43,,60,semantic
19820,U+823B,舻,55,,60,semantic
19821,U+823C,舼,0,,60,semantic
19822,U+823D,舽,0,,60,semantic
19823,U+823E,舾,55,,60,semantic
19824,U+823F,舿,0,,60,semantic
19825,U+8240,艀,55,,60,semantic
19826,U+8241,艁,0,,60,semantic
19827,U+8242,艂,33,,60,semantic
19828,U+8243,艃,0,,60,semantic
19829,U+8244,艄,55,,60,semantic
19830,U+8245,艅,55,,60,semantic
19831,U+8246,艆,0,,60,semantic
19832,U+8247,艇,55,,60,semantic
19833,U+8248,艈,0,,60,semantic
19834,U+8249,艉,0,,60,semantic
19835,U+824A,艊,0,,60,semantic
19836,U+824B,艋,55,,60,semantic
19837,U+824C,艌,47,,60,semantic
19838,U+824D,艍,0,,60,semantic
19839,U+824E,艎,55,,60,semantic
19840,U+824F,艏,55,,60,semantic
19841,U+8250,艐,0,,60,semantic
19842,U+8251,艑,55,,60,semantic
19843,U+8252,艒,0,,60,semantic
19844,U+8253,艓,0,,60,semantic
19845,U+8254,艔,55,,60,semantic
19846,U+8255,艕,55,,60,semantic
19847,U+8256,艖,55,,60,semantic
19848,U+8257,艗,46,,60,semantic
19849,U+8258,艘,55,,60,semantic
19850,U+8259,艙,55,,60,semantic
19851,U+825A,艚,55,,60,semantic
19852,U+825B,艛,0,,60,semantic
19853,U+825C,艜,55,,60,semantic
19854,U+825D,艝,0,,60,semantic
19855,U+825E,艞,0,,60,semantic
19856,U+825F,艟,55,,60,semantic
19857,U+8260,艠,0,,60,semantic
19858,U+8261,艡,0,,60,semantic
19859,U+8262,艢,46,,60,semantic
19860,U+8263,艣,53,,60,semantic
19861,U+8264,艤,55,,60,semantic
19862,U+8265,艥,55,,60,semantic
19863,U+8266,艦,55,,60,semantic
19864,U+8267,艧,0,,60,semantic
19865,U+8268,艨,55,,60,semantic
19866,U+8269,艩,53,,60,semantic
19867,U+826A,艪,53,,60,semantic
19868,U+826B,艫,55,,60,semantic
19869,U+826C,艬,0,,60,semantic
19870,U+826D,艭,55,,60,semantic
19871,U+826E,艮,30,,60,semantic
19872,U+826F,良,28,,60,semantic
19873,U+8270,艰,15,,60,semantic
19874,U+8271,艱,15,,60,semantic
19875,U+8272,色,50,,60,semantic
19876,U+8273,艳,28,,60,semantic
19877,U+8274,艴,47,,60,semantic
19878,U+8275,艵,0,,60,semantic
19879,U+8276,艶,28,,60,semantic
19880,U+8277,艷,28,,60,semantic
19881,U+8278,艸,30,,60,semantic
19882,U+8279,艹,30,,60,semantic
19883,U+827A,艺,28,,60,semantic
19884,U+827B,艻,0,,60,semantic
19885,U+827C,艼,0,,60,semantic
19886,U+827D,艽,14,,60,semantic
19887,U+827E,艾,38,,60,semantic
19888,U+827F,艿,53,,60,semantic
19889,U+8280,芀,3,,60,semantic
19890,U+8281,芁,0,,60,semantic
19891,U+8282,节,46,,60,semantic
19892,U+8283,芃,18,,60,semantic
19893,U+8284,芄,3,,60,semantic
19894,U+8285,芅,0,,60,semantic
19895,U+8286,芆,0,,60,semantic
19896,U+8287,芇,0,,60,semantic
19897,U+8288,芈,19,,60,semantic
19898,U+8289,芉,0,,60,semantic
19899,U+828A,芊,3,,60,semantic
19900,U+828B,芋,49,,60,semantic
19901,U+828C,芌,0,,60,semantic
19902,U+828D,芍,38,,60,semantic
19903,U+828E,芎,3,,60,semantic
19904,U+828F,芏,38,,60,semantic
19905,U+8290,芐,0,,60,semantic
19906,U+8291,芑,53,,60,semantic
19907,U+8292,芒,38,,60,semantic
19908,U+8293,芓,0,,60,semantic
19909,U+8294,芔,3,,60,semantic
19910,U+8295,芕,0,,60,semantic
19911,U+8296,芖,0,,60,semantic
19912,U+8297,芗,49,,60,semantic
19913,U+8298,芘,38,,60,semantic
19914,U+8299,芙,38,,60,semantic
19915,U+829A,芚,3,,60,semantic
19916,U+829B,芛,0,,60,semantic
19917,U+829C,芜,3,,60,semantic
19918,U+829D,芝,3,,60,semantic
19919,U+829E,芞,0,,60,semantic
19920,U+829F,芟,52,,60,semantic
19921,U+82A0,芠,0,,60,semantic
19922,U+82A1,芡,3,,60,semantic
19923,U+82A2,芢,0,,60,semantic
19924,U+82A3,芣,3,,60,semantic
19925,U+82A4,芤,14,,60,semantic
19926,U+82A5,芥,49,,60,semantic
19927,U+82A6,芦,53,,60,semantic
19928,U+82A7,芧,41,,60,semantic
19929,U+82A8,芨,3,,60,semantic
19930,U+82A9,芩,38,,60,semantic
19931,U+82AA,芪,53,,60,semantic
19932,U+82AB,芫,38,,60,semantic
19933,U+82AC,芬,49,,60,semantic
19934,U+82AD,芭,3,,60,semantic
19935,U+82AE,芮,10,,60,semantic
19936,U+82AF,芯,38,,60,semantic
19937,U+82B0,芰,23,,60,semantic
19938,U+82B1,花,3,,60,semantic
19939,U+82B2,芲,3,,60,semantic
19940,U+82B3,芳,28,,60,semantic
19941,U+82B4,芴,0,,60,semantic
19942,U+82B5,芵,0,,60,semantic
19943,U+82B6,芶,32,,60,semantic
19944,U+82B7,芷,38,,60,semantic
19945,U+82B8,芸,3,,60,semantic
19946,U+82B9,芹,38,,60,semantic
19947,U+82BA,芺,0,,60,semantic
19948,U+82BB,芻,48,,60,semantic
19949,U+82BC,芼,3,,60,semantic
19950,U+82BD,芽,3,,60,semantic
19951,U+82BE,芾,3,,60,semantic
19952,U+82BF,芿,3,,60,semantic
19953,U+82C0,苀,0,,60,semantic
19954,U+82C1,苁,38,,60,semantic
19955,U+82C2,苂,0,,60,semantic
19956,U+82C3,苃,0,,60,semantic
19957,U+82C4,苄,6,,60,semantic
19958,U+82C5,苅,52,,60,semantic
19959,U+82C6,苆,0,,60,semantic
19960,U+82C7,苇,38,,60,semantic
19961,U+82C8,苈,38,,60,semantic
19962,U+82C9,苉,53,,60,semantic
19963,U+82CA,苊,53,,60,semantic
19964,U+82CB,苋,53,,60,semantic
19965,U+82CC,苌,38,,60,semantic
19966,U+82CD,苍,50,,60,semantic
19967,U+82CE,苎,43,,60,semantic
19968,U+82CF,苏,53,,60,semantic
19969,U+82D0,苐,47,,60,semantic
19970,U+82D1,苑,3,,60,semantic
19971,U+82D2,苒,3,,60,semantic
19972,U+82D3,苓,38,,60,semantic
19973,U+82D4,苔,38,,60,semantic
19974,U+82D5,苕,3,,60,semantic
19975,U+82D6,苖,0,,60,semantic
19976,U+82D7,苗,38,,60,semantic
19977,U+82D8,苘,53,,60,semantic
19978,U+82D9,苙,19,,60,semantic
19979,U+82DA,苚,0,,60,semantic
19980,U+82DB,苛,45,,60,semantic
19981,U+82DC,苜,3,,60,semantic
19982,U+82DD,苝,0,,60,semantic
19983,U+82DE,苞,13,,60,semantic
19984,U+82DF,苟,33,,60,semantic
19985,U+82E0,苠,3,,60,semantic
19986,U+82E1,苡,3,,60,semantic
19987,U+82E2,苢,3,,60,semantic
19988,U+82E3,苣,48,,60,semantic
19989,U+82E4,苤,53,,60,semantic
19990,U+82E5,若,47,,60,semantic
19991,U+82E6,苦,15,,60,semantic
19992,U+82E7,苧,3,,60,semantic
19993,U+82E8,苨,0,,60,semantic
19994,U+82E9,苩,0,,60,semantic
19995,U+82EA,苪,28,,60,semantic
19996,U+82EB,苫,48,,60,semantic
19997,U+82EC,苬,0,,60,semantic
19998,U+82ED,苭,0,,60,semantic
19999,U+82EE,苮,0,,60,semantic
20000,U+82EF,苯,6,,60,semantic
20001,U+82F0,苰,0,,60,semantic
20002,U+82F1,英,33,,60,semantic
20003,U+82F2,苲,38,,60,semantic
20004,U+82F3,苳,38,,60,semantic
20005,U+82F4,苴,27,,60,semantic
20006,U+82F5,苵,0,,60,semantic
20007,U+82F6,苶,45,,60,semantic
20008,U+82F7,苷,38,,60,semantic
20009,U+82F8,苸,0,,60,semantic
20010,U+82F9,苹,38,,60,semantic
20011,U+82FA,苺,48,,60,semantic
20012,U+82FB,苻,38,,60,semantic
20013,U+82FC,苼,0,,60,semantic
20014,U+82FD,苽,38,,60,semantic
20015,U+82FE,苾,49,,60,semantic
20016,U+82FF,苿,0,,60,semantic
20017,U+8300,茀,3,,60,semantic
20018,U+8301,茁,3,,60,semantic
20019,U+8302,茂,18,,60,semantic
20020,U+8303,范,58,,60,semantic
20021,U+8304,茄,38,,60,semantic
20022,U+8305,茅,3,,60,semantic
20023,U+8306,茆,3,,60,semantic
20024,U+8307,茇,3,,60,semantic
20025,U+8308,茈,3,,60,semantic
20026,U+8309,茉,50,,60,semantic
20027,U+830A,茊,0,,60,semantic
20028,U+830B,茋,0,,60,semantic
20029,U+830C,茌,43,,60,semantic
20030,U+830D,茍,33,,60,semantic
20031,U+830E,茎,3,,60,semantic
20032,U+830F,茏,3,,60,semantic
20033,U+8310,茐,0,,60,semantic
20034,U+8311,茑,38,,60,semantic
20035,U+8312,茒,0,,60,semantic
20036,U+8313,茓,48,,60,semantic
20037,U+8314,茔,14,,60,semantic
20038,U+8315,茕,34,,60,semantic
20039,U+8316,茖,38,,60,semantic
20040,U+8317,茗,26,,60,semantic
20041,U+8318,茘,53,,60,semantic
20042,U+8319,茙,0,,60,semantic
20043,U+831A,茚,47,,60,semantic
20044,U+831B,茛,53,,60,semantic
20045,U+831C,茜,38,,60,semantic
20046,U+831D,茝,3,,60,semantic
20047,U+831E,茞,3,,60,semantic
20048,U+831F,茟,0,,60,semantic
20049,U+8320,茠,3,,60,semantic
20050,U+8321,茡,0,,60,semantic
20051,U+8322,茢,53,,60,semantic
20052,U+8323,茣,53,,60,semantic
20053,U+8324,茤,0,,60,semantic
20054,U+8325,茥,0,,60,semantic
20055,U+8326,茦,41,,60,semantic
20056,U+8327,茧,38,,60,semantic
20057,U+8328,茨,38,,60,semantic
20058,U+8329,茩,53,,60,semantic
20059,U+832A,茪,0,,60,semantic
20060,U+832B,茫,18,,60,semantic
20061,U+832C,茬,48,,60,semantic
20062,U+832D,茭,21,,60,semantic
20063,U+832E,茮,0,,60,semantic
20064,U+832F,茯,43,,60,semantic
20065,U+8330,茰,0,,60,semantic
20066,U+8331,茱,41,,60,semantic
20067,U+8332,茲,57,,60,semantic
20068,U+8333,茳,38,,60,semantic
20069,U+8334,茴,38,,60,semantic
20070,U+8335,茵,58,,60,semantic
20071,U+8336,茶,26,,60,semantic
20072,U+8337,茷,3,,60,semantic
20073,U+8338,茸,3,,60,semantic
20074,U+8339,茹,41,,60,semantic
20075,U+833A,茺,53,,60,semantic
20076,U+833B,茻,0,,60,semantic
20077,U+833C,茼,38,,60,semantic
20078,U+833D,茽,0,,60,semantic
20079,U+833E,茾,0,,60,semantic
20080,U+833F,茿,0,,60,semantic
20081,U+8340,荀,3,,60,semantic
20082,U+8341,荁,53,,60,semantic
20083,U+8342,荂,0,,60,semantic
20084,U+8343,荃,11,,60,semantic
20085,U+8344,荄,3,,60,semantic
20086,U+8345,荅,48,,60,semantic
20087,U+8346,荆,41,,60,semantic
20088,U+8347,荇,38,,60,semantic
20089,U+8348,荈,0,,60,semantic
20090,U+8349,草,3,,60,semantic
20091,U+834A,荊,41,,60,semantic
20092,U+834B,荋,0,,60,semantic
20093,U+834C,荌,0,,60,semantic
20094,U+834D,荍,56,,60,semantic
20095,U+834E,荎,0,,60,semantic
20096,U+834F,荏,48,,60,semantic
20097,U+8350,荐,33,,60,semantic
20098,U+8351,荑,38,,60,semantic
20099,U+8352,荒,49,,60,semantic
20100,U+8353,荓,0,,60,semantic
20101,U+8354,荔,53,,60,semantic
20102,U+8355,荕,0,,60,semantic
20103,U+8356,荖,38,,60,semantic
20104,U+8357,荗,0,,60,semantic
20105,U+8358,荘,12,,60,semantic
20106,U+8359,荙,41,,60,semantic
20107,U+835A,荚,38,,60,semantic
20108,U+835B,荛,39,,60,semantic
20109,U+835C,荜,38,,60,semantic
20110,U+835D,荝,38,,60,semantic
20111,U+835E,荞,19,,60,semantic
20112,U+835F,荟,28,,60,semantic
20113,U+8360,荠,38,,60,semantic
20114,U+8361,荡,23,,60,semantic
20115,U+8362,荢,0,,60,semantic
20116,U+8363,荣,28,,60,semantic
20117,U+8364,荤,54,,60,semantic
20118,U+8365,荥,43,,60,semantic
20119,U+8366,荦,19,,60,semantic
20120,U+8367,荧,50,,60,semantic
20121,U+8368,荨,53,,60,semantic
20122,U+8369,荩,3,,60,semantic
20123,U+836A,荪,3,,60,semantic
20124,U+836B,荫,9,,60,semantic
20125,U+836C,荬,3,,60,semantic
20126,U+836D,荭,3,,60,semantic
20127,U+836E,荮,3,,60,semantic
20128,U+836F,药,3,,60,semantic
20129,U+8370,荰,0,,60,semantic
20130,U+8371,荱,0,,60,semantic
20131,U+8372,荲,0,,60,semantic
20132,U+8373,荳,48,,60,semantic
20133,U+8374,荴,0,,60,semantic
20134,U+8375,荵,38,,60,semantic
20135,U+8376,荶,0,,60,semantic
20136,U+8377,荷,3,,60,semantic
20137,U+8378,荸,41,,60,semantic
20138,U+8379,荹,0,,60,semantic
20139,U+837A,荺,0,,60,semantic
20140,U+837B,荻,38,,60,semantic
20141,U+837C,荼,15,,60,semantic
20142,U+837D,荽,38,,60,semantic
20143,U+837E,荾,0,,60,semantic
20144,U+837F,荿,0,,60,semantic
20145,U+8380,莀,48,,60,semantic
20146,U+8381,莁,0,,60,semantic
20147,U+8382,莂,0,,60,semantic
20148,U+8383,莃,0,,60,semantic
20149,U+8384,莄,0,,60,semantic
20150,U+8385,莅,33,,60,semantic
20151,U+8386,莆,41,,60,semantic
20152,U+8387,莇,0,,60,semantic
20153,U+8388,莈,0,,60,semantic
20154,U+8389,莉,50,,60,semantic
20155,U+838A,莊,32,,60,semantic
20156,U+838B,莋,0,,60,semantic
20157,U+838C,莌,0,,60,semantic
20158,U+838D,莍,0,,60,semantic
20159,U+838E,莎,3,,60,semantic
20160,U+838F,莏,0,,60,semantic
20161,U+8390,莐,0,,60,semantic
20162,U+8391,莑,0,,60,semantic
20163,U+8392,莒,43,,60,semantic
20164,U+8393,莓,48,,60,semantic
20165,U+8394,莔,0,,60,semantic
20166,U+8395,莕,38,,60,semantic
20167,U+8396,莖,3,,60,semantic
20168,U+8397,莗,0,,60,semantic
20169,U+8398,莘,41,,60,semantic
20170,U+8399,莙,3,,60,semantic
20171,U+839A,莚,37,,60,semantic
20172,U+839B,莛,3,,60,semantic
20173,U+839C,莜,37,,60,semantic
20174,U+839D,莝,54,,60,semantic
20175,U+839E,莞,28,,60,semantic
20176,U+839F,莟,41,,60,semantic
20177,U+83A0,莠,3,,60,semantic
20178,U+83A1,莡,0,,60,semantic
20179,U+83A2,莢,38,,60,semantic
20180,U+83A3,莣,0,,60,semantic
20181,U+83A4,莤,0,,60,semantic
20182,U+83A5,莥,0,,60,semantic
20183,U+83A6,莦,3,,60,semantic
20184,U+83A7,莧,3,,60,semantic
20185,U+83A8,莨,3,,60,semantic
20186,U+83A9,莩,46,,60,semantic
20187,U+83AA,莪,38,,60,semantic
20188,U+83AB,莫,33,,60,semantic
20189,U+83AC,莬,0,,60,semantic
20190,U+83AD,莭,0,,60,semantic
20191,U+83AE,莮,0,,60,semantic
20192,U+83AF,莯,0,,60,semantic
20193,U+83B0,莰,53,,60,semantic
20194,U+83B1,莱,3,,60,semantic
20195,U+83B2,莲,3,,60,semantic
20196,U+83B3,莳,38,,60,semantic
20197,U+83B4,莴,38,,60,semantic
20198,U+83B5,莵,53,,60,semantic
20199,U+83B6,莶,41,,60,semantic
20200,U+83B7,获,13,,60,semantic
20201,U+83B8,莸,38,,60,semantic
20202,U+83B9,莹,28,,60,semantic
20203,U+83BA,莺,44,,60,semantic
20204,U+83BB,莻,34,,60,semantic
20205,U+83BC,莼,26,,60,semantic
20206,U+83BD,莽,49,,60,semantic
20207,U+83BE,莾,0,,60,semantic
20208,U+83BF,莿,2,,60,semantic
20209,U+83C0,菀,18,,60,semantic
20210,U+83C1,菁,3,,60,semantic
20211,U+83C2,菂,3,,60,semantic
20212,U+83C3,菃,0,,60,semantic
20213,U+83C4,菄,0,,60,semantic
20214,U+83C5,菅,3,,60,semantic
20215,U+83C6,菆,58,,60,semantic
20216,U+83C7,菇,38,,60,semantic
20217,U+83C8,菈,57,,60,semantic
20218,U+83C9,菉,37,,60,semantic
20219,U+83CA,菊,38,,60,semantic
20220,U+83CB,菋,0,,60,semantic
20221,U+83CC,菌,48,,60,semantic
20222,U+83CD,菍,0,,60,semantic
20223,U+83CE,菎,40,,60,semantic
20224,U+83CF,菏,43,,60,semantic
20225,U+83D0,菐,18,,60,semantic
20226,U+83D1,菑,3,,60,semantic
20227,U+83D2,菒,0,,60,semantic
20228,U+83D3,菓,48,,60,semantic
20229,U+83D4,菔,53,,60,semantic
20230,U+83D5,菕,0,,60,semantic
20231,U+83D6,菖,38,,60,semantic
20232,U+83D7,菗,0,,60,semantic
20233,U+83D8,菘,38,,60,semantic
20234,U+83D9,菙,0,,60,semantic
20235,U+83DA,菚,0,,60,semantic
20236,U+83DB,菛,0,,60,semantic
20237,U+83DC,菜,54,,60,semantic
20238,U+83DD,菝,38,,60,semantic
20239,U+83DE,菞,0,,60,semantic
20240,U+83DF,菟,53,,60,semantic
20241,U+83E0,菠,3,,60,semantic
20242,U+83E1,菡,41,,60,semantic
20243,U+83E2,菢,20,,60,semantic
20244,U+83E3,菣,0,,60,semantic
20245,U+83E4,菤,0,,60,semantic
20246,U+83E5,菥,29,,60,semantic
20247,U+83E6,菦,0,,60,semantic
20248,U+83E7,菧,0,,60,semantic
20249,U+83E8,菨,0,,60,semantic
20250,U+83E9,菩,3,,60,semantic
20251,U+83EA,菪,53,,60,semantic
20252,U+83EB,菫,53,,60,semantic
20253,U+83EC,菬,0,,60,semantic
20254,U+83ED,菭,0,,60,semantic
20255,U+83EE,菮,0,,60,semantic
20256,U+83EF,華,43,,60,semantic
20257,U+83F0,菰,21,,60,semantic
20258,U+83F1,菱,23,,60,semantic
20259,U+83F2,菲,38,,60,semantic
20260,U+83F3,菳,0,,60,semantic
20261,U+83F4,菴,12,,60,semantic
20262,U+83F5,菵,0,,60,semantic
20263,U+83F6,菶,3,,60,semantic
20264,U+83F7,菷,0,,60,semantic
20265,U+83F8,菸,5,,60,semantic
20266,U+83F9,菹,48,,60,semantic
20267,U+83FA,菺,0,,60,semantic
20268,U+83FB,菻,38,,60,semantic
20269,U+83FC,菼,31,,60,semantic
20270,U+83FD,菽,48,,60,semantic
20271,U+83FE,菾,53,,60,semantic
20272,U+83FF,菿,0,,60,semantic
20273,U+8400,萀,0,,60,semantic
20274,U+8401,萁,8,,60,semantic
20275,U+8402,萂,0,,60,semantic
20276,U+8403,萃,18,,60,semantic
20277,U+8404,萄,41,,60,semantic
20278,U+8405,萅,53,,60,semantic
20279,U+8406,萆,38,,60,semantic
20280,U+8407,萇,38,,60,semantic
20281,U+8408,萈,0,,60,semantic
20282,U+8409,萉,0,,60,semantic
20283,U+840A,萊,3,,60,semantic
20284,U+840B,萋,3,,60,semantic
20285,U+840C,萌,3,,60,semantic
20286,U+840D,萍,44,,60,semantic
20287,U+840E,萎,53,,60,semantic
20288,U+840F,萏,3,,60,semantic
20289,U+8410,萐,3,,60,semantic
20290,U+8411,萑,3,,60,semantic
20291,U+8412,萒,0,,60,semantic
20292,U+8413,萓,0,,60,semantic
20293,U+8414,萔,0,,60,semantic
20294,U+8415,萕,38,,60,semantic
20295,U+8416,萖,0,,60,semantic
20296,U+8417,萗,0,,60,semantic
20297,U+8418,萘,53,,60,semantic
20298,U+8419,萙,0,,60,semantic
20299,U+841A,萚,41,,60,semantic
20300,U+841B,萛,0,,60,semantic
20301,U+841C,萜,53,,60,semantic
20302,U+841D,萝,3,,60,semantic
20303,U+841E,萞,0,,60,semantic
20304,U+841F,萟,0,,60,semantic
20305,U+8420,萠,3,,60,semantic
20306,U+8421,萡,0,,60,semantic
20307,U+8422,萢,0,,60,semantic
20308,U+8423,萣,0,,60,semantic
20309,U+8424,萤,58,,60,semantic
20310,U+8425,营,33,,60,semantic
20311,U+8426,萦,46,,60,semantic
20312,U+8427,萧,38,,60,semantic
20313,U+8428,萨,12,,60,semantic
20314,U+8429,萩,41,,60,semantic
20315,U+842A,萪,0,,60,semantic
20316,U+842B,萫,0,,60,semantic
20317,U+842C,萬,18,,60,semantic
20318,U+842D,萭,0,,60,semantic
20319,U+842E,萮,0,,60,semantic
20320,U+842F,萯,0,,60,semantic
20321,U+8430,萰,0,,60,semantic
20322,U+8431,萱,38,,60,semantic
20323,U+8432,萲,38,,60,semantic
20324,U+8433,萳,0,,60,semantic
20325,U+8434,萴,38,,60,semantic
20326,U+8435,萵,48,,60,semantic
20327,U+8436,萶,0,,60,semantic
20328,U+8437,萷,0,,60,semantic
20329,U+8438,萸,41,,60,semantic
20330,U+8439,萹,3,,60,semantic
20331,U+843A,萺,0,,60,semantic
20332,U+843B,萻,0,,60,semantic
20333,U+843C,萼,3,,60,semantic
20334,U+843D,落,5,,60,semantic
20335,U+843E,萾,0,,60,semantic
20336,U+843F,萿,0,,60,semantic
20337,U+8440,葀,0,,60,semantic
20338,U+8441,葁,41,,60,semantic
20339,U+8442,葂,0,,60,semantic
20340,U+8443,葃,0,,60,semantic
20341,U+8444,葄,53,,60,semantic
20342,U+8445,葅,0,,60,semantic
20343,U+8446,葆,34,,60,semantic
20344,U+8447,葇,0,,60,semantic
20345,U+8448,葈,6,,60,semantic
20346,U+8449,葉,3,,60,semantic
20347,U+844A,葊,9,,60,semantic
20348,U+844B,葋,0,,60,semantic
20349,U+844C,葌,0,,60,semantic
20350,U+844D,葍,3,,60,semantic
20351,U+844E,葎,38,,60,semantic
20352,U+844F,葏,0,,60,semantic
20353,U+8450,葐,0,,60,semantic
20354,U+8451,葑,53,,60,semantic
20355,U+8452,葒,38,,60,semantic
20356,U+8453,葓,38,,60,semantic
20357,U+8454,葔,0,,60,semantic
20358,U+8455,葕,0,,60,semantic
20359,U+8456,葖,53,,60,semantic
20360,U+8457,著,33,,60,semantic
20361,U+8458,葘,0,,60,semantic
20362,U+8459,葙,44,,60,semantic
20363,U+845A,葚,38,,60,semantic
20364,U+845B,葛,48,,60,semantic
20365,U+845C,葜,38,,60,semantic
20366,U+845D,葝,0,,60,semantic
20367,U+845E,葞,0,,60,semantic
20368,U+845F,葟,0,,60,semantic
20369,U+8460,葠,53,,60,semantic
20370,U+8461,葡,41,,60,semantic
20371,U+8462,葢,34,,60,semantic
20372,U+8463,董,33,,60,semantic
20373,U+8464,葤,3,,60,semantic
20374,U+8465,葥,0,,60,semantic
20375,U+8466,葦,53,,60,semantic
20376,U+8467,葧,0,,60,semantic
20377,U+8468,葨,0,,60,semantic
20378,U+8469,葩,3,,60,semantic
20379,U+846A,葪,0,,60,semantic
20380,U+846B,葫,24,,60,semantic
20381,U+846C,葬,33,,60,semantic
20382,U+846D,葭,53,,60,semantic
20383,U+846E,葮,0,,60,semantic
20384,U+846F,葯,3,,60,semantic
20385,U+8470,葰,0,,60,semantic
20386,U+8471,葱,53,,60,semantic
20387,U+8472,葲,0,,60,semantic
20388,U+8473,葳,3,,60,semantic
20389,U+8474,葴,0,,60,semantic
20390,U+8475,葵,3,,60,semantic
20391,U+8476,葶,38,,60,semantic
20392,U+8477,葷,54,,60,semantic
20393,U+8478,葸,36,,60,semantic
20394,U+8479,葹,6,,60,semantic
20395,U+847A,葺,52,,60,semantic
20396,U+847B,葻,0,,60,semantic
20397,U+847C,葼,0,,60,semantic
20398,U+847D,葽,48,,60,semantic
20399,U+847E,葾,49,,60,semantic
20400,U+847F,葿,0,,60,semantic
20401,U+8480,蒀,0,,60,semantic
20402,U+8481,蒁,0,,60,semantic
20403,U+8482,蒂,38,,60,semantic
20404,U+8483,蒃,0,,60,semantic
20405,U+8484,蒄,0,,60,semantic
20406,U+8485,蒅,0,,60,semantic
20407,U+8486,蒆,0,,60,semantic
20408,U+8487,蒇,47,,60,semantic
20409,U+8488,蒈,53,,60,semantic
20410,U+8489,蒉,48,,60,semantic
20411,U+848A,蒊,0,,60,semantic
20412,U+848B,蒋,38,,60,semantic
20413,U+848C,蒌,38,,60,semantic
20414,U+848D,蒍,0,,60,semantic
20415,U+848E,蒎,41,,60,semantic
20416,U+848F,蒏,0,,60,semantic
20417,U+8490,蒐,33,,60,semantic
20418,U+8491,蒑,0,,60,semantic
20419,U+8492,蒒,0,,60,semantic
20420,U+8493,蒓,53,,60,semantic
20421,U+8494,蒔,38,,60,semantic
20422,U+8495,蒕,0,,60,semantic
20423,U+8496,蒖,3,,60,semantic
20424,U+8497,蒗,43,,60,semantic
20425,U+8498,蒘,0,,60,semantic
20426,U+8499,蒙,34,,60,semantic
20427,U+849A,蒚,0,,60,semantic
20428,U+849B,蒛,0,,60,semantic
20429,U+849C,蒜,38,,60,semantic
20430,U+849D,蒝,0,,60,semantic
20431,U+849E,蒞,13,,60,semantic
20432,U+849F,蒟,38,,60,semantic
20433,U+84A0,蒠,0,,60,semantic
20434,U+84A1,蒡,3,,60,semantic
20435,U+84A2,蒢,0,,60,semantic
20436,U+84A3,蒣,0,,60,semantic
20437,U+84A4,蒤,0,,60,semantic
20438,U+84A5,蒥,0,,60,semantic
20439,U+84A6,蒦,47,,60,semantic
20440,U+84A7,蒧,0,,60,semantic
20441,U+84A8,蒨,3,,60,semantic
20442,U+84A9,蒩,0,,60,semantic
20443,U+84AA,蒪,0,,60,semantic
20444,U+84AB,蒫,0,,60,semantic
20445,U+84AC,蒬,0,,60,semantic
20446,U+84AD,蒭,3,,60,semantic
20447,U+84AE,蒮,0,,60,semantic
20448,U+84AF,蒯,31,,60,semantic
20449,U+84B0,蒰,0,,60,semantic
20450,U+84B1,蒱,1,,60,semantic
20451,U+84B2,蒲,41,,60,semantic
20452,U+84B3,蒳,0,,60,semantic
20453,U+84B4,蒴,3,,60,semantic
20454,U+84B5,蒵,0,,60,semantic
20455,U+84B6,蒶,0,,60,semantic
20456,U+84B7,蒷,0,,60,semantic
20457,U+84B8,蒸,39,,60,semantic
20458,U+84B9,蒹,38,,60,semantic
20459,U+84BA,蒺,53,,60,semantic
20460,U+84BB,蒻,31,,60,semantic
20461,U+84BC,蒼,50,,60,semantic
20462,U+84BD,蒽,56,,60,semantic
20463,U+84BE,蒾,0,,60,semantic
20464,U+84BF,蒿,38,,60,semantic
20465,U+84C0,蓀,3,,60,semantic
20466,U+84C1,蓁,3,,60,semantic
20467,U+84C2,蓂,28,,60,semantic
20468,U+84C3,蓃,0,,60,semantic
20469,U+84C4,蓄,33,,60,semantic
20470,U+84C5,蓅,0,,60,semantic
20471,U+84C6,蓆,48,,60,semantic
20472,U+84C7,蓇,3,,60,semantic
20473,U+84C8,蓈,0,,60,semantic
20474,U+84C9,蓉,43,,60,semantic
20475,U+84CA,蓊,3,,60,semantic
20476,U+84CB,蓋,34,,60,semantic
20477,U+84CC,蓌,51,,60,semantic
20478,U+84CD,蓍,38,,60,semantic
20479,U+84CE,蓎,0,,60,semantic
20480,U+84CF,蓏,3,,60,semantic
20481,U+84D0,蓐,48,,60,semantic
20482,U+84D1,蓑,49,,60,semantic
20483,U+84D2,蓒,0,,60,semantic
20484,U+84D3,蓓,38,,60,semantic
20485,U+84D4,蓔,0,,60,semantic
20486,U+84D5,蓕,0,,60,semantic
20487,U+84D6,蓖,38,,60,semantic
20488,U+84D7,蓗,3,,60,semantic
20489,U+84D8,蓘,0,,60,semantic
20490,U+84D9,蓙,53,,60,semantic
20491,U+84DA,蓚,6,,60,semantic
20492,U+84DB,蓛,0,,60,semantic
20493,U+84DC,蓜,0,,60,semantic
20494,U+84DD,蓝,3,,60,semantic
20495,U+84DE,蓞,0,,60,semantic
20496,U+84DF,蓟,38,,60,semantic
20497,U+84E0,蓠,38,,60,semantic
20498,U+84E1,蓡,0,,60,semantic
20499,U+84E2,蓢,51,,60,semantic
20500,U+84E3,蓣,53,,60,semantic
20501,U+84E4,蓤,0,,60,semantic
20502,U+84E5,蓥,53,,60,semantic
20503,U+84E6,蓦,36,,60,semantic
20504,U+84E7,蓧,37,,60,semantic
20505,U+84E8,蓨,38,,60,semantic
20506,U+84E9,蓩,0,,60,semantic
20507,U+84EA,蓪,38,,60,semantic
20508,U+84EB,蓫,55,,60,semantic
20509,U+84EC,蓬,3,,60,semantic
20510,U+84ED,蓭,0,,60,semantic
20511,U+84EE,蓮,3,,60,semantic
20512,U+84EF,蓯,49,,60,semantic
20513,U+84F0,蓰,18,,60,semantic
20514,U+84F1,蓱,0,,60,semantic
20515,U+84F2,蓲,0,,60,semantic
20516,U+84F3,蓳,0,,60,semantic
20517,U+84F4,蓴,53,,60,semantic
20518,U+84F5,蓵,0,,60,semantic
20519,U+84F6,蓶,0,,60,semantic
20520,U+84F7,蓷,38,,60,semantic
20521,U+84F8,蓸,0,,60,semantic
20522,U+84F9,蓹,0,,60,semantic
20523,U+84FA,蓺,2,,60,semantic
20524,U+84FB,蓻,4,,60,semantic
20525,U+84FC,蓼,38,,60,semantic
20526,U+84FD,蓽,38,,60,semantic
20527,U+84FE,蓾,0,,60,semantic
20528,U+84FF,蓿,38,,60,semantic
20529,U+8500,蔀,53,,60,semantic
20530,U+8501,蔁,0,,60,semantic
20531,U+8502,蔂,53,,60,semantic
20532,U+8503,蔃,3,,60,semantic
20533,U+8504,蔄,0,,60,semantic
20534,U+8505,蔅,0,,60,semantic
20535,U+8506,蔆,23,,60,semantic
20536,U+8507,蔇,18,,60,semantic
20537,U+8508,蔈,0,,60,semantic
20538,U+8509,蔉,22,,60,semantic
20539,U+850A,蔊,0,,60,semantic
20540,U+850B,蔋,0,,60,semantic
20541,U+850C,蔌,3,,60,semantic
20542,U+850D,蔍,0,,60,semantic
20543,U+850E,蔎,0,,60,semantic
20544,U+850F,蔏,0,,60,semantic
20545,U+8510,蔐,0,,60,semantic
20546,U+8511,蔑,42,,60,semantic
20547,U+8512,蔒,0,,60,semantic
20548,U+8513,蔓,3,,60,semantic
20549,U+8514,蔔,3,,60,semantic
20550,U+8515,蔕,3,,60,semantic
20551,U+8516,蔖,0,,60,semantic
20552,U+8517,蔗,41,,60,semantic
20553,U+8518,蔘,18,,60,semantic
20554,U+8519,蔙,0,,60,semantic
20555,U+851A,蔚,18,,60,semantic
20556,U+851B,蔛,3,,60,semantic
20557,U+851C,蔜,0,,60,semantic
20558,U+851D,蔝,0,,60,semantic
20559,U+851E,蔞,38,,60,semantic
20560,U+851F,蔟,11,,60,semantic
20561,U+8520,蔠,0,,60,semantic
20562,U+8521,蔡,38,,60,semantic
20563,U+8522,蔢,0,,60,semantic
20564,U+8523,蔣,38,,60,semantic
20565,U+8524,蔤,0,,60,semantic
20566,U+8525,蔥,53,,60,semantic
20567,U+8526,蔦,38,,60,semantic
20568,U+8527,蔧,3,,60,semantic
20569,U+8528,蔨,0,,60,semantic
20570,U+8529,蔩,0,,60,semantic
20571,U+852A,蔪,0,,60,semantic
20572,U+852B,蔫,5,,60,semantic
20573,U+852C,蔬,3,,60,semantic
20574,U+852D,蔭,9,,60,semantic
20575,U+852E,蔮,0,,60,semantic
20576,U+852F,蔯,38,,60,semantic
20577,U+8530,蔰,0,,60,semantic
20578,U+8531,蔱,0,,60,semantic
20579,U+8532,蔲,53,,60,semantic
20580,U+8533,蔳,0,,60,semantic
20581,U+8534,蔴,11,,60,semantic
20582,U+8535,蔵,34,,60,semantic
20583,U+8536,蔶,0,,60,semantic
20584,U+8537,蔷,50,,60,semantic
20585,U+8538,蔸,3,,60,semantic
20586,U+8539,蔹,38,,60,semantic
20587,U+853A,蔺,33,,60,semantic
20588,U+853B,蔻,38,,60,semantic
20589,U+853C,蔼,28,,60,semantic
20590,U+853D,蔽,9,,60,semantic
20591,U+853E,蔾,53,,60,semantic
20592,U+853F,蔿,32,,60,semantic
20593,U+8540,蕀,0,,60,semantic
20594,U+8541,蕁,53,,60,semantic
20595,U+8542,蕂,53,,60,semantic
20596,U+8543,蕃,53,,60,semantic
20597,U+8544,蕄,0,,60,semantic
20598,U+8545,蕅,0,,60,semantic
20599,U+8546,蕆,47,,60,semantic
20600,U+8547,蕇,0,,60,semantic
20601,U+8548,蕈,38,,60,semantic
20602,U+8549,蕉,3,,60,semantic
20603,U+854A,蕊,3,,60,semantic
20604,U+854B,蕋,3,,60,semantic
20605,U+854C,蕌,0,,60,semantic
20606,U+854D,蕍,0,,60,semantic
20607,U+854E,蕎,19,,60,semantic
20608,U+854F,蕏,0,,60,semantic
20609,U+8550,蕐,12,,60,semantic
20610,U+8551,蕑,38,,60,semantic
20611,U+8552,蕒,38,,60,semantic
20612,U+8553,蕓,38,,60,semantic
20613,U+8554,蕔,0,,60,semantic
20614,U+8555,蕕,38,,60,semantic
20615,U+8556,蕖,3,,60,semantic
20616,U+8557,蕗,38,,60,semantic
20617,U+8558,蕘,39,,60,semantic
20618,U+8559,蕙,3,,60,semantic
20619,U+855A,蕚,38,,60,semantic
20620,U+855B,蕛,0,,60,semantic
20621,U+855C,蕜,0,,60,semantic
20622,U+855D,蕝,45,,60,semantic
20623,U+855E,蕞,45,,60,semantic
20624,U+855F,蕟,0,,60,semantic
20625,U+8560,蕠,0,,60,semantic
20626,U+8561,蕡,28,,60,semantic
20627,U+8562,蕢,48,,60,semantic
20628,U+8563,蕣,53,,60,semantic
20629,U+8564,蕤,3,,60,semantic
20630,U+8565,蕥,0,,60,semantic
20631,U+8566,蕦,0,,60,semantic
20632,U+8567,蕧,0,,60,semantic
20633,U+8568,蕨,38,,60,semantic
20634,U+8569,蕩,23,,60,semantic
20635,U+856A,蕪,3,,60,semantic
20636,U+856B,蕫,0,,60,semantic
20637,U+856C,蕬,0,,60,semantic
20638,U+856D,蕭,15,,60,semantic
20639,U+856E,蕮,0,,60,semantic
20640,U+856F,蕯,0,,60,semantic
20641,U+8570,蕰,35,,60,semantic
20642,U+8571,蕱,0,,60,semantic
20643,U+8572,蕲,38,,60,semantic
20644,U+8573,蕳,53,,60,semantic
20645,U+8574,蕴,29,,60,semantic
20646,U+8575,蕵,0,,60,semantic
20647,U+8576,蕶,0,,60,semantic
20648,U+8577,蕷,53,,60,semantic
20649,U+8578,蕸,3,,60,semantic
20650,U+8579,蕹,38,,60,semantic
20651,U+857A,蕺,25,,60,semantic
20652,U+857B,蕻,53,,60,semantic
20653,U+857C,蕼,0,,60,semantic
20654,U+857D,蕽,0,,60,semantic
20655,U+857E,蕾,3,,60,semantic
20656,U+857F,蕿,38,,60,semantic
20657,U+8580,薀,35,,60,semantic
20658,U+8581,薁,41,,60,semantic
20659,U+8582,薂,0,,60,semantic
20660,U+8583,薃,0,,60,semantic
20661,U+8584,薄,45,,60,semantic
20662,U+8585,薅,5,,60,semantic
20663,U+8586,薆,34,,60,semantic
20664,U+8587,薇,38,,60,semantic
20665,U+8588,薈,28,,60,semantic
20666,U+8589,薉,42,,60,semantic
20667,U+858A,薊,38,,60,semantic
20668,U+858B,薋,0,,60,semantic
20669,U+858C,薌,49,,60,semantic
20670,U+858D,薍,0,,60,semantic
20671,U+858E,薎,0,,60,semantic
20672,U+858F,薏,3,,60,semantic
20673,U+8590,薐,53,,60,semantic
20674,U+8591,薑,38,,60,semantic
20675,U+8592,薒,0,,60,semantic
20676,U+8593,薓,53,,60,semantic
20677,U+8594,薔,50,,60,semantic
20678,U+8595,薕,0,,60,semantic
20679,U+8596,薖,34,,60,semantic
20680,U+8597,薗,3,,60,semantic
20681,U+8598,薘,3,,60,semantic
20682,U+8599,薙,4,,60,semantic
20683,U+859A,薚,0,,60,semantic
20684,U+859B,薛,3,,60,semantic
20685,U+859C,薜,3,,60,semantic
20686,U+859D,薝,0,,60,semantic
20687,U+859E,薞,0,,60,semantic
20688,U+859F,薟,41,,60,semantic
20689,U+85A0,薠,0,,60,semantic
20690,U+85A1,薡,0,,60,semantic
20691,U+85A2,薢,41,,60,semantic
20692,U+85A3,薣,0,,60,semantic
20693,U+85A4,薤,53,,60,semantic
20694,U+85A5,薥,0,,60,semantic
20695,U+85A6,薦,29,,60,semantic
20696,U+85A7,薧,54,,60,semantic
20697,U+85A8,薨,12,,60,semantic
20698,U+85A9,薩,12,,60,semantic
20699,U+85AA,薪,39,,60,semantic
20700,U+85AB,薫,3,,60,semantic
20701,U+85AC,薬,56,,60,semantic
20702,U+85AD,薭,0,,60,semantic
20703,U+85AE,薮,10,,60,semantic
20704,U+85AF,薯,48,,60,semantic
20705,U+85B0,薰,38,,60,semantic
20706,U+85B1,薱,0,,60,semantic
20707,U+85B2,薲,0,,60,semantic
20708,U+85B3,薳,3,,60,semantic
20709,U+85B4,薴,3,,60,semantic
20710,U+85B5,薵,3,,60,semantic
20711,U+85B6,薶,5,,60,semantic
20712,U+85B7,薷,38,,60,semantic
20713,U+85B8,薸,44,,60,semantic
20714,U+85B9,薹,38,,60,semantic
20715,U+85BA,薺,38,,60,semantic
20716,U+85BB,薻,0,,60,semantic
20717,U+85BC,薼,0,,60,semantic
20718,U+85BD,薽,3,,60,semantic
20719,U+85BE,薾,3,,60,semantic
20720,U+85BF,薿,3,,60,semantic
20721,U+85C0,藀,0,,60,semantic
20722,U+85C1,藁,48,,60,semantic
20723,U+85C2,藂,0,,60,semantic
20724,U+85C3,藃,0,,60,semantic
20725,U+85C4,藄,3,,60,semantic
20726,U+85C5,藅,0,,60,semantic
20727,U+85C6,藆,0,,60,semantic
20728,U+85C7,藇,47,,60,semantic
20729,U+85C8,藈,0,,60,semantic
20730,U+85C9,藉,33,,60,semantic
20731,U+85CA,藊,48,,60,semantic
20732,U+85CB,藋,0,,60,semantic
20733,U+85CC,藌,0,,60,semantic
20734,U+85CD,藍,3,,60,semantic
20735,U+85CE,藎,38,,60,semantic
20736,U+85CF,藏,34,,60,semantic
20737,U+85D0,藐,42,,60,semantic
20738,U+85D1,藑,0,,60,semantic
20739,U+85D2,藒,0,,60,semantic
20740,U+85D3,藓,38,,60,semantic
20741,U+85D4,藔,0,,60,semantic
20742,U+85D5,藕,3,,60,semantic
20743,U+85D6,藖,0,,60,semantic
20744,U+85D7,藗,0,,60,semantic
20745,U+85D8,藘,53,,60,semantic
20746,U+85D9,藙,41,,60,semantic
20747,U+85DA,藚,10,,60,semantic
20748,U+85DB,藛,0,,60,semantic
20749,U+85DC,藜,38,,60,semantic
20750,U+85DD,藝,28,,60,semantic
20751,U+85DE,藞,0,,60,semantic
20752,U+85DF,藟,16,,60,semantic
20753,U+85E0,藠,53,,60,semantic
20754,U+85E1,藡,0,,60,semantic
20755,U+85E2,藢,0,,60,semantic
20756,U+85E3,藣,0,,60,semantic
20757,U+85E4,藤,38,,60,semantic
20758,U+85E5,藥,56,,60,semantic
20759,U+85E6,藦,54,,60,semantic
20760,U+85E7,藧,0,,60,semantic
20761,U+85E8,藨,3,,60,semantic
20762,U+85E9,藩,9,,60,semantic
20763,U+85EA,藪,10,,60,semantic
20764,U+85EB,藫,0,,60,semantic
20765,U+85EC,藬,0,,60,semantic
20766,U+85ED,藭,38,,60,semantic
20767,U+85EE,藮,0,,60,semantic
20768,U+85EF,藯,0,,60,semantic
20769,U+85F0,藰,0,,60,semantic
20770,U+85F1,藱,0,,60,semantic
20771,U+85F2,藲,0,,60,semantic
20772,U+85F3,藳,0,,60,semantic
20773,U+85F4,藴,13,,60,semantic
20774,U+85F5,藵,0,,60,semantic
20775,U+85F6,藶,38,,60,semantic
20776,U+85F7,藷,48,,60,semantic
20777,U+85F8,藸,0,,60,semantic
20778,U+85F9,藹,28,,60,semantic
20779,U+85FA,藺,53,,60,semantic
20780,U+85FB,藻,38,,60,semantic
20781,U+85FC,藼,0,,60,semantic
20782,U+85FD,藽,0,,60,semantic
20783,U+85FE,藾,50,,60,semantic
20784,U+85FF,藿,38,,60,semantic
20785,U+8600,蘀,41,,60,semantic
20786,U+8601,蘁,0,,60,semantic
20787,U+8602,蘂,53,,60,semantic
20788,U+8603,蘃,0,,60,semantic
20789,U+8604,蘄,38,,60,semantic
20790,U+8605,蘅,3,,60,semantic
20791,U+8606,蘆,38,,60,semantic
20792,U+8607,蘇,53,,60,semantic
20793,U+8608,蘈,0,,60,semantic
20794,U+8609,蘉,0,,60,semantic
20795,U+860A,蘊,18,,60,semantic
20796,U+860B,蘋,38,,60,semantic
20797,U+860C,蘌,0,,60,semantic
20798,U+860D,蘍,0,,60,semantic
20799,U+860E,蘎,0,,60,semantic
20800,U+860F,蘏,0,,60,semantic
20801,U+8610,蘐,38,,60,semantic
20802,U+8611,蘑,38,,60,semantic
20803,U+8612,蘒,0,,60,semantic
20804,U+8613,蘓,53,,60,semantic
20805,U+8614,蘔,0,,60,semantic
20806,U+8615,蘕,0,,60,semantic
20807,U+8616,蘖,51,,60,semantic
20808,U+8617,蘗,51,,60,semantic
20809,U+8618,蘘,41,,60,semantic
20810,U+8619,蘙,0,,60,semantic
20811,U+861A,蘚,38,,60,semantic
20812,U+861B,蘛,0,,60,semantic
20813,U+861C,蘜,0,,60,semantic
20814,U+861D,蘝,0,,60,semantic
20815,U+861E,蘞,38,,60,semantic
20816,U+861F,蘟,0,,60,semantic
20817,U+8620,蘠,0,,60,semantic
20818,U+8621,蘡,41,,60,semantic
20819,U+8622,蘢,3,,60,semantic
20820,U+8623,蘣,0,,60,semantic
20821,U+8624,蘤,3,,60,semantic
20822,U+8625,蘥,0,,60,semantic
20823,U+8626,蘦,0,,60,semantic
20824,U+8627,蘧,38,,60,semantic
20825,U+8628,蘨,3,,60,semantic
20826,U+8629,蘩,38,,60,semantic
20827,U+862A,蘪,0,,60,semantic
20828,U+862B,蘫,0,,60,semantic
20829,U+862C,蘬,0,,60,semantic
20830,U+862D,蘭,3,,60,semantic
20831,U+862E,蘮,0,,60,semantic
20832,U+862F,蘯,1,,60,semantic
20833,U+8630,蘰,0,,60,semantic
20834,U+8631,蘱,0,,60,semantic
20835,U+8632,蘲,0,,60,semantic
20836,U+8633,蘳,0,,60,semantic
20837,U+8634,蘴,53,,60,semantic
20838,U+8635,蘵,0,,60,semantic
20839,U+8636,蘶,0,,60,semantic
20840,U+8637,蘷,19,,60,semantic
20841,U+8638,蘸,52,,60,semantic
20842,U+8639,蘹,0,,60,semantic
20843,U+863A,蘺,38,,60,semantic
20844,U+863B,蘻,0,,60,semantic
20845,U+863C,蘼,53,,60,semantic
20846,U+863D,蘽,58,,60,semantic
20847,U+863E,蘾,0,,60,semantic
20848,U+863F,蘿,3,,60,semantic
20849,U+8640,虀,49,,60,semantic
20850,U+8641,虁,0,,60,semantic
20851,U+8642,虂,0,,60,semantic
20852,U+8643,虃,0,,60,semantic
20853,U+8644,虄,0,,60,semantic
20854,U+8645,虅,0,,60,semantic
20855,U+8646,虆,14,,60,semantic
20856,U+8647,虇,0,,60,semantic
20857,U+8648,虈,0,,60,semantic
20858,U+8649,虉,0,,60,semantic
20859,U+864A,虊,0,,60,semantic
20860,U+864B,虋,48,,60,semantic
20861,U+864C,虌,0,,60,semantic
20862,U+864D,虍,30,,60,semantic
20863,U+864E,虎,19,,60,semantic
20864,U+864F,虏,13,,60,semantic
20865,U+8650,虐,42,,60,semantic
20866,U+8651,虑,36,,60,semantic
20867,U+8652,虒,19,,60,semantic
20868,U+8653,虓,8,,60,semantic
20869,U+8654,虔,20,,60,semantic
20870,U+8655,處,33,,60,semantic
20871,U+8656,虖,8,,60,semantic
20872,U+8657,虗,0,,60,semantic
20873,U+8658,虘,0,,60,semantic
20874,U+8659,虙,0,,60,semantic
20875,U+865A,虚,47,,60,semantic
20876,U+865B,虛,12,,60,semantic
20877,U+865C,虜,13,,60,semantic
20878,U+865D,虝,0,,60,semantic
20879,U+865E,虞,36,,60,semantic
20880,U+865F,號,47,,60,semantic
20881,U+8660,虠,0,,60,semantic
20882,U+8661,虡,46,,60,semantic
20883,U+8662,虢,43,,60,semantic
20884,U+8663,虣,15,,60,semantic
20885,U+8664,虤,0,,60,semantic
20886,U+8665,虥,0,,60,semantic
20887,U+8666,虦,0,,60,semantic
20888,U+8667,虧,5,,60,semantic
20889,U+8668,虨,0,,60,semantic
20890,U+8669,虩,36,,60,semantic
20891,U+866A,虪,0,,60,semantic
20892,U+866B,虫,58,,60,semantic
20893,U+866C,虬,58,,60,semantic
20894,U+866D,虭,0,,60,semantic
20895,U+866E,虮,53,,60,semantic
20896,U+866F,虯,58,,60,semantic
20897,U+8670,虰,0,,60,semantic
20898,U+8671,虱,58,,60,semantic
20899,U+8672,虲,0,,60,semantic
20900,U+8673,虳,0,,60,semantic
20901,U+8674,虴,0,,60,semantic
20902,U+8675,虵,0,,60,semantic
20903,U+8676,虶,0,,60,semantic
20904,U+8677,虷,58,,60,semantic
20905,U+8678,虸,0,,60,semantic
20906,U+8679,虹,50,,60,semantic
20907,U+867A,虺,58,,60,semantic
20908,U+867B,虻,58,,60,semantic
20909,U+867C,虼,58,,60,semantic
20910,U+867D,虽,47,,60,semantic
20911,U+867E,虾,25,,60,semantic
20912,U+867F,虿,58,,60,semantic
20913,U+8680,蚀,5,,60,semantic
20914,U+8681,蚁,58,,60,semantic
20915,U+8682,蚂,58,,60,semantic
20916,U+8683,蚃,58,,60,semantic
20917,U+8684,蚄,0,,60,semantic
20918,U+8685,蚅,0,,60,semantic
20919,U+8686,蚆,0,,60,semantic
20920,U+8687,蚇,0,,60,semantic
20921,U+8688,蚈,0,,60,semantic
20922,U+8689,蚉,58,,60,semantic
20923,U+868A,蚊,58,,60,semantic
20924,U+868B,蚋,58,,60,semantic
20925,U+868C,蚌,25,,60,semantic
20926,U+868D,蚍,25,,60,semantic
20927,U+868E,蚎,0,,60,semantic
20928,U+868F,蚏,0,,60,semantic
20929,U+8690,蚐,0,,60,semantic
20930,U+8691,蚑,51,,60,semantic
20931,U+8692,蚒,58,,60,semantic
20932,U+8693,蚓,58,,60,semantic
20933,U+8694,蚔,58,,60,semantic
20934,U+8695,蚕,11,,60,semantic
20935,U+8696,蚖,0,,60,semantic
20936,U+8697,蚗,0,,60,semantic
20937,U+8698,蚘,58,,60,semantic
20938,U+8699,蚙,0,,60,semantic
20939,U+869A,蚚,0,,60,semantic
20940,U+869B,蚛,0,,60,semantic
20941,U+869C,蚜,38,,60,semantic
20942,U+869D,蚝,58,,60,semantic
20943,U+869E,蚞,0,,60,semantic
20944,U+869F,蚟,0,,60,semantic
20945,U+86A0,蚠,32,,60,semantic
20946,U+86A1,蚡,58,,60,semantic
20947,U+86A2,蚢,0,,60,semantic
20948,U+86A3,蚣,38,,60,semantic
20949,U+86A4,蚤,58,,60,semantic
20950,U+86A5,蚥,0,,60,semantic
20951,U+86A6,蚦,47,,60,semantic
20952,U+86A7,蚧,58,,60,semantic
20953,U+86A8,蚨,58,,60,semantic
20954,U+86A9,蚩,58,,60,semantic
20955,U+86AA,蚪,58,,60,semantic
20956,U+86AB,蚫,25,,60,semantic
20957,U+86AC,蚬,47,,60,semantic
20958,U+86AD,蚭,0,,60,semantic
20959,U+86AE,蚮,0,,60,semantic
20960,U+86AF,蚯,58,,60,semantic
20961,U+86B0,蚰,53,,60,semantic
20962,U+86B1,蚱,38,,60,semantic
20963,U+86B2,蚲,0,,60,semantic
20964,U+86B3,蚳,58,,60,semantic
20965,U+86B4,蚴,53,,60,semantic
20966,U+86B5,蚵,25,,60,semantic
20967,U+86B6,蚶,53,,60,semantic
20968,U+86B7,蚷,0,,60,semantic
20969,U+86B8,蚸,0,,60,semantic
20970,U+86B9,蚹,0,,60,semantic
20971,U+86BA,蚺,33,,60,semantic
20972,U+86BB,蚻,38,,60,semantic
20973,U+86BC,蚼,0,,60,semantic
20974,U+86BD,蚽,0,,60,semantic
20975,U+86BE,蚾,0,,60,semantic
20976,U+86BF,蚿,53,,60,semantic
20977,U+86C0,蛀,58,,60,semantic
20978,U+86C1,蛁,38,,60,semantic
20979,U+86C2,蛂,0,,60,semantic
20980,U+86C3,蛃,0,,60,semantic
20981,U+86C4,蛄,58,,60,semantic
20982,U+86C5,蛅,58,,60,semantic
20983,U+86C6,蛆,58,,60,semantic
20984,U+86C7,蛇,58,,60,semantic
20985,U+86C8,蛈,0,,60,semantic
20986,U+86C9,蛉,58,,60,semantic
20987,U+86CA,蛊,42,,60,semantic
20988,U+86CB,蛋,42,,60,semantic
20989,U+86CC,蛌,47,,60,semantic
20990,U+86CD,蛍,58,,60,semantic
20991,U+86CE,蛎,25,,60,semantic
20992,U+86CF,蛏,52,,60,semantic
20993,U+86D0,蛐,58,,60,semantic
20994,U+86D1,蛑,25,,60,semantic
20995,U+86D2,蛒,0,,60,semantic
20996,U+86D3,蛓,58,,60,semantic
20997,U+86D4,蛔,58,,60,semantic
20998,U+86D5,蛕,58,,60,semantic
20999,U+86D6,蛖,0,,60,semantic
21000,U+86D7,蛗,58,,60,semantic
21001,U+86D8,蛘,21,,60,semantic
21002,U+86D9,蛙,58,,60,semantic
21003,U+86DA,蛚,0,,60,semantic
21004,U+86DB,蛛,58,,60,semantic
21005,U+86DC,蛜,0,,60,semantic
21006,U+86DD,蛝,0,,60,semantic
21007,U+86DE,蛞,58,,60,semantic
21008,U+86DF,蛟,58,,60,semantic
21009,U+86E0,蛠,0,,60,semantic
21010,U+86E1,蛡,0,,60,semantic
21011,U+86E2,蛢,0,,60,semantic
21012,U+86E3,蛣,58,,60,semantic
21013,U+86E4,蛤,17,,60,semantic
21014,U+86E5,蛥,0,,60,semantic
21015,U+86E6,蛦,0,,60,semantic
21016,U+86E7,蛧,0,,60,semantic
21017,U+86E8,蛨,0,,60,semantic
21018,U+86E9,蛩,36,,60,semantic
21019,U+86EA,蛪,0,,60,semantic
21020,U+86EB,蛫,0,,60,semantic
21021,U+86EC,蛬,0,,60,semantic
21022,U+86ED,蛭,53,,60,semantic
21023,U+86EE,蛮,19,,60,semantic
21024,U+86EF,蛯,25,,60,semantic
21025,U+86F0,蛰,16,,60,semantic
21026,U+86F1,蛱,58,,60,semantic
21027,U+86F2,蛲,58,,60,semantic
21028,U+86F3,蛳,58,,60,semantic
21029,U+86F4,蛴,53,,60,semantic
21030,U+86F5,蛵,0,,60,semantic
21031,U+86F6,蛶,0,,60,semantic
21032,U+86F7,蛷,0,,60,semantic
21033,U+86F8,蛸,58,,60,semantic
21034,U+86F9,蛹,38,,60,semantic
21035,U+86FA,蛺,58,,60,semantic
21036,U+86FB,蛻,33,,60,semantic
21037,U+86FC,蛼,0,,60,semantic
21038,U+86FD,蛽,0,,60,semantic
21039,U+86FE,蛾,58,,60,semantic
21040,U+86FF,蛿,0,,60,semantic
21041,U+8700,蜀,43,,60,semantic
21042,U+8701,蜁,0,,60,semantic
21043,U+8702,蜂,58,,60,semantic
21044,U+8703,蜃,25,,60,semantic
21045,U+8704,蜄,0,,60,semantic
21046,U+8705,蜅,25,,60,semantic
21047,U+8706,蜆,38,,60,semantic
21048,U+8707,蜇,25,,60,semantic
21049,U+8708,蜈,53,,60,semantic
21050,U+8709,蜉,58,,60,semantic
21051,U+870A,蜊,17,,60,semantic
21052,U+870B,蜋,58,,60,semantic
21053,U+870C,蜌,0,,60,semantic
21054,U+870D,蜍,58,,60,semantic
21055,U+870E,蜎,58,,60,semantic
21056,U+870F,蜏,0,,60,semantic
21057,U+8710,蜐,0,,60,semantic
21058,U+8711,蜑,53,,60,semantic
21059,U+8712,蜒,38,,60,semantic
21060,U+8713,蜓,58,,60,semantic
21061,U+8714,蜔,47,,60,semantic
21062,U+8715,蜕,53,,60,semantic
21063,U+8716,蜖,58,,60,semantic
21064,U+8717,蜗,38,,60,semantic
21065,U+8718,蜘,58,,60,semantic
21066,U+8719,蜙,0,,60,semantic
21067,U+871A,蜚,58,,60,semantic
21068,U+871B,蜛,0,,60,semantic
21069,U+871C,蜜,28,,60,semantic
21070,U+871D,蜝,58,,60,semantic
21071,U+871E,蜞,58,,60,semantic
21072,U+871F,蜟,0,,60,semantic
21073,U+8720,蜠,0,,60,semantic
21074,U+8721,蜡,49,,60,semantic
21075,U+8722,蜢,58,,60,semantic
21076,U+8723,蜣,58,,60,semantic
21077,U+8724,蜤,0,,60,semantic
21078,U+8725,蜥,58,,60,semantic
21079,U+8726,蜦,0,,60,semantic
21080,U+8727,蜧,0,,60,semantic
21081,U+8728,蜨,58,,60,semantic
21082,U+8729,蜩,38,,60,semantic
21083,U+872A,蜪,0,,60,semantic
21084,U+872B,蜫,58,,60,semantic
21085,U+872C,蜬,0,,60,semantic
21086,U+872D,蜭,0,,60,semantic
21087,U+872E,蜮,58,,60,semantic
21088,U+872F,蜯,25,,60,semantic
21089,U+8730,蜰,58,,60,semantic
21090,U+8731,蜱,58,,60,semantic
21091,U+8732,蜲,0,,60,semantic
21092,U+8733,蜳,0,,60,semantic
21093,U+8734,蜴,58,,60,semantic
21094,U+8735,蜵,0,,60,semantic
21095,U+8736,蜶,57,,60,semantic
21096,U+8737,蜷,58,,60,semantic
21097,U+8738,蜸,0,,60,semantic
21098,U+8739,蜹,58,,60,semantic
21099,U+873A,蜺,50,,60,semantic
21100,U+873B,蜻,58,,60,semantic
21101,U+873C,蜼,0,,60,semantic
21102,U+873D,蜽,0,,60,semantic
21103,U+873E,蜾,58,,60,semantic
21104,U+873F,蜿,51,,60,semantic
21105,U+8740,蝀,50,,60,semantic
21106,U+8741,蝁,0,,60,semantic
21107,U+8742,蝂,0,,60,semantic
21108,U+8743,蝃,50,,60,semantic
21109,U+8744,蝄,0,,60,semantic
21110,U+8745,蝅,0,,60,semantic
21111,U+8746,蝆,0,,60,semantic
21112,U+8747,蝇,44,,60,semantic
21113,U+8748,蝈,38,,60,semantic
21114,U+8749,蝉,38,,60,semantic
21115,U+874A,蝊,0,,60,semantic
21116,U+874B,蝋,49,,60,semantic
21117,U+874C,蝌,58,,60,semantic
21118,U+874D,蝍,53,,60,semantic
21119,U+874E,蝎,58,,60,semantic
21120,U+874F,蝏,0,,60,semantic
21121,U+8750,蝐,0,,60,semantic
21122,U+8751,蝑,0,,60,semantic
21123,U+8752,蝒,0,,60,semantic
21124,U+8753,蝓,58,,60,semantic
21125,U+8754,蝔,0,,60,semantic
21126,U+8755,蝕,5,,60,semantic
21127,U+8756,蝖,0,,60,semantic
21128,U+8757,蝗,58,,60,semantic
21129,U+8758,蝘,38,,60,semantic
21130,U+8759,蝙,1,,60,semantic
21131,U+875A,蝚,0,,60,semantic
21132,U+875B,蝛,19,,60,semantic
21133,U+875C,蝜,0,,60,semantic
21134,U+875D,蝝,58,,60,semantic
21135,U+875E,蝞,58,,60,semantic
21136,U+875F,蝟,58,,60,semantic
21137,U+8760,蝠,1,,60,semantic
21138,U+8761,蝡,58,,60,semantic
21139,U+8762,蝢,0,,60,semantic
21140,U+8763,蝣,38,,60,semantic
21141,U+8764,蝤,25,,60,semantic
21142,U+8765,蝥,58,,60,semantic
21143,U+8766,蝦,25,,60,semantic
21144,U+8767,蝧,0,,60,semantic
21145,U+8768,蝨,58,,60,semantic
21146,U+8769,蝩,0,,60,semantic
21147,U+876A,蝪,57,,60,semantic
21148,U+876B,蝫,0,,60,semantic
21149,U+876C,蝬,0,,60,semantic
21150,U+876D,蝭,0,,60,semantic
21151,U+876E,蝮,58,,60,semantic
21152,U+876F,蝯,58,,60,semantic
21153,U+8770,蝰,58,,60,semantic
21154,U+8771,蝱,58,,60,semantic
21155,U+8772,蝲,0,,60,semantic
21156,U+8773,蝳,0,,60,semantic
21157,U+8774,蝴,58,,60,semantic
21158,U+8775,蝵,0,,60,semantic
21159,U+8776,蝶,58,,60,semantic
21160,U+8777,蝷,0,,60,semantic
21161,U+8778,蝸,38,,60,semantic
21162,U+8779,蝹,0,,60,semantic
21163,U+877A,蝺,0,,60,semantic
21164,U+877B,蝻,58,,60,semantic
21165,U+877C,蝼,58,,60,semantic
21166,U+877D,蝽,53,,60,semantic
21167,U+877E,蝾,58,,60,semantic
21168,U+877F,蝿,16,,60,semantic
21169,U+8780,螀,38,,60,semantic
21170,U+8781,螁,0,,60,semantic
21171,U+8782,螂,58,,60,semantic
21172,U+8783,螃,25,,60,semantic
21173,U+8784,螄,58,,60,semantic
21174,U+8785,螅,58,,60,semantic
21175,U+8786,螆,58,,60,semantic
21176,U+8787,螇,0,,60,semantic
21177,U+8788,螈,11,,60,semantic
21178,U+8789,螉,58,,60,semantic
21179,U+878A,螊,0,,60,semantic
21180,U+878B,螋,17,,60,semantic
21181,U+878C,螌,58,,60,semantic
21182,U+878D,融,49,,60,semantic
21183,U+878E,螎,47,,60,semantic
21184,U+878F,螏,0,,60,semantic
21185,U+8790,螐,0,,60,semantic
21186,U+8791,螑,0,,60,semantic
21187,U+8792,螒,0,,60,semantic
21188,U+8793,螓,38,,60,semantic
21189,U+8794,螔,0,,60,semantic
21190,U+8795,螕,58,,60,semantic
21191,U+8796,螖,0,,60,semantic
21192,U+8797,螗,38,,60,semantic
21193,U+8798,螘,58,,60,semantic
21194,U+8799,螙,42,,60,semantic
21195,U+879A,螚,0,,60,semantic
21196,U+879B,螛,0,,60,semantic
21197,U+879C,螜,0,,60,semantic
21198,U+879D,螝,0,,60,semantic
21199,U+879E,螞,58,,60,semantic
21200,U+879F,螟,58,,60,semantic
21201,U+87A0,螠,0,,60,semantic
21202,U+87A1,螡,0,,60,semantic
21203,U+87A2,螢,58,,60,semantic
21204,U+87A3,螣,58,,60,semantic
21205,U+87A4,螤,0,,60,semantic
21206,U+87A5,螥,16,,60,semantic
21207,U+87A6,螦,0,,60,semantic
21208,U+87A7,螧,0,,60,semantic
21209,U+87A8,螨,58,,60,semantic
21210,U+87A9,螩,0,,60,semantic
21211,U+87AA,螪,0,,60,semantic
21212,U+87AB,螫,58,,60,semantic
21213,U+87AC,螬,48,,60,semantic
21214,U+87AD,螭,58,,60,semantic
21215,U+87AE,螮,50,,60,semantic
21216,U+87AF,螯,56,,60,semantic
21217,U+87B0,螰,0,,60,semantic
21218,U+87B1,螱,0,,60,semantic
21219,U+87B2,螲,0,,60,semantic
21220,U+87B3,螳,56,,60,semantic
21221,U+87B4,螴,0,,60,semantic
21222,U+87B5,螵,53,,60,semantic
21223,U+87B6,螶,0,,60,semantic
21224,U+87B7,螷,0,,60,semantic
21225,U+87B8,螸,0,,60,semantic
21226,U+87B9,螹,0,,60,semantic
21227,U+87BA,螺,46,,60,semantic
21228,U+87BB,螻,58,,60,semantic
21229,U+87BC,螼,0,,60,semantic
21230,U+87BD,螽,53,,60,semantic
21231,U+87BE,螾,58,,60,semantic
21232,U+87BF,螿,38,,60,semantic
21233,U+87C0,蟀,1,,60,semantic
21234,U+87C1,蟁,58,,60,semantic
21235,U+87C2,蟂,0,,60,semantic
21236,U+87C3,蟃,0,,60,semantic
21237,U+87C4,蟄,16,,60,semantic
21238,U+87C5,蟅,0,,60,semantic
21239,U+87C6,蟆,58,,60,semantic
21240,U+87C7,蟇,58,,60,semantic
21241,U+87C8,蟈,38,,60,semantic
21242,U+87C9,蟉,0,,60,semantic
21243,U+87CA,蟊,48,,60,semantic
21244,U+87CB,蟋,1,,60,semantic
21245,U+87CC,蟌,0,,60,semantic
21246,U+87CD,蟍,0,,60,semantic
21247,U+87CE,蟎,53,,60,semantic
21248,U+87CF,蟏,58,,60,semantic
21249,U+87D0,蟐,0,,60,semantic
21250,U+87D1,蟑,58,,60,semantic
21251,U+87D2,蟒,38,,60,semantic
21252,U+87D3,蟓,11,,60,semantic
21253,U+87D4,蟔,0,,60,semantic
21254,U+87D5,蟕,25,,60,semantic
21255,U+87D6,蟖,58,,60,semantic
21256,U+87D7,蟗,0,,60,semantic
21257,U+87D8,蟘,0,,60,semantic
21258,U+87D9,蟙,0,,60,semantic
21259,U+87DA,蟚,25,,60,semantic
21260,U+87DB,蟛,14,,60,semantic
21261,U+87DC,蟜,58,,60,semantic
21262,U+87DD,蟝,58,,60,semantic
21263,U+87DE,蟞,0,,60,semantic
21264,U+87DF,蟟,38,,60,semantic
21265,U+87E0,蟠,46,,60,semantic
21266,U+87E1,蟡,0,,60,semantic
21267,U+87E2,蟢,58,,60,semantic
21268,U+87E3,蟣,53,,60,semantic
21269,U+87E4,蟤,0,,60,semantic
21270,U+87E5,蟥,53,,60,semantic
21271,U+87E6,蟦,0,,60,semantic
21272,U+87E7,蟧,58,,60,semantic
21273,U+87E8,蟨,53,,60,semantic
21274,U+87E9,蟩,0,,60,semantic
21275,U+87EA,蟪,38,,60,semantic
21276,U+87EB,蟫,25,,60,semantic
21277,U+87EC,蟬,38,,60,semantic
21278,U+87ED,蟭,45,,60,semantic
21279,U+87EE,蟮,58,,60,semantic
21280,U+87EF,蟯,38,,60,semantic
21281,U+87F0,蟰,58,,60,semantic
21282,U+87F1,蟱,0,,60,semantic
21283,U+87F2,蟲,58,,60,semantic
21284,U+87F3,蟳,25,,60,semantic
21285,U+87F4,蟴,0,,60,semantic
21286,U+87F5,蟵,0,,60,semantic
21287,U+87F6,蟶,52,,60,semantic
21288,U+87F7,蟷,56,,60,semantic
21289,U+87F8,蟸,0,,60,semantic
21290,U+87F9,蟹,25,,60,semantic
21291,U+87FA,蟺,58,,60,semantic
21292,U+87FB,蟻,58,,60,semantic
21293,U+87FC,蟼,0,,60,semantic
21294,U+87FD,蟽,0,,60,semantic
21295,U+87FE,蟾,58,,60,semantic
21296,U+87FF,蟿,38,,60,semantic
21297,U+8800,蠀,0,,60,semantic
21298,U+8801,蠁,58,,60,semantic
21299,U+8802,蠂,0,,60,semantic
21300,U+8803,蠃,58,,60,semantic
21301,U+8804,蠄,58,,60,semantic
21302,U+8805,蠅,44,,60,semantic
21303,U+8806,蠆,58,,60,semantic
21304,U+8807,蠇,0,,60,semantic
21305,U+8808,蠈,54,,60,semantic
21306,U+8809,蠉,58,,60,semantic
21307,U+880A,蠊,58,,60,semantic
21308,U+880B,蠋,58,,60,semantic
21309,U+880C,蠌,0,,60,semantic
21310,U+880D,蠍,58,,60,semantic
21311,U+880E,蠎,47,,60,semantic
21312,U+880F,蠏,25,,60,semantic
21313,U+8810,蠐,53,,60,semantic
21314,U+8811,蠑,58,,60,semantic
21315,U+8812,蠒,0,,60,semantic
21316,U+8813,蠓,58,,60,semantic
21317,U+8814,蠔,25,,60,semantic
21318,U+8815,蠕,53,,60,semantic
21319,U+8816,蠖,58,,60,semantic
21320,U+8817,蠗,0,,60,semantic
21321,U+8818,蠘,0,,60,semantic
21322,U+8819,蠙,25,,60,semantic
21323,U+881A,蠚,17,,60,semantic
21324,U+881B,蠛,58,,60,semantic
21325,U+881C,蠜,58,,60,semantic
21326,U+881D,蠝,0,,60,semantic
21327,U+881E,蠞,0,,60,semantic
21328,U+881F,蠟,49,,60,semantic
21329,U+8820,蠠,0,,60,semantic
21330,U+8821,蠡,58,,60,semantic
21331,U+8822,蠢,45,,60,semantic
21332,U+8823,蠣,25,,60,semantic
21333,U+8824,蠤,0,,60,semantic
21334,U+8825,蠥,0,,60,semantic
21335,U+8826,蠦,0,,60,semantic
21336,U+8827,蠧,58,,60,semantic
21337,U+8828,蠨,58,,60,semantic
21338,U+8829,蠩,58,,60,semantic
21339,U+882A,蠪,0,,60,semantic
21340,U+882B,蠫,0,,60,semantic
21341,U+882C,蠬,0,,60,semantic
21342,U+882D,蠭,58,,60,semantic
21343,U+882E,蠮,58,,60,semantic
21344,U+882F,蠯,0,,60,semantic
21345,U+8830,蠰,0,,60,semantic
21346,U+8831,蠱,42,,60,semantic
21347,U+8832,蠲,50,,60,semantic
21348,U+8833,蠳,0,,60,semantic
21349,U+8834,蠴,0,,60,semantic
21350,U+8835,蠵,58,,60,semantic
21351,U+8836,蠶,11,,60,semantic
21352,U+8837,蠷,0,,60,semantic
21353,U+8838,蠸,38,,60,semantic
21354,U+8839,蠹,58,,60,semantic
21355,U+883A,蠺,11,,60,semantic
21356,U+883B,蠻,19,,60,semantic
21357,U+883C,蠼,17,,60,semantic
21358,U+883D,蠽,0,,60,semantic
21359,U+883E,蠾,0,,60,semantic
21360,U+883F,蠿,0,,60,semantic
21361,U+8840,血,30,,60,semantic
21362,U+8841,衁,56,,60,semantic
21363,U+8842,衂,5,,60,semantic
21364,U+8843,衃,56,,60,semantic
21365,U+8844,衄,5,,60,semantic
21366,U+8845,衅,56,,60,semantic
21367,U+8846,衆,18,,60,semantic
21368,U+8847,衇,2,,60,semantic
21369,U+8848,衈,44,,60,semantic
21370,U+8849,衉,56,,60,semantic
21371,U+884A,衊,42,,60,semantic
21372,U+884B,衋,0,,60,semantic
21373,U+884C,行,30,,60,semantic
21374,U+884D,衍,23,,60,semantic
21375,U+884E,衎,28,,60,semantic
21376,U+884F,衏,0,,60,semantic
21377,U+8850,衐,0,,60,semantic
21378,U+8851,衑,0,,60,semantic
21379,U+8852,衒,20,,60,semantic
21380,U+8853,術,33,,60,semantic
21381,U+8854,衔,17,,60,semantic
21382,U+8855,衕,9,,60,semantic
21383,U+8856,衖,9,,60,semantic
21384,U+8857,街,59,,60,semantic
21385,U+8858,衘,0,,60,semantic
21386,U+8859,衙,12,,60,semantic
21387,U+885A,衚,9,,60,semantic
21388,U+885B,衛,12,,60,semantic
21389,U+885C,衜,31,,60,semantic
21390,U+885D,衝,31,,60,semantic
21391,U+885E,衞,12,,60,semantic
21392,U+885F,衟,0,,60,semantic
21393,U+8860,衠,49,,60,semantic
21394,U+8861,衡,18,,60,semantic
21395,U+8862,衢,43,,60,semantic
21396,U+8863,衣,27,,60,semantic
21397,U+8864,衤,27,,60,semantic
21398,U+8865,补,33,,60,semantic
21399,U+8866,衦,27,,60,semantic
21400,U+8867,衧,0,,60,semantic
21401,U+8868,表,33,,60,semantic
21402,U+8869,衩,27,,60,semantic
21403,U+886A,衪,57,,60,semantic
21404,U+886B,衫,27,,60,semantic
21405,U+886C,衬,27,,60,semantic
21406,U+886D,衭,27,,60,semantic
21407,U+886E,衮,12,,60,semantic
21408,U+886F,衯,0,,60,semantic
21409,U+8870,衰,5,,60,semantic
21410,U+8871,衱,0,,60,semantic
21411,U+8872,衲,27,,60,semantic
21412,U+8873,衳,0,,60,semantic
21413,U+8874,衴,0,,60,semantic
21414,U+8875,衵,27,,60,semantic
21415,U+8876,衶,0,,60,semantic
21416,U+8877,衷,30,,60,semantic
21417,U+8878,衸,0,,60,semantic
21418,U+8879,衹,34,,60,semantic
21419,U+887A,衺,27,,60,semantic
21420,U+887B,衻,0,,60,semantic
21421,U+887C,衼,0,,60,semantic
21422,U+887D,衽,27,,60,semantic
21423,U+887E,衾,27,,60,semantic
21424,U+887F,衿,27,,60,semantic
21425,U+8880,袀,0,,60,semantic
21426,U+8882,袂,27,,60,semantic
21427,U+8883,袃,0,,60,semantic
21428,U+8884,袄,27,,60,semantic
21429,U+8885,袅,16,,60,semantic
21430,U+8886,袆,12,,60,semantic
21431,U+8887,袇,0,,60,semantic
21432,U+8888,袈,12,,60,semantic
21433,U+8889,袉,0,,60,semantic
21434,U+888A,袊,0,,60,semantic
21435,U+888B,袋,27,,60,semantic
21436,U+888C,袌,0,,60,semantic
21437,U+888D,袍,27,,60,semantic
21438,U+888E,袎,0,,60,semantic
21439,U+888F,袏,0,,60,semantic
21440,U+8890,袐,0,,60,semantic
21441,U+8891,袑,0,,60,semantic
21442,U+8892,袒,45,,60,semantic
21443,U+8893,袓,0,,60,semantic
21444,U+8894,袔,0,,60,semantic
21445,U+8895,袕,0,,60,semantic
21446,U+8896,袖,27,,60,semantic
21447,U+8897,袗,27,,60,semantic
21448,U+8898,袘,0,,60,semantic
21449,U+8899,袙,0,,60,semantic
21450,U+889A,袚,51,,60,semantic
21451,U+889B,袛,47,,60,semantic
21452,U+889C,袜,51,,60,semantic
21453,U+889D,袝,0,,60,semantic
21454,U+889E,袞,12,,60,semantic
21455,U+889F,袟,27,,60,semantic
21456,U+88A0,袠,27,,60,semantic
21457,U+88A1,袡,0,,60,semantic
21458,U+88A2,袢,27,,60,semantic
21459,U+88A3,袣,0,,60,semantic
21460,U+88A4,袤,47,,60,semantic
21461,U+88A5,袥,0,,60,semantic
21462,U+88A6,袦,0,,60,semantic
21463,U+88A7,袧,0,,60,semantic
21464,U+88A8,袨,0,,60,semantic
21465,U+88A9,袩,0,,60,semantic
21466,U+88AA,袪,27,,60,semantic
21467,U+88AB,被,33,,60,semantic
21468,U+88AC,袬,0,,60,semantic
21469,U+88AD,袭,1,,60,semantic
21470,U+88AE,袮,47,,60,semantic
21471,U+88AF,袯,27,,60,semantic
21472,U+88B0,袰,0,,60,semantic
21473,U+88B1,袱,27,,60,semantic
21474,U+88B2,袲,0,,60,semantic
21475,U+88B3,袳,27,,60,semantic
21476,U+88B4,袴,27,,60,semantic
21477,U+88B5,袵,27,,60,semantic
21478,U+88B6,袶,0,,60,semantic
21479,U+88B7,袷,27,,60,semantic
21480,U+88B8,袸,0,,60,semantic
21481,U+88B9,袹,0,,60,semantic
21482,U+88BA,袺,13,,60,semantic
21483,U+88BB,袻,0,,60,semantic
21484,U+88BC,袼,27,,60,semantic
21485,U+88BD,袽,27,,60,semantic
21486,U+88BE,袾,0,,60,semantic
21487,U+88BF,袿,27,,60,semantic
21488,U+88C0,裀,27,,60,semantic
21489,U+88C1,裁,5,,60,semantic
21490,U+88C2,裂,52,,60,semantic
21491,U+88C3,裃,12,,60,semantic
21492,U+88C4,裄,27,,60,semantic
21493,U+88C5,装,27,,60,semantic
21494,U+88C6,裆,51,,60,semantic
21495,U+88C7,裇,47,,60,semantic
21496,U+88C8,裈,27,,60,semantic
21497,U+88C9,裉,27,,60,semantic
21498,U+88CA,裊,13,,60,semantic
21499,U+88CB,裋,27,,60,semantic
21500,U+88CC,裌,27,,60,semantic
21501,U+88CD,裍,27,,60,semantic
21502,U+88CE,裎,27,,60,semantic
21503,U+88CF,裏,9,,60,semantic
21504,U+88D0,裐,0,,60,semantic
21505,U+88D1,裑,0,,60,semantic
21506,U+88D2,裒,29,,60,semantic
21507,U+88D3,裓,0,,60,semantic
21508,U+88D4,裔,57,,60,semantic
21509,U+88D5,裕,18,,60,semantic
21510,U+88D6,裖,0,,60,semantic
21511,U+88D7,裗,0,,60,semantic
21512,U+88D8,裘,27,,60,semantic
21513,U+88D9,裙,27,,60,semantic
21514,U+88DA,裚,0,,60,semantic
21515,U+88DB,裛,46,,60,semantic
21516,U+88DC,補,33,,60,semantic
21517,U+88DD,裝,27,,60,semantic
21518,U+88DE,裞,0,,60,semantic
21519,U+88DF,裟,12,,60,semantic
21520,U+88E0,裠,27,,60,semantic
21521,U+88E1,裡,9,,60,semantic
21522,U+88E2,裢,27,,60,semantic
21523,U+88E3,裣,27,,60,semantic
21524,U+88E4,裤,27,,60,semantic
21525,U+88E5,裥,46,,60,semantic
21526,U+88E6,裦,0,,60,semantic
21527,U+88E7,裧,0,,60,semantic
21528,U+88E8,裨,29,,60,semantic
21529,U+88E9,裩,0,,60,semantic
21530,U+88EA,裪,27,,60,semantic
21531,U+88EB,裫,0,,60,semantic
21532,U+88EC,裬,0,,60,semantic
21533,U+88ED,裭,0,,60,semantic
21534,U+88EE,裮,0,,60,semantic
21535,U+88EF,裯,27,,60,semantic
21536,U+88F0,裰,27,,60,semantic
21537,U+88F1,裱,52,,60,semantic
21538,U+88F2,裲,27,,60,semantic
21539,U+88F3,裳,27,,60,semantic
21540,U+88F4,裴,57,,60,semantic
21541,U+88F5,裵,27,,60,semantic
21542,U+88F6,裶,12,,60,semantic
21543,U+88F7,裷,0,,60,semantic
21544,U+88F8,裸,45,,60,semantic
21545,U+88F9,裹,46,,60,semantic
21546,U+88FA,裺,0,,60,semantic
21547,U+88FB,裻,0,,60,semantic
21548,U+88FC,裼,13,,60,semantic
21549,U+88FD,製,33,,60,semantic
21550,U+88FE,裾,27,,60,semantic
21551,U+88FF,裿,0,,60,semantic
21552,U+8900,褀,0,,60,semantic
21553,U+8901,褁,0,,60,semantic
21554,U+8902,褂,27,,60,semantic
21555,U+8903,褃,27,,60,semantic
21556,U+8904,褄,27,,60,semantic
21557,U+8905,褅,0,,60,semantic
21558,U+8906,褆,28,,60,semantic
21559,U+8907,複,47,,60,semantic
21560,U+8908,褈,0,,60,semantic
21561,U+8909,褉,27,,60,semantic
21562,U+890A,褊,45,,60,semantic
21563,U+890B,褋,0,,60,semantic
21564,U+890C,褌,27,,60,semantic
21565,U+890D,褍,0,,60,semantic
21566,U+890E,褎,27,,60,semantic
21567,U+890F,褏,27,,60,semantic
21568,U+8910,褐,11,,60,semantic
21569,U+8911,褑,0,,60,semantic
21570,U+8912,褒,28,,60,semantic
21571,U+8913,褓,27,,60,semantic
21572,U+8914,褔,47,,60,semantic
21573,U+8915,褕,27,,60,semantic
21574,U+8916,褖,0,,60,semantic
21575,U+8917,褗,0,,60,semantic
21576,U+8918,褘,12,,60,semantic
21577,U+8919,褙,27,,60,semantic
21578,U+891A,褚,33,,60,semantic
21579,U+891B,褛,46,,60,semantic
21580,U+891C,褜,0,,60,semantic
21581,U+891D,褝,27,,60,semantic
21582,U+891E,褞,27,,60,semantic
21583,U+891F,褟,27,,60,semantic
21584,U+8920,褠,0,,60,semantic
21585,U+8921,褡,27,,60,semantic
21586,U+8922,褢,27,,60,semantic
21587,U+8923,褣,0,,60,semantic
21588,U+8924,褤,0,,60,semantic
21589,U+8925,褥,9,,60,semantic
21590,U+8926,褦,45,,60,semantic
21591,U+8927,褧,27,,60,semantic
21592,U+8928,褨,0,,60,semantic
21593,U+8929,褩,0,,60,semantic
21594,U+892A,褪,5,,60,semantic
21595,U+892B,褫,5,,60,semantic
21596,U+892C,褬,0,,60,semantic
21597,U+892D,褭,0,,60,semantic
21598,U+892E,褮,0,,60,semantic
21599,U+892F,褯,27,,60,semantic
21600,U+8930,褰,27,,60,semantic
21601,U+8931,褱,27,,60,semantic
21602,U+8932,褲,27,,60,semantic
21603,U+8933,褳,27,,60,semantic
21604,U+8934,褴,46,,60,semantic
21605,U+8935,褵,27,,60,semantic
21606,U+8936,褶,52,,60,semantic
21607,U+8937,褷,0,,60,semantic
21608,U+8938,褸,46,,60,semantic
21609,U+8939,褹,0,,60,semantic
21610,U+893A,褺,42,,60,semantic
21611,U+893B,褻,42,,60,semantic
21612,U+893C,褼,0,,60,semantic
21613,U+893D,褽,27,,60,semantic
21614,U+893E,褾,0,,60,semantic
21615,U+893F,褿,0,,60,semantic
21616,U+8940,襀,52,,60,semantic
21617,U+8941,襁,27,,60,semantic
21618,U+8942,襂,0,,60,semantic
21619,U+8943,襃,29,,60,semantic
21620,U+8944,襄,20,,60,semantic
21621,U+8945,襅,0,,60,semantic
21622,U+8946,襆,19,,60,semantic
21623,U+8947,襇,46,,60,semantic
21624,U+8948,襈,0,,60,semantic
21625,U+8949,襉,46,,60,semantic
21626,U+894A,襊,0,,60,semantic
21627,U+894B,襋,27,,60,semantic
21628,U+894C,襌,27,,60,semantic
21629,U+894D,襍,49,,60,semantic
21630,U+894E,襎,0,,60,semantic
21631,U+894F,襏,27,,60,semantic
21632,U+8950,襐,0,,60,semantic
21633,U+8951,襑,0,,60,semantic
21634,U+8952,襒,0,,60,semantic
21635,U+8953,襓,0,,60,semantic
21636,U+8954,襔,0,,60,semantic
21637,U+8955,襕,27,,60,semantic
21638,U+8956,襖,27,,60,semantic
21639,U+8957,襗,0,,60,semantic
21640,U+8958,襘,0,,60,semantic
21641,U+8959,襙,0,,60,semantic
21642,U+895A,襚,27,,60,semantic
21643,U+895B,襛,27,,60,semantic
21644,U+895C,襜,16,,60,semantic
21645,U+895D,襝,27,,60,semantic
21646,U+895E,襞,52,,60,semantic
21647,U+895F,襟,46,,60,semantic
21648,U+8960,襠,51,,60,semantic
21649,U+8961,襡,27,,60,semantic
21650,U+8962,襢,45,,60,semantic
21651,U+8963,襣,0,,60,semantic
21652,U+8964,襤,46,,60,semantic
21653,U+8965,襥,0,,60,semantic
21654,U+8966,襦,11,,60,semantic
21655,U+8967,襧,0,,60,semantic
21656,U+8968,襨,0,,60,semantic
21657,U+8969,襩,0,,60,semantic
21658,U+896A,襪,51,,60,semantic
21659,U+896B,襫,27,,60,semantic
21660,U+896C,襬,27,,60,semantic
21661,U+896D,襭,27,,60,semantic
21662,U+896E,襮,27,,60,semantic
21663,U+896F,襯,27,,60,semantic
21664,U+8970,襰,0,,60,semantic
21665,U+8971,襱,51,,60,semantic
21666,U+8972,襲,1,,60,semantic
21667,U+8973,襳,0,,60,semantic
21668,U+8974,襴,27,,60,semantic
21669,U+8975,襵,27,,60,semantic
21670,U+8976,襶,34,,60,semantic
21671,U+8977,襷,46,,60,semantic
21672,U+8978,襸,0,,60,semantic
21673,U+8979,襹,0,,60,semantic
21674,U+897A,襺,0,,60,semantic
21675,U+897B,襻,46,,60,semantic
21676,U+897C,襼,27,,60,semantic
21677,U+897D,襽,0,,60,semantic
21678,U+897E,襾,30,,60,semantic
21679,U+897F,西,30,,60,semantic
21680,U+8980,覀,30,,60,semantic
21681,U+8981,要,33,,60,semantic
21682,U+8982,覂,1,,60,semantic
21683,U+8983,覃,20,,60,semantic
21684,U+8984,覄,0,,60,semantic
21685,U+8985,覅,0,,60,semantic
21686,U+8986,覆,47,,60,semantic
21687,U+8987,覇,12,,60,semantic
21688,U+8988,覈,7,,60,semantic
21689,U+8989,覉,9,,60,semantic
21690,U+898A,覊,13,,60,semantic
21691,U+898B,見,30,,60,semantic
21692,U+898C,覌,7,,60,semantic
21693,U+898D,覍,0,,60,semantic
21694,U+898E,覎,32,,60,semantic
21695,U+898F,規,47,,60,semantic
21696,U+8990,覐,20,,60,semantic
21697,U+8991,覑,0,,60,semantic
21698,U+8992,覒,0,,60,semantic
21699,U+8993,覓,33,,60,semantic
21700,U+8994,覔,20,,60,semantic
21701,U+8995,覕,0,,60,semantic
21702,U+8996,視,7,,60,semantic
21703,U+8997,覗,7,,60,semantic
21704,U+8998,覘,7,,60,semantic
21705,U+8999,覙,47,,60,semantic
21706,U+899A,覚,36,,60,semantic
21707,U+899B,覛,0,,60,semantic
21708,U+899C,覜,20,,60,semantic
21709,U+899D,覝,0,,60,semantic
21710,U+899E,覞,0,,60,semantic
21711,U+899F,覟,0,,60,semantic
21712,U+89A0,覠,0,,60,semantic
21713,U+89A1,覡,58,,60,semantic
21714,U+89A2,覢,0,,60,semantic
21715,U+89A3,覣,0,,60,semantic
21716,U+89A4,覤,0,,60,semantic
21717,U+89A5,覥,15,,60,semantic
21718,U+89A6,覦,18,,60,semantic
21719,U+89A7,覧,7,,60,semantic
21720,U+89A8,覨,0,,60,semantic
21721,U+89A9,覩,7,,60,semantic
21722,U+89AA,親,57,,60,semantic
21723,U+89AB,覫,0,,60,semantic
21724,U+89AC,覬,33,,60,semantic
21725,U+89AD,覭,0,,60,semantic
21726,U+89AE,覮,0,,60,semantic
21727,U+89AF,覯,7,,60,semantic
21728,U+89B0,覰,7,,60,semantic
21729,U+89B1,覱,0,,60,semantic
21730,U+89B2,覲,12,,60,semantic
21731,U+89B3,観,7,,60,semantic
21732,U+89B4,覴,0,,60,semantic
21733,U+89B5,覵,7,,60,semantic
21734,U+89B6,覶,20,,60,semantic
21735,U+89B7,覷,7,,60,semantic
21736,U+89B8,覸,7,,60,semantic
21737,U+89B9,覹,0,,60,semantic
21738,U+89BA,覺,36,,60,semantic
21739,U+89BB,覻,7,,60,semantic
21740,U+89BC,覼,47,,60,semantic
21741,U+89BD,覽,7,,60,semantic
21742,U+89BE,覾,0,,60,semantic
21743,U+89BF,覿,7,,60,semantic
21744,U+89C0,觀,7,,60,semantic
21745,U+89C2,观,7,,60,semantic
21746,U+89C3,觃,32,,60,semantic
21747,U+89C4,规,47,,60,semantic
21748,U+89C5,觅,7,,60,semantic
21749,U+89C6,视,7,,60,semantic
21750,U+89C7,觇,7,,60,semantic
21751,U+89C8,览,7,,60,semantic
21752,U+89C9,觉,36,,60,semantic
21753,U+89CA,觊,33,,60,semantic
21754,U+89CB,觋,58,,60,semantic
21755,U+89CC,觌,7,,60,semantic
21756,U+89CD,觍,15,,60,semantic
21757,U+89CE,觎,18,,60,semantic
21758,U+89CF,觏,7,,60,semantic
21759,U+89D0,觐,12,,60,semantic
21760,U+89D1,觑,7,,60,semantic
21761,U+89D2,角,30,,60,semantic
21762,U+89D3,觓,0,,60,semantic
21763,U+89D4,觔,53,,60,semantic
21764,U+89D5,觕,45,,60,semantic
21765,U+89D6,觖,20,,60,semantic
21766,U+89D7,觗,0,,60,semantic
21767,U+89D8,觘,0,,60,semantic
21768,U+89D9,觙,0,,60,semantic
21769,U+89DA,觚,24,,60,semantic
21770,U+89DB,觛,0,,60,semantic
21771,U+89DC,觜,58,,60,semantic
21772,U+89DD,觝,51,,60,semantic
21773,U+89DE,觞,24,,60,semantic
21774,U+89DF,觟,0,,60,semantic
21775,U+89E0,觠,0,,60,semantic
21776,U+89E1,觡,58,,60,semantic
21777,U+89E2,觢,0,,60,semantic
21778,U+89E3,解,34,,60,semantic
21779,U+89E4,觤,0,,60,semantic
21780,U+89E5,觥,26,,60,semantic
21781,U+89E6,触,51,,60,semantic
21782,U+89E7,觧,34,,60,semantic
21783,U+89E8,觨,0,,60,semantic
21784,U+89E9,觩,18,,60,semantic
21785,U+89EA,觪,0,,60,semantic
21786,U+89EB,觫,36,,60,semantic
21787,U+89EC,觬,0,,60,semantic
21788,U+89ED,觭,5,,60,semantic
21789,U+89EE,觮,0,,60,semantic
21790,U+89EF,觯,24,,60,semantic
21791,U+89F0,觰,0,,60,semantic
21792,U+89F1,觱,16,,60,semantic
21793,U+89F2,觲,0,,60,semantic
21794,U+89F3,觳,47,,60,semantic
21795,U+89F4,觴,24,,60,semantic
21796,U+89F5,觵,26,,60,semantic
21797,U+89F6,觶,24,,60,semantic
21798,U+89F7,觷,2,,60,semantic
21799,U+89F8,觸,51,,60,semantic
21800,U+89F9,觹,0,,60,semantic
21801,U+89FA,觺,0,,60,semantic
21802,U+89FB,觻,0,,60,semantic
21803,U+89FC,觼,46,,60,semantic
21804,U+89FD,觽,0,,60,semantic
21805,U+89FE,觾,0,,60,semantic
21806,U+89FF,觿,53,,60,semantic
21807,U+8A00,言,30,,60,semantic
21808,U+8A02,訂,33,,60,semantic
21809,U+8A03,訃,15,,60,semantic
21810,U+8A04,訄,20,,60,semantic
21811,U+8A05,訅,0,,60,semantic
21812,U+8A06,訆,0,,60,semantic
21813,U+8A07,訇,8,,60,semantic
21814,U+8A08,計,47,,60,semantic
21815,U+8A09,訉,0,,60,semantic
21816,U+8A0A,訊,33,,60,semantic
21817,U+8A0B,訋,0,,60,semantic
21818,U+8A0C,訌,15,,60,semantic
21819,U+8A0D,訍,0,,60,semantic
21820,U+8A0E,討,20,,60,semantic
21821,U+8A0F,訏,18,,60,semantic
21822,U+8A10,訐,33,,60,semantic
21823,U+8A11,訑,42,,60,semantic
21824,U+8A12,訒,36,,60,semantic
21825,U+8A13,訓,33,,60,semantic
21826,U+8A14,訔,0,,60,semantic
21827,U+8A15,訕,42,,60,semantic
21828,U+8A16,訖,5,,60,semantic
21829,U+8A17,託,33,,60,semantic
21830,U+8A18,記,47,,60,semantic
21831,U+8A19,訙,0,,60,semantic
21832,U+8A1A,訚,20,,60,semantic
21833,U+8A1B,訛,42,,60,semantic
21834,U+8A1C,訜,0,,60,semantic
21835,U+8A1D,訝,36,,60,semantic
21836,U+8A1E,訞,0,,60,semantic
21837,U+8A1F,訟,42,,60,semantic
21838,U+8A20,訠,17,,60,semantic
21839,U+8A21,訡,8,,60,semantic
21840,U+8A22,訢,28,,60,semantic
21841,U+8A23,訣,5,,60,semantic
21842,U+8A24,訤,0,,60,semantic
21843,U+8A25,訥,8,,60,semantic
21844,U+8A26,訦,28,,60,semantic
21845,U+8A27,訧,42,,60,semantic
21846,U+8A28,訨,0,,60,semantic
21847,U+8A29,訩,36,,60,semantic
21848,U+8A2A,訪,33,,60,semantic
21849,U+8A2B,訫,0,,60,semantic
21850,U+8A2C,訬,42,,60,semantic
21851,U+8A2D,設,47,,60,semantic
21852,U+8A2E,訮,0,,60,semantic
21853,U+8A2F,訯,0,,60,semantic
21854,U+8A30,訰,0,,60,semantic
21855,U+8A31,許,33,,60,semantic
21856,U+8A32,訲,0,,60,semantic
21857,U+8A33,訳,33,,60,semantic
21858,U+8A34,訴,42,,60,semantic
21859,U+8A35,訵,0,,60,semantic
21860,U+8A36,訶,42,,60,semantic
21861,U+8A37,訷,0,,60,semantic
21862,U+8A38,訸,0,,60,semantic
21863,U+8A39,訹,42,,60,semantic
21864,U+8A3A,診,33,,60,semantic
21865,U+8A3B,註,47,,60,semantic
21866,U+8A3C,証,47,,60,semantic
21867,U+8A3D,訽,42,,60,semantic
21868,U+8A3E,訾,42,,60,semantic
21869,U+8A3F,訿,0,,60,semantic
21870,U+8A40,詀,8,,60,semantic
21871,U+8A41,詁,47,,60,semantic
21872,U+8A42,詂,0,,60,semantic
21873,U+8A43,詃,0,,60,semantic
21874,U+8A44,詄,0,,60,semantic
21875,U+8A45,詅,29,,60,semantic
21876,U+8A46,詆,42,,60,semantic
21877,U+8A47,詇,0,,60,semantic
21878,U+8A48,詈,42,,60,semantic
21879,U+8A49,詉,8,,60,semantic
21880,U+8A4A,詊,0,,60,semantic
21881,U+8A4B,詋,42,,60,semantic
21882,U+8A4C,詌,0,,60,semantic
21883,U+8A4D,詍,0,,60,semantic
21884,U+8A4E,詎,36,,60,semantic
21885,U+8A4F,詏,1,,60,semantic
21886,U+8A50,詐,42,,60,semantic
21887,U+8A51,詑,42,,60,semantic
21888,U+8A52,詒,57,,60,semantic
21889,U+8A53,詓,0,,60,semantic
21890,U+8A54,詔,33,,60,semantic
21891,U+8A55,評,33,,60,semantic
21892,U+8A56,詖,42,,60,semantic
21893,U+8A57,詗,20,,60,semantic
21894,U+8A58,詘,51,,60,semantic
21895,U+8A59,詙,0,,60,semantic
21896,U+8A5A,詚,0,,60,semantic
21897,U+8A5B,詛,42,,60,semantic
21898,U+8A5C,詜,0,,60,semantic
21899,U+8A5D,詝,0,,60,semantic
21900,U+8A5E,詞,33,,60,semantic
21901,U+8A5F,詟,36,,60,semantic
21902,U+8A60,詠,8,,60,semantic
21903,U+8A61,詡,18,,60,semantic
21904,U+8A62,詢,33,,60,semantic
21905,U+8A63,詣,20,,60,semantic
21906,U+8A64,詤,42,,60,semantic
21907,U+8A65,詥,0,,60,semantic
21908,U+8A66,試,33,,60,semantic
21909,U+8A67,詧,20,,60,semantic
21910,U+8A68,詨,38,,60,semantic
21911,U+8A69,詩,12,,60,semantic
21912,U+8A6A,詪,8,,60,semantic
21913,U+8A6B,詫,36,,60,semantic
21914,U+8A6C,詬,42,,60,semantic
21915,U+8A6D,詭,42,,60,semantic
21916,U+8A6E,詮,33,,60,semantic
21917,U+8A6F,詯,0,,60,semantic
21918,U+8A70,詰,33,,60,semantic
21919,U+8A71,話,8,,60,semantic
21920,U+8A72,該,33,,60,semantic
21921,U+8A73,詳,47,,60,semantic
21922,U+8A74,詴,0,,60,semantic
21923,U+8A75,詵,47,,60,semantic
21924,U+8A76,詶,0,,60,semantic
21925,U+8A77,詷,0,,60,semantic
21926,U+8A78,詸,47,,60,semantic
21927,U+8A79,詹,32,,60,semantic
21928,U+8A7A,詺,0,,60,semantic
21929,U+8A7B,詻,47,,60,semantic
21930,U+8A7C,詼,42,,60,semantic
21931,U+8A7D,詽,0,,60,semantic
21932,U+8A7E,詾,36,,60,semantic
21933,U+8A7F,詿,42,,60,semantic
21934,U+8A80,誀,0,,60,semantic
21935,U+8A81,誁,0,,60,semantic
21936,U+8A82,誂,53,,60,semantic
21937,U+8A83,誃,47,,60,semantic
21938,U+8A84,誄,29,,60,semantic
21939,U+8A85,誅,1,,60,semantic
21940,U+8A86,誆,42,,60,semantic
21941,U+8A87,誇,36,,60,semantic
21942,U+8A88,誈,0,,60,semantic
21943,U+8A89,誉,28,,60,semantic
21944,U+8A8A,誊,47,,60,semantic
21945,U+8A8B,誋,0,,60,semantic
21946,U+8A8C,誌,33,,60,semantic
21947,U+8A8D,認,33,,60,semantic
21948,U+8A8E,誎,0,,60,semantic
21949,U+8A8F,誏,0,,60,semantic
21950,U+8A90,誐,20,,60,semantic
21951,U+8A91,誑,42,,60,semantic
21952,U+8A92,誒,36,,60,semantic
21953,U+8A93,誓,33,,60,semantic
21954,U+8A94,誔,0,,60,semantic
21955,U+8A95,誕,57,,60,semantic
21956,U+8A96,誖,42,,60,semantic
21957,U+8A97,誗,0,,60,semantic
21958,U+8A98,誘,33,,60,semantic
21959,U+8A99,誙,0,,60,semantic
21960,U+8A9A,誚,42,,60,semantic
21961,U+8A9B,誛,0,,60,semantic
21962,U+8A9C,誜,0,,60,semantic
21963,U+8A9D,誝,0,,60,semantic
21964,U+8A9E,語,33,,60,semantic
21965,U+8A9F,誟,0,,60,semantic
21966,U+8AA0,誠,28,,60,semantic
21967,U+8AA1,誡,36,,60,semantic
21968,U+8AA2,誢,0,,60,semantic
21969,U+8AA3,誣,42,,60,semantic
21970,U+8AA4,誤,5,,60,semantic
21971,U+8AA5,誥,33,,60,semantic
21972,U+8AA6,誦,8,,60,semantic
21973,U+8AA7,誧,18,,60,semantic
21974,U+8AA8,誨,33,,60,semantic
21975,U+8AA9,誩,1,,60,semantic
21976,U+8AAA,說,8,,60,semantic
21977,U+8AAB,誫,0,,60,semantic
21978,U+8AAC,説,8,,60,semantic
21979,U+8AAD,読,33,,60,semantic
21980,U+8AAE,誮,0,,60,semantic
21981,U+8AAF,誯,0,,60,semantic
21982,U+8AB0,誰,57,,60,semantic
21983,U+8AB1,誱,0,,60,semantic
21984,U+8AB2,課,33,,60,semantic
21985,U+8AB3,誳,0,,60,semantic
21986,U+8AB4,誴,0,,60,semantic
21987,U+8AB5,誵,0,,60,semantic
21988,U+8AB6,誶,42,,60,semantic
21989,U+8AB7,誷,0,,60,semantic
21990,U+8AB8,誸,0,,60,semantic
21991,U+8AB9,誹,42,,60,semantic
21992,U+8ABA,誺,0,,60,semantic
21993,U+8ABB,誻,0,,60,semantic
21994,U+8ABC,誼,28,,60,semantic
21995,U+8ABD,誽,0,,60,semantic
21996,U+8ABE,誾,20,,60,semantic
21997,U+8ABF,調,13,,60,semantic
21998,U+8AC0,諀,0,,60,semantic
21999,U+8AC1,諁,8,,60,semantic
22000,U+8AC2,諂,45,,60,semantic
22001,U+8AC3,諃,0,,60,semantic
22002,U+8AC4,諄,28,,60,semantic
22003,U+8AC5,諅,0,,60,semantic
22004,U+8AC6,諆,42,,60,semantic
22005,U+8AC7,談,32,,60,semantic
22006,U+8AC8,諈,0,,60,semantic
22007,U+8AC9,諉,42,,60,semantic
22008,U+8ACA,諊,20,,60,semantic
22009,U+8ACB,請,33,,60,semantic
22010,U+8ACC,諌,42,,60,semantic
22011,U+8ACD,諍,5,,60,semantic
22012,U+8ACE,諎,0,,60,semantic
22013,U+8ACF,諏,33,,60,semantic
22014,U+8AD0,諐,42,,60,semantic
22015,U+8AD1,諑,42,,60,semantic
22016,U+8AD2,諒,42,,60,semantic
22017,U+8AD3,諓,45,,60,semantic
22018,U+8AD4,諔,0,,60,semantic
22019,U+8AD5,諕,42,,60,semantic
22020,U+8AD6,論,33,,60,semantic
22021,U+8AD7,諗,33,,60,semantic
22022,U+8AD8,諘,0,,60,semantic
22023,U+8AD9,諙,0,,60,semantic
22024,U+8ADA,諚,47,,60,semantic
22025,U+8ADB,諛,45,,60,semantic
22026,U+8ADC,諜,42,,60,semantic
22027,U+8ADD,諝,42,,60,semantic
22028,U+8ADE,諞,17,,60,semantic
22029,U+8ADF,諟,7,,60,semantic
22030,U+8AE0,諠,8,,60,semantic
22031,U+8AE1,諡,32,,60,semantic
22032,U+8AE2,諢,42,,60,semantic
22033,U+8AE3,諣,0,,60,semantic
22034,U+8AE4,諤,8,,60,semantic
22035,U+8AE5,諥,0,,60,semantic
22036,U+8AE6,諦,36,,60,semantic
22037,U+8AE7,諧,28,,60,semantic
22038,U+8AE8,諨,0,,60,semantic
22039,U+8AE9,諩,0,,60,semantic
22040,U+8AEA,諪,0,,60,semantic
22041,U+8AEB,諫,42,,60,semantic
22042,U+8AEC,諬,20,,60,semantic
22043,U+8AED,諭,33,,60,semantic
22044,U+8AEE,諮,33,,60,semantic
22045,U+8AEF,諯,0,,60,semantic
22046,U+8AF0,諰,36,,60,semantic
22047,U+8AF1,諱,34,,60,semantic
22048,U+8AF2,諲,0,,60,semantic
22049,U+8AF3,諳,33,,60,semantic
22050,U+8AF4,諴,28,,60,semantic
22051,U+8AF5,諵,8,,60,semantic
22052,U+8AF6,諶,28,,60,semantic
22053,U+8AF7,諷,33,,60,semantic
22054,U+8AF8,諸,47,,60,semantic
22055,U+8AF9,諹,0,,60,semantic
22056,U+8AFA,諺,33,,60,semantic
22057,U+8AFB,諻,0,,60,semantic
22058,U+8AFC,諼,42,,60,semantic
22059,U+8AFD,諽,0,,60,semantic
22060,U+8AFE,諾,33,,60,semantic
22061,U+8AFF,諿,0,,60,semantic
22062,U+8B00,謀,33,,60,semantic
22063,U+8B01,謁,29,,60,semantic
22064,U+8B02,謂,33,,60,semantic
22065,U+8B03,謃,0,,60,semantic
22066,U+8B04,謄,33,,60,semantic
22067,U+8B05,謅,33,,60,semantic
22068,U+8B06,謆,53,,60,semantic
22069,U+8B07,謇,36,,60,semantic
22070,U+8B08,謈,0,,60,semantic
22071,U+8B09,謉,0,,60,semantic
22072,U+8B0A,謊,42,,60,semantic
22073,U+8B0B,謋,8,,60,semantic
22074,U+8B0C,謌,8,,60,semantic
22075,U+8B0D,謍,0,,60,semantic
22076,U+8B0E,謎,33,,60,semantic
22077,U+8B0F,謏,20,,60,semantic
22078,U+8B10,謐,34,,60,semantic
22079,U+8B11,謑,15,,60,semantic
22080,U+8B12,謒,0,,60,semantic
22081,U+8B13,謓,0,,60,semantic
22082,U+8B14,謔,53,,60,semantic
22083,U+8B15,謕,0,,60,semantic
22084,U+8B16,謖,13,,60,semantic
22085,U+8B17,謗,42,,60,semantic
22086,U+8B18,謘,0,,60,semantic
22087,U+8B19,謙,45,,60,semantic
22088,U+8B1A,謚,12,,60,semantic
22089,U+8B1B,講,33,,60,semantic
22090,U+8B1C,謜,0,,60,semantic
22091,U+8B1D,謝,5,,60,semantic
22092,U+8B1E,謞,0,,60,semantic
22093,U+8B1F,謟,45,,60,semantic
22094,U+8B20,謠,8,,60,semantic
22095,U+8B21,謡,8,,60,semantic
22096,U+8B22,謢,0,,60,semantic
22097,U+8B23,謣,0,,60,semantic
22098,U+8B24,謤,0,,60,semantic
22099,U+8B25,謥,0,,60,semantic
22100,U+8B26,謦,34,,60,semantic
22101,U+8B27,謧,53,,60,semantic
22102,U+8B28,謨,47,,60,semantic
22103,U+8B29,謩,0,,60,semantic
22104,U+8B2A,謪,20,,60,semantic
22105,U+8B2B,謫,42,,60,semantic
22106,U+8B2C,謬,42,,60,semantic
22107,U+8B2D,謭,45,,60,semantic
22108,U+8B2E,謮,0,,60,semantic
22109,U+8B2F,謯,0,,60,semantic
22110,U+8B30,謰,0,,60,semantic
22111,U+8B31,謱,8,,60,semantic
22112,U+8B32,謲,0,,60,semantic
22113,U+8B33,謳,8,,60,semantic
22114,U+8B34,謴,0,,60,semantic
22115,U+8B35,謵,0,,60,semantic
22116,U+8B36,謶,0,,60,semantic
22117,U+8B37,謷,18,,60,semantic
22118,U+8B38,謸,0,,60,semantic
22119,U+8B39,謹,36,,60,semantic
22120,U+8B3A,謺,0,,60,semantic
22121,U+8B3B,謻,0,,60,semantic
22122,U+8B3C,謼,8,,60,semantic
22123,U+8B3D,謽,0,,60,semantic
22124,U+8B3E,謾,42,,60,semantic
22125,U+8B3F,謿,42,,60,semantic
22126,U+8B40,譀,0,,60,semantic
22127,U+8B41,譁,8,,60,semantic
22128,U+8B42,譂,0,,60,semantic
22129,U+8B43,譃,0,,60,semantic
22130,U+8B44,譄,0,,60,semantic
22131,U+8B45,譅,53,,60,semantic
22132,U+8B46,譆,8,,60,semantic
22133,U+8B47,譇,0,,60,semantic
22134,U+8B48,譈,15,,60,semantic
22135,U+8B49,證,33,,60,semantic
22136,U+8B4A,譊,1,,60,semantic
22137,U+8B4B,譋,0,,60,semantic
22138,U+8B4C,譌,47,,60,semantic
22139,U+8B4D,譍,47,,60,semantic
22140,U+8B4E,譎,42,,60,semantic
22141,U+8B4F,譏,42,,60,semantic
22142,U+8B50,譐,20,,60,semantic
22143,U+8B51,譑,0,,60,semantic
22144,U+8B52,譒,0,,60,semantic
22145,U+8B53,譓,0,,60,semantic
22146,U+8B54,譔,20,,60,semantic
22147,U+8B55,譕,0,,60,semantic
22148,U+8B56,譖,42,,60,semantic
22149,U+8B57,譗,0,,60,semantic
22150,U+8B58,識,33,,60,semantic
22151,U+8B59,譙,22,,60,semantic
22152,U+8B5A,譚,32,,60,semantic
22153,U+8B5B,譛,42,,60,semantic
22154,U+8B5C,譜,47,,60,semantic
22155,U+8B5D,譝,0,,60,semantic
22156,U+8B5E,譞,33,,60,semantic
22157,U+8B5F,譟,8,,60,semantic
22158,U+8B60,譠,0,,60,semantic
22159,U+8B61,譡,0,,60,semantic
22160,U+8B62,譢,0,,60,semantic
22161,U+8B63,譣,0,,60,semantic
22162,U+8B64,譤,0,,60,semantic
22163,U+8B65,譥,0,,60,semantic
22164,U+8B66,警,36,,60,semantic
22165,U+8B67,譧,0,,60,semantic
22166,U+8B68,譨,0,,60,semantic
22167,U+8B69,譩,0,,60,semantic
22168,U+8B6A,譪,0,,60,semantic
22169,U+8B6B,譫,8,,60,semantic
22170,U+8B6C,譬,33,,60,semantic
22171,U+8B6D,譭,42,,60,semantic
22172,U+8B6E,譮,0,,60,semantic
22173,U+8B6F,譯,33,,60,semantic
22174,U+8B70,議,33,,60,semantic
22175,U+8B71,譱,0,,60,semantic
22176,U+8B72,譲,47,,60,semantic
22177,U+8B73,譳,0,,60,semantic
22178,U+8B74,譴,42,,60,semantic
22179,U+8B75,譵,0,,60,semantic
22180,U+8B76,譶,0,,60,semantic
22181,U+8B77,護,9,,60,semantic
22182,U+8B78,譸,42,,60,semantic
22183,U+8B79,譹,8,,60,semantic
22184,U+8B7A,譺,0,,60,semantic
22185,U+8B7B,譻,0,,60,semantic
22186,U+8B7C,譼,20,,60,semantic
22187,U+8B7D,譽,28,,60,semantic
22188,U+8B7E,譾,45,,60,semantic
22189,U+8B7F,譿,0,,60,semantic
22190,U+8B80,讀,33,,60,semantic
22191,U+8B81,讁,42,,60,semantic
22192,U+8B82,讂,0,,60,semantic
22193,U+8B83,讃,28,,60,semantic
22194,U+8B84,讄,0,,60,semantic
22195,U+8B85,讅,47,,60,semantic
22196,U+8B86,讆,18,,60,semantic
22197,U+8B87,讇,45,,60,semantic
22198,U+8B88,讈,0,,60,semantic
22199,U+8B89,讉,0,,60,semantic
22200,U+8B8A,變,42,,60,semantic
22201,U+8B8B,讋,36,,60,semantic
22202,U+8B8C,讌,54,,60,semantic
22203,U+8B8D,讍,8,,60,semantic
22204,U+8B8E,讎,42,,60,semantic
22205,U+8B8F,讏,0,,60,semantic
22206,U+8B90,讐,42,,60,semantic
22207,U+8B91,讑,0,,60,semantic
22208,U+8B92,讒,42,,60,semantic
22209,U+8B93,讓,33,,60,semantic
22210,U+8B94,讔,0,,60,semantic
22211,U+8B95,讕,42,,60,semantic
22212,U+8B96,讖,47,,60,semantic
22213,U+8B97,讗,0,,60,semantic
22214,U+8B98,讘,8,,60,semantic
22215,U+8B99,讙,8,,60,semantic
22216,U+8B9A,讚,28,,60,semantic
22217,U+8B9B,讛,8,,60,semantic
22218,U+8B9C,讜,20,,60,semantic
22219,U+8B9D,讝,0,,60,semantic
22220,U+8B9E,讞,33,,60,semantic
22221,U+8B9F,讟,42,,60,semantic
22222,U+8BA0,讠,30,,60,semantic
22223,U+8BA1,计,33,,60,semantic
22224,U+8BA2,订,33,,60,semantic
22225,U+8BA3,讣,15,,60,semantic
22226,U+8BA4,认,47,,60,semantic
22227,U+8BA5,讥,42,,60,semantic
22228,U+8BA6,讦,34,,60,semantic
22229,U+8BA7,讧,15,,60,semantic
22230,U+8BA8,讨,33,,60,semantic
22231,U+8BA9,让,47,,60,semantic
22232,U+8BAA,讪,42,,60,semantic
22233,U+8BAB,讫,5,,60,semantic
22234,U+8BAC,讬,33,,60,semantic
22235,U+8BAD,训,33,,60,semantic
22236,U+8BAE,议,20,,60,semantic
22237,U+8BAF,讯,33,,60,semantic
22238,U+8BB0,记,33,,60,semantic
22239,U+8BB1,讱,36,,60,semantic
22240,U+8BB2,讲,33,,60,semantic
22241,U+8BB3,讳,34,,60,semantic
22242,U+8BB4,讴,8,,60,semantic
22243,U+8BB5,讵,36,,60,semantic
22244,U+8BB6,讶,36,,60,semantic
22245,U+8BB7,讷,8,,60,semantic
22246,U+8BB8,许,33,,60,semantic
22247,U+8BB9,讹,42,,60,semantic
22248,U+8BBA,论,33,,60,semantic
22249,U+8BBB,讻,36,,60,semantic
22250,U+8BBC,讼,42,,60,semantic
22251,U+8BBD,讽,33,,60,semantic
22252,U+8BBE,设,33,,60,semantic
22253,U+8BBF,访,7,,60,semantic
22254,U+8BC0,诀,5,,60,semantic
22255,U+8BC1,证,33,,60,semantic
22256,U+8BC2,诂,47,,60,semantic
22257,U+8BC3,诃,42,,60,semantic
22258,U+8BC4,评,33,,60,semantic
22259,U+8BC5,诅,42,,60,semantic
22260,U+8BC6,识,47,,60,semantic
22261,U+8BC7,诇,20,,60,semantic
22262,U+8BC8,诈,42,,60,semantic
22263,U+8BC9,诉,33,,60,semantic
22264,U+8BCA,诊,33,,60,semantic
22265,U+8BCB,诋,42,,60,semantic
22266,U+8BCC,诌,8,,60,semantic
22267,U+8BCD,词,33,,60,semantic
22268,U+8BCE,诎,51,,60,semantic
22269,U+8BCF,诏,12,,60,semantic
22270,U+8BD0,诐,42,,60,semantic
22271,U+8BD1,译,33,,60,semantic
22272,U+8BD2,诒,57,,60,semantic
22273,U+8BD3,诓,42,,60,semantic
22274,U+8BD4,诔,29,,60,semantic
22275,U+8BD5,试,33,,60,semantic
22276,U+8BD6,诖,42,,60,semantic
22277,U+8BD7,诗,12,,60,semantic
22278,U+8BD8,诘,47,,60,semantic
22279,U+8BD9,诙,42,,60,semantic
22280,U+8BDA,诚,28,,60,semantic
22281,U+8BDB,诛,5,,60,semantic
22282,U+8BDC,诜,47,,60,semantic
22283,U+8BDD,话,8,,60,semantic
22284,U+8BDE,诞,57,,60,semantic
22285,U+8BDF,诟,42,,60,semantic
22286,U+8BE0,诠,47,,60,semantic
22287,U+8BE1,诡,42,,60,semantic
22288,U+8BE2,询,20,,60,semantic
22289,U+8BE3,诣,13,,60,semantic
22290,U+8BE4,诤,5,,60,semantic
22291,U+8BE5,该,20,,60,semantic
22292,U+8BE6,详,33,,60,semantic
22293,U+8BE7,诧,36,,60,semantic
22294,U+8BE8,诨,42,,60,semantic
22295,U+8BE9,诩,18,,60,semantic
22296,U+8BEA,诪,42,,60,semantic
22297,U+8BEB,诫,36,,60,semantic
22298,U+8BEC,诬,42,,60,semantic
22299,U+8BED,语,47,,60,semantic
22300,U+8BEE,诮,42,,60,semantic
22301,U+8BEF,误,5,,60,semantic
22302,U+8BF0,诰,20,,60,semantic
22303,U+8BF1,诱,33,,60,semantic
22304,U+8BF2,诲,33,,60,semantic
22305,U+8BF3,诳,42,,60,semantic
22306,U+8BF4,说,20,,60,semantic
22307,U+8BF5,诵,8,,60,semantic
22308,U+8BF6,诶,36,,60,semantic
22309,U+8BF7,请,33,,60,semantic
22310,U+8BF8,诸,32,,60,semantic
22311,U+8BF9,诹,20,,60,semantic
22312,U+8BFA,诺,33,,60,semantic
22313,U+8BFB,读,33,,60,semantic
22314,U+8BFC,诼,42,,60,semantic
22315,U+8BFD,诽,42,,60,semantic
22316,U+8BFE,课,33,,60,semantic
22317,U+8BFF,诿,42,,60,semantic
22318,U+8C00,谀,45,,60,semantic
22319,U+8C01,谁,57,,60,semantic
22320,U+8C02,谂,20,,60,semantic
22321,U+8C03,调,31,,60,semantic
22322,U+8C04,谄,45,,60,semantic
22323,U+8C05,谅,42,,60,semantic
22324,U+8C06,谆,33,,60,semantic
22325,U+8C07,谇,42,,60,semantic
22326,U+8C08,谈,32,,60,semantic
22327,U+8C09,谉,47,,60,semantic
22328,U+8C0A,谊,28,,60,semantic
22329,U+8C0B,谋,33,,60,semantic
22330,U+8C0C,谌,28,,60,semantic
22331,U+8C0D,谍,33,,60,semantic
22332,U+8C0E,谎,42,,60,semantic
22333,U+8C0F,谏,42,,60,semantic
22334,U+8C10,谐,8,,60,semantic
22335,U+8C11,谑,33,,60,semantic
22336,U+8C12,谒,29,,60,semantic
22337,U+8C13,谓,33,,60,semantic
22338,U+8C14,谔,33,,60,semantic
22339,U+8C15,谕,33,,60,semantic
22340,U+8C16,谖,42,,60,semantic
22341,U+8C17,谗,42,,60,semantic
22342,U+8C18,谘,33,,60,semantic
22343,U+8C19,谙,33,,60,semantic
22344,U+8C1A,谚,33,,60,semantic
22345,U+8C1B,谛,36,,60,semantic
22346,U+8C1C,谜,33,,60,semantic
22347,U+8C1D,谝,17,,60,semantic
22348,U+8C1E,谞,42,,60,semantic
22349,U+8C1F,谟,33,,60,semantic
22350,U+8C20,谠,20,,60,semantic
22351,U+8C21,谡,13,,60,semantic
22352,U+8C22,谢,5,,60,semantic
22353,U+8C23,谣,8,,60,semantic
22354,U+8C24,谤,42,,60,semantic
22355,U+8C25,谥,12,,60,semantic
22356,U+8C26,谦,45,,60,semantic
22357,U+8C27,谧,36,,60,semantic
22358,U+8C28,谨,36,,60,semantic
22359,U+8C29,谩,42,,60,semantic
22360,U+8C2A,谪,42,,60,semantic
22361,U+8C2B,谫,45,,60,semantic
22362,U+8C2C,谬,36,,60,semantic
22363,U+8C2D,谭,32,,60,semantic
22364,U+8C2E,谮,42,,60,semantic
22365,U+8C2F,谯,22,,60,semantic
22366,U+8C30,谰,42,,60,semantic
22367,U+8C31,谱,33,,60,semantic
22368,U+8C32,谲,42,,60,semantic
22369,U+8C33,谳,20,,60,semantic
22370,U+8C34,谴,42,,60,semantic
22371,U+8C35,谵,8,,60,semantic
22372,U+8C36,谶,36,,60,semantic
22373,U+8C37,谷,30,,60,semantic
22374,U+8C38,谸,0,,60,semantic
22375,U+8C39,谹,0,,60,semantic
22376,U+8C3A,谺,17,,60,semantic
22377,U+8C3B,谻,0,,60,semantic
22378,U+8C3C,谼,0,,60,semantic
22379,U+8C3D,谽,17,,60,semantic
22380,U+8C3E,谾,0,,60,semantic
22381,U+8C3F,谿,10,,60,semantic
22382,U+8C40,豀,42,,60,semantic
22383,U+8C41,豁,33,,60,semantic
22384,U+8C42,豂,0,,60,semantic
22385,U+8C43,豃,0,,60,semantic
22386,U+8C44,豄,0,,60,semantic
22387,U+8C45,豅,0,,60,semantic
22388,U+8C46,豆,30,,60,semantic
22389,U+8C47,豇,48,,60,semantic
22390,U+8C48,豈,47,,60,semantic
22391,U+8C49,豉,48,,60,semantic
22392,U+8C4A,豊,18,,60,semantic
22393,U+8C4B,豋,55,,60,semantic
22394,U+8C4C,豌,48,,60,semantic
22395,U+8C4D,豍,0,,60,semantic
22396,U+8C4E,豎,51,,60,semantic
22397,U+8C4F,豏,48,,60,semantic
22398,U+8C50,豐,18,,60,semantic
22399,U+8C51,豑,0,,60,semantic
22400,U+8C52,豒,0,,60,semantic
22401,U+8C53,豓,28,,60,semantic
22402,U+8C54,豔,28,,60,semantic
22403,U+8C55,豕,30,,60,semantic
22404,U+8C56,豖,19,,60,semantic
22405,U+8C57,豗,53,,60,semantic
22406,U+8C58,豘,19,,60,semantic
22407,U+8C59,豙,0,,60,semantic
22408,U+8C5A,豚,19,,60,semantic
22409,U+8C5B,豛,0,,60,semantic
22410,U+8C5C,豜,19,,60,semantic
22411,U+8C5D,豝,19,,60,semantic
22412,U+8C5E,豞,0,,60,semantic
22413,U+8C5F,豟,0,,60,semantic
22414,U+8C60,豠,0,,60,semantic
22415,U+8C62,豢,19,,60,semantic
22416,U+8C63,豣,19,,60,semantic
22417,U+8C64,豤,0,,60,semantic
22418,U+8C65,豥,0,,60,semantic
22419,U+8C66,豦,19,,60,semantic
22420,U+8C67,豧,0,,60,semantic
22421,U+8C68,豨,19,,60,semantic
22422,U+8C69,豩,0,,60,semantic
22423,U+8C6A,豪,28,,60,semantic
22424,U+8C6B,豫,34,,60,semantic
22425,U+8C6C,豬,19,,60,semantic
22426,U+8C6D,豭,19,,60,semantic
22427,U+8C6E,豮,19,,60,semantic
22428,U+8C6F,豯,0,,60,semantic
22429,U+8C70,豰,0,,60,semantic
22430,U+8C71,豱,0,,60,semantic
22431,U+8C72,豲,0,,60,semantic
22432,U+8C73,豳,43,,60,semantic
22433,U+8C74,豴,19,,60,semantic
22434,U+8C75,豵,19,,60,semantic
22435,U+8C76,豶,19,,60,semantic
22436,U+8C77,豷,32,,60,semantic
22437,U+8C78,豸,58,,60,semantic
22438,U+8C79,豹,58,,60,semantic
22439,U+8C7A,豺,19,,60,semantic
22440,U+8C7B,豻,19,,60,semantic
22441,U+8C7C,豼,19,,60,semantic
22442,U+8C7D,豽,0,,60,semantic
22443,U+8C7E,豾,0,,60,semantic
22444,U+8C7F,豿,0,,60,semantic
22445,U+8C80,貀,0,,60,semantic
22446,U+8C81,貁,0,,60,semantic
22447,U+8C82,貂,53,,60,semantic
22448,U+8C83,貃,0,,60,semantic
22449,U+8C84,貄,0,,60,semantic
22450,U+8C85,貅,28,,60,semantic
22451,U+8C86,貆,19,,60,semantic
22452,U+8C87,貇,53,,60,semantic
22453,U+8C88,貈,0,,60,semantic
22454,U+8C89,貉,19,,60,semantic
22455,U+8C8A,貊,43,,60,semantic
22456,U+8C8B,貋,0,,60,semantic
22457,U+8C8C,貌,28,,60,semantic
22458,U+8C8D,貍,58,,60,semantic
22459,U+8C8E,貎,19,,60,semantic
22460,U+8C8F,貏,0,,60,semantic
22461,U+8C90,貐,54,,60,semantic
22462,U+8C91,貑,0,,60,semantic
22463,U+8C92,貒,0,,60,semantic
22464,U+8C93,貓,19,,60,semantic
22465,U+8C94,貔,19,,60,semantic
22466,U+8C95,貕,0,,60,semantic
22467,U+8C96,貖,0,,60,semantic
22468,U+8C97,貗,0,,60,semantic
22469,U+8C98,貘,25,,60,semantic
22470,U+8C99,貙,19,,60,semantic
22471,U+8C9A,貚,0,,60,semantic
22472,U+8C9B,貛,19,,60,semantic
22473,U+8C9C,貜,58,,60,semantic
22474,U+8C9D,貝,30,,60,semantic
22475,U+8C9E,貞,28,,60,semantic
22476,U+8C9F,貟,57,,60,semantic
22477,U+8CA0,負,13,,60,semantic
22478,U+8CA1,財,29,,60,semantic
22479,U+8CA2,貢,29,,60,semantic
22480,U+8CA3,貣,20,,60,semantic
22481,U+8CA4,貤,47,,60,semantic
22482,U+8CA5,貥,0,,60,semantic
22483,U+8CA6,貦,0,,60,semantic
22484,U+8CA7,貧,45,,60,semantic
22485,U+8CA8,貨,29,,60,semantic
22486,U+8CA9,販,33,,60,semantic
22487,U+8CAA,貪,29,,60,semantic
22488,U+8CAB,貫,47,,60,semantic
22489,U+8CAC,責,20,,60,semantic
22490,U+8CAD,貭,47,,60,semantic
22491,U+8CAE,貮,47,,60,semantic
22492,U+8CAF,貯,33,,60,semantic
22493,U+8CB0,貰,29,,60,semantic
22494,U+8CB1,貱,0,,60,semantic
22495,U+8CB2,貲,29,,60,semantic
22496,U+8CB3,貳,47,,60,semantic
22497,U+8CB4,貴,29,,60,semantic
22498,U+8CB5,貵,0,,60,semantic
22499,U+8CB6,貶,5,,60,semantic
22500,U+8CB7,買,29,,60,semantic
22501,U+8CB8,貸,29,,60,semantic
22502,U+8CB9,貹,0,,60,semantic
22503,U+8CBA,貺,29,,60,semantic
22504,U+8CBB,費,29,,60,semantic
22505,U+8CBC,貼,52,,60,semantic
22506,U+8CBD,貽,29,,60,semantic
22507,U+8CBE,貾,0,,60,semantic
22508,U+8CBF,貿,33,,60,semantic
22509,U+8CC0,賀,29,,60,semantic
22510,U+8CC1,賁,2,,60,semantic
22511,U+8CC2,賂,29,,60,semantic
22512,U+8CC3,賃,33,,60,semantic
22513,U+8CC4,賄,29,,60,semantic
22514,U+8CC5,賅,33,,60,semantic
22515,U+8CC6,賆,0,,60,semantic
22516,U+8CC7,資,29,,60,semantic
22517,U+8CC8,賈,32,,60,semantic
22518,U+8CC9,賉,47,,60,semantic
22519,U+8CCA,賊,42,,60,semantic
22520,U+8CCB,賋,0,,60,semantic
22521,U+8CCC,賌,0,,60,semantic
22522,U+8CCD,賍,29,,60,semantic
22523,U+8CCE,賎,45,,60,semantic
22524,U+8CCF,賏,46,,60,semantic
22525,U+8CD0,賐,0,,60,semantic
22526,U+8CD1,賑,29,,60,semantic
22527,U+8CD2,賒,29,,60,semantic
22528,U+8CD3,賓,33,,60,semantic
22529,U+8CD4,賔,29,,60,semantic
22530,U+8CD5,賕,29,,60,semantic
22531,U+8CD6,賖,0,,60,semantic
22532,U+8CD7,賗,0,,60,semantic
22533,U+8CD8,賘,0,,60,semantic
22534,U+8CD9,賙,29,,60,semantic
22535,U+8CDA,賚,29,,60,semantic
22536,U+8CDB,賛,33,,60,semantic
22537,U+8CDC,賜,29,,60,semantic
22538,U+8CDD,賝,28,,60,semantic
22539,U+8CDE,賞,29,,60,semantic
22540,U+8CDF,賟,0,,60,semantic
22541,U+8CE0,賠,5,,60,semantic
22542,U+8CE1,賡,33,,60,semantic
22543,U+8CE2,賢,28,,60,semantic
22544,U+8CE3,賣,42,,60,semantic
22545,U+8CE4,賤,45,,60,semantic
22546,U+8CE5,賥,0,,60,semantic
22547,U+8CE6,賦,29,,60,semantic
22548,U+8CE7,賧,47,,60,semantic
22549,U+8CE8,賨,12,,60,semantic
22550,U+8CE9,賩,0,,60,semantic
22551,U+8CEA,質,28,,60,semantic
22552,U+8CEB,賫,34,,60,semantic
22553,U+8CEC,賬,29,,60,semantic
22554,U+8CED,賭,1,,60,semantic
22555,U+8CEE,賮,29,,60,semantic
22556,U+8CEF,賯,0,,60,semantic
22557,U+8CF0,賰,29,,60,semantic
22558,U+8CF1,賱,0,,60,semantic
22559,U+8CF2,賲,0,,60,semantic
22560,U+8CF3,賳,0,,60,semantic
22561,U+8CF4,賴,42,,60,semantic
22562,U+8CF5,賵,29,,60,semantic
22563,U+8CF6,賶,0,,60,semantic
22564,U+8CF7,賷,29,,60,semantic
22565,U+8CF8,賸,5,,60,semantic
22566,U+8CF9,賹,0,,60,semantic
22567,U+8CFA,賺,29,,60,semantic
22568,U+8CFB,賻,29,,60,semantic
22569,U+8CFC,購,47,,60,semantic
22570,U+8CFD,賽,33,,60,semantic
22571,U+8CFE,賾,18,,60,semantic
22572,U+8CFF,賿,0,,60,semantic
22573,U+8D00,贀,0,,60,semantic
22574,U+8D01,贁,42,,60,semantic
22575,U+8D02,贂,0,,60,semantic
22576,U+8D03,贃,20,,60,semantic
22577,U+8D04,贄,29,,60,semantic
22578,U+8D05,贅,45,,60,semantic
22579,U+8D06,贆,0,,60,semantic
22580,U+8D07,贇,28,,60,semantic
22581,U+8D08,贈,29,,60,semantic
22582,U+8D09,贉,29,,60,semantic
22583,U+8D0A,贊,29,,60,semantic
22584,U+8D0B,贋,42,,60,semantic
22585,U+8D0C,贌,0,,60,semantic
22586,U+8D0D,贍,29,,60,semantic
22587,U+8D0E,贎,0,,60,semantic
22588,U+8D0F,贏,29,,60,semantic
22589,U+8D10,贐,5,,60,semantic
22590,U+8D11,贑,43,,60,semantic
22591,U+8D12,贒,28,,60,semantic
22592,U+8D13,贓,29,,60,semantic
22593,U+8D14,贔,18,,60,semantic
22594,U+8D15,贕,0,,60,semantic
22595,U+8D16,贖,29,,60,semantic
22596,U+8D17,贗,42,,60,semantic
22597,U+8D18,贘,0,,60,semantic
22598,U+8D19,贙,0,,60,semantic
22599,U+8D1A,贚,0,,60,semantic
22600,U+8D1B,贛,43,,60,semantic
22601,U+8D1C,贜,29,,60,semantic
22602,U+8D1D,贝,29,,60,semantic
22603,U+8D1E,贞,28,,60,semantic
22604,U+8D1F,负,13,,60,semantic
22605,U+8D20,贠,57,,60,semantic
22606,U+8D21,贡,29,,60,semantic
22607,U+8D22,财,29,,60,semantic
22608,U+8D23,责,33,,60,semantic
22609,U+8D24,贤,28,,60,semantic
22610,U+8D25,败,5,,60,semantic
22611,U+8D26,账,29,,60,semantic
22612,U+8D27,货,29,,60,semantic
22613,U+8D28,质,33,,60,semantic
22614,U+8D29,贩,33,,60,semantic
22615,U+8D2A,贪,29,,60,semantic
22616,U+8D2B,贫,45,,60,semantic
22617,U+8D2C,贬,5,,60,semantic
22618,U+8D2D,购,29,,60,semantic
22619,U+8D2E,贮,33,,60,semantic
22620,U+8D2F,贯,46,,60,semantic
22621,U+8D30,贰,47,,60,semantic
22622,U+8D31,贱,45,,60,semantic
22623,U+8D32,贲,2,,60,semantic
22624,U+8D33,贳,29,,60,semantic
22625,U+8D34,贴,13,,60,semantic
22626,U+8D35,贵,29,,60,semantic
22627,U+8D36,贶,29,,60,semantic
22628,U+8D37,贷,29,,60,semantic
22629,U+8D38,贸,33,,60,semantic
22630,U+8D39,费,29,,60,semantic
22631,U+8D3A,贺,29,,60,semantic
22632,U+8D3B,贻,29,,60,semantic
22633,U+8D3C,贼,42,,60,semantic
22634,U+8D3D,贽,29,,60,semantic
22635,U+8D3E,贾,57,,60,semantic
22636,U+8D3F,贿,29,,60,semantic
22637,U+8D40,赀,29,,60,semantic
22638,U+8D41,赁,33,,60,semantic
22639,U+8D42,赂,29,,60,semantic
22640,U+8D43,赃,29,,60,semantic
22641,U+8D44,资,29,,60,semantic
22642,U+8D45,赅,33,,60,semantic
22643,U+8D46,赆,5,,60,semantic
22644,U+8D47,赇,29,,60,semantic
22645,U+8D48,赈,29,,60,semantic
22646,U+8D49,赉,32,,60,semantic
22647,U+8D4A,赊,29,,60,semantic
22648,U+8D4B,赋,29,,60,semantic
22649,U+8D4C,赌,1,,60,semantic
22650,U+8D4D,赍,34,,60,semantic
22651,U+8D4E,赎,29,,60,semantic
22652,U+8D4F,赏,29,,60,semantic
22653,U+8D50,赐,29,,60,semantic
22654,U+8D51,赑,18,,60,semantic
22655,U+8D52,赒,29,,60,semantic
22656,U+8D53,赓,33,,60,semantic
22657,U+8D54,赔,5,,60,semantic
22658,U+8D55,赕,47,,60,semantic
22659,U+8D56,赖,42,,60,semantic
22660,U+8D57,赗,29,,60,semantic
22661,U+8D58,赘,45,,60,semantic
22662,U+8D59,赙,29,,60,semantic
22663,U+8D5A,赚,29,,60,semantic
22664,U+8D5B,赛,33,,60,semantic
22665,U+8D5C,赜,18,,60,semantic
22666,U+8D5D,赝,42,,60,semantic
22667,U+8D5E,赞,29,,60,semantic
22668,U+8D5F,赟,28,,60,semantic
22669,U+8D60,赠,29,,60,semantic
22670,U+8D61,赡,29,,60,semantic
22671,U+8D62,赢,29,,60,semantic
22672,U+8D63,赣,43,,60,semantic
22673,U+8D64,赤,30,,60,semantic
22674,U+8D65,赥,0,,60,semantic
22675,U+8D66,赦,29,,60,semantic
22676,U+8D67,赧,50,,60,semantic
22677,U+8D68,赨,0,,60,semantic
22678,U+8D69,赩,0,,60,semantic
22679,U+8D6A,赪,34,,60,semantic
22680,U+8D6B,赫,50,,60,semantic
22681,U+8D6C,赬,34,,60,semantic
22682,U+8D6D,赭,6,,60,semantic
22683,U+8D6E,赮,0,,60,semantic
22684,U+8D6F,赯,50,,60,semantic
22685,U+8D70,走,30,,60,semantic
22686,U+8D71,赱,31,,60,semantic
22687,U+8D72,赲,0,,60,semantic
22688,U+8D73,赳,18,,60,semantic
22689,U+8D74,赴,20,,60,semantic
22690,U+8D75,赵,32,,60,semantic
22691,U+8D76,赶,31,,60,semantic
22692,U+8D77,起,13,,60,semantic
22693,U+8D78,赸,42,,60,semantic
22694,U+8D79,赹,0,,60,semantic
22695,U+8D7A,赺,0,,60,semantic
22696,U+8D7B,赻,0,,60,semantic
22697,U+8D7C,赼,0,,60,semantic
22698,U+8D7D,赽,0,,60,semantic
22699,U+8D7E,赾,0,,60,semantic
22700,U+8D7F,赿,45,,60,semantic
22701,U+8D80,趀,0,,60,semantic
22702,U+8D81,趁,20,,60,semantic
22703,U+8D82,趂,20,,60,semantic
22704,U+8D83,趃,0,,60,semantic
22705,U+8D84,趄,45,,60,semantic
22706,U+8D85,超,13,,60,semantic
22707,U+8D86,趆,0,,60,semantic
22708,U+8D87,趇,0,,60,semantic
22709,U+8D88,趈,0,,60,semantic
22710,U+8D89,趉,0,,60,semantic
22711,U+8D8A,越,18,,60,semantic
22712,U+8D8B,趋,31,,60,semantic
22713,U+8D8C,趌,20,,60,semantic
22714,U+8D8D,趍,0,,60,semantic
22715,U+8D8E,趎,0,,60,semantic
22716,U+8D8F,趏,0,,60,semantic
22717,U+8D90,趐,0,,60,semantic
22718,U+8D91,趑,31,,60,semantic
22719,U+8D92,趒,13,,60,semantic
22720,U+8D93,趓,0,,60,semantic
22721,U+8D94,趔,33,,60,semantic
22722,U+8D95,趕,31,,60,semantic
22723,U+8D96,趖,31,,60,semantic
22724,U+8D97,趗,0,,60,semantic
22725,U+8D98,趘,0,,60,semantic
22726,U+8D99,趙,43,,60,semantic
22727,U+8D9A,趚,0,,60,semantic
22728,U+8D9B,趛,0,,60,semantic
22729,U+8D9C,趜,23,,60,semantic
22730,U+8D9D,趝,31,,60,semantic
22731,U+8D9E,趞,0,,60,semantic
22732,U+8D9F,趟,31,,60,semantic
22733,U+8DA0,趠,0,,60,semantic
22734,U+8DA1,趡,32,,60,semantic
22735,U+8DA2,趢,0,,60,semantic
22736,U+8DA3,趣,7,,60,semantic
22737,U+8DA4,趤,0,,60,semantic
22738,U+8DA5,趥,0,,60,semantic
22739,U+8DA6,趦,31,,60,semantic
22740,U+8DA7,趧,0,,60,semantic
22741,U+8DA8,趨,31,,60,semantic
22742,U+8DA9,趩,0,,60,semantic
22743,U+8DAA,趪,0,,60,semantic
22744,U+8DAB,趫,53,,60,semantic
22745,U+8DAC,趬,0,,60,semantic
22746,U+8DAD,趭,0,,60,semantic
22747,U+8DAE,趮,42,,60,semantic
22748,U+8DAF,趯,13,,60,semantic
22749,U+8DB0,趰,0,,60,semantic
22750,U+8DB1,趱,31,,60,semantic
22751,U+8DB2,趲,31,,60,semantic
22752,U+8DB3,足,30,,60,semantic
22753,U+8DB4,趴,20,,60,semantic
22754,U+8DB5,趵,51,,60,semantic
22755,U+8DB6,趶,0,,60,semantic
22756,U+8DB7,趷,13,,60,semantic
22757,U+8DB8,趸,33,,60,semantic
22758,U+8DB9,趹,35,,60,semantic
22759,U+8DBA,趺,51,,60,semantic
22760,U+8DBB,趻,0,,60,semantic
22761,U+8DBC,趼,51,,60,semantic
22762,U+8DBD,趽,0,,60,semantic
22763,U+8DBE,趾,51,,60,semantic
22764,U+8DBF,趿,51,,60,semantic
22765,U+8DC0,跀,51,,60,semantic
22766,U+8DC1,跁,51,,60,semantic
22767,U+8DC2,跂,51,,60,semantic
22768,U+8DC3,跃,13,,60,semantic
22769,U+8DC4,跄,31,,60,semantic
22770,U+8DC5,跅,5,,60,semantic
22771,U+8DC6,跆,13,,60,semantic
22772,U+8DC7,跇,0,,60,semantic
22773,U+8DC8,跈,0,,60,semantic
22774,U+8DC9,跉,0,,60,semantic
22775,U+8DCA,跊,0,,60,semantic
22776,U+8DCB,跋,31,,60,semantic
22777,U+8DCC,跌,5,,60,semantic
22778,U+8DCD,跍,0,,60,semantic
22779,U+8DCE,跎,5,,60,semantic
22780,U+8DCF,跏,51,,60,semantic
22781,U+8DD0,跐,31,,60,semantic
22782,U+8DD1,跑,31,,60,semantic
22783,U+8DD2,跒,0,,60,semantic
22784,U+8DD3,跓,0,,60,semantic
22785,U+8DD4,跔,51,,60,semantic
22786,U+8DD5,跕,51,,60,semantic
22787,U+8DD6,跖,51,,60,semantic
22788,U+8DD7,跗,47,,60,semantic
22789,U+8DD8,跘,0,,60,semantic
22790,U+8DD9,跙,45,,60,semantic
22791,U+8DDA,跚,51,,60,semantic
22792,U+8DDB,跛,45,,60,semantic
22793,U+8DDC,跜,0,,60,semantic
22794,U+8DDD,距,44,,60,semantic
22795,U+8DDE,跞,31,,60,semantic
22796,U+8DDF,跟,51,,60,semantic
22797,U+8DE0,跠,0,,60,semantic
22798,U+8DE1,跡,33,,60,semantic
22799,U+8DE2,跢,0,,60,semantic
22800,U+8DE3,跣,51,,60,semantic
22801,U+8DE4,跤,5,,60,semantic
22802,U+8DE5,跥,51,,60,semantic
22803,U+8DE6,跦,13,,60,semantic
22804,U+8DE7,跧,51,,60,semantic
22805,U+8DE8,跨,59,,60,semantic
22806,U+8DE9,跩,51,,60,semantic
22807,U+8DEA,跪,51,,60,semantic
22808,U+8DEB,跫,31,,60,semantic
22809,U+8DEC,跬,31,,60,semantic
22810,U+8DED,跭,0,,60,semantic
22811,U+8DEE,跮,31,,60,semantic
22812,U+8DEF,路,31,,60,semantic
22813,U+8DF0,跰,0,,60,semantic
22814,U+8DF1,跱,5,,60,semantic
22815,U+8DF2,跲,19,,60,semantic
22816,U+8DF3,跳,13,,60,semantic
22817,U+8DF4,跴,31,,60,semantic
22818,U+8DF5,践,31,,60,semantic
22819,U+8DF6,跶,5,,60,semantic
22820,U+8DF7,跷,51,,60,semantic
22821,U+8DF8,跸,12,,60,semantic
22822,U+8DF9,跹,31,,60,semantic
22823,U+8DFA,跺,51,,60,semantic
22824,U+8DFB,跻,13,,60,semantic
22825,U+8DFC,跼,51,,60,semantic
22826,U+8DFD,跽,51,,60,semantic
22827,U+8DFE,跾,0,,60,semantic
22828,U+8DFF,跿,13,,60,semantic
22829,U+8E00,踀,0,,60,semantic
22830,U+8E01,踁,53,,60,semantic
22831,U+8E02,踂,0,,60,semantic
22832,U+8E03,踃,0,,60,semantic
22833,U+8E04,踄,0,,60,semantic
22834,U+8E05,踅,31,,60,semantic
22835,U+8E06,踆,51,,60,semantic
22836,U+8E07,踇,0,,60,semantic
22837,U+8E08,踈,45,,60,semantic
22838,U+8E09,踉,31,,60,semantic
22839,U+8E0A,踊,13,,60,semantic
22840,U+8E0B,踋,51,,60,semantic
22841,U+8E0C,踌,36,,60,semantic
22842,U+8E0D,踍,0,,60,semantic
22843,U+8E0E,踎,51,,60,semantic
22844,U+8E0F,踏,31,,60,semantic
22845,U+8E10,踐,31,,60,semantic
22846,U+8E11,踑,0,,60,semantic
22847,U+8E12,踒,51,,60,semantic
22848,U+8E13,踓,0,,60,semantic
22849,U+8E14,踔,31,,60,semantic
22850,U+8E15,踕,0,,60,semantic
22851,U+8E16,踖,31,,60,semantic
22852,U+8E17,踗,0,,60,semantic
22853,U+8E18,踘,53,,60,semantic
22854,U+8E19,踙,0,,60,semantic
22855,U+8E1A,踚,0,,60,semantic
22856,U+8E1B,踛,0,,60,semantic
22857,U+8E1C,踜,31,,60,semantic
22858,U+8E1D,踝,51,,60,semantic
22859,U+8E1E,踞,51,,60,semantic
22860,U+8E1F,踟,36,,60,semantic
22861,U+8E20,踠,20,,60,semantic
22862,U+8E21,踡,46,,60,semantic
22863,U+8E22,踢,1,,60,semantic
22864,U+8E23,踣,5,,60,semantic
22865,U+8E24,踤,0,,60,semantic
22866,U+8E25,踥,0,,60,semantic
22867,U+8E26,踦,51,,60,semantic
22868,U+8E27,踧,34,,60,semantic
22869,U+8E28,踨,33,,60,semantic
22870,U+8E29,踩,31,,60,semantic
22871,U+8E2A,踪,31,,60,semantic
22872,U+8E2B,踫,1,,60,semantic
22873,U+8E2C,踬,31,,60,semantic
22874,U+8E2D,踭,51,,60,semantic
22875,U+8E2E,踮,53,,60,semantic
22876,U+8E2F,踯,36,,60,semantic
22877,U+8E30,踰,5,,60,semantic
22878,U+8E31,踱,31,,60,semantic
22879,U+8E32,踲,0,,60,semantic
22880,U+8E33,踳,47,,60,semantic
22881,U+8E34,踴,13,,60,semantic
22882,U+8E35,踵,51,,60,semantic
22883,U+8E36,踶,51,,60,semantic
22884,U+8E37,踷,0,,60,semantic
22885,U+8E38,踸,0,,60,semantic
22886,U+8E39,踹,1,,60,semantic
22887,U+8E3A,踺,0,,60,semantic
22888,U+8E3B,踻,0,,60,semantic
22889,U+8E3C,踼,5,,60,semantic
22890,U+8E3D,踽,31,,60,semantic
22891,U+8E3E,踾,0,,60,semantic
22892,U+8E3F,踿,0,,60,semantic
22893,U+8E40,蹀,31,,60,semantic
22894,U+8E41,蹁,31,,60,semantic
22895,U+8E42,蹂,51,,60,semantic
22896,U+8E43,蹃,0,,60,semantic
22897,U+8E44,蹄,35,,60,semantic
22898,U+8E45,蹅,31,,60,semantic
22899,U+8E46,蹆,31,,60,semantic
22900,U+8E47,蹇,45,,60,semantic
22901,U+8E48,蹈,51,,60,semantic
22902,U+8E49,蹉,5,,60,semantic
22903,U+8E4A,蹊,31,,60,semantic
22904,U+8E4B,蹋,31,,60,semantic
22905,U+8E4C,蹌,31,,60,semantic
22906,U+8E4D,蹍,46,,60,semantic
22907,U+8E4E,蹎,31,,60,semantic
22908,U+8E4F,蹏,35,,60,semantic
22909,U+8E50,蹐,31,,60,semantic
22910,U+8E51,蹑,31,,60,semantic
22911,U+8E52,蹒,13,,60,semantic
22912,U+8E53,蹓,31,,60,semantic
22913,U+8E54,蹔,34,,60,semantic
22914,U+8E55,蹕,12,,60,semantic
22915,U+8E56,蹖,0,,60,semantic
22916,U+8E57,蹗,0,,60,semantic
22917,U+8E58,蹘,53,,60,semantic
22918,U+8E59,蹙,15,,60,semantic
22919,U+8E5A,蹚,23,,60,semantic
22920,U+8E5B,蹛,0,,60,semantic
22921,U+8E5C,蹜,31,,60,semantic
22922,U+8E5D,蹝,53,,60,semantic
22923,U+8E5E,蹞,0,,60,semantic
22924,U+8E5F,蹟,31,,60,semantic
22925,U+8E60,蹠,31,,60,semantic
22926,U+8E61,蹡,31,,60,semantic
22927,U+8E62,蹢,19,,60,semantic
22928,U+8E63,蹣,13,,60,semantic
22929,U+8E64,蹤,31,,60,semantic
22930,U+8E65,蹥,0,,60,semantic
22931,U+8E66,蹦,13,,60,semantic
22932,U+8E67,蹧,42,,60,semantic
22933,U+8E68,蹨,51,,60,semantic
22934,U+8E69,蹩,51,,60,semantic
22935,U+8E6A,蹪,0,,60,semantic
22936,U+8E6B,蹫,0,,60,semantic
22937,U+8E6C,蹬,31,,60,semantic
22938,U+8E6D,蹭,13,,60,semantic
22939,U+8E6E,蹮,53,,60,semantic
22940,U+8E6F,蹯,19,,60,semantic
22941,U+8E70,蹰,36,,60,semantic
22942,U+8E71,蹱,31,,60,semantic
22943,U+8E72,蹲,51,,60,semantic
22944,U+8E73,蹳,0,,60,semantic
22945,U+8E74,蹴,1,,60,semantic
22946,U+8E75,蹵,1,,60,semantic
22947,U+8E76,蹶,5,,60,semantic
22948,U+8E77,蹷,31,,60,semantic
22949,U+8E78,蹸,0,,60,semantic
22950,U+8E79,蹹,31,,60,semantic
22951,U+8E7A,蹺,51,,60,semantic
22952,U+8E7B,蹻,51,,60,semantic
22953,U+8E7C,蹼,44,,60,semantic
22954,U+8E7D,蹽,31,,60,semantic
22955,U+8E7E,蹾,51,,60,semantic
22956,U+8E7F,蹿,13,,60,semantic
22957,U+8E80,躀,5,,60,semantic
22958,U+8E81,躁,36,,60,semantic
22959,U+8E82,躂,31,,60,semantic
22960,U+8E83,躃,45,,60,semantic
22961,U+8E84,躄,45,,60,semantic
22962,U+8E85,躅,31,,60,semantic
22963,U+8E86,躆,0,,60,semantic
22964,U+8E87,躇,36,,60,semantic
22965,U+8E88,躈,0,,60,semantic
22966,U+8E89,躉,33,,60,semantic
22967,U+8E8A,躊,36,,60,semantic
22968,U+8E8B,躋,13,,60,semantic
22969,U+8E8C,躌,0,,60,semantic
22970,U+8E8D,躍,13,,60,semantic
22971,U+8E8E,躎,31,,60,semantic
22972,U+8E8F,躏,5,,60,semantic
22973,U+8E90,躐,31,,60,semantic
22974,U+8E91,躑,36,,60,semantic
22975,U+8E92,躒,31,,60,semantic
22976,U+8E93,躓,5,,60,semantic
22977,U+8E94,躔,31,,60,semantic
22978,U+8E95,躕,36,,60,semantic
22979,U+8E96,躖,0,,60,semantic
22980,U+8E97,躗,36,,60,semantic
22981,U+8E98,躘,31,,60,semantic
22982,U+8E99,躙,5,,60,semantic
22983,U+8E9A,躚,31,,60,semantic
22984,U+8E9B,躛,36,,60,semantic
22985,U+8E9C,躜,13,,60,semantic
22986,U+8E9D,躝,31,,60,semantic
22987,U+8E9E,躞,31,,60,semantic
22988,U+8E9F,躟,0,,60,semantic
22989,U+8EA0,躠,51,,60,semantic
22990,U+8EA1,躡,31,,60,semantic
22991,U+8EA2,躢,0,,60,semantic
22992,U+8EA3,躣,0,,60,semantic
22993,U+8EA4,躤,0,,60,semantic
22994,U+8EA5,躥,13,,60,semantic
22995,U+8EA6,躦,13,,60,semantic
22996,U+8EA7,躧,53,,60,semantic
22997,U+8EA8,躨,0,,60,semantic
22998,U+8EA9,躩,31,,60,semantic
22999,U+8EAA,躪,5,,60,semantic
23000,U+8EAB,身,30,,60,semantic
23001,U+8EAC,躬,57,,60,semantic
23002,U+8EAD,躭,20,,60,semantic
23003,U+8EAE,躮,0,,60,semantic
23004,U+8EAF,躯,57,,60,semantic
23005,U+8EB0,躰,57,,60,semantic
23006,U+8EB1,躱,34,,60,semantic
23007,U+8EB2,躲,34,,60,semantic
23008,U+8EB3,躳,57,,60,semantic
23009,U+8EB4,躴,18,,60,semantic
23010,U+8EB5,躵,0,,60,semantic
23011,U+8EB6,躶,34,,60,semantic
23012,U+8EB7,躷,45,,60,semantic
23013,U+8EB8,躸,0,,60,semantic
23014,U+8EB9,躹,0,,60,semantic
23015,U+8EBA,躺,51,,60,semantic
23016,U+8EBB,躻,0,,60,semantic
23017,U+8EBC,躼,0,,60,semantic
23018,U+8EBD,躽,1,,60,semantic
23019,U+8EBE,躾,20,,60,semantic
23020,U+8EBF,躿,18,,60,semantic
23021,U+8EC0,軀,57,,60,semantic
23022,U+8EC1,軁,0,,60,semantic
23023,U+8EC2,軂,0,,60,semantic
23024,U+8EC3,軃,5,,60,semantic
23025,U+8EC4,軄,20,,60,semantic
23026,U+8EC5,軅,0,,60,semantic
23027,U+8EC6,軆,47,,60,semantic
23028,U+8EC7,軇,0,,60,semantic
23029,U+8EC8,軈,34,,60,semantic
23030,U+8EC9,軉,0,,60,semantic
23031,U+8ECA,車,59,,60,semantic
23032,U+8ECB,軋,52,,60,semantic
23033,U+8ECC,軌,31,,60,semantic
23034,U+8ECD,軍,33,,60,semantic
23035,U+8ECE,軎,59,,60,semantic
23036,U+8ECF,軏,59,,60,semantic
23037,U+8ED0,軐,0,,60,semantic
23038,U+8ED1,軑,59,,60,semantic
23039,U+8ED2,軒,12,,60,semantic
23040,U+8ED3,軓,0,,60,semantic
23041,U+8ED4,軔,59,,60,semantic
23042,U+8ED5,軕,0,,60,semantic
23043,U+8ED6,軖,0,,60,semantic
23044,U+8ED7,軗,0,,60,semantic
23045,U+8ED8,軘,53,,60,semantic
23046,U+8ED9,軙,43,,60,semantic
23047,U+8EDA,軚,59,,60,semantic
23048,U+8EDB,軛,53,,60,semantic
23049,U+8EDC,軜,2,,60,semantic
23050,U+8EDD,軝,51,,60,semantic
23051,U+8EDE,軞,0,,60,semantic
23052,U+8EDF,軟,45,,60,semantic
23053,U+8EE0,軠,0,,60,semantic
23054,U+8EE1,軡,0,,60,semantic
23055,U+8EE2,転,51,,60,semantic
23056,U+8EE3,軣,16,,60,semantic
23057,U+8EE4,軤,32,,60,semantic
23058,U+8EE5,軥,53,,60,semantic
23059,U+8EE6,軦,0,,60,semantic
23060,U+8EE7,軧,0,,60,semantic
23061,U+8EE8,軨,59,,60,semantic
23062,U+8EE9,軩,0,,60,semantic
23063,U+8EEA,軪,0,,60,semantic
23064,U+8EEB,軫,59,,60,semantic
23065,U+8EEC,軬,0,,60,semantic
23066,U+8EED,軭,42,,60,semantic
23067,U+8EEE,軮,0,,60,semantic
23068,U+8EEF,軯,32,,60,semantic
23069,U+8EF0,軰,57,,60,semantic
23070,U+8EF1,軱,18,,60,semantic
23071,U+8EF2,軲,59,,60,semantic
23072,U+8EF3,軳,0,,60,semantic
23073,U+8EF4,軴,0,,60,semantic
23074,U+8EF5,軵,0,,60,semantic
23075,U+8EF6,軶,53,,60,semantic
23076,U+8EF7,軷,29,,60,semantic
23077,U+8EF8,軸,51,,60,semantic
23078,U+8EF9,軹,51,,60,semantic
23079,U+8EFA,軺,59,,60,semantic
23080,U+8EFB,軻,12,,60,semantic
23081,U+8EFC,軼,31,,60,semantic
23082,U+8EFD,軽,50,,60,semantic
23083,U+8EFE,軾,9,,60,semantic
23084,U+8EFF,軿,27,,60,semantic
23085,U+8F00,輀,8,,60,semantic
23086,U+8F01,輁,0,,60,semantic
23087,U+8F02,輂,0,,60,semantic
23088,U+8F03,較,47,,60,semantic
23089,U+8F04,輄,0,,60,semantic
23090,U+8F05,輅,59,,60,semantic
23091,U+8F06,輆,0,,60,semantic
23092,U+8F07,輇,59,,60,semantic
23093,U+8F08,輈,2,,60,semantic
23094,U+8F09,載,13,,60,semantic
23095,U+8F0A,輊,59,,60,semantic
23096,U+8F0B,輋,43,,60,semantic
23097,U+8F0C,輌,59,,60,semantic
23098,U+8F0D,輍,0,,60,semantic
23099,U+8F0E,輎,0,,60,semantic
23100,U+8F0F,輏,50,,60,semantic
23101,U+8F10,輐,0,,60,semantic
23102,U+8F11,輑,0,,60,semantic
23103,U+8F12,輒,59,,60,semantic
23104,U+8F13,輓,15,,60,semantic
23105,U+8F14,輔,51,,60,semantic
23106,U+8F15,輕,50,,60,semantic
23107,U+8F16,輖,0,,60,semantic
23108,U+8F17,輗,59,,60,semantic
23109,U+8F18,輘,59,,60,semantic
23110,U+8F19,輙,59,,60,semantic
23111,U+8F1A,輚,0,,60,semantic
23112,U+8F1B,輛,59,,60,semantic
23113,U+8F1C,輜,59,,60,semantic
23114,U+8F1D,輝,50,,60,semantic
23115,U+8F1E,輞,59,,60,semantic
23116,U+8F1F,輟,5,,60,semantic
23117,U+8F20,輠,26,,60,semantic
23118,U+8F21,輡,47,,60,semantic
23119,U+8F22,輢,0,,60,semantic
23120,U+8F23,輣,0,,60,semantic
23121,U+8F24,輤,8,,60,semantic
23122,U+8F25,輥,51,,60,semantic
23123,U+8F26,輦,59,,60,semantic
23124,U+8F27,輧,27,,60,semantic
23125,U+8F28,輨,0,,60,semantic
23126,U+8F29,輩,57,,60,semantic
23127,U+8F2A,輪,59,,60,semantic
23128,U+8F2B,輫,0,,60,semantic
23129,U+8F2C,輬,59,,60,semantic
23130,U+8F2D,輭,45,,60,semantic
23131,U+8F2E,輮,59,,60,semantic
23132,U+8F2F,輯,33,,60,semantic
23133,U+8F30,輰,0,,60,semantic
23134,U+8F31,輱,0,,60,semantic
23135,U+8F32,輲,0,,60,semantic
23136,U+8F33,輳,59,,60,semantic
23137,U+8F34,輴,53,,60,semantic
23138,U+8F35,輵,2,,60,semantic
23139,U+8F36,輶,50,,60,semantic
23140,U+8F37,輷,0,,60,semantic
23141,U+8F38,輸,59,,60,semantic
23142,U+8F39,輹,59,,60,semantic
23143,U+8F3A,輺,0,,60,semantic
23144,U+8F3B,輻,59,,60,semantic
23145,U+8F3C,輼,0,,60,semantic
23146,U+8F3D,輽,59,,60,semantic
23147,U+8F3E,輾,5,,60,semantic
23148,U+8F3F,輿,59,,60,semantic
23149,U+8F40,轀,8,,60,semantic
23150,U+8F41,轁,0,,60,semantic
23151,U+8F42,轂,59,,60,semantic
23152,U+8F43,轃,0,,60,semantic
23153,U+8F44,轄,59,,60,semantic
23154,U+8F45,轅,32,,60,semantic
23155,U+8F46,轆,59,,60,semantic
23156,U+8F47,轇,47,,60,semantic
23157,U+8F48,轈,59,,60,semantic
23158,U+8F49,轉,51,,60,semantic
23159,U+8F4A,轊,51,,60,semantic
23160,U+8F4B,轋,0,,60,semantic
23161,U+8F4C,轌,53,,60,semantic
23162,U+8F4D,轍,59,,60,semantic
23163,U+8F4E,轎,59,,60,semantic
23164,U+8F4F,轏,59,,60,semantic
23165,U+8F50,轐,0,,60,semantic
23166,U+8F51,轑,53,,60,semantic
23167,U+8F52,轒,59,,60,semantic
23168,U+8F53,轓,0,,60,semantic
23169,U+8F54,轔,8,,60,semantic
23170,U+8F55,轕,2,,60,semantic
23171,U+8F56,轖,59,,60,semantic
23172,U+8F57,轗,5,,60,semantic
23173,U+8F58,轘,59,,60,semantic
23174,U+8F59,轙,53,,60,semantic
23175,U+8F5A,轚,0,,60,semantic
23176,U+8F5B,轛,0,,60,semantic
23177,U+8F5C,轜,8,,60,semantic
23178,U+8F5D,轝,15,,60,semantic
23179,U+8F5E,轞,59,,60,semantic
23180,U+8F5F,轟,16,,60,semantic
23181,U+8F60,轠,0,,60,semantic
23182,U+8F61,轡,35,,60,semantic
23183,U+8F62,轢,59,,60,semantic
23184,U+8F63,轣,35,,60,semantic
23185,U+8F64,轤,46,,60,semantic
23186,U+8F65,轥,0,,60,semantic
23187,U+8F66,车,59,,60,semantic
23188,U+8F67,轧,52,,60,semantic
23189,U+8F68,轨,31,,60,semantic
23190,U+8F69,轩,9,,60,semantic
23191,U+8F6A,轪,59,,60,semantic
23192,U+8F6B,轫,59,,60,semantic
23193,U+8F6C,转,51,,60,semantic
23194,U+8F6D,轭,53,,60,semantic
23195,U+8F6E,轮,59,,60,semantic
23196,U+8F6F,软,45,,60,semantic
23197,U+8F70,轰,16,,60,semantic
23198,U+8F71,轱,59,,60,semantic
23199,U+8F72,轲,57,,60,semantic
23200,U+8F73,轳,46,,60,semantic
23201,U+8F74,轴,51,,60,semantic
23202,U+8F75,轵,51,,60,semantic
23203,U+8F76,轶,31,,60,semantic
23204,U+8F77,轷,32,,60,semantic
23205,U+8F78,轸,59,,60,semantic
23206,U+8F79,轹,59,,60,semantic
23207,U+8F7A,轺,59,,60,semantic
23208,U+8F7B,轻,50,,60,semantic
23209,U+8F7C,轼,9,,60,semantic
23210,U+8F7D,载,13,,60,semantic
23211,U+8F7E,轾,59,,60,semantic
23212,U+8F7F,轿,59,,60,semantic
23213,U+8F80,辀,2,,60,semantic
23214,U+8F81,辁,59,,60,semantic
23215,U+8F82,辂,59,,60,semantic
23216,U+8F83,较,47,,60,semantic
23217,U+8F84,辄,59,,60,semantic
23218,U+8F85,辅,51,,60,semantic
23219,U+8F86,辆,59,,60,semantic
23220,U+8F87,辇,59,,60,semantic
23221,U+8F88,辈,57,,60,semantic
23222,U+8F89,辉,28,,60,semantic
23223,U+8F8A,辊,51,,60,semantic
23224,U+8F8B,辋,59,,60,semantic
23225,U+8F8C,辌,59,,60,semantic
23226,U+8F8D,辍,5,,60,semantic
23227,U+8F8E,辎,59,,60,semantic
23228,U+8F8F,辏,59,,60,semantic
23229,U+8F90,辐,59,,60,semantic
23230,U+8F91,辑,33,,60,semantic
23231,U+8F92,辒,8,,60,semantic
23232,U+8F93,输,59,,60,semantic
23233,U+8F94,辔,35,,60,semantic
23234,U+8F95,辕,32,,60,semantic
23235,U+8F96,辖,59,,60,semantic
23236,U+8F97,辗,5,,60,semantic
23237,U+8F98,辘,59,,60,semantic
23238,U+8F99,辙,59,,60,semantic
23239,U+8F9A,辚,8,,60,semantic
23240,U+8F9B,辛,30,,60,semantic
23241,U+8F9C,辜,42,,60,semantic
23242,U+8F9D,辝,0,,60,semantic
23243,U+8F9E,辞,47,,60,semantic
23244,U+8F9F,辟,33,,60,semantic
23245,U+8FA0,辠,42,,60,semantic
23246,U+8FA1,辡,42,,60,semantic
23247,U+8FA2,辢,15,,60,semantic
23248,U+8FA3,辣,49,,60,semantic
23249,U+8FA4,辤,47,,60,semantic
23250,U+8FA5,辥,3,,60,semantic
23251,U+8FA6,辦,33,,60,semantic
23252,U+8FA7,辧,20,,60,semantic
23253,U+8FA8,辨,33,,60,semantic
23254,U+8FA9,辩,33,,60,semantic
23255,U+8FAA,辪,0,,60,semantic
23256,U+8FAB,辫,46,,60,semantic
23257,U+8FAC,辬,0,,60,semantic
23258,U+8FAD,辭,33,,60,semantic
23259,U+8FAE,辮,46,,60,semantic
23260,U+8FAF,辯,33,,60,semantic
23261,U+8FB0,辰,30,,60,semantic
23262,U+8FB1,辱,42,,60,semantic
23263,U+8FB2,農,48,,60,semantic
23264,U+8FB3,辳,48,,60,semantic
23265,U+8FB4,辴,0,,60,semantic
23266,U+8FB5,辵,30,,60,semantic
23267,U+8FB6,辶,30,,60,semantic
23268,U+8FB7,辷,45,,60,semantic
23269,U+8FB8,辸,0,,60,semantic
23270,U+8FB9,边,9,,60,semantic
23271,U+8FBA,辺,9,,60,semantic
23272,U+8FBB,辻,9,,60,semantic
23273,U+8FBC,込,20,,60,semantic
23274,U+8FBD,辽,34,,60,semantic
23275,U+8FBE,达,20,,60,semantic
23276,U+8FBF,辿,31,,60,semantic
23277,U+8FC0,迀,0,,60,semantic
23278,U+8FC1,迁,31,,60,semantic
23279,U+8FC2,迂,42,,60,semantic
23280,U+8FC3,迃,0,,60,semantic
23281,U+8FC4,迄,33,,60,semantic
23282,U+8FC5,迅,31,,60,semantic
23283,U+8FC6,迆,16,,60,semantic
23284,U+8FC7,过,31,,60,semantic
23285,U+8FC8,迈,31,,60,semantic
23286,U+8FC9,迉,0,,60,semantic
23287,U+8FCA,迊,20,,60,semantic
23288,U+8FCB,迋,31,,60,semantic
23289,U+8FCC,迌,0,,60,semantic
23290,U+8FCD,迍,36,,60,semantic
23291,U+8FCE,迎,29,,60,semantic
23292,U+8FCF,迏,0,,60,semantic
23293,U+8FD0,运,55,,60,semantic
23294,U+8FD1,近,34,,60,semantic
23295,U+8FD2,迒,31,,60,semantic
23296,U+8FD3,迓,20,,60,semantic
23297,U+8FD4,返,5,,60,semantic
23298,U+8FD5,迕,42,,60,semantic
23299,U+8FD6,迖,0,,60,semantic
23300,U+8FD7,迗,0,,60,semantic
23301,U+8FD8,还,34,,60,semantic
23302,U+8FD9,这,47,,60,semantic
23303,U+8FDA,迚,47,,60,semantic
23304,U+8FDB,进,31,,60,semantic
23305,U+8FDC,远,34,,60,semantic
23306,U+8FDD,违,5,,60,semantic
23307,U+8FDE,连,33,,60,semantic
23308,U+8FDF,迟,45,,60,semantic
23309,U+8FE0,迠,47,,60,semantic
23310,U+8FE1,迡,0,,60,semantic
23311,U+8FE2,迢,34,,60,semantic
23312,U+8FE3,迣,13,,60,semantic
23313,U+8FE4,迤,16,,60,semantic
23314,U+8FE5,迥,34,,60,semantic
23315,U+8FE6,迦,32,,60,semantic
23316,U+8FE7,迧,43,,60,semantic
23317,U+8FE8,迨,13,,60,semantic
23318,U+8FE9,迩,34,,60,semantic
23319,U+8FEA,迪,33,,60,semantic
23320,U+8FEB,迫,33,,60,semantic
23321,U+8FEC,迬,31,,60,semantic
23322,U+8FED,迭,33,,60,semantic
23323,U+8FEE,迮,13,,60,semantic
23324,U+8FEF,迯,31,,60,semantic
23325,U+8FF0,述,33,,60,semantic
23326,U+8FF1,迱,0,,60,semantic
23327,U+8FF2,迲,0,,60,semantic
23328,U+8FF3,迳,33,,60,semantic
23329,U+8FF4,迴,51,,60,semantic
23330,U+8FF5,迵,0,,60,semantic
23331,U+8FF6,迶,0,,60,semantic
23332,U+8FF7,迷,28,,60,semantic
23333,U+8FF8,迸,5,,60,semantic
23334,U+8FF9,迹,33,,60,semantic
23335,U+8FFA,迺,33,,60,semantic
23336,U+8FFB,迻,20,,60,semantic
23337,U+8FFC,迼,0,,60,semantic
23338,U+8FFD,追,31,,60,semantic
23339,U+8FFE,迾,47,,60,semantic
23340,U+8FFF,迿,1,,60,semantic
23341,U+9000,退,5,,60,semantic
23342,U+9001,送,33,,60,semantic
23343,U+9002,适,31,,60,semantic
23344,U+9003,逃,31,,60,semantic
23345,U+9004,逄,32,,60,semantic
23346,U+9005,逅,34,,60,semantic
23347,U+9006,逆,42,,60,semantic
23348,U+9007,逇,0,,60,semantic
23349,U+9008,逈,34,,60,semantic
23350,U+9009,选,33,,60,semantic
23351,U+900A,逊,45,,60,semantic
23352,U+900B,逋,31,,60,semantic
23353,U+900C,逌,28,,60,semantic
23354,U+900D,逍,31,,60,semantic
23355,U+900E,逎,18,,60,semantic
23356,U+900F,透,20,,60,semantic
23357,U+9010,逐,5,,60,semantic
23358,U+9011,逑,33,,60,semantic
23359,U+9012,递,13,,60,semantic
23360,U+9013,逓,13,,60,semantic
23361,U+9014,途,31,,60,semantic
23362,U+9015,逕,33,,60,semantic
23363,U+9016,逖,34,,60,semantic
23364,U+9017,逗,53,,60,semantic
23365,U+9018,逘,0,,60,semantic
23366,U+9019,這,47,,60,semantic
23367,U+901A,通,47,,60,semantic
23368,U+901B,逛,31,,60,semantic
23369,U+901C,逜,0,,60,semantic
23370,U+901D,逝,5,,60,semantic
23371,U+901E,逞,42,,60,semantic
23372,U+901F,速,31,,60,semantic
23373,U+9020,造,33,,60,semantic
23374,U+9021,逡,5,,60,semantic
23375,U+9022,逢,20,,60,semantic
23376,U+9023,連,33,,60,semantic
23377,U+9024,逤,0,,60,semantic
23378,U+9025,逥,31,,60,semantic
23379,U+9026,逦,53,,60,semantic
23380,U+9027,逧,0,,60,semantic
23381,U+9028,逨,0,,60,semantic
23382,U+9029,逩,31,,60,semantic
23383,U+902A,逪,0,,60,semantic
23384,U+902B,逫,0,,60,semantic
23385,U+902C,逬,52,,60,semantic
23386,U+902D,逭,31,,60,semantic
23387,U+902E,逮,13,,60,semantic
23388,U+902F,逯,34,,60,semantic
23389,U+9030,逰,31,,60,semantic
23390,U+9031,週,57,,60,semantic
23391,U+9032,進,31,,60,semantic
23392,U+9033,逳,1,,60,semantic
23393,U+9034,逴,1,,60,semantic
23394,U+9035,逵,31,,60,semantic
23395,U+9036,逶,51,,60,semantic
23396,U+9037,逷,34,,60,semantic
23397,U+9038,逸,31,,60,semantic
23398,U+9039,逹,33,,60,semantic
23399,U+903A,逺,34,,60,semantic
23400,U+903B,逻,33,,60,semantic
23401,U+903C,逼,46,,60,semantic
23402,U+903D,逽,0,,60,semantic
23403,U+903E,逾,5,,60,semantic
23404,U+903F,逿,31,,60,semantic
23405,U+9040,遀,0,,60,semantic
23406,U+9041,遁,34,,60,semantic
23407,U+9042,遂,20,,60,semantic
23408,U+9043,遃,0,,60,semantic
23409,U+9044,遄,31,,60,semantic
23410,U+9045,遅,45,,60,semantic
23411,U+9046,遆,0,,60,semantic
23412,U+9047,遇,20,,60,semantic
23413,U+9048,遈,0,,60,semantic
23414,U+9049,遉,42,,60,semantic
23415,U+904A,遊,31,,60,semantic
23416,U+904B,運,55,,60,semantic
23417,U+904C,遌,0,,60,semantic
23418,U+904D,遍,47,,60,semantic
23419,U+904E,過,31,,60,semantic
23420,U+904F,遏,5,,60,semantic
23421,U+9050,遐,34,,60,semantic
23422,U+9051,遑,31,,60,semantic
23423,U+9052,遒,18,,60,semantic
23424,U+9053,道,31,,60,semantic
23425,U+9054,達,33,,60,semantic
23426,U+9055,違,42,,60,semantic
23427,U+9056,遖,0,,60,semantic
23428,U+9057,遗,5,,60,semantic
23429,U+9058,遘,20,,60,semantic
23430,U+9059,遙,34,,60,semantic
23431,U+905A,遚,0,,60,semantic
23432,U+905B,遛,31,,60,semantic
23433,U+905C,遜,45,,60,semantic
23434,U+905D,遝,49,,60,semantic
23435,U+905E,遞,13,,60,semantic
23436,U+905F,遟,45,,60,semantic
23437,U+9060,遠,34,,60,semantic
23438,U+9061,遡,10,,60,semantic
23439,U+9062,遢,42,,60,semantic
23440,U+9063,遣,33,,60,semantic
23441,U+9064,遤,0,,60,semantic
23442,U+9065,遥,34,,60,semantic
23443,U+9066,遦,0,,60,semantic
23444,U+9067,遧,0,,60,semantic
23445,U+9068,遨,31,,60,semantic
23446,U+9069,適,34,,60,semantic
23447,U+906A,遪,0,,60,semantic
23448,U+906B,遫,31,,60,semantic
23449,U+906C,遬,0,,60,semantic
23450,U+906D,遭,20,,60,semantic
23451,U+906E,遮,9,,60,semantic
23452,U+906F,遯,42,,60,semantic
23453,U+9070,遰,8,,60,semantic
23454,U+9071,遱,0,,60,semantic
23455,U+9072,遲,45,,60,semantic
23456,U+9073,遳,0,,60,semantic
23457,U+9074,遴,33,,60,semantic
23458,U+9075,遵,20,,60,semantic
23459,U+9076,遶,46,,60,semantic
23460,U+9077,遷,31,,60,semantic
23461,U+9078,選,33,,60,semantic
23462,U+9079,遹,20,,60,semantic
23463,U+907A,遺,5,,60,semantic
23464,U+907B,遻,47,,60,semantic
23465,U+907C,遼,34,,60,semantic
23466,U+907D,遽,36,,60,semantic
23467,U+907E,遾,0,,60,semantic
23468,U+907F,避,5,,60,semantic
23469,U+9080,邀,33,,60,semantic
23470,U+9081,邁,31,,60,semantic
23471,U+9082,邂,34,,60,semantic
23472,U+9083,邃,18,,60,semantic
23473,U+9084,還,34,,60,semantic
23474,U+9085,邅,36,,60,semantic
23475,U+9086,邆,0,,60,semantic
23476,U+9087,邇,34,,60,semantic
23477,U+9088,邈,34,,60,semantic
23478,U+9089,邉,9,,60,semantic
23479,U+908A,邊,9,,60,semantic
23480,U+908B,邋,27,,60,semantic
23481,U+908C,邌,31,,60,semantic
23482,U+908D,邍,0,,60,semantic
23483,U+908E,邎,0,,60,semantic
23484,U+908F,邏,7,,60,semantic
23485,U+9090,邐,53,,60,semantic
23486,U+9091,邑,30,,60,semantic
23487,U+9092,邒,0,,60,semantic
23488,U+9093,邓,32,,60,semantic
23489,U+9094,邔,0,,60,semantic
23490,U+9095,邕,43,,60,semantic
23491,U+9096,邖,0,,60,semantic
23492,U+9097,邗,43,,60,semantic
23493,U+9098,邘,43,,60,semantic
23494,U+9099,邙,43,,60,semantic
23495,U+909A,邚,0,,60,semantic
23496,U+909B,邛,15,,60,semantic
23497,U+909C,邜,0,,60,semantic
23498,U+909D,邝,32,,60,semantic
23499,U+909E,邞,0,,60,semantic
23500,U+909F,邟,0,,60,semantic
23501,U+90A0,邠,43,,60,semantic
23502,U+90A1,邡,43,,60,semantic
23503,U+90A2,邢,43,,60,semantic
23504,U+90A3,那,57,,60,semantic
23505,U+90A4,邤,0,,60,semantic
23506,U+90A5,邥,0,,60,semantic
23507,U+90A6,邦,12,,60,semantic
23508,U+90A7,邧,43,,60,semantic
23509,U+90A8,邨,12,,60,semantic
23510,U+90A9,邩,0,,60,semantic
23511,U+90AA,邪,42,,60,semantic
23512,U+90AB,邫,0,,60,semantic
23513,U+90AC,邬,32,,60,semantic
23514,U+90AD,邭,0,,60,semantic
23515,U+90AE,邮,33,,60,semantic
23516,U+90AF,邯,43,,60,semantic
23517,U+90B0,邰,43,,60,semantic
23518,U+90B1,邱,14,,60,semantic
23519,U+90B2,邲,43,,60,semantic
23520,U+90B3,邳,43,,60,semantic
23521,U+90B4,邴,43,,60,semantic
23522,U+90B5,邵,32,,60,semantic
23523,U+90B6,邶,43,,60,semantic
23524,U+90B7,邷,0,,60,semantic
23525,U+90B8,邸,12,,60,semantic
23526,U+90B9,邹,32,,60,semantic
23527,U+90BA,邺,43,,60,semantic
23528,U+90BB,邻,9,,60,semantic
23529,U+90BC,邼,0,,60,semantic
23530,U+90BD,邽,43,,60,semantic
23531,U+90BE,邾,43,,60,semantic
23532,U+90BF,邿,43,,60,semantic
23533,U+90C0,郀,0,,60,semantic
23534,U+90C1,郁,49,,60,semantic
23535,U+90C2,郂,0,,60,semantic
23536,U+90C3,郃,43,,60,semantic
23537,U+90C4,郄,32,,60,semantic
23538,U+90C5,郅,18,,60,semantic
23539,U+90C6,郆,0,,60,semantic
23540,U+90C7,郇,12,,60,semantic
23541,U+90C8,郈,43,,60,semantic
23542,U+90C9,郉,32,,60,semantic
23543,U+90CA,郊,9,,60,semantic
23544,U+90CB,郋,0,,60,semantic
23545,U+90CC,郌,43,,60,semantic
23546,U+90CD,郍,0,,60,semantic
23547,U+90CE,郎,57,,60,semantic
23548,U+90CF,郏,43,,60,semantic
23549,U+90D0,郐,43,,60,semantic
23550,U+90D1,郑,43,,60,semantic
23551,U+90D2,郒,0,,60,semantic
23552,U+90D3,郓,32,,60,semantic
23553,U+90D4,郔,43,,60,semantic
23554,U+90D5,郕,43,,60,semantic
23555,U+90D6,郖,0,,60,semantic
23556,U+90D7,郗,32,,60,semantic
23557,U+90D8,郘,0,,60,semantic
23558,U+90D9,郙,29,,60,semantic
23559,U+90DA,郚,43,,60,semantic
23560,U+90DB,郛,9,,60,semantic
23561,U+90DC,郜,32,,60,semantic
23562,U+90DD,郝,43,,60,semantic
23563,U+90DE,郞,57,,60,semantic
23564,U+90DF,郟,43,,60,semantic
23565,U+90E0,郠,43,,60,semantic
23566,U+90E1,郡,33,,60,semantic
23567,U+90E2,郢,43,,60,semantic
23568,U+90E3,郣,0,,60,semantic
23569,U+90E4,郤,52,,60,semantic
23570,U+90E5,郥,0,,60,semantic
23571,U+90E6,郦,43,,60,semantic
23572,U+90E7,郧,43,,60,semantic
23573,U+90E8,部,47,,60,semantic
23574,U+90E9,郩,0,,60,semantic
23575,U+90EA,郪,43,,60,semantic
23576,U+90EB,郫,43,,60,semantic
23577,U+90EC,郬,0,,60,semantic
23578,U+90ED,郭,32,,60,semantic
23579,U+90EE,郮,0,,60,semantic
23580,U+90EF,郯,43,,60,semantic
23581,U+90F0,郰,43,,60,semantic
23582,U+90F1,郱,0,,60,semantic
23583,U+90F2,郲,0,,60,semantic
23584,U+90F3,郳,43,,60,semantic
23585,U+90F4,郴,43,,60,semantic
23586,U+90F5,郵,33,,60,semantic
23587,U+90F6,郶,0,,60,semantic
23588,U+90F7,郷,12,,60,semantic
23589,U+90F8,郸,43,,60,semantic
23590,U+90F9,郹,0,,60,semantic
23591,U+90FA,郺,0,,60,semantic
23592,U+90FB,郻,0,,60,semantic
23593,U+90FC,郼,0,,60,semantic
23594,U+90FD,都,28,,60,semantic
23595,U+90FE,郾,43,,60,semantic
23596,U+90FF,郿,43,,60,semantic
23597,U+9100,鄀,43,,60,semantic
23598,U+9101,鄁,0,,60,semantic
23599,U+9102,鄂,36,,60,semantic
23600,U+9103,鄃,0,,60,semantic
23601,U+9104,鄄,43,,60,semantic
23602,U+9105,鄅,0,,60,semantic
23603,U+9106,鄆,32,,60,semantic
23604,U+9107,鄇,43,,60,semantic
23605,U+9108,鄈,51,,60,semantic
23606,U+9109,鄉,12,,60,semantic
23607,U+910A,鄊,0,,60,semantic
23608,U+910B,鄋,43,,60,semantic
23609,U+910C,鄌,43,,60,semantic
23610,U+910D,鄍,43,,60,semantic
23611,U+910E,鄎,43,,60,semantic
23612,U+910F,鄏,43,,60,semantic
23613,U+9110,鄐,43,,60,semantic
23614,U+9111,鄑,43,,60,semantic
23615,U+9112,鄒,43,,60,semantic
23616,U+9113,鄓,0,,60,semantic
23617,U+9114,鄔,32,,60,semantic
23618,U+9115,鄕,43,,60,semantic
23619,U+9116,鄖,43,,60,semantic
23620,U+9117,鄗,43,,60,semantic
23621,U+9118,鄘,43,,60,semantic
23622,U+9119,鄙,45,,60,semantic
23623,U+911A,鄚,43,,60,semantic
23624,U+911B,鄛,0,,60,semantic
23625,U+911C,鄜,43,,60,semantic
23626,U+911D,鄝,0,,60,semantic
23627,U+911E,鄞,43,,60,semantic
23628,U+911F,鄟,0,,60,semantic
23629,U+9120,鄠,43,,60,semantic
23630,U+9121,鄡,0,,60,semantic
23631,U+9122,鄢,32,,60,semantic
23632,U+9123,鄣,43,,60,semantic
23633,U+9124,鄤,43,,60,semantic
23634,U+9125,鄥,0,,60,semantic
23635,U+9126,鄦,0,,60,semantic
23636,U+9127,鄧,43,,60,semantic
23637,U+9128,鄨,0,,60,semantic
23638,U+9129,鄩,43,,60,semantic
23639,U+912A,鄪,0,,60,semantic
23640,U+912B,鄫,43,,60,semantic
23641,U+912C,鄬,43,,60,semantic
23642,U+912D,鄭,43,,60,semantic
23643,U+912E,鄮,0,,60,semantic
23644,U+912F,鄯,43,,60,semantic
23645,U+9130,鄰,9,,60,semantic
23646,U+9131,鄱,43,,60,semantic
23647,U+9132,鄲,43,,60,semantic
23648,U+9133,鄳,0,,60,semantic
23649,U+9134,鄴,43,,60,semantic
23650,U+9135,鄵,0,,60,semantic
23651,U+9136,鄶,43,,60,semantic
23652,U+9137,鄷,0,,60,semantic
23653,U+9138,鄸,0,,60,semantic
23654,U+9139,鄹,43,,60,semantic
23655,U+913A,鄺,32,,60,semantic
23656,U+913B,鄻,42,,60,semantic
23657,U+913C,鄼,0,,60,semantic
23658,U+913D,鄽,0,,60,semantic
23659,U+913E,鄾,43,,60,semantic
23660,U+913F,鄿,43,,60,semantic
23661,U+9140,酀,0,,60,semantic
23662,U+9141,酁,0,,60,semantic
23663,U+9142,酂,13,,60,semantic
23664,U+9143,酃,43,,60,semantic
23665,U+9144,酄,0,,60,semantic
23666,U+9145,酅,43,,60,semantic
23667,U+9146,酆,43,,60,semantic
23668,U+9147,酇,13,,60,semantic
23669,U+9148,酈,43,,60,semantic
23670,U+9149,酉,30,,60,semantic
23671,U+914A,酊,24,,60,semantic
23672,U+914B,酋,12,,60,semantic
23673,U+914C,酌,24,,60,semantic
23674,U+914D,配,33,,60,semantic
23675,U+914E,酎,24,,60,semantic
23676,U+914F,酏,24,,60,semantic
23677,U+9150,酐,56,,60,semantic
23678,U+9151,酑,0,,60,semantic
23679,U+9152,酒,24,,60,semantic
23680,U+9153,酓,0,,60,semantic
23681,U+9154,酔,24,,60,semantic
23682,U+9155,酕,24,,60,semantic
23683,U+9156,酖,24,,60,semantic
23684,U+9157,酗,24,,60,semantic
23685,U+9158,酘,0,,60,semantic
23686,U+9159,酙,0,,60,semantic
23687,U+915A,酚,6,,60,semantic
23688,U+915B,酛,0,,60,semantic
23689,U+915C,酜,0,,60,semantic
23690,U+915D,酝,24,,60,semantic
23691,U+915E,酞,56,,60,semantic
23692,U+915F,酟,0,,60,semantic
23693,U+9160,酠,0,,60,semantic
23694,U+9161,酡,49,,60,semantic
23695,U+9162,酢,24,,60,semantic
23696,U+9163,酣,24,,60,semantic
23697,U+9164,酤,20,,60,semantic
23698,U+9165,酥,49,,60,semantic
23699,U+9166,酦,24,,60,semantic
23700,U+9167,酧,24,,60,semantic
23701,U+9168,酨,0,,60,semantic
23702,U+9169,酩,24,,60,semantic
23703,U+916A,酪,54,,60,semantic
23704,U+916B,酫,0,,60,semantic
23705,U+916C,酬,29,,60,semantic
23706,U+916D,酭,0,,60,semantic
23707,U+916E,酮,53,,60,semantic
23708,U+916F,酯,53,,60,semantic
23709,U+9170,酰,38,,60,semantic
23710,U+9171,酱,54,,60,semantic
23711,U+9172,酲,36,,60,semantic
23712,U+9173,酳,0,,60,semantic
23713,U+9174,酴,24,,60,semantic
23714,U+9175,酵,38,,60,semantic
23715,U+9176,酶,49,,60,semantic
23716,U+9177,酷,28,,60,semantic
23717,U+9178,酸,49,,60,semantic
23718,U+9179,酹,23,,60,semantic
23719,U+917A,酺,24,,60,semantic
23720,U+917B,酻,0,,60,semantic
23721,U+917C,酼,0,,60,semantic
23722,U+917D,酽,18,,60,semantic
23723,U+917E,酾,52,,60,semantic
23724,U+917F,酿,24,,60,semantic
23725,U+9180,醀,0,,60,semantic
23726,U+9181,醁,24,,60,semantic
23727,U+9182,醂,23,,60,semantic
23728,U+9183,醃,25,,60,semantic
23729,U+9184,醄,24,,60,semantic
23730,U+9185,醅,34,,60,semantic
23731,U+9186,醆,24,,60,semantic
23732,U+9187,醇,24,,60,semantic
23733,U+9188,醈,0,,60,semantic
23734,U+9189,醉,24,,60,semantic
23735,U+918A,醊,24,,60,semantic
23736,U+918B,醋,49,,60,semantic
23737,U+918C,醌,38,,60,semantic
23738,U+918D,醍,54,,60,semantic
23739,U+918E,醎,0,,60,semantic
23740,U+918F,醏,0,,60,semantic
23741,U+9190,醐,49,,60,semantic
23742,U+9191,醑,15,,60,semantic
23743,U+9192,醒,8,,60,semantic
23744,U+9193,醓,54,,60,semantic
23745,U+9194,醔,0,,60,semantic
23746,U+9195,醕,0,,60,semantic
23747,U+9196,醖,24,,60,semantic
23748,U+9197,醗,24,,60,semantic
23749,U+9198,醘,0,,60,semantic
23750,U+9199,醙,0,,60,semantic
23751,U+919A,醚,49,,60,semantic
23752,U+919B,醛,49,,60,semantic
23753,U+919C,醜,42,,60,semantic
23754,U+919D,醝,24,,60,semantic
23755,U+919E,醞,24,,60,semantic
23756,U+919F,醟,0,,60,semantic
23757,U+91A0,醠,0,,60,semantic
23758,U+91A1,醡,24,,60,semantic
23759,U+91A2,醢,54,,60,semantic
23760,U+91A3,醣,48,,60,semantic
23761,U+91A4,醤,54,,60,semantic
23762,U+91A5,醥,0,,60,semantic
23763,U+91A6,醦,0,,60,semantic
23764,U+91A7,醧,0,,60,semantic
23765,U+91A8,醨,24,,60,semantic
23766,U+91A9,醩,48,,60,semantic
23767,U+91AA,醪,24,,60,semantic
23768,U+91AB,醫,56,,60,semantic
23769,U+91AC,醬,54,,60,semantic
23770,U+91AD,醭,49,,60,semantic
23771,U+91AE,醮,12,,60,semantic
23772,U+91AF,醯,49,,60,semantic
23773,U+91B0,醰,24,,60,semantic
23774,U+91B1,醱,24,,60,semantic
23775,U+91B2,醲,24,,60,semantic
23776,U+91B3,醳,0,,60,semantic
23777,U+91B4,醴,24,,60,semantic
23778,U+91B5,醵,29,,60,semantic
23779,U+91B6,醶,0,,60,semantic
23780,U+91B7,醷,0,,60,semantic
23781,U+91B8,醸,24,,60,semantic
23782,U+91B9,醹,24,,60,semantic
23783,U+91BA,醺,24,,60,semantic
23784,U+91BB,醻,29,,60,semantic
23785,U+91BC,醼,24,,60,semantic
23786,U+91BD,醽,24,,60,semantic
23787,U+91BE,醾,24,,60,semantic
23788,U+91BF,醿,24,,60,semantic
23789,U+91C0,釀,24,,60,semantic
23790,U+91C1,釁,15,,60,semantic
23791,U+91C2,釂,23,,60,semantic
23792,U+91C3,釃,52,,60,semantic
23793,U+91C4,釄,24,,60,semantic
23794,U+91C5,釅,18,,60,semantic
23795,U+91C6,釆,30,,60,semantic
23796,U+91C7,采,13,,60,semantic
23797,U+91C8,釈,33,,60,semantic
23798,U+91C9,釉,39,,60,semantic
23799,U+91CA,释,47,,60,semantic
23800,U+91CB,釋,47,,60,semantic
23801,U+91CC,里,30,,60,semantic
23802,U+91CE,野,34,,60,semantic
23803,U+91CF,量,18,,60,semantic
23804,U+91D0,釐,53,,60,semantic
23805,U+91D1,金,30,,60,semantic
23806,U+91D3,釓,6,,60,semantic
23807,U+91D4,釔,6,,60,semantic
23808,U+91D5,釕,6,,60,semantic
23809,U+91D6,釖,2,,60,semantic
23810,U+91D7,釗,33,,60,semantic
23811,U+91D8,釘,13,,60,semantic
23812,U+91D9,釙,6,,60,semantic
23813,U+91DA,釚,0,,60,semantic
23814,U+91DB,釛,0,,60,semantic
23815,U+91DC,釜,26,,60,semantic
23816,U+91DD,針,46,,60,semantic
23817,U+91DE,釞,0,,60,semantic
23818,U+91DF,釟,0,,60,semantic
23819,U+91E0,釠,0,,60,semantic
23820,U+91E1,釡,26,,60,semantic
23821,U+91E2,釢,0,,60,semantic
23822,U+91E3,釣,25,,60,semantic
23823,U+91E4,釤,48,,60,semantic
23824,U+91E5,釥,0,,60,semantic
23825,U+91E6,釦,46,,60,semantic
23826,U+91E7,釧,46,,60,semantic
23827,U+91E8,釨,0,,60,semantic
23828,U+91E9,釩,6,,60,semantic
23829,U+91EA,釪,26,,60,semantic
23830,U+91EB,釫,0,,60,semantic
23831,U+91EC,釬,2,,60,semantic
23832,U+91ED,釭,59,,60,semantic
23833,U+91EE,釮,0,,60,semantic
23834,U+91EF,釯,2,,60,semantic
23835,U+91F0,釰,0,,60,semantic
23836,U+91F1,釱,53,,60,semantic
23837,U+91F2,釲,0,,60,semantic
23838,U+91F3,釳,0,,60,semantic
23839,U+91F4,釴,0,,60,semantic
23840,U+91F5,釵,4,,60,semantic
23841,U+91F6,釶,0,,60,semantic
23842,U+91F7,釷,6,,60,semantic
23843,U+91F8,釸,0,,60,semantic
23844,U+91F9,釹,6,,60,semantic
23845,U+91FA,釺,14,,60,semantic
23846,U+91FB,釻,0,,60,semantic
23847,U+91FC,釼,2,,60,semantic
23848,U+91FD,釽,54,,60,semantic
23849,U+91FE,釾,6,,60,semantic
23850,U+91FF,釿,52,,60,semantic
23851,U+9200,鈀,6,,60,semantic
23852,U+9201,鈁,38,,60,semantic
23853,U+9202,鈂,0,,60,semantic
23854,U+9203,鈃,24,,60,semantic
23855,U+9204,鈄,24,,60,semantic
23856,U+9205,鈅,0,,60,semantic
23857,U+9206,鈆,31,,60,semantic
23858,U+9207,鈇,2,,60,semantic
23859,U+9208,鈈,6,,60,semantic
23860,U+9209,鈉,49,,60,semantic
23861,U+920A,鈊,6,,60,semantic
23862,U+920B,鈋,0,,60,semantic
23863,U+920C,鈌,1,,60,semantic
23864,U+920D,鈍,45,,60,semantic
23865,U+920E,鈎,46,,60,semantic
23866,U+920F,鈏,0,,60,semantic
23867,U+9210,鈐,46,,60,semantic
23868,U+9211,鈑,54,,60,semantic
23869,U+9212,鈒,2,,60,semantic
23870,U+9213,鈓,0,,60,semantic
23871,U+9214,鈔,29,,60,semantic
23872,U+9215,鈕,46,,60,semantic
23873,U+9216,鈖,0,,60,semantic
23874,U+9217,鈗,0,,60,semantic
23875,U+9218,鈘,0,,60,semantic
23876,U+9219,鈙,0,,60,semantic
23877,U+921A,鈚,2,,60,semantic
23878,U+921B,鈛,0,,60,semantic
23879,U+921C,鈜,0,,60,semantic
23880,U+921D,鈝,0,,60,semantic
23881,U+921E,鈞,6,,60,semantic
23882,U+921F,鈟,0,,60,semantic
23883,U+9220,鈠,0,,60,semantic
23884,U+9221,鈡,0,,60,semantic
23885,U+9222,鈢,0,,60,semantic
23886,U+9223,鈣,6,,60,semantic
23887,U+9224,鈤,0,,60,semantic
23888,U+9225,鈥,6,,60,semantic
23889,U+9226,鈦,6,,60,semantic
23890,U+9227,鈧,6,,60,semantic
23891,U+9228,鈨,0,,60,semantic
23892,U+9229,鈩,39,,60,semantic
23893,U+922A,鈪,53,,60,semantic
23894,U+922B,鈫,0,,60,semantic
23895,U+922C,鈬,53,,60,semantic
23896,U+922D,鈭,0,,60,semantic
23897,U+922E,鈮,6,,60,semantic
23898,U+922F,鈯,0,,60,semantic
23899,U+9230,鈰,6,,60,semantic
23900,U+9231,鈱,0,,60,semantic
23901,U+9232,鈲,0,,60,semantic
23902,U+9233,鈳,6,,60,semantic
23903,U+9234,鈴,53,,60,semantic
23904,U+9235,鈵,0,,60,semantic
23905,U+9236,鈶,0,,60,semantic
23906,U+9237,鈷,6,,60,semantic
23907,U+9238,鈸,27,,60,semantic
23908,U+9239,鈹,2,,60,semantic
23909,U+923A,鈺,29,,60,semantic
23910,U+923B,鈻,0,,60,semantic
23911,U+923C,鈼,0,,60,semantic
23912,U+923D,鈽,6,,60,semantic
23913,U+923E,鈾,6,,60,semantic
23914,U+923F,鈿,4,,60,semantic
23915,U+9240,鉀,6,,60,semantic
23916,U+9241,鉁,0,,60,semantic
23917,U+9242,鉂,0,,60,semantic
23918,U+9243,鉃,0,,60,semantic
23919,U+9244,鉄,2,,60,semantic
23920,U+9245,鉅,2,,60,semantic
23921,U+9246,鉆,53,,60,semantic
23922,U+9247,鉇,0,,60,semantic
23923,U+9248,鉈,2,,60,semantic
23924,U+9249,鉉,59,,60,semantic
23925,U+924A,鉊,0,,60,semantic
23926,U+924B,鉋,2,,60,semantic
23927,U+924C,鉌,43,,60,semantic
23928,U+924D,鉍,53,,60,semantic
23929,U+924E,鉎,53,,60,semantic
23930,U+924F,鉏,5,,60,semantic
23931,U+9250,鉐,0,,60,semantic
23932,U+9251,鉑,6,,60,semantic
23933,U+9252,鉒,0,,60,semantic
23934,U+9253,鉓,0,,60,semantic
23935,U+9254,鉔,0,,60,semantic
23936,U+9255,鉕,6,,60,semantic
23937,U+9256,鉖,0,,60,semantic
23938,U+9257,鉗,46,,60,semantic
23939,U+9258,鉘,0,,60,semantic
23940,U+9259,鉙,0,,60,semantic
23941,U+925A,鉚,49,,60,semantic
23942,U+925B,鉛,6,,60,semantic
23943,U+925C,鉜,0,,60,semantic
23944,U+925D,鉝,0,,60,semantic
23945,U+925E,鉞,2,,60,semantic
23946,U+925F,鉟,0,,60,semantic
23947,U+9260,鉠,0,,60,semantic
23948,U+9261,鉡,0,,60,semantic
23949,U+9262,鉢,26,,60,semantic
23950,U+9263,鉣,0,,60,semantic
23951,U+9264,鉤,46,,60,semantic
23952,U+9265,鉥,46,,60,semantic
23953,U+9266,鉦,12,,60,semantic
23954,U+9267,鉧,0,,60,semantic
23955,U+9268,鉨,6,,60,semantic
23956,U+9269,鉩,0,,60,semantic
23957,U+926A,鉪,0,,60,semantic
23958,U+926B,鉫,0,,60,semantic
23959,U+926C,鉬,6,,60,semantic
23960,U+926D,鉭,6,,60,semantic
23961,U+926E,鉮,0,,60,semantic
23962,U+926F,鉯,0,,60,semantic
23963,U+9270,鉰,0,,60,semantic
23964,U+9271,鉱,6,,60,semantic
23965,U+9272,鉲,6,,60,semantic
23966,U+9273,鉳,0,,60,semantic
23967,U+9274,鉴,7,,60,semantic
23968,U+9275,鉵,0,,60,semantic
23969,U+9276,鉶,14,,60,semantic
23970,U+9277,鉷,1,,60,semantic
23971,U+9278,鉸,52,,60,semantic
23972,U+9279,鉹,0,,60,semantic
23973,U+927A,鉺,6,,60,semantic
23974,U+927B,鉻,6,,60,semantic
23975,U+927C,鉼,54,,60,semantic
23976,U+927D,鉽,0,,60,semantic
23977,U+927E,鉾,2,,60,semantic
23978,U+927F,鉿,6,,60,semantic
23979,U+9280,銀,6,,60,semantic
23980,U+9281,銁,27,,60,semantic
23981,U+9282,銂,0,,60,semantic
23982,U+9283,銃,2,,60,semantic
23983,U+9284,銄,0,,60,semantic
23984,U+9285,銅,6,,60,semantic
23985,U+9286,銆,0,,60,semantic
23986,U+9287,銇,0,,60,semantic
23987,U+9288,銈,0,,60,semantic
23988,U+9289,銉,0,,60,semantic
23989,U+928A,銊,0,,60,semantic
23990,U+928B,銋,0,,60,semantic
23991,U+928C,銌,0,,60,semantic
23992,U+928D,銍,56,,60,semantic
23993,U+928E,銎,2,,60,semantic
23994,U+928F,銏,0,,60,semantic
23995,U+9290,銐,0,,60,semantic
23996,U+9291,銑,48,,60,semantic
23997,U+9292,銒,24,,60,semantic
23998,U+9293,銓,33,,60,semantic
23999,U+9294,銔,0,,60,semantic
24000,U+9295,銕,2,,60,semantic
24001,U+9296,銖,43,,60,semantic
24002,U+9297,銗,0,,60,semantic
24003,U+9298,銘,47,,60,semantic
24004,U+9299,銙,0,,60,semantic
24005,U+929A,銚,2,,60,semantic
24006,U+929B,銛,28,,60,semantic
24007,U+929C,銜,17,,60,semantic
24008,U+929D,銝,0,,60,semantic
24009,U+929E,銞,0,,60,semantic
24010,U+929F,銟,0,,60,semantic
24011,U+92A0,銠,6,,60,semantic
24012,U+92A1,銡,0,,60,semantic
24013,U+92A2,銢,0,,60,semantic
24014,U+92A3,銣,6,,60,semantic
24015,U+92A4,銤,0,,60,semantic
24016,U+92A5,銥,6,,60,semantic
24017,U+92A6,銦,6,,60,semantic
24018,U+92A7,銧,2,,60,semantic
24019,U+92A8,銨,6,,60,semantic
24020,U+92A9,銩,6,,60,semantic
24021,U+92AA,銪,6,,60,semantic
24022,U+92AB,銫,6,,60,semantic
24023,U+92AC,銬,46,,60,semantic
24024,U+92AD,銭,29,,60,semantic
24025,U+92AE,銮,46,,60,semantic
24026,U+92AF,銯,0,,60,semantic
24027,U+92B0,銰,0,,60,semantic
24028,U+92B1,銱,47,,60,semantic
24029,U+92B2,銲,2,,60,semantic
24030,U+92B3,銳,36,,60,semantic
24031,U+92B4,銴,0,,60,semantic
24032,U+92B5,銵,0,,60,semantic
24033,U+92B6,銶,53,,60,semantic
24034,U+92B7,銷,5,,60,semantic
24035,U+92B8,銸,0,,60,semantic
24036,U+92B9,銹,6,,60,semantic
24037,U+92BA,銺,0,,60,semantic
24038,U+92BB,銻,6,,60,semantic
24039,U+92BC,銼,52,,60,semantic
24040,U+92BD,銽,0,,60,semantic
24041,U+92BE,銾,6,,60,semantic
24042,U+92BF,銿,0,,60,semantic
24043,U+92C0,鋀,0,,60,semantic
24044,U+92C1,鋁,6,,60,semantic
24045,U+92C2,鋂,26,,60,semantic
24046,U+92C3,鋃,46,,60,semantic
24047,U+92C4,鋄,0,,60,semantic
24048,U+92C5,鋅,6,,60,semantic
24049,U+92C6,鋆,50,,60,semantic
24050,U+92C7,鋇,6,,60,semantic
24051,U+92C8,鋈,2,,60,semantic
24052,U+92C9,鋉,0,,60,semantic
24053,U+92CA,鋊,2,,60,semantic
24054,U+92CB,鋋,2,,60,semantic
24055,U+92CC,鋌,2,,60,semantic
24056,U+92CD,鋍,0,,60,semantic
24057,U+92CE,鋎,0,,60,semantic
24058,U+92CF,鋏,2,,60,semantic
24059,U+92D0,鋐,43,,60,semantic
24060,U+92D1,鋑,52,,60,semantic
24061,U+92D2,鋒,2,,60,semantic
24062,U+92D3,鋓,0,,60,semantic
24063,U+92D4,鋔,0,,60,semantic
24064,U+92D5,鋕,47,,60,semantic
24065,U+92D6,鋖,0,,60,semantic
24066,U+92D7,鋗,59,,60,semantic
24067,U+92D8,鋘,2,,60,semantic
24068,U+92D9,鋙,53,,60,semantic
24069,U+92DA,鋚,2,,60,semantic
24070,U+92DB,鋛,0,,60,semantic
24071,U+92DC,鋜,46,,60,semantic
24072,U+92DD,鋝,47,,60,semantic
24073,U+92DE,鋞,0,,60,semantic
24074,U+92DF,鋟,53,,60,semantic
24075,U+92E0,鋠,0,,60,semantic
24076,U+92E1,鋡,0,,60,semantic
24077,U+92E2,鋢,0,,60,semantic
24078,U+92E3,鋣,2,,60,semantic
24079,U+92E4,鋤,5,,60,semantic
24080,U+92E5,鋥,53,,60,semantic
24081,U+92E6,鋦,6,,60,semantic
24082,U+92E7,鋧,53,,60,semantic
24083,U+92E8,鋨,6,,60,semantic
24084,U+92E9,鋩,2,,60,semantic
24085,U+92EA,鋪,33,,60,semantic
24086,U+92EB,鋫,0,,60,semantic
24087,U+92EC,鋬,2,,60,semantic
24088,U+92ED,鋭,52,,60,semantic
24089,U+92EE,鋮,32,,60,semantic
24090,U+92EF,鋯,6,,60,semantic
24091,U+92F0,鋰,6,,60,semantic
24092,U+92F1,鋱,6,,60,semantic
24093,U+92F2,鋲,53,,60,semantic
24094,U+92F3,鋳,49,,60,semantic
24095,U+92F4,鋴,0,,60,semantic
24096,U+92F5,鋵,0,,60,semantic
24097,U+92F6,鋶,49,,60,semantic
24098,U+92F7,鋷,0,,60,semantic
24099,U+92F8,鋸,52,,60,semantic
24100,U+92F9,鋹,52,,60,semantic
24101,U+92FA,鋺,26,,60,semantic
24102,U+92FB,鋻,0,,60,semantic
24103,U+92FC,鋼,2,,60,semantic
24104,U+92FD,鋽,0,,60,semantic
24105,U+92FE,鋾,0,,60,semantic
24106,U+92FF,鋿,0,,60,semantic
24107,U+9300,錀,33,,60,semantic
24108,U+9301,錁,13,,60,semantic
24109,U+9302,錂,0,,60,semantic
24110,U+9303,錃,0,,60,semantic
24111,U+9304,錄,33,,60,semantic
24112,U+9305,錅,0,,60,semantic
24113,U+9306,錆,50,,60,semantic
24114,U+9307,錇,6,,60,semantic
24115,U+9308,錈,51,,60,semantic
24116,U+9309,錉,0,,60,semantic
24117,U+930A,錊,0,,60,semantic
24118,U+930B,錋,0,,60,semantic
24119,U+930C,錌,0,,60,semantic
24120,U+930D,錍,0,,60,semantic
24121,U+930E,錎,0,,60,semantic
24122,U+930F,錏,6,,60,semantic
24123,U+9310,錐,14,,60,semantic
24124,U+9311,錑,0,,60,semantic
24125,U+9312,錒,6,,60,semantic
24126,U+9313,錓,0,,60,semantic
24127,U+9314,錔,53,,60,semantic
24128,U+9315,錕,2,,60,semantic
24129,U+9316,錖,0,,60,semantic
24130,U+9317,錗,0,,60,semantic
24131,U+9318,錘,13,,60,semantic
24132,U+9319,錙,18,,60,semantic
24133,U+931A,錚,8,,60,semantic
24134,U+931B,錛,53,,60,semantic
24135,U+931C,錜,0,,60,semantic
24136,U+931D,錝,0,,60,semantic
24137,U+931E,錞,47,,60,semantic
24138,U+931F,錟,2,,60,semantic
24139,U+9320,錠,54,,60,semantic
24140,U+9321,錡,2,,60,semantic
24141,U+9322,錢,29,,60,semantic
24142,U+9323,錣,27,,60,semantic
24143,U+9324,錤,53,,60,semantic
24144,U+9325,錥,0,,60,semantic
24145,U+9326,錦,27,,60,semantic
24146,U+9327,錧,0,,60,semantic
24147,U+9328,錨,46,,60,semantic
24148,U+9329,錩,55,,60,semantic
24149,U+932A,錪,0,,60,semantic
24150,U+932B,錫,6,,60,semantic
24151,U+932C,錬,49,,60,semantic
24152,U+932D,錭,0,,60,semantic
24153,U+932E,錮,52,,60,semantic
24154,U+932F,錯,42,,60,semantic
24155,U+9330,錰,0,,60,semantic
24156,U+9331,錱,0,,60,semantic
24157,U+9332,録,33,,60,semantic
24158,U+9333,錳,6,,60,semantic
24159,U+9334,錴,0,,60,semantic
24160,U+9335,錵,0,,60,semantic
24161,U+9336,錶,9,,60,semantic
24162,U+9337,錷,0,,60,semantic
24163,U+9338,錸,6,,60,semantic
24164,U+9339,錹,0,,60,semantic
24165,U+933A,錺,2,,60,semantic
24166,U+933B,錻,26,,60,semantic
24167,U+933C,錼,6,,60,semantic
24168,U+933D,錽,0,,60,semantic
24169,U+933E,錾,2,,60,semantic
24170,U+933F,錿,0,,60,semantic
24171,U+9340,鍀,6,,60,semantic
24172,U+9341,鍁,14,,60,semantic
24173,U+9342,鍂,0,,60,semantic
24174,U+9343,鍃,47,,60,semantic
24175,U+9344,鍄,0,,60,semantic
24176,U+9345,鍅,0,,60,semantic
24177,U+9346,鍆,6,,60,semantic
24178,U+9347,鍇,2,,60,semantic
24179,U+9348,鍈,0,,60,semantic
24180,U+9349,鍉,26,,60,semantic
24181,U+934A,鍊,49,,60,semantic
24182,U+934B,鍋,26,,60,semantic
24183,U+934C,鍌,0,,60,semantic
24184,U+934D,鍍,54,,60,semantic
24185,U+934E,鍎,0,,60,semantic
24186,U+934F,鍏,0,,60,semantic
24187,U+9350,鍐,4,,60,semantic
24188,U+9351,鍑,0,,60,semantic
24189,U+9352,鍒,0,,60,semantic
24190,U+9353,鍓,0,,60,semantic
24191,U+9354,鍔,2,,60,semantic
24192,U+9355,鍕,0,,60,semantic
24193,U+9356,鍖,0,,60,semantic
24194,U+9357,鍗,0,,60,semantic
24195,U+9358,鍘,48,,60,semantic
24196,U+9359,鍙,0,,60,semantic
24197,U+935A,鍚,53,,60,semantic
24198,U+935B,鍛,2,,60,semantic
24199,U+935C,鍜,2,,60,semantic
24200,U+935D,鍝,0,,60,semantic
24201,U+935E,鍞,0,,60,semantic
24202,U+935F,鍟,53,,60,semantic
24203,U+9360,鍠,2,,60,semantic
24204,U+9361,鍡,0,,60,semantic
24205,U+9362,鍢,0,,60,semantic
24206,U+9363,鍣,0,,60,semantic
24207,U+9364,鍤,2,,60,semantic
24208,U+9365,鍥,52,,60,semantic
24209,U+9366,鍦,0,,60,semantic
24210,U+9367,鍧,0,,60,semantic
24211,U+9368,鍨,0,,60,semantic
24212,U+9369,鍩,6,,60,semantic
24213,U+936A,鍪,2,,60,semantic
24214,U+936B,鍫,14,,60,semantic
24215,U+936C,鍬,14,,60,semantic
24216,U+936D,鍭,53,,60,semantic
24217,U+936E,鍮,2,,60,semantic
24218,U+936F,鍯,0,,60,semantic
24219,U+9370,鍰,29,,60,semantic
24220,U+9371,鍱,6,,60,semantic
24221,U+9372,鍲,0,,60,semantic
24222,U+9373,鍳,0,,60,semantic
24223,U+9374,鍴,0,,60,semantic
24224,U+9375,鍵,46,,60,semantic
24225,U+9376,鍶,6,,60,semantic
24226,U+9377,鍷,0,,60,semantic
24227,U+9378,鍸,54,,60,semantic
24228,U+9379,鍹,0,,60,semantic
24229,U+937A,鍺,6,,60,semantic
24230,U+937B,鍻,0,,60,semantic
24231,U+937C,鍼,46,,60,semantic
24232,U+937D,鍽,0,,60,semantic
24233,U+937E,鍾,26,,60,semantic
24234,U+937F,鍿,0,,60,semantic
24235,U+9380,鎀,0,,60,semantic
24236,U+9381,鎁,0,,60,semantic
24237,U+9382,鎂,6,,60,semantic
24238,U+9383,鎃,0,,60,semantic
24239,U+9384,鎄,6,,60,semantic
24240,U+9385,鎅,52,,60,semantic
24241,U+9386,鎆,0,,60,semantic
24242,U+9387,鎇,6,,60,semantic
24243,U+9388,鎈,0,,60,semantic
24244,U+9389,鎉,6,,60,semantic
24245,U+938A,鎊,52,,60,semantic
24246,U+938B,鎋,59,,60,semantic
24247,U+938C,鎌,49,,60,semantic
24248,U+938D,鎍,46,,60,semantic
24249,U+938E,鎎,0,,60,semantic
24250,U+938F,鎏,50,,60,semantic
24251,U+9390,鎐,24,,60,semantic
24252,U+9391,鎑,0,,60,semantic
24253,U+9392,鎒,3,,60,semantic
24254,U+9393,鎓,0,,60,semantic
24255,U+9394,鎔,49,,60,semantic
24256,U+9395,鎕,0,,60,semantic
24257,U+9396,鎖,46,,60,semantic
24258,U+9397,鎗,2,,60,semantic
24259,U+9398,鎘,6,,60,semantic
24260,U+9399,鎙,2,,60,semantic
24261,U+939A,鎚,2,,60,semantic
24262,U+939B,鎛,18,,60,semantic
24263,U+939C,鎜,0,,60,semantic
24264,U+939D,鎝,6,,60,semantic
24265,U+939E,鎞,53,,60,semantic
24266,U+939F,鎟,0,,60,semantic
24267,U+93A0,鎠,0,,60,semantic
24268,U+93A1,鎡,53,,60,semantic
24269,U+93A2,鎢,6,,60,semantic
24270,U+93A3,鎣,53,,60,semantic
24271,U+93A4,鎤,8,,60,semantic
24272,U+93A5,鎥,0,,60,semantic
24273,U+93A6,鎦,6,,60,semantic
24274,U+93A7,鎧,2,,60,semantic
24275,U+93A8,鎨,0,,60,semantic
24276,U+93A9,鎩,2,,60,semantic
24277,U+93AA,鎪,2,,60,semantic
24278,U+93AB,鎫,35,,60,semantic
24279,U+93AC,鎬,39,,60,semantic
24280,U+93AD,鎭,43,,60,semantic
24281,U+93AE,鎮,34,,60,semantic
24282,U+93AF,鎯,2,,60,semantic
24283,U+93B0,鎰,6,,60,semantic
24284,U+93B1,鎱,0,,60,semantic
24285,U+93B2,鎲,2,,60,semantic
24286,U+93B3,鎳,6,,60,semantic
24287,U+93B4,鎴,0,,60,semantic
24288,U+93B5,鎵,6,,60,semantic
24289,U+93B6,鎶,6,,60,semantic
24290,U+93B7,鎷,0,,60,semantic
24291,U+93B8,鎸,2,,60,semantic
24292,U+93B9,鎹,52,,60,semantic
24293,U+93BA,鎺,0,,60,semantic
24294,U+93BB,鎻,46,,60,semantic
24295,U+93BC,鎼,0,,60,semantic
24296,U+93BD,鎽,0,,60,semantic
24297,U+93BE,鎾,0,,60,semantic
24298,U+93BF,鎿,6,,60,semantic
24299,U+93C0,鏀,0,,60,semantic
24300,U+93C1,鏁,46,,60,semantic
24301,U+93C2,鏂,0,,60,semantic
24302,U+93C3,鏃,2,,60,semantic
24303,U+93C4,鏄,0,,60,semantic
24304,U+93C5,鏅,0,,60,semantic
24305,U+93C6,鏆,0,,60,semantic
24306,U+93C7,鏇,53,,60,semantic
24307,U+93C8,鏈,46,,60,semantic
24308,U+93C9,鏉,0,,60,semantic
24309,U+93CA,鏊,54,,60,semantic
24310,U+93CB,鏋,0,,60,semantic
24311,U+93CC,鏌,2,,60,semantic
24312,U+93CD,鏍,0,,60,semantic
24313,U+93CE,鏎,0,,60,semantic
24314,U+93CF,鏏,0,,60,semantic
24315,U+93D0,鏐,50,,60,semantic
24316,U+93D1,鏑,6,,60,semantic
24317,U+93D2,鏒,0,,60,semantic
24318,U+93D3,鏓,0,,60,semantic
24319,U+93D4,鏔,0,,60,semantic
24320,U+93D5,鏕,0,,60,semantic
24321,U+93D6,鏖,1,,60,semantic
24322,U+93D7,鏗,1,,60,semantic
24323,U+93D8,鏘,26,,60,semantic
24324,U+93D9,鏙,0,,60,semantic
24325,U+93DA,鏚,2,,60,semantic
24326,U+93DB,鏛,59,,60,semantic
24327,U+93DC,鏜,45,,60,semantic
24328,U+93DD,鏝,53,,60,semantic
24329,U+93DE,鏞,46,,60,semantic
24330,U+93DF,鏟,52,,60,semantic
24331,U+93E0,鏠,0,,60,semantic
24332,U+93E1,鏡,7,,60,semantic
24333,U+93E2,鏢,2,,60,semantic
24334,U+93E3,鏣,0,,60,semantic
24335,U+93E4,鏤,2,,60,semantic
24336,U+93E5,鏥,6,,60,semantic
24337,U+93E6,鏦,2,,60,semantic
24338,U+93E7,鏧,0,,60,semantic
24339,U+93E8,鏨,2,,60,semantic
24340,U+93E9,鏩,0,,60,semantic
24341,U+93EA,鏪,0,,60,semantic
24342,U+93EB,鏫,0,,60,semantic
24343,U+93EC,鏬,0,,60,semantic
24344,U+93ED,鏭,0,,60,semantic
24345,U+93EE,鏮,0,,60,semantic
24346,U+93EF,鏯,0,,60,semantic
24347,U+93F0,鏰,29,,60,semantic
24348,U+93F1,鏱,0,,60,semantic
24349,U+93F2,鏲,0,,60,semantic
24350,U+93F3,鏳,0,,60,semantic
24351,U+93F4,鏴,46,,60,semantic
24352,U+93F5,鏵,2,,60,semantic
24353,U+93F6,鏶,0,,60,semantic
24354,U+93F7,鏷,6,,60,semantic
24355,U+93F8,鏸,0,,60,semantic
24356,U+93F9,鏹,29,,60,semantic
24357,U+93FA,鏺,52,,60,semantic
24358,U+93FB,鏻,6,,60,semantic
24359,U+93FC,鏼,0,,60,semantic
24360,U+93FD,鏽,6,,60,semantic
24361,U+93FE,鏾,46,,60,semantic
24362,U+93FF,鏿,0,,60,semantic
24363,U+9400,鐀,27,,60,semantic
24364,U+9401,鐁,0,,60,semantic
24365,U+9402,鐂,0,,60,semantic
24366,U+9403,鐃,46,,60,semantic
24367,U+9404,鐄,53,,60,semantic
24368,U+9405,鐅,0,,60,semantic
24369,U+9406,鐆,7,,60,semantic
24370,U+9407,鐇,6,,60,semantic
24371,U+9408,鐈,0,,60,semantic
24372,U+9409,鐉,0,,60,semantic
24373,U+940A,鐊,0,,60,semantic
24374,U+940B,鐋,53,,60,semantic
24375,U+940C,鐌,0,,60,semantic
24376,U+940D,鐍,46,,60,semantic
24377,U+940E,鐎,0,,60,semantic
24378,U+940F,鐏,53,,60,semantic
24379,U+9410,鐐,56,,60,semantic
24380,U+9411,鐑,0,,60,semantic
24381,U+9412,鐒,6,,60,semantic
24382,U+9413,鐓,53,,60,semantic
24383,U+9414,鐔,2,,60,semantic
24384,U+9415,鐕,0,,60,semantic
24385,U+9416,鐖,46,,60,semantic
24386,U+9417,鐗,0,,60,semantic
24387,U+9418,鐘,53,,60,semantic
24388,U+9419,鐙,39,,60,semantic
24389,U+941A,鐚,6,,60,semantic
24390,U+941B,鐛,0,,60,semantic
24391,U+941C,鐜,0,,60,semantic
24392,U+941D,鐝,13,,60,semantic
24393,U+941E,鐞,0,,60,semantic
24394,U+941F,鐟,0,,60,semantic
24395,U+9420,鐠,6,,60,semantic
24396,U+9421,鐡,2,,60,semantic
24397,U+9422,鐢,0,,60,semantic
24398,U+9423,鐣,0,,60,semantic
24399,U+9424,鐤,59,,60,semantic
24400,U+9425,鐥,1,,60,semantic
24401,U+9426,鐦,6,,60,semantic
24402,U+9427,鐧,53,,60,semantic
24403,U+9428,鐨,6,,60,semantic
24404,U+9429,鐩,7,,60,semantic
24405,U+942A,鐪,0,,60,semantic
24406,U+942B,鐫,2,,60,semantic
24407,U+942C,鐬,0,,60,semantic
24408,U+942D,鐭,0,,60,semantic
24409,U+942E,鐮,49,,60,semantic
24410,U+942F,鐯,14,,60,semantic
24411,U+9430,鐰,0,,60,semantic
24412,U+9431,鐱,0,,60,semantic
24413,U+9432,鐲,46,,60,semantic
24414,U+9433,鐳,6,,60,semantic
24415,U+9434,鐴,0,,60,semantic
24416,U+9435,鐵,6,,60,semantic
24417,U+9436,鐶,6,,60,semantic
24418,U+9437,鐷,0,,60,semantic
24419,U+9438,鐸,53,,60,semantic
24420,U+9439,鐹,0,,60,semantic
24421,U+943A,鐺,26,,60,semantic
24422,U+943B,鐻,53,,60,semantic
24423,U+943C,鐼,0,,60,semantic
24424,U+943D,鐽,0,,60,semantic
24425,U+943E,鐾,52,,60,semantic
24426,U+943F,鐿,6,,60,semantic
24427,U+9440,鑀,6,,60,semantic
24428,U+9441,鑁,0,,60,semantic
24429,U+9442,鑂,0,,60,semantic
24430,U+9443,鑃,0,,60,semantic
24431,U+9444,鑄,49,,60,semantic
24432,U+9445,鑅,0,,60,semantic
24433,U+9446,鑆,0,,60,semantic
24434,U+9447,鑇,0,,60,semantic
24435,U+9448,鑈,34,,60,semantic
24436,U+9449,鑉,0,,60,semantic
24437,U+944A,鑊,26,,60,semantic
24438,U+944B,鑋,0,,60,semantic
24439,U+944C,鑌,6,,60,semantic
24440,U+944D,鑍,0,,60,semantic
24441,U+944E,鑎,0,,60,semantic
24442,U+944F,鑏,0,,60,semantic
24443,U+9450,鑐,46,,60,semantic
24444,U+9451,鑑,7,,60,semantic
24445,U+9452,鑒,7,,60,semantic
24446,U+9453,鑓,2,,60,semantic
24447,U+9454,鑔,27,,60,semantic
24448,U+9455,鑕,52,,60,semantic
24449,U+9456,鑖,0,,60,semantic
24450,U+9457,鑗,0,,60,semantic
24451,U+9458,鑘,0,,60,semantic
24452,U+9459,鑙,0,,60,semantic
24453,U+945A,鑚,2,,60,semantic
24454,U+945B,鑛,14,,60,semantic
24455,U+945C,鑜,0,,60,semantic
24456,U+945D,鑝,0,,60,semantic
24457,U+945E,鑞,26,,60,semantic
24458,U+945F,鑟,0,,60,semantic
24459,U+9460,鑠,49,,60,semantic
24460,U+9461,鑡,0,,60,semantic
24461,U+9462,鑢,52,,60,semantic
24462,U+9463,鑣,59,,60,semantic
24463,U+9464,鑤,2,,60,semantic
24464,U+9465,鑥,6,,60,semantic
24465,U+9466,鑦,0,,60,semantic
24466,U+9467,鑧,0,,60,semantic
24467,U+9468,鑨,0,,60,semantic
24468,U+9469,鑩,0,,60,semantic
24469,U+946A,鑪,39,,60,semantic
24470,U+946B,鑫,32,,60,semantic
24471,U+946C,鑬,0,,60,semantic
24472,U+946D,鑭,6,,60,semantic
24473,U+946E,鑮,0,,60,semantic
24474,U+946F,鑯,0,,60,semantic
24475,U+9470,鑰,46,,60,semantic
24476,U+9471,鑱,2,,60,semantic
24477,U+9472,鑲,33,,60,semantic
24478,U+9473,鑳,0,,60,semantic
24479,U+9474,鑴,52,,60,semantic
24480,U+9475,鑵,26,,60,semantic
24481,U+9476,鑶,0,,60,semantic
24482,U+9477,鑷,46,,60,semantic
24483,U+9478,鑸,0,,60,semantic
24484,U+9479,鑹,13,,60,semantic
24485,U+947A,鑺,0,,60,semantic
24486,U+947B,鑻,0,,60,semantic
24487,U+947C,鑼,53,,60,semantic
24488,U+947D,鑽,2,,60,semantic
24489,U+947E,鑾,46,,60,semantic
24490,U+947F,鑿,46,,60,semantic
24491,U+9480,钀,0,,60,semantic
24492,U+9481,钁,53,,60,semantic
24493,U+9482,钂,2,,60,semantic
24494,U+9483,钃,0,,60,semantic
24495,U+9484,钄,0,,60,semantic
24496,U+9485,钅,30,,60,semantic
24497,U+9486,钆,6,,60,semantic
24498,U+9487,钇,6,,60,semantic
24499,U+9488,针,46,,60,semantic
24500,U+9489,钉,13,,60,semantic
24501,U+948A,钊,33,,60,semantic
24502,U+948B,钋,6,,60,semantic
24503,U+948C,钌,6,,60,semantic
24504,U+948D,钍,6,,60,semantic
24505,U+948E,钎,14,,60,semantic
24506,U+948F,钏,46,,60,semantic
24507,U+9490,钐,48,,60,semantic
24508,U+9491,钑,2,,60,semantic
24509,U+9492,钒,6,,60,semantic
24510,U+9493,钓,25,,60,semantic
24511,U+9494,钔,57,,60,semantic
24512,U+9495,钕,6,,60,semantic
24513,U+9496,钖,53,,60,semantic
24514,U+9497,钗,4,,60,semantic
24515,U+9498,钘,24,,60,semantic
24516,U+9499,钙,6,,60,semantic
24517,U+949A,钚,6,,60,semantic
24518,U+949B,钛,6,,60,semantic
24519,U+949C,钜,2,,60,semantic
24520,U+949D,钝,45,,60,semantic
24521,U+949E,钞,29,,60,semantic
24522,U+949F,钟,53,,60,semantic
24523,U+94A0,钠,6,,60,semantic
24524,U+94A1,钡,6,,60,semantic
24525,U+94A2,钢,2,,60,semantic
24526,U+94A3,钣,54,,60,semantic
24527,U+94A4,钤,46,,60,semantic
24528,U+94A5,钥,46,,60,semantic
24529,U+94A6,钦,28,,60,semantic
24530,U+94A7,钧,6,,60,semantic
24531,U+94A8,钨,6,,60,semantic
24532,U+94A9,钩,46,,60,semantic
24533,U+94AA,钪,6,,60,semantic
24534,U+94AB,钫,6,,60,semantic
24535,U+94AC,钬,6,,60,semantic
24536,U+94AD,钭,24,,60,semantic
24537,U+94AE,钮,46,,60,semantic
24538,U+94AF,钯,6,,60,semantic
24539,U+94B0,钰,29,,60,semantic
24540,U+94B1,钱,29,,60,semantic
24541,U+94B2,钲,12,,60,semantic
24542,U+94B3,钳,46,,60,semantic
24543,U+94B4,钴,6,,60,semantic
24544,U+94B5,钵,26,,60,semantic
24545,U+94B6,钶,47,,60,semantic
24546,U+94B7,钷,6,,60,semantic
24547,U+94B8,钸,6,,60,semantic
24548,U+94B9,钹,27,,60,semantic
24549,U+94BA,钺,2,,60,semantic
24550,U+94BB,钻,2,,60,semantic
24551,U+94BC,钼,6,,60,semantic
24552,U+94BD,钽,6,,60,semantic
24553,U+94BE,钾,6,,60,semantic
24554,U+94BF,钿,4,,60,semantic
24555,U+94C0,铀,6,,60,semantic
24556,U+94C1,铁,2,,60,semantic
24557,U+94C2,铂,6,,60,semantic
24558,U+94C3,铃,53,,60,semantic
24559,U+94C4,铄,49,,60,semantic
24560,U+94C5,铅,6,,60,semantic
24561,U+94C6,铆,49,,60,semantic
24562,U+94C7,铇,2,,60,semantic
24563,U+94C8,铈,6,,60,semantic
24564,U+94C9,铉,59,,60,semantic
24565,U+94CA,铊,6,,60,semantic
24566,U+94CB,铋,6,,60,semantic
24567,U+94CC,铌,6,,60,semantic
24568,U+94CD,铍,6,,60,semantic
24569,U+94CE,铎,53,,60,semantic
24570,U+94CF,铏,14,,60,semantic
24571,U+94D0,铐,46,,60,semantic
24572,U+94D1,铑,6,,60,semantic
24573,U+94D2,铒,6,,60,semantic
24574,U+94D3,铓,2,,60,semantic
24575,U+94D4,铔,6,,60,semantic
24576,U+94D5,铕,6,,60,semantic
24577,U+94D6,铖,32,,60,semantic
24578,U+94D7,铗,2,,60,semantic
24579,U+94D8,铘,2,,60,semantic
24580,U+94D9,铙,46,,60,semantic
24581,U+94DA,铚,56,,60,semantic
24582,U+94DB,铛,26,,60,semantic
24583,U+94DC,铜,6,,60,semantic
24584,U+94DD,铝,6,,60,semantic
24585,U+94DE,铞,47,,60,semantic
24586,U+94DF,铟,6,,60,semantic
24587,U+94E0,铠,2,,60,semantic
24588,U+94E1,铡,48,,60,semantic
24589,U+94E2,铢,43,,60,semantic
24590,U+94E3,铣,48,,60,semantic
24591,U+94E4,铤,2,,60,semantic
24592,U+94E5,铥,6,,60,semantic
24593,U+94E6,铦,28,,60,semantic
24594,U+94E7,铧,2,,60,semantic
24595,U+94E8,铨,18,,60,semantic
24596,U+94E9,铩,33,,60,semantic
24597,U+94EA,铪,6,,60,semantic
24598,U+94EB,铫,2,,60,semantic
24599,U+94EC,铬,6,,60,semantic
24600,U+94ED,铭,47,,60,semantic
24601,U+94EE,铮,8,,60,semantic
24602,U+94EF,铯,38,,60,semantic
24603,U+94F0,铰,52,,60,semantic
24604,U+94F1,铱,6,,60,semantic
24605,U+94F2,铲,52,,60,semantic
24606,U+94F3,铳,2,,60,semantic
24607,U+94F4,铴,53,,60,semantic
24608,U+94F5,铵,6,,60,semantic
24609,U+94F6,银,29,,60,semantic
24610,U+94F7,铷,6,,60,semantic
24611,U+94F8,铸,49,,60,semantic
24612,U+94F9,铹,6,,60,semantic
24613,U+94FA,铺,9,,60,semantic
24614,U+94FB,铻,53,,60,semantic
24615,U+94FC,铼,6,,60,semantic
24616,U+94FD,铽,6,,60,semantic
24617,U+94FE,链,46,,60,semantic
24618,U+94FF,铿,1,,60,semantic
24619,U+9500,销,49,,60,semantic
24620,U+9501,锁,46,,60,semantic
24621,U+9502,锂,6,,60,semantic
24622,U+9503,锃,53,,60,semantic
24623,U+9504,锄,5,,60,semantic
24624,U+9505,锅,26,,60,semantic
24625,U+9506,锆,6,,60,semantic
24626,U+9507,锇,6,,60,semantic
24627,U+9508,锈,6,,60,semantic
24628,U+9509,锉,52,,60,semantic
24629,U+950A,锊,47,,60,semantic
24630,U+950B,锋,2,,60,semantic
24631,U+950C,锌,6,,60,semantic
24632,U+950D,锍,49,,60,semantic
24633,U+950E,锎,6,,60,semantic
24634,U+950F,锏,53,,60,semantic
24635,U+9510,锐,28,,60,semantic
24636,U+9511,锑,6,,60,semantic
24637,U+9512,锒,46,,60,semantic
24638,U+9513,锓,53,,60,semantic
24639,U+9514,锔,6,,60,semantic
24640,U+9515,锕,6,,60,semantic
24641,U+9516,锖,50,,60,semantic
24642,U+9517,锗,6,,60,semantic
24643,U+9518,锘,47,,60,semantic
24644,U+9519,错,42,,60,semantic
24645,U+951A,锚,46,,60,semantic
24646,U+951B,锛,53,,60,semantic
24647,U+951C,锜,2,,60,semantic
24648,U+951D,锝,6,,60,semantic
24649,U+951E,锞,13,,60,semantic
24650,U+951F,锟,2,,60,semantic
24651,U+9520,锠,55,,60,semantic
24652,U+9521,锡,26,,60,semantic
24653,U+9522,锢,52,,60,semantic
24654,U+9523,锣,53,,60,semantic
24655,U+9524,锤,13,,60,semantic
24656,U+9525,锥,14,,60,semantic
24657,U+9526,锦,27,,60,semantic
24658,U+9527,锧,6,,60,semantic
24659,U+9528,锨,14,,60,semantic
24660,U+9529,锩,51,,60,semantic
24661,U+952A,锪,47,,60,semantic
24662,U+952B,锫,6,,60,semantic
24663,U+952C,锬,2,,60,semantic
24664,U+952D,锭,54,,60,semantic
24665,U+952E,键,46,,60,semantic
24666,U+952F,锯,52,,60,semantic
24667,U+9530,锰,6,,60,semantic
24668,U+9531,锱,18,,60,semantic
24669,U+9532,锲,52,,60,semantic
24670,U+9533,锳,0,,60,semantic
24671,U+9534,锴,6,,60,semantic
24672,U+9535,锵,26,,60,semantic
24673,U+9536,锶,6,,60,semantic
24674,U+9537,锷,2,,60,semantic
24675,U+9538,锸,2,,60,semantic
24676,U+9539,锹,14,,60,semantic
24677,U+953A,锺,24,,60,semantic
24678,U+953B,锻,2,,60,semantic
24679,U+953C,锼,2,,60,semantic
24680,U+953D,锽,2,,60,semantic
24681,U+953E,锾,29,,60,semantic
24682,U+953F,锿,6,,60,semantic
24683,U+9540,镀,54,,60,semantic
24684,U+9541,镁,6,,60,semantic
24685,U+9542,镂,2,,60,semantic
24686,U+9543,镃,53,,60,semantic
24687,U+9544,镄,6,,60,semantic
24688,U+9545,镅,6,,60,semantic
24689,U+9546,镆,2,,60,semantic
24690,U+9547,镇,43,,60,semantic
24691,U+9548,镈,18,,60,semantic
24692,U+9549,镉,6,,60,semantic
24693,U+954A,镊,46,,60,semantic
24694,U+954B,镋,2,,60,semantic
24695,U+954C,镌,2,,60,semantic
24696,U+954D,镍,6,,60,semantic
24697,U+954E,镎,6,,60,semantic
24698,U+954F,镏,6,,60,semantic
24699,U+9550,镐,39,,60,semantic
24700,U+9551,镑,29,,60,semantic
24701,U+9552,镒,18,,60,semantic
24702,U+9553,镓,6,,60,semantic
24703,U+9554,镔,2,,60,semantic
24704,U+9555,镕,49,,60,semantic
24705,U+9556,镖,2,,60,semantic
24706,U+9557,镗,45,,60,semantic
24707,U+9558,镘,53,,60,semantic
24708,U+9559,镙,0,,60,semantic
24709,U+955A,镚,47,,60,semantic
24710,U+955B,镛,46,,60,semantic
24711,U+955C,镜,7,,60,semantic
24712,U+955D,镝,6,,60,semantic
24713,U+955E,镞,2,,60,semantic
24714,U+955F,镟,53,,60,semantic
24715,U+9560,镠,50,,60,semantic
24716,U+9561,镡,2,,60,semantic
24717,U+9562,镢,53,,60,semantic
24718,U+9563,镣,52,,60,semantic
24719,U+9564,镤,6,,60,semantic
24720,U+9565,镥,6,,60,semantic
24721,U+9566,镦,53,,60,semantic
24722,U+9567,镧,6,,60,semantic
24723,U+9568,镨,6,,60,semantic
24724,U+9569,镩,13,,60,semantic
24725,U+956A,镪,29,,60,semantic
24726,U+956B,镫,39,,60,semantic
24727,U+956C,镬,26,,60,semantic
24728,U+956D,镭,6,,60,semantic
24729,U+956E,镮,6,,60,semantic
24730,U+956F,镯,46,,60,semantic
24731,U+9570,镰,49,,60,semantic
24732,U+9571,镱,6,,60,semantic
24733,U+9572,镲,27,,60,semantic
24734,U+9573,镳,33,,60,semantic
24735,U+9574,镴,26,,60,semantic
24736,U+9575,镵,2,,60,semantic
24737,U+9576,镶,52,,60,semantic
24738,U+9577,長,30,,60,semantic
24739,U+9579,镹,0,,60,semantic
24740,U+957A,镺,0,,60,semantic
24741,U+957B,镻,0,,60,semantic
24742,U+957C,镼,0,,60,semantic
24743,U+957D,镽,0,,60,semantic
24744,U+957E,镾,0,,60,semantic
24745,U+957F,长,18,,60,semantic
24746,U+9581,閁,0,,60,semantic
24747,U+9582,閂,46,,60,semantic
24748,U+9583,閃,5,,60,semantic
24749,U+9584,閄,0,,60,semantic
24750,U+9585,閅,0,,60,semantic
24751,U+9586,閆,9,,60,semantic
24752,U+9587,閇,5,,60,semantic
24753,U+9588,閈,12,,60,semantic
24754,U+9589,閉,5,,60,semantic
24755,U+958A,閊,5,,60,semantic
24756,U+958B,開,33,,60,semantic
24757,U+958C,閌,9,,60,semantic
24758,U+958D,閍,0,,60,semantic
24759,U+958E,閎,9,,60,semantic
24760,U+958F,閏,33,,60,semantic
24761,U+9590,閐,0,,60,semantic
24762,U+9591,閑,9,,60,semantic
24763,U+9592,閒,45,,60,semantic
24764,U+9593,間,47,,60,semantic
24765,U+9594,閔,15,,60,semantic
24766,U+9595,閕,0,,60,semantic
24767,U+9596,閖,3,,60,semantic
24768,U+9597,閗,0,,60,semantic
24769,U+9598,閘,46,,60,semantic
24770,U+9599,閙,1,,60,semantic
24771,U+959A,閚,0,,60,semantic
24772,U+959B,閛,0,,60,semantic
24773,U+959C,閜,0,,60,semantic
24774,U+959D,閝,0,,60,semantic
24775,U+959E,閞,0,,60,semantic
24776,U+959F,閟,34,,60,semantic
24777,U+95A0,閠,47,,60,semantic
24778,U+95A1,閡,5,,60,semantic
24779,U+95A2,関,9,,60,semantic
24780,U+95A3,閣,9,,60,semantic
24781,U+95A4,閤,9,,60,semantic
24782,U+95A5,閥,18,,60,semantic
24783,U+95A6,閦,12,,60,semantic
24784,U+95A7,閧,8,,60,semantic
24785,U+95A8,閨,9,,60,semantic
24786,U+95A9,閩,43,,60,semantic
24787,U+95AA,閪,56,,60,semantic
24788,U+95AB,閫,57,,60,semantic
24789,U+95AC,閬,9,,60,semantic
24790,U+95AD,閭,57,,60,semantic
24791,U+95AE,閮,0,,60,semantic
24792,U+95AF,閯,0,,60,semantic
24793,U+95B0,閰,0,,60,semantic
24794,U+95B1,閱,7,,60,semantic
24795,U+95B2,閲,7,,60,semantic
24796,U+95B3,閳,0,,60,semantic
24797,U+95B4,閴,34,,60,semantic
24798,U+95B5,閵,0,,60,semantic
24799,U+95B6,閶,9,,60,semantic
24800,U+95B7,閷,0,,60,semantic
24801,U+95B8,閸,0,,60,semantic
24802,U+95B9,閹,12,,60,semantic
24803,U+95BA,閺,0,,60,semantic
24804,U+95BB,閻,9,,60,semantic
24805,U+95BC,閼,5,,60,semantic
24806,U+95BD,閽,9,,60,semantic
24807,U+95BE,閾,34,,60,semantic
24808,U+95BF,閿,43,,60,semantic
24809,U+95C0,闀,0,,60,semantic
24810,U+95C1,闁,0,,60,semantic
24811,U+95C2,闂,0,,60,semantic
24812,U+95C3,闃,34,,60,semantic
24813,U+95C4,闄,0,,60,semantic
24814,U+95C5,闅,0,,60,semantic
24815,U+95C6,闆,12,,60,semantic
24816,U+95C7,闇,34,,60,semantic
24817,U+95C8,闈,9,,60,semantic
24818,U+95C9,闉,51,,60,semantic
24819,U+95CA,闊,18,,60,semantic
24820,U+95CB,闋,9,,60,semantic
24821,U+95CC,闌,9,,60,semantic
24822,U+95CD,闍,9,,60,semantic
24823,U+95CE,闎,0,,60,semantic
24824,U+95CF,闏,0,,60,semantic
24825,U+95D0,闐,43,,60,semantic
24826,U+95D1,闑,9,,60,semantic
24827,U+95D2,闒,9,,60,semantic
24828,U+95D3,闓,34,,60,semantic
24829,U+95D4,闔,33,,60,semantic
24830,U+95D5,闕,12,,60,semantic
24831,U+95D6,闖,31,,60,semantic
24832,U+95D7,闗,9,,60,semantic
24833,U+95D8,闘,1,,60,semantic
24834,U+95D9,闙,0,,60,semantic
24835,U+95DA,闚,50,,60,semantic
24836,U+95DB,闛,0,,60,semantic
24837,U+95DC,關,9,,60,semantic
24838,U+95DD,闝,57,,60,semantic
24839,U+95DE,闞,8,,60,semantic
24840,U+95DF,闟,34,,60,semantic
24841,U+95E0,闠,9,,60,semantic
24842,U+95E1,闡,47,,60,semantic
24843,U+95E2,闢,20,,60,semantic
24844,U+95E3,闣,0,,60,semantic
24845,U+95E4,闤,9,,60,semantic
24846,U+95E5,闥,9,,60,semantic
24847,U+95E6,闦,0,,60,semantic
24848,U+95E7,闧,0,,60,semantic
24849,U+95E8,门,9,,60,semantic
24850,U+95E9,闩,46,,60,semantic
24851,U+95EA,闪,5,,60,semantic
24852,U+95EB,闫,9,,60,semantic
24853,U+95EC,闬,12,,60,semantic
24854,U+95ED,闭,5,,60,semantic
24855,U+95EE,问,20,,60,semantic
24856,U+95EF,闯,31,,60,semantic
24857,U+95F0,闰,47,,60,semantic
24858,U+95F1,闱,9,,60,semantic
24859,U+95F2,闲,9,,60,semantic
24860,U+95F3,闳,9,,60,semantic
24861,U+95F4,间,9,,60,semantic
24862,U+95F5,闵,15,,60,semantic
24863,U+95F6,闶,9,,60,semantic
24864,U+95F7,闷,15,,60,semantic
24865,U+95F8,闸,10,,60,semantic
24866,U+95F9,闹,1,,60,semantic
24867,U+95FA,闺,57,,60,semantic
24868,U+95FB,闻,8,,60,semantic
24869,U+95FC,闼,9,,60,semantic
24870,U+95FD,闽,43,,60,semantic
24871,U+95FE,闾,57,,60,semantic
24872,U+95FF,闿,34,,60,semantic
24873,U+9600,阀,18,,60,semantic
24874,U+9601,阁,9,,60,semantic
24875,U+9602,阂,34,,60,semantic
24876,U+9603,阃,57,,60,semantic
24877,U+9604,阄,18,,60,semantic
24878,U+9605,阅,7,,60,semantic
24879,U+9606,阆,9,,60,semantic
24880,U+9607,阇,12,,60,semantic
24881,U+9608,阈,34,,60,semantic
24882,U+9609,阉,33,,60,semantic
24883,U+960A,阊,9,,60,semantic
24884,U+960B,阋,1,,60,semantic
24885,U+960C,阌,43,,60,semantic
24886,U+960D,阍,9,,60,semantic
24887,U+960E,阎,9,,60,semantic
24888,U+960F,阏,5,,60,semantic
24889,U+9610,阐,47,,60,semantic
24890,U+9611,阑,9,,60,semantic
24891,U+9612,阒,34,,60,semantic
24892,U+9613,阓,9,,60,semantic
24893,U+9614,阔,18,,60,semantic
24894,U+9615,阕,9,,60,semantic
24895,U+9616,阖,3,,60,semantic
24896,U+9617,阗,43,,60,semantic
24897,U+9618,阘,9,,60,semantic
24898,U+9619,阙,12,,60,semantic
24899,U+961A,阚,8,,60,semantic
24900,U+961B,阛,9,,60,semantic
24901,U+961C,阜,30,,60,semantic
24902,U+961E,阞,46,,60,semantic
24903,U+961F,队,33,,60,semantic
24904,U+9620,阠,0,,60,semantic
24905,U+9621,阡,31,,60,semantic
24906,U+9622,阢,41,,60,semantic
24907,U+9623,阣,0,,60,semantic
24908,U+9624,阤,22,,60,semantic
24909,U+9625,阥,0,,60,semantic
24910,U+9626,阦,0,,60,semantic
24911,U+9627,阧,22,,60,semantic
24912,U+9628,阨,42,,60,semantic
24913,U+9629,阩,0,,60,semantic
24914,U+962A,阪,22,,60,semantic
24915,U+962B,阫,0,,60,semantic
24916,U+962C,阬,14,,60,semantic
24917,U+962D,阭,0,,60,semantic
24918,U+962E,阮,32,,60,semantic
24919,U+962F,阯,14,,60,semantic
24920,U+9630,阰,0,,60,semantic
24921,U+9631,阱,46,,60,semantic
24922,U+9632,防,5,,60,semantic
24923,U+9633,阳,50,,60,semantic
24924,U+9634,阴,57,,60,semantic
24925,U+9635,阵,2,,60,semantic
24926,U+9636,阶,33,,60,semantic
24927,U+9637,阷,0,,60,semantic
24928,U+9638,阸,15,,60,semantic
24929,U+9639,阹,9,,60,semantic
24930,U+963A,阺,0,,60,semantic
24931,U+963B,阻,5,,60,semantic
24932,U+963C,阼,9,,60,semantic
24933,U+963D,阽,9,,60,semantic
24934,U+963E,阾,0,,60,semantic
24935,U+963F,阿,32,,60,semantic
24936,U+9640,陀,22,,60,semantic
24937,U+9641,陁,22,,60,semantic
24938,U+9642,陂,10,,60,semantic
24939,U+9643,陃,47,,60,semantic
24940,U+9644,附,33,,60,semantic
24941,U+9645,际,9,,60,semantic
24942,U+9646,陆,14,,60,semantic
24943,U+9647,陇,43,,60,semantic
24944,U+9648,陈,32,,60,semantic
24945,U+9649,陉,22,,60,semantic
24946,U+964A,陊,0,,60,semantic
24947,U+964B,陋,45,,60,semantic
24948,U+964C,陌,21,,60,semantic
24949,U+964D,降,5,,60,semantic
24950,U+964E,陎,0,,60,semantic
24951,U+964F,陏,0,,60,semantic
24952,U+9650,限,46,,60,semantic
24953,U+9651,陑,0,,60,semantic
24954,U+9652,陒,0,,60,semantic
24955,U+9653,陓,0,,60,semantic
24956,U+9654,陔,9,,60,semantic
24957,U+9655,陕,43,,60,semantic
24958,U+9656,陖,0,,60,semantic
24959,U+9657,陗,22,,60,semantic
24960,U+9658,陘,22,,60,semantic
24961,U+9659,陙,0,,60,semantic
24962,U+965A,陚,0,,60,semantic
24963,U+965B,陛,12,,60,semantic
24964,U+965C,陜,22,,60,semantic
24965,U+965D,陝,43,,60,semantic
24966,U+965E,陞,13,,60,semantic
24967,U+965F,陟,13,,60,semantic
24968,U+9660,陠,0,,60,semantic
24969,U+9661,陡,22,,60,semantic
24970,U+9662,院,9,,60,semantic
24971,U+9663,陣,2,,60,semantic
24972,U+9664,除,5,,60,semantic
24973,U+9665,陥,13,,60,semantic
24974,U+9666,陦,0,,60,semantic
24975,U+9667,陧,42,,60,semantic
24976,U+9668,陨,5,,60,semantic
24977,U+9669,险,33,,60,semantic
24978,U+966A,陪,33,,60,semantic
24979,U+966B,陫,0,,60,semantic
24980,U+966C,陬,14,,60,semantic
24981,U+966D,陭,0,,60,semantic
24982,U+966E,陮,0,,60,semantic
24983,U+966F,陯,0,,60,semantic
24984,U+9670,陰,43,,60,semantic
24985,U+9671,陱,0,,60,semantic
24986,U+9672,陲,9,,60,semantic
24987,U+9673,陳,12,,60,semantic
24988,U+9674,陴,9,,60,semantic
24989,U+9675,陵,14,,60,semantic
24990,U+9676,陶,26,,60,semantic
24991,U+9677,陷,13,,60,semantic
24992,U+9678,陸,47,,60,semantic
24993,U+9679,陹,0,,60,semantic
24994,U+967A,険,31,,60,semantic
24995,U+967B,陻,14,,60,semantic
24996,U+967C,陼,53,,60,semantic
24997,U+967D,陽,50,,60,semantic
24998,U+967E,陾,47,,60,semantic
24999,U+967F,陿,45,,60,semantic
25000,U+9680,隀,0,,60,semantic
25001,U+9681,隁,0,,60,semantic
25002,U+9682,隂,34,,60,semantic
25003,U+9683,隃,43,,60,semantic
25004,U+9684,隄,14,,60,semantic
25005,U+9685,隅,9,,60,semantic
25006,U+9686,隆,28,,60,semantic
25007,U+9687,隇,0,,60,semantic
25008,U+9688,隈,10,,60,semantic
25009,U+9689,隉,42,,60,semantic
25010,U+968A,隊,47,,60,semantic
25011,U+968B,隋,12,,60,semantic
25012,U+968C,隌,0,,60,semantic
25013,U+968D,隍,10,,60,semantic
25014,U+968E,階,33,,60,semantic
25015,U+968F,随,20,,60,semantic
25016,U+9690,隐,34,,60,semantic
25017,U+9691,隑,0,,60,semantic
25018,U+9692,隒,22,,60,semantic
25019,U+9693,隓,0,,60,semantic
25020,U+9694,隔,47,,60,semantic
25021,U+9695,隕,5,,60,semantic
25022,U+9696,隖,9,,60,semantic
25023,U+9697,隗,18,,60,semantic
25024,U+9698,隘,33,,60,semantic
25025,U+9699,隙,52,,60,semantic
25026,U+969A,隚,0,,60,semantic
25027,U+969B,際,9,,60,semantic
25028,U+969C,障,9,,60,semantic
25029,U+969D,隝,9,,60,semantic
25030,U+969E,隞,0,,60,semantic
25031,U+969F,隟,0,,60,semantic
25032,U+96A0,隠,34,,60,semantic
25033,U+96A1,隡,0,,60,semantic
25034,U+96A2,隢,0,,60,semantic
25035,U+96A3,隣,9,,60,semantic
25036,U+96A4,隤,5,,60,semantic
25037,U+96A5,隥,0,,60,semantic
25038,U+96A6,隦,0,,60,semantic
25039,U+96A7,隧,9,,60,semantic
25040,U+96A8,隨,20,,60,semantic
25041,U+96A9,隩,28,,60,semantic
25042,U+96AA,險,31,,60,semantic
25043,U+96AB,隫,0,,60,semantic
25044,U+96AC,隬,0,,60,semantic
25045,U+96AD,隭,0,,60,semantic
25046,U+96AE,隮,16,,60,semantic
25047,U+96AF,隯,0,,60,semantic
25048,U+96B0,隰,10,,60,semantic
25049,U+96B1,隱,34,,60,semantic
25050,U+96B2,隲,35,,60,semantic
25051,U+96B3,隳,5,,60,semantic
25052,U+96B4,隴,43,,60,semantic
25053,U+96B5,隵,0,,60,semantic
25054,U+96B6,隶,30,,60,semantic
25055,U+96B7,隷,33,,60,semantic
25056,U+96B8,隸,20,,60,semantic
25057,U+96B9,隹,30,,60,semantic
25058,U+96BA,隺,44,,60,semantic
25059,U+96BB,隻,34,,60,semantic
25060,U+96BC,隼,44,,60,semantic
25061,U+96BD,隽,28,,60,semantic
25062,U+96BE,难,45,,60,semantic
25063,U+96BF,隿,0,,60,semantic
25064,U+96C0,雀,44,,60,semantic
25065,U+96C1,雁,44,,60,semantic
25066,U+96C2,雂,0,,60,semantic
25067,U+96C3,雃,0,,60,semantic
25068,U+96C4,雄,57,,60,semantic
25069,U+96C5,雅,28,,60,semantic
25070,U+96C6,集,33,,60,semantic
25071,U+96C7,雇,33,,60,semantic
25072,U+96C8,雈,0,,60,semantic
25073,U+96C9,雉,9,,60,semantic
25074,U+96CA,雊,44,,60,semantic
25075,U+96CB,雋,28,,60,semantic
25076,U+96CC,雌,57,,60,semantic
25077,U+96CD,雍,28,,60,semantic
25078,U+96CE,雎,25,,60,semantic
25079,U+96CF,雏,57,,60,semantic
25080,U+96D0,雐,0,,60,semantic
25081,U+96D1,雑,49,,60,semantic
25082,U+96D2,雒,35,,60,semantic
25083,U+96D3,雓,0,,60,semantic
25084,U+96D4,雔,0,,60,semantic
25085,U+96D5,雕,44,,60,semantic
25086,U+96D6,雖,47,,60,semantic
25087,U+96D7,雗,44,,60,semantic
25088,U+96D8,雘,49,,60,semantic
25089,U+96D9,雙,47,,60,semantic
25090,U+96DA,雚,44,,60,semantic
25091,U+96DB,雛,57,,60,semantic
25092,U+96DC,雜,49,,60,semantic
25093,U+96DD,雝,10,,60,semantic
25094,U+96DE,雞,44,,60,semantic
25095,U+96DF,雟,44,,60,semantic
25096,U+96E0,雠,42,,60,semantic
25097,U+96E1,雡,0,,60,semantic
25098,U+96E2,離,5,,60,semantic
25099,U+96E3,難,45,,60,semantic
25100,U+96E4,雤,0,,60,semantic
25101,U+96E5,雥,0,,60,semantic
25102,U+96E6,雦,0,,60,semantic
25103,U+96E7,雧,0,,60,semantic
25104,U+96E8,雨,30,,60,semantic
25105,U+96E9,雩,29,,60,semantic
25106,U+96EA,雪,42,,60,semantic
25107,U+96EB,雫,23,,60,semantic
25108,U+96EC,雬,0,,60,semantic
25109,U+96ED,雭,0,,60,semantic
25110,U+96EE,雮,0,,60,semantic
25111,U+96EF,雯,16,,60,semantic
25112,U+96F0,雰,16,,60,semantic
25113,U+96F1,雱,16,,60,semantic
25114,U+96F2,雲,43,,60,semantic
25115,U+96F3,雳,16,,60,semantic
25116,U+96F4,雴,0,,60,semantic
25117,U+96F5,雵,0,,60,semantic
25118,U+96F6,零,45,,60,semantic
25119,U+96F7,雷,16,,60,semantic
25120,U+96F8,雸,0,,60,semantic
25121,U+96F9,雹,16,,60,semantic
25122,U+96FA,雺,0,,60,semantic
25123,U+96FB,電,39,,60,semantic
25124,U+96FC,雼,0,,60,semantic
25125,U+96FD,雽,0,,60,semantic
25126,U+96FE,雾,16,,60,semantic
25127,U+96FF,雿,0,,60,semantic
25128,U+9700,需,47,,60,semantic
25129,U+9701,霁,5,,60,semantic
25130,U+9702,霂,23,,60,semantic
25131,U+9703,霃,23,,60,semantic
25132,U+9704,霄,16,,60,semantic
25133,U+9705,霅,16,,60,semantic
25134,U+9706,霆,16,,60,semantic
25135,U+9707,震,16,,60,semantic
25136,U+9708,霈,23,,60,semantic
25137,U+9709,霉,38,,60,semantic
25138,U+970A,霊,12,,60,semantic
25139,U+970B,霋,45,,60,semantic
25140,U+970C,霌,0,,60,semantic
25141,U+970D,霍,32,,60,semantic
25142,U+970E,霎,16,,60,semantic
25143,U+970F,霏,16,,60,semantic
25144,U+9710,霐,0,,60,semantic
25145,U+9711,霑,23,,60,semantic
25146,U+9712,霒,0,,60,semantic
25147,U+9713,霓,50,,60,semantic
25148,U+9714,霔,0,,60,semantic
25149,U+9715,霕,0,,60,semantic
25150,U+9716,霖,23,,60,semantic
25151,U+9717,霗,0,,60,semantic
25152,U+9718,霘,0,,60,semantic
25153,U+9719,霙,28,,60,semantic
25154,U+971A,霚,0,,60,semantic
25155,U+971B,霛,0,,60,semantic
25156,U+971C,霜,49,,60,semantic
25157,U+971D,霝,23,,60,semantic
25158,U+971E,霞,16,,60,semantic
25159,U+971F,霟,0,,60,semantic
25160,U+9720,霠,0,,60,semantic
25161,U+9721,霡,23,,60,semantic
25162,U+9722,霢,49,,60,semantic
25163,U+9723,霣,5,,60,semantic
25164,U+9724,霤,23,,60,semantic
25165,U+9725,霥,16,,60,semantic
25166,U+9726,霦,0,,60,semantic
25167,U+9727,霧,16,,60,semantic
25168,U+9728,霨,16,,60,semantic
25169,U+9729,霩,0,,60,semantic
25170,U+972A,霪,23,,60,semantic
25171,U+972B,霫,23,,60,semantic
25172,U+972C,霬,0,,60,semantic
25173,U+972D,霭,16,,60,semantic
25174,U+972E,霮,0,,60,semantic
25175,U+972F,霯,0,,60,semantic
25176,U+9730,霰,39,,60,semantic
25177,U+9731,霱,16,,60,semantic
25178,U+9732,露,49,,60,semantic
25179,U+9733,霳,0,,60,semantic
25180,U+9734,霴,0,,60,semantic
25181,U+9735,霵,0,,60,semantic
25182,U+9736,霶,23,,60,semantic
25183,U+9737,霷,0,,60,semantic
25184,U+9738,霸,47,,60,semantic
25185,U+9739,霹,16,,60,semantic
25186,U+973A,霺,0,,60,semantic
25187,U+973B,霻,0,,60,semantic
25188,U+973C,霼,0,,60,semantic
25189,U+973D,霽,5,,60,semantic
25190,U+973E,霾,16,,60,semantic
25191,U+973F,霿,0,,60,semantic
25192,U+9740,靀,16,,60,semantic
25193,U+9741,靁,18,,60,semantic
25194,U+9742,靂,16,,60,semantic
25195,U+9743,靃,0,,60,semantic
25196,U+9744,靄,16,,60,semantic
25197,U+9745,靅,0,,60,semantic
25198,U+9746,靆,16,,60,semantic
25199,U+9747,靇,0,,60,semantic
25200,U+9748,靈,12,,60,semantic
25201,U+9749,靉,16,,60,semantic
25202,U+974A,靊,0,,60,semantic
25203,U+974B,靋,0,,60,semantic
25204,U+974C,靌,0,,60,semantic
25205,U+974D,靍,0,,60,semantic
25206,U+974E,靎,0,,60,semantic
25207,U+974F,靏,0,,60,semantic
25208,U+9750,靐,0,,60,semantic
25209,U+9751,靑,30,,60,semantic
25210,U+9752,青,30,,60,semantic
25211,U+9753,靓,4,,60,semantic
25212,U+9754,靔,0,,60,semantic
25213,U+9755,靕,0,,60,semantic
25214,U+9756,靖,36,,60,semantic
25215,U+9757,靗,0,,60,semantic
25216,U+9758,靘,0,,60,semantic
25217,U+9759,静,34,,60,semantic
25218,U+975A,靚,4,,60,semantic
25219,U+975B,靛,50,,60,semantic
25220,U+975C,靜,34,,60,semantic
25221,U+975D,靝,12,,60,semantic
25222,U+975E,非,30,,60,semantic
25223,U+975F,靟,0,,60,semantic
25224,U+9760,靠,20,,60,semantic
25225,U+9761,靡,5,,60,semantic
25226,U+9762,面,30,,60,semantic
25227,U+9763,靣,0,,60,semantic
25228,U+9764,靤,0,,60,semantic
25229,U+9765,靥,45,,60,semantic
25230,U+9766,靦,36,,60,semantic
25231,U+9767,靧,4,,60,semantic
25232,U+9768,靨,45,,60,semantic
25233,U+9769,革,30,,60,semantic
25234,U+976A,靪,52,,60,semantic
25235,U+976B,靫,18,,60,semantic
25236,U+976C,靬,0,,60,semantic
25237,U+976D,靭,18,,60,semantic
25238,U+976E,靮,53,,60,semantic
25239,U+976F,靯,0,,60,semantic
25240,U+9770,靰,51,,60,semantic
25241,U+9771,靱,18,,60,semantic
25242,U+9772,靲,0,,60,semantic
25243,U+9773,靳,35,,60,semantic
25244,U+9774,靴,51,,60,semantic
25245,U+9775,靵,0,,60,semantic
25246,U+9776,靶,13,,60,semantic
25247,U+9777,靷,59,,60,semantic
25248,U+9778,靸,51,,60,semantic
25249,U+9779,靹,0,,60,semantic
25250,U+977A,靺,12,,60,semantic
25251,U+977B,靻,0,,60,semantic
25252,U+977C,靼,53,,60,semantic
25253,U+977D,靽,35,,60,semantic
25254,U+977E,靾,0,,60,semantic
25255,U+977F,靿,51,,60,semantic
25256,U+9780,鞀,53,,60,semantic
25257,U+9781,鞁,35,,60,semantic
25258,U+9782,鞂,0,,60,semantic
25259,U+9783,鞃,47,,60,semantic
25260,U+9784,鞄,27,,60,semantic
25261,U+9785,鞅,35,,60,semantic
25262,U+9786,鞆,2,,60,semantic
25263,U+9787,鞇,0,,60,semantic
25264,U+9788,鞈,0,,60,semantic
25265,U+9789,鞉,53,,60,semantic
25266,U+978A,鞊,0,,60,semantic
25267,U+978B,鞋,51,,60,semantic
25268,U+978C,鞌,35,,60,semantic
25269,U+978D,鞍,35,,60,semantic
25270,U+978E,鞎,0,,60,semantic
25271,U+978F,鞏,33,,60,semantic
25272,U+9790,鞐,0,,60,semantic
25273,U+9791,鞑,53,,60,semantic
25274,U+9792,鞒,51,,60,semantic
25275,U+9793,鞓,27,,60,semantic
25276,U+9794,鞔,51,,60,semantic
25277,U+9795,鞕,0,,60,semantic
25278,U+9796,鞖,0,,60,semantic
25279,U+9797,鞗,2,,60,semantic
25280,U+9798,鞘,46,,60,semantic
25281,U+9799,鞙,2,,60,semantic
25282,U+979A,鞚,53,,60,semantic
25283,U+979B,鞛,0,,60,semantic
25284,U+979C,鞜,51,,60,semantic
25285,U+979D,鞝,27,,60,semantic
25286,U+979E,鞞,9,,60,semantic
25287,U+979F,鞟,27,,60,semantic
25288,U+97A0,鞠,51,,60,semantic
25289,U+97A1,鞡,51,,60,semantic
25290,U+97A2,鞢,0,,60,semantic
25291,U+97A3,鞣,45,,60,semantic
25292,U+97A4,鞤,0,,60,semantic
25293,U+97A5,鞥,2,,60,semantic
25294,U+97A6,鞦,2,,60,semantic
25295,U+97A7,鞧,27,,60,semantic
25296,U+97A8,鞨,12,,60,semantic
25297,U+97A9,鞩,0,,60,semantic
25298,U+97AA,鞪,0,,60,semantic
25299,U+97AB,鞫,47,,60,semantic
25300,U+97AC,鞬,35,,60,semantic
25301,U+97AD,鞭,39,,60,semantic
25302,U+97AE,鞮,51,,60,semantic
25303,U+97AF,鞯,27,,60,semantic
25304,U+97B0,鞰,0,,60,semantic
25305,U+97B1,鞱,0,,60,semantic
25306,U+97B2,鞲,2,,60,semantic
25307,U+97B3,鞳,0,,60,semantic
25308,U+97B4,鞴,35,,60,semantic
25309,U+97B5,鞵,51,,60,semantic
25310,U+97B6,鞶,27,,60,semantic
25311,U+97B7,鞷,0,,60,semantic
25312,U+97B8,鞸,2,,60,semantic
25313,U+97B9,鞹,4,,60,semantic
25314,U+97BA,鞺,8,,60,semantic
25315,U+97BB,鞻,0,,60,semantic
25316,U+97BC,鞼,0,,60,semantic
25317,U+97BD,鞽,51,,60,semantic
25318,U+97BE,鞾,51,,60,semantic
25319,U+97BF,鞿,0,,60,semantic
25320,U+97C0,韀,35,,60,semantic
25321,U+97C1,韁,13,,60,semantic
25322,U+97C2,韂,46,,60,semantic
25323,U+97C3,韃,53,,60,semantic
25324,U+97C4,韄,0,,60,semantic
25325,U+97C5,韅,46,,60,semantic
25326,U+97C6,韆,1,,60,semantic
25327,U+97C7,韇,0,,60,semantic
25328,U+97C8,韈,51,,60,semantic
25329,U+97C9,韉,27,,60,semantic
25330,U+97CA,韊,46,,60,semantic
25331,U+97CB,韋,30,,60,semantic
25332,U+97CC,韌,18,,60,semantic
25333,U+97CD,韍,27,,60,semantic
25334,U+97CE,韎,50,,60,semantic
25335,U+97CF,韏,0,,60,semantic
25336,U+97D0,韐,27,,60,semantic
25337,U+97D1,韑,0,,60,semantic
25338,U+97D2,韒,46,,60,semantic
25339,U+97D3,韓,9,,60,semantic
25340,U+97D4,韔,46,,60,semantic
25341,U+97D5,韕,0,,60,semantic
25342,U+97D6,韖,45,,60,semantic
25343,U+97D7,韗,0,,60,semantic
25344,U+97D8,韘,2,,60,semantic
25345,U+97D9,韙,20,,60,semantic
25346,U+97DA,韚,0,,60,semantic
25347,U+97DB,韛,53,,60,semantic
25348,U+97DC,韜,46,,60,semantic
25349,U+97DD,韝,2,,60,semantic
25350,U+97DE,韞,50,,60,semantic
25351,U+97DF,韟,0,,60,semantic
25352,U+97E0,韠,51,,60,semantic
25353,U+97E1,韡,28,,60,semantic
25354,U+97E2,韢,0,,60,semantic
25355,U+97E3,韣,46,,60,semantic
25356,U+97E4,韤,51,,60,semantic
25357,U+97E5,韥,0,,60,semantic
25358,U+97E7,韧,18,,60,semantic
25359,U+97E8,韨,27,,60,semantic
25360,U+97E9,韩,9,,60,semantic
25361,U+97EA,韪,20,,60,semantic
25362,U+97EB,韫,34,,60,semantic
25363,U+97EC,韬,46,,60,semantic
25364,U+97ED,韭,30,,60,semantic
25365,U+97EE,韮,53,,60,semantic
25366,U+97EF,韯,3,,60,semantic
25367,U+97F0,韰,0,,60,semantic
25368,U+97F1,韱,3,,60,semantic
25369,U+97F2,韲,52,,60,semantic
25370,U+97F3,音,30,,60,semantic
25371,U+97F4,韴,0,,60,semantic
25372,U+97F5,韵,8,,60,semantic
25373,U+97F6,韶,12,,60,semantic
25374,U+97F7,韷,0,,60,semantic
25375,U+97F8,韸,0,,60,semantic
25376,U+97F9,韹,53,,60,semantic
25377,U+97FA,韺,47,,60,semantic
25378,U+97FB,韻,8,,60,semantic
25379,U+97FC,韼,0,,60,semantic
25380,U+97FD,韽,0,,60,semantic
25381,U+97FE,韾,0,,60,semantic
25382,U+97FF,響,8,,60,semantic
25383,U+9800,頀,47,,60,semantic
25384,U+9801,頁,30,,60,semantic
25385,U+9802,頂,18,,60,semantic
25386,U+9803,頃,51,,60,semantic
25387,U+9804,頄,4,,60,semantic
25388,U+9805,項,27,,60,semantic
25389,U+9806,順,33,,60,semantic
25390,U+9807,頇,4,,60,semantic
25391,U+9808,須,20,,60,semantic
25392,U+9809,頉,4,,60,semantic
25393,U+980A,頊,15,,60,semantic
25394,U+980B,頋,7,,60,semantic
25395,U+980C,頌,28,,60,semantic
25396,U+980D,頍,4,,60,semantic
25397,U+980E,頎,18,,60,semantic
25398,U+980F,頏,5,,60,semantic
25399,U+9810,預,33,,60,semantic
25400,U+9811,頑,42,,60,semantic
25401,U+9812,頒,33,,60,semantic
25402,U+9813,頓,5,,60,semantic
25403,U+9814,頔,28,,60,semantic
25404,U+9815,頕,4,,60,semantic
25405,U+9816,頖,43,,60,semantic
25406,U+9817,頗,18,,60,semantic
25407,U+9818,領,46,,60,semantic
25408,U+9819,頙,47,,60,semantic
25409,U+981A,頚,17,,60,semantic
25410,U+981B,頛,0,,60,semantic
25411,U+981C,頜,17,,60,semantic
25412,U+981D,頝,0,,60,semantic
25413,U+981E,頞,9,,60,semantic
25414,U+981F,頟,4,,60,semantic
25415,U+9820,頠,34,,60,semantic
25416,U+9821,頡,13,,60,semantic
25417,U+9822,頢,0,,60,semantic
25418,U+9823,頣,7,,60,semantic
25419,U+9824,頤,4,,60,semantic
25420,U+9825,頥,0,,60,semantic
25421,U+9826,頦,4,,60,semantic
25422,U+9827,頧,0,,60,semantic
25423,U+9828,頨,0,,60,semantic
25424,U+9829,頩,0,,60,semantic
25425,U+982A,頪,0,,60,semantic
25426,U+982B,頫,46,,60,semantic
25427,U+982C,頬,4,,60,semantic
25428,U+982D,頭,12,,60,semantic
25429,U+982E,頮,23,,60,semantic
25430,U+982F,頯,4,,60,semantic
25431,U+9830,頰,4,,60,semantic
25432,U+9831,頱,0,,60,semantic
25433,U+9832,頲,34,,60,semantic
25434,U+9833,頳,50,,60,semantic
25435,U+9834,頴,21,,60,semantic
25436,U+9835,頵,4,,60,semantic
25437,U+9836,頶,0,,60,semantic
25438,U+9837,頷,4,,60,semantic
25439,U+9838,頸,17,,60,semantic
25440,U+9839,頹,5,,60,semantic
25441,U+983A,頺,0,,60,semantic
25442,U+983B,頻,47,,60,semantic
25443,U+983C,頼,42,,60,semantic
25444,U+983D,頽,42,,60,semantic
25445,U+983E,頾,4,,60,semantic
25446,U+983F,頿,0,,60,semantic
25447,U+9840,顀,0,,60,semantic
25448,U+9841,顁,0,,60,semantic
25449,U+9842,顂,0,,60,semantic
25450,U+9843,顃,0,,60,semantic
25451,U+9844,顄,0,,60,semantic
25452,U+9845,顅,0,,60,semantic
25453,U+9846,顆,48,,60,semantic
25454,U+9847,顇,45,,60,semantic
25455,U+9848,顈,0,,60,semantic
25456,U+9849,顉,0,,60,semantic
25457,U+984A,顊,0,,60,semantic
25458,U+984B,顋,25,,60,semantic
25459,U+984C,題,4,,60,semantic
25460,U+984D,額,4,,60,semantic
25461,U+984E,顎,17,,60,semantic
25462,U+984F,顏,4,,60,semantic
25463,U+9850,顐,0,,60,semantic
25464,U+9851,顑,50,,60,semantic
25465,U+9852,顒,18,,60,semantic
25466,U+9853,顓,28,,60,semantic
25467,U+9854,顔,4,,60,semantic
25468,U+9855,顕,33,,60,semantic
25469,U+9856,顖,4,,60,semantic
25470,U+9857,顗,34,,60,semantic
25471,U+9858,願,33,,60,semantic
25472,U+9859,顙,4,,60,semantic
25473,U+985A,顚,22,,60,semantic
25474,U+985B,顛,22,,60,semantic
25475,U+985C,顜,0,,60,semantic
25476,U+985D,顝,0,,60,semantic
25477,U+985E,類,33,,60,semantic
25478,U+985F,顟,0,,60,semantic
25479,U+9860,顠,0,,60,semantic
25480,U+9861,顡,0,,60,semantic
25481,U+9862,顢,36,,60,semantic
25482,U+9863,顣,15,,60,semantic
25483,U+9864,顤,0,,60,semantic
25484,U+9865,顥,50,,60,semantic
25485,U+9866,顦,45,,60,semantic
25486,U+9867,顧,7,,60,semantic
25487,U+9868,顨,0,,60,semantic
25488,U+9869,顩,0,,60,semantic
25489,U+986A,顪,0,,60,semantic
25490,U+986B,顫,36,,60,semantic
25491,U+986C,顬,51,,60,semantic
25492,U+986D,顭,0,,60,semantic
25493,U+986E,顮,0,,60,semantic
25494,U+986F,顯,33,,60,semantic
25495,U+9870,顰,4,,60,semantic
25496,U+9871,顱,4,,60,semantic
25497,U+9872,顲,0,,60,semantic
25498,U+9873,顳,51,,60,semantic
25499,U+9874,顴,4,,60,semantic
25500,U+9875,页,3,,60,semantic
25501,U+9876,顶,22,,60,semantic
25502,U+9877,顷,51,,60,semantic
25503,U+9878,顸,4,,60,semantic
25504,U+9879,项,27,,60,semantic
25505,U+987A,顺,20,,60,semantic
25506,U+987B,须,20,,60,semantic
25507,U+987C,顼,15,,60,semantic
25508,U+987D,顽,42,,60,semantic
25509,U+987E,顾,7,,60,semantic
25510,U+987F,顿,5,,60,semantic
25511,U+9880,颀,18,,60,semantic
25512,U+9881,颁,33,,60,semantic
25513,U+9882,颂,28,,60,semantic
25514,U+9883,颃,5,,60,semantic
25515,U+9884,预,33,,60,semantic
25516,U+9885,颅,4,,60,semantic
25517,U+9886,领,46,,60,semantic
25518,U+9887,颇,18,,60,semantic
25519,U+9888,颈,17,,60,semantic
25520,U+9889,颉,13,,60,semantic
25521,U+988A,颊,4,,60,semantic
25522,U+988B,颋,34,,60,semantic
25523,U+988C,颌,17,,60,semantic
25524,U+988D,颍,10,,60,semantic
25525,U+988E,颎,50,,60,semantic
25526,U+988F,颏,4,,60,semantic
25527,U+9890,颐,4,,60,semantic
25528,U+9891,频,47,,60,semantic
25529,U+9892,颒,23,,60,semantic
25530,U+9893,颓,5,,60,semantic
25531,U+9894,颔,4,,60,semantic
25532,U+9895,颕,21,,60,semantic
25533,U+9896,颖,21,,60,semantic
25534,U+9897,颗,48,,60,semantic
25535,U+9898,题,4,,60,semantic
25536,U+9899,颙,18,,60,semantic
25537,U+989A,颚,17,,60,semantic
25538,U+989B,颛,28,,60,semantic
25539,U+989C,颜,4,,60,semantic
25540,U+989D,额,4,,60,semantic
25541,U+989E,颞,51,,60,semantic
25542,U+989F,颟,36,,60,semantic
25543,U+98A0,颠,22,,60,semantic
25544,U+98A1,颡,4,,60,semantic
25545,U+98A2,颢,50,,60,semantic
25546,U+98A3,颣,46,,60,semantic
25547,U+98A4,颤,36,,60,semantic
25548,U+98A5,颥,51,,60,semantic
25549,U+98A6,颦,4,,60,semantic
25550,U+98A7,颧,4,,60,semantic
25551,U+98A8,風,30,,60,semantic
25552,U+98A9,颩,0,,60,semantic
25553,U+98AA,颪,16,,60,semantic
25554,U+98AB,颫,16,,60,semantic
25555,U+98AC,颬,0,,60,semantic
25556,U+98AD,颭,16,,60,semantic
25557,U+98AE,颮,16,,60,semantic
25558,U+98AF,颯,16,,60,semantic
25559,U+98B0,颰,0,,60,semantic
25560,U+98B1,颱,16,,60,semantic
25561,U+98B2,颲,0,,60,semantic
25562,U+98B3,颳,1,,60,semantic
25563,U+98B4,颴,16,,60,semantic
25564,U+98B5,颵,0,,60,semantic
25565,U+98B6,颶,16,,60,semantic
25566,U+98B7,颷,16,,60,semantic
25567,U+98B8,颸,16,,60,semantic
25568,U+98B9,颹,0,,60,semantic
25569,U+98BA,颺,13,,60,semantic
25570,U+98BB,颻,16,,60,semantic
25571,U+98BC,颼,16,,60,semantic
25572,U+98BD,颽,0,,60,semantic
25573,U+98BE,颾,16,,60,semantic
25574,U+98BF,颿,55,,60,semantic
25575,U+98C0,飀,16,,60,semantic
25576,U+98C1,飁,0,,60,semantic
25577,U+98C2,飂,16,,60,semantic
25578,U+98C3,飃,16,,60,semantic
25579,U+98C4,飄,16,,60,semantic
25580,U+98C5,飅,0,,60,semantic
25581,U+98C6,飆,16,,60,semantic
25582,U+98C7,飇,16,,60,semantic
25583,U+98C8,飈,16,,60,semantic
25584,U+98C9,飉,0,,60,semantic
25585,U+98CA,飊,0,,60,semantic
25586,U+98CB,飋,0,,60,semantic
25587,U+98CC,飌,16,,60,semantic
25588,U+98CD,飍,0,,60,semantic
25589,U+98CE,风,16,,60,semantic
25590,U+98CF,飏,53,,60,semantic
25591,U+98D0,飐,16,,60,semantic
25592,U+98D1,飑,16,,60,semantic
25593,U+98D2,飒,16,,60,semantic
25594,U+98D3,飓,16,,60,semantic
25595,U+98D4,飔,16,,60,semantic
25596,U+98D5,飕,16,,60,semantic
25597,U+98D6,飖,16,,60,semantic
25598,U+98D7,飗,16,,60,semantic
25599,U+98D8,飘,16,,60,semantic
25600,U+98D9,飙,16,,60,semantic
25601,U+98DA,飚,16,,60,semantic
25602,U+98DB,飛,30,,60,semantic
25603,U+98DC,飜,51,,60,semantic
25604,U+98DD,飝,0,,60,semantic
25605,U+98DE,飞,31,,60,semantic
25606,U+98DF,食,54,,60,semantic
25607,U+98E0,飠,54,,60,semantic
25608,U+98E1,飡,54,,60,semantic
25609,U+98E2,飢,54,,60,semantic
25610,U+98E3,飣,54,,60,semantic
25611,U+98E4,飤,54,,60,semantic
25612,U+98E5,飥,21,,60,semantic
25613,U+98E6,飦,18,,60,semantic
25614,U+98E7,飧,54,,60,semantic
25615,U+98E8,飨,24,,60,semantic
25616,U+98E9,飩,54,,60,semantic
25617,U+98EA,飪,54,,60,semantic
25618,U+98EB,飫,42,,60,semantic
25619,U+98EC,飬,0,,60,semantic
25620,U+98ED,飭,47,,60,semantic
25621,U+98EE,飮,24,,60,semantic
25622,U+98EF,飯,21,,60,semantic
25623,U+98F0,飰,0,,60,semantic
25624,U+98F1,飱,54,,60,semantic
25625,U+98F2,飲,24,,60,semantic
25626,U+98F3,飳,0,,60,semantic
25627,U+98F4,飴,54,,60,semantic
25628,U+98F5,飵,54,,60,semantic
25629,U+98F6,飶,49,,60,semantic
25630,U+98F7,飷,0,,60,semantic
25631,U+98F8,飸,0,,60,semantic
25632,U+98F9,飹,33,,60,semantic
25633,U+98FA,飺,0,,60,semantic
25634,U+98FB,飻,0,,60,semantic
25635,U+98FC,飼,54,,60,semantic
25636,U+98FD,飽,54,,60,semantic
25637,U+98FE,飾,42,,60,semantic
25638,U+98FF,飿,21,,60,semantic
25639,U+9900,餀,54,,60,semantic
25640,U+9901,餁,54,,60,semantic
25641,U+9902,餂,46,,60,semantic
25642,U+9903,餃,54,,60,semantic
25643,U+9904,餄,53,,60,semantic
25644,U+9905,餅,54,,60,semantic
25645,U+9906,餆,0,,60,semantic
25646,U+9907,餇,54,,60,semantic
25647,U+9908,餈,21,,60,semantic
25648,U+9909,餉,29,,60,semantic
25649,U+990A,養,13,,60,semantic
25650,U+990B,餋,0,,60,semantic
25651,U+990C,餌,49,,60,semantic
25652,U+990D,餍,54,,60,semantic
25653,U+990E,餎,53,,60,semantic
25654,U+990F,餏,0,,60,semantic
25655,U+9910,餐,54,,60,semantic
25656,U+9911,餑,54,,60,semantic
25657,U+9912,餒,54,,60,semantic
25658,U+9913,餓,54,,60,semantic
25659,U+9914,餔,50,,60,semantic
25660,U+9915,餕,54,,60,semantic
25661,U+9916,餖,54,,60,semantic
25662,U+9917,餗,21,,60,semantic
25663,U+9918,餘,29,,60,semantic
25664,U+9919,餙,42,,60,semantic
25665,U+991A,餚,54,,60,semantic
25666,U+991B,餛,26,,60,semantic
25667,U+991C,餜,54,,60,semantic
25668,U+991D,餝,0,,60,semantic
25669,U+991E,餞,5,,60,semantic
25670,U+991F,餟,53,,60,semantic
25671,U+9920,餠,54,,60,semantic
25672,U+9921,餡,54,,60,semantic
25673,U+9922,餢,0,,60,semantic
25674,U+9923,餣,0,,60,semantic
25675,U+9924,餤,47,,60,semantic
25676,U+9925,餥,0,,60,semantic
25677,U+9926,餦,54,,60,semantic
25678,U+9927,餧,54,,60,semantic
25679,U+9928,館,9,,60,semantic
25680,U+9929,餩,53,,60,semantic
25681,U+992A,餪,54,,60,semantic
25682,U+992B,餫,49,,60,semantic
25683,U+992C,餬,54,,60,semantic
25684,U+992D,餭,49,,60,semantic
25685,U+992E,餮,19,,60,semantic
25686,U+992F,餯,0,,60,semantic
25687,U+9930,餰,0,,60,semantic
25688,U+9931,餱,49,,60,semantic
25689,U+9932,餲,45,,60,semantic
25690,U+9933,餳,48,,60,semantic
25691,U+9934,餴,0,,60,semantic
25692,U+9935,餵,54,,60,semantic
25693,U+9936,餶,21,,60,semantic
25694,U+9937,餷,26,,60,semantic
25695,U+9938,餸,21,,60,semantic
25696,U+9939,餹,48,,60,semantic
25697,U+993A,餺,21,,60,semantic
25698,U+993B,餻,54,,60,semantic
25699,U+993C,餼,29,,60,semantic
25700,U+993D,餽,54,,60,semantic
25701,U+993E,餾,26,,60,semantic
25702,U+993F,餿,45,,60,semantic
25703,U+9940,饀,0,,60,semantic
25704,U+9941,饁,54,,60,semantic
25705,U+9942,饂,43,,60,semantic
25706,U+9943,饃,54,,60,semantic
25707,U+9944,饄,0,,60,semantic
25708,U+9945,饅,54,,60,semantic
25709,U+9946,饆,0,,60,semantic
25710,U+9947,饇,42,,60,semantic
25711,U+9948,饈,54,,60,semantic
25712,U+9949,饉,48,,60,semantic
25713,U+994A,饊,54,,60,semantic
25714,U+994B,饋,29,,60,semantic
25715,U+994C,饌,54,,60,semantic
25716,U+994D,饍,54,,60,semantic
25717,U+994E,饎,24,,60,semantic
25718,U+994F,饏,0,,60,semantic
25719,U+9950,饐,42,,60,semantic
25720,U+9951,饑,54,,60,semantic
25721,U+9952,饒,18,,60,semantic
25722,U+9953,饓,0,,60,semantic
25723,U+9954,饔,54,,60,semantic
25724,U+9955,饕,42,,60,semantic
25725,U+9956,饖,0,,60,semantic
25726,U+9957,饗,24,,60,semantic
25727,U+9958,饘,53,,60,semantic
25728,U+9959,饙,0,,60,semantic
25729,U+995A,饚,0,,60,semantic
25730,U+995B,饛,54,,60,semantic
25731,U+995C,饜,54,,60,semantic
25732,U+995D,饝,54,,60,semantic
25733,U+995E,饞,42,,60,semantic
25734,U+995F,饟,21,,60,semantic
25735,U+9960,饠,21,,60,semantic
25736,U+9961,饡,0,,60,semantic
25737,U+9962,饢,54,,60,semantic
25738,U+9963,饣,54,,60,semantic
25739,U+9964,饤,54,,60,semantic
25740,U+9965,饥,54,,60,semantic
25741,U+9966,饦,21,,60,semantic
25742,U+9967,饧,48,,60,semantic
25743,U+9968,饨,54,,60,semantic
25744,U+9969,饩,29,,60,semantic
25745,U+996A,饪,54,,60,semantic
25746,U+996B,饫,42,,60,semantic
25747,U+996C,饬,47,,60,semantic
25748,U+996D,饭,21,,60,semantic
25749,U+996E,饮,24,,60,semantic
25750,U+996F,饯,5,,60,semantic
25751,U+9970,饰,27,,60,semantic
25752,U+9971,饱,54,,60,semantic
25753,U+9972,饲,54,,60,semantic
25754,U+9973,饳,21,,60,semantic
25755,U+9974,饴,54,,60,semantic
25756,U+9975,饵,25,,60,semantic
25757,U+9976,饶,18,,60,semantic
25758,U+9977,饷,29,,60,semantic
25759,U+9978,饸,53,,60,semantic
25760,U+9979,饹,53,,60,semantic
25761,U+997A,饺,54,,60,semantic
25762,U+997B,饻,0,,60,semantic
25763,U+997C,饼,54,,60,semantic
25764,U+997D,饽,53,,60,semantic
25765,U+997E,饾,54,,60,semantic
25766,U+997F,饿,54,,60,semantic
25767,U+9980,馀,29,,60,semantic
25768,U+9981,馁,54,,60,semantic
25769,U+9982,馂,54,,60,semantic
25770,U+9983,馃,54,,60,semantic
25771,U+9984,馄,26,,60,semantic
25772,U+9985,馅,52,,60,semantic
25773,U+9986,馆,9,,60,semantic
25774,U+9987,馇,26,,60,semantic
25775,U+9988,馈,29,,60,semantic
25776,U+9989,馉,21,,60,semantic
25777,U+998A,馊,45,,60,semantic
25778,U+998B,馋,42,,60,semantic
25779,U+998C,馌,54,,60,semantic
25780,U+998D,馍,54,,60,semantic
25781,U+998E,馎,21,,60,semantic
25782,U+998F,馏,26,,60,semantic
25783,U+9990,馐,54,,60,semantic
25784,U+9991,馑,48,,60,semantic
25785,U+9992,馒,54,,60,semantic
25786,U+9993,馓,54,,60,semantic
25787,U+9994,馔,54,,60,semantic
25788,U+9995,馕,54,,60,semantic
25789,U+9996,首,30,,60,semantic
25790,U+9997,馗,4,,60,semantic
25791,U+9998,馘,5,,60,semantic
25792,U+9999,香,30,,60,semantic
25793,U+999A,馚,49,,60,semantic
25794,U+999B,馛,49,,60,semantic
25795,U+999C,馜,0,,60,semantic
25796,U+999D,馝,49,,60,semantic
25797,U+999E,馞,0,,60,semantic
25798,U+999F,馟,53,,60,semantic
25799,U+99A0,馠,0,,60,semantic
25800,U+99A1,馡,49,,60,semantic
25801,U+99A2,馢,0,,60,semantic
25802,U+99A3,馣,0,,60,semantic
25803,U+99A4,馤,0,,60,semantic
25804,U+99A5,馥,49,,60,semantic
25805,U+99A6,馦,0,,60,semantic
25806,U+99A7,馧,0,,60,semantic
25807,U+99A8,馨,49,,60,semantic
25808,U+99A9,馩,49,,60,semantic
25809,U+99AA,馪,0,,60,semantic
25810,U+99AB,馫,0,,60,semantic
25811,U+99AC,馬,30,,60,semantic
25812,U+99AD,馭,59,,60,semantic
25813,U+99AE,馮,33,,60,semantic
25814,U+99AF,馯,0,,60,semantic
25815,U+99B0,馰,0,,60,semantic
25816,U+99B1,馱,13,,60,semantic
25817,U+99B2,馲,19,,60,semantic
25818,U+99B3,馳,31,,60,semantic
25819,U+99B4,馴,45,,60,semantic
25820,U+99B5,馵,35,,60,semantic
25821,U+99B6,馶,0,,60,semantic
25822,U+99B7,馷,0,,60,semantic
25823,U+99B8,馸,0,,60,semantic
25824,U+99B9,馹,35,,60,semantic
25825,U+99BA,馺,0,,60,semantic
25826,U+99BB,馻,0,,60,semantic
25827,U+99BC,馼,0,,60,semantic
25828,U+99BD,馽,0,,60,semantic
25829,U+99BE,馾,0,,60,semantic
25830,U+99BF,馿,35,,60,semantic
25831,U+99C0,駀,0,,60,semantic
25832,U+99C1,駁,33,,60,semantic
25833,U+99C2,駂,0,,60,semantic
25834,U+99C3,駃,31,,60,semantic
25835,U+99C4,駄,35,,60,semantic
25836,U+99C5,駅,9,,60,semantic
25837,U+99C6,駆,31,,60,semantic
25838,U+99C7,駇,0,,60,semantic
25839,U+99C8,駈,31,,60,semantic
25840,U+99C9,駉,18,,60,semantic
25841,U+99CA,駊,0,,60,semantic
25842,U+99CB,駋,0,,60,semantic
25843,U+99CC,駌,0,,60,semantic
25844,U+99CD,駍,0,,60,semantic
25845,U+99CE,駎,0,,60,semantic
25846,U+99CF,駏,35,,60,semantic
25847,U+99D0,駐,33,,60,semantic
25848,U+99D1,駑,35,,60,semantic
25849,U+99D2,駒,35,,60,semantic
25850,U+99D3,駓,31,,60,semantic
25851,U+99D4,駔,35,,60,semantic
25852,U+99D5,駕,59,,60,semantic
25853,U+99D6,駖,0,,60,semantic
25854,U+99D7,駗,0,,60,semantic
25855,U+99D8,駘,35,,60,semantic
25856,U+99D9,駙,35,,60,semantic
25857,U+99DA,駚,0,,60,semantic
25858,U+99DB,駛,55,,60,semantic
25859,U+99DC,駜,35,,60,semantic
25860,U+99DD,駝,19,,60,semantic
25861,U+99DE,駞,19,,60,semantic
25862,U+99DF,駟,35,,60,semantic
25863,U+99E0,駠,0,,60,semantic
25864,U+99E1,駡,42,,60,semantic
25865,U+99E2,駢,35,,60,semantic
25866,U+99E3,駣,0,,60,semantic
25867,U+99E4,駤,0,,60,semantic
25868,U+99E5,駥,0,,60,semantic
25869,U+99E6,駦,20,,60,semantic
25870,U+99E7,駧,0,,60,semantic
25871,U+99E8,駨,0,,60,semantic
25872,U+99E9,駩,0,,60,semantic
25873,U+99EA,駪,18,,60,semantic
25874,U+99EB,駫,0,,60,semantic
25875,U+99EC,駬,35,,60,semantic
25876,U+99ED,駭,36,,60,semantic
25877,U+99EE,駮,35,,60,semantic
25878,U+99EF,駯,0,,60,semantic
25879,U+99F0,駰,35,,60,semantic
25880,U+99F1,駱,35,,60,semantic
25881,U+99F2,駲,0,,60,semantic
25882,U+99F3,駳,0,,60,semantic
25883,U+99F4,駴,53,,60,semantic
25884,U+99F5,駵,0,,60,semantic
25885,U+99F6,駶,0,,60,semantic
25886,U+99F7,駷,0,,60,semantic
25887,U+99F8,駸,31,,60,semantic
25888,U+99F9,駹,35,,60,semantic
25889,U+99FA,駺,0,,60,semantic
25890,U+99FB,駻,35,,60,semantic
25891,U+99FC,駼,0,,60,semantic
25892,U+99FD,駽,50,,60,semantic
25893,U+99FE,駾,31,,60,semantic
25894,U+99FF,駿,35,,60,semantic
25895,U+9A00,騀,0,,60,semantic
25896,U+9A01,騁,31,,60,semantic
25897,U+9A02,騂,28,,60,semantic
25898,U+9A03,騃,45,,60,semantic
25899,U+9A04,騄,35,,60,semantic
25900,U+9A05,騅,35,,60,semantic
25901,U+9A06,騆,0,,60,semantic
25902,U+9A07,騇,0,,60,semantic
25903,U+9A08,騈,35,,60,semantic
25904,U+9A09,騉,35,,60,semantic
25905,U+9A0A,騊,0,,60,semantic
25906,U+9A0B,騋,35,,60,semantic
25907,U+9A0C,騌,35,,60,semantic
25908,U+9A0D,騍,35,,60,semantic
25909,U+9A0E,騎,35,,60,semantic
25910,U+9A0F,騏,35,,60,semantic
25911,U+9A10,騐,20,,60,semantic
25912,U+9A11,騑,35,,60,semantic
25913,U+9A12,騒,36,,60,semantic
25914,U+9A13,験,33,,60,semantic
25915,U+9A14,騔,0,,60,semantic
25916,U+9A15,騕,35,,60,semantic
25917,U+9A16,騖,31,,60,semantic
25918,U+9A17,騗,42,,60,semantic
25919,U+9A18,騘,35,,60,semantic
25920,U+9A19,騙,42,,60,semantic
25921,U+9A1A,騚,0,,60,semantic
25922,U+9A1B,騛,0,,60,semantic
25923,U+9A1C,騜,0,,60,semantic
25924,U+9A1D,騝,0,,60,semantic
25925,U+9A1E,騞,52,,60,semantic
25926,U+9A1F,騟,0,,60,semantic
25927,U+9A20,騠,35,,60,semantic
25928,U+9A21,騡,0,,60,semantic
25929,U+9A22,騢,25,,60,semantic
25930,U+9A23,騣,53,,60,semantic
25931,U+9A24,騤,35,,60,semantic
25932,U+9A25,騥,0,,60,semantic
25933,U+9A26,騦,0,,60,semantic
25934,U+9A27,騧,35,,60,semantic
25935,U+9A28,騨,53,,60,semantic
25936,U+9A29,騩,0,,60,semantic
25937,U+9A2A,騪,0,,60,semantic
25938,U+9A2B,騫,13,,60,semantic
25939,U+9A2C,騬,0,,60,semantic
25940,U+9A2D,騭,35,,60,semantic
25941,U+9A2E,騮,35,,60,semantic
25942,U+9A2F,騯,8,,60,semantic
25943,U+9A30,騰,31,,60,semantic
25944,U+9A31,騱,0,,60,semantic
25945,U+9A32,騲,35,,60,semantic
25946,U+9A33,騳,31,,60,semantic
25947,U+9A34,騴,0,,60,semantic
25948,U+9A35,騵,25,,60,semantic
25949,U+9A36,騶,35,,60,semantic
25950,U+9A37,騷,15,,60,semantic
25951,U+9A38,騸,53,,60,semantic
25952,U+9A39,騹,0,,60,semantic
25953,U+9A3A,騺,35,,60,semantic
25954,U+9A3B,騻,35,,60,semantic
25955,U+9A3C,騼,0,,60,semantic
25956,U+9A3D,騽,0,,60,semantic
25957,U+9A3E,騾,35,,60,semantic
25958,U+9A3F,騿,0,,60,semantic
25959,U+9A40,驀,36,,60,semantic
25960,U+9A41,驁,35,,60,semantic
25961,U+9A42,驂,35,,60,semantic
25962,U+9A43,驃,2,,60,semantic
25963,U+9A44,驄,35,,60,semantic
25964,U+9A45,驅,13,,60,semantic
25965,U+9A46,驆,12,,60,semantic
25966,U+9A47,驇,35,,60,semantic
25967,U+9A48,驈,35,,60,semantic
25968,U+9A49,驉,0,,60,semantic
25969,U+9A4A,驊,35,,60,semantic
25970,U+9A4B,驋,0,,60,semantic
25971,U+9A4C,驌,35,,60,semantic
25972,U+9A4D,驍,35,,60,semantic
25973,U+9A4E,驎,0,,60,semantic
25974,U+9A4F,驏,35,,60,semantic
25975,U+9A50,驐,0,,60,semantic
25976,U+9A51,驑,0,,60,semantic
25977,U+9A52,驒,53,,60,semantic
25978,U+9A53,驓,0,,60,semantic
25979,U+9A54,驔,35,,60,semantic
25980,U+9A55,驕,35,,60,semantic
25981,U+9A56,驖,35,,60,semantic
25982,U+9A57,驗,33,,60,semantic
25983,U+9A58,驘,35,,60,semantic
25984,U+9A59,驙,0,,60,semantic
25985,U+9A5A,驚,36,,60,semantic
25986,U+9A5B,驛,9,,60,semantic
25987,U+9A5C,驜,0,,60,semantic
25988,U+9A5D,驝,12,,60,semantic
25989,U+9A5E,驞,0,,60,semantic
25990,U+9A5F,驟,31,,60,semantic
25991,U+9A60,驠,0,,60,semantic
25992,U+9A61,驡,0,,60,semantic
25993,U+9A62,驢,35,,60,semantic
25994,U+9A63,驣,0,,60,semantic
25995,U+9A64,驤,13,,60,semantic
25996,U+9A65,驥,35,,60,semantic
25997,U+9A66,驦,35,,60,semantic
25998,U+9A67,驧,0,,60,semantic
25999,U+9A68,驨,0,,60,semantic
26000,U+9A69,驩,28,,60,semantic
26001,U+9A6A,驪,35,,60,semantic
26002,U+9A6B,驫,35,,60,semantic
26003,U+9A6C,马,30,,60,semantic
26004,U+9A6D,驭,59,,60,semantic
26005,U+9A6E,驮,13,,60,semantic
26006,U+9A6F,驯,45,,60,semantic
26007,U+9A70,驰,31,,60,semantic
26008,U+9A71,驱,13,,60,semantic
26009,U+9A72,驲,35,,60,semantic
26010,U+9A73,驳,49,,60,semantic
26011,U+9A74,驴,35,,60,semantic
26012,U+9A75,驵,35,,60,semantic
26013,U+9A76,驶,55,,60,semantic
26014,U+9A77,驷,35,,60,semantic
26015,U+9A78,驸,35,,60,semantic
26016,U+9A79,驹,35,,60,semantic
26017,U+9A7A,驺,35,,60,semantic
26018,U+9A7B,驻,20,,60,semantic
26019,U+9A7C,驼,19,,60,semantic
26020,U+9A7D,驽,35,,60,semantic
26021,U+9A7E,驾,59,,60,semantic
26022,U+9A7F,驿,9,,60,semantic
26023,U+9A80,骀,35,,60,semantic
26024,U+9A81,骁,35,,60,semantic
26025,U+9A82,骂,42,,60,semantic
26026,U+9A83,骃,35,,60,semantic
26027,U+9A84,骄,35,,60,semantic
26028,U+9A85,骅,35,,60,semantic
26029,U+9A86,骆,35,,60,semantic
26030,U+9A87,骇,36,,60,semantic
26031,U+9A88,骈,35,,60,semantic
26032,U+9A89,骉,35,,60,semantic
26033,U+9A8A,骊,35,,60,semantic
26034,U+9A8B,骋,35,,60,semantic
26035,U+9A8C,验,33,,60,semantic
26036,U+9A8D,骍,28,,60,semantic
26037,U+9A8E,骎,31,,60,semantic
26038,U+9A8F,骏,35,,60,semantic
26039,U+9A90,骐,35,,60,semantic
26040,U+9A91,骑,35,,60,semantic
26041,U+9A92,骒,35,,60,semantic
26042,U+9A93,骓,35,,60,semantic
26043,U+9A94,骔,35,,60,semantic
26044,U+9A95,骕,35,,60,semantic
26045,U+9A96,骖,35,,60,semantic
26046,U+9A97,骗,42,,60,semantic
26047,U+9A98,骘,35,,60,semantic
26048,U+9A99,骙,35,,60,semantic
26049,U+9A9A,骚,36,,60,semantic
26050,U+9A9B,骛,31,,60,semantic
26051,U+9A9C,骜,35,,60,semantic
26052,U+9A9D,骝,35,,60,semantic
26053,U+9A9E,骞,13,,60,semantic
26054,U+9A9F,骟,53,,60,semantic
26055,U+9AA0,骠,2,,60,semantic
26056,U+9AA1,骡,35,,60,semantic
26057,U+9AA2,骢,35,,60,semantic
26058,U+9AA3,骣,35,,60,semantic
26059,U+9AA4,骤,31,,60,semantic
26060,U+9AA5,骥,35,,60,semantic
26061,U+9AA6,骦,35,,60,semantic
26062,U+9AA7,骧,13,,60,semantic
26063,U+9AA8,骨,51,,60,semantic
26064,U+9AA9,骩,27,,60,semantic
26065,U+9AAA,骪,51,,60,semantic
26066,U+9AAB,骫,51,,60,semantic
26067,U+9AAC,骬,0,,60,semantic
26068,U+9AAD,骭,51,,60,semantic
26069,U+9AAE,骮,0,,60,semantic
26070,U+9AAF,骯,49,,60,semantic
26071,U+9AB0,骰,33,,60,semantic
26072,U+9AB1,骱,0,,60,semantic
26073,U+9AB2,骲,13,,60,semantic
26074,U+9AB3,骳,0,,60,semantic
26075,U+9AB4,骴,59,,60,semantic
26076,U+9AB5,骵,0,,60,semantic
26077,U+9AB6,骶,56,,60,semantic
26078,U+9AB7,骷,14,,60,semantic
26079,U+9AB8,骸,51,,60,semantic
26080,U+9AB9,骹,51,,60,semantic
26081,U+9ABA,骺,51,,60,semantic
26082,U+9ABB,骻,51,,60,semantic
26083,U+9ABC,骼,14,,60,semantic
26084,U+9ABD,骽,51,,60,semantic
26085,U+9ABE,骾,17,,60,semantic
26086,U+9ABF,骿,0,,60,semantic
26087,U+9AC0,髀,51,,60,semantic
26088,U+9AC1,髁,51,,60,semantic
26089,U+9AC2,髂,51,,60,semantic
26090,U+9AC3,髃,27,,60,semantic
26091,U+9AC4,髄,6,,60,semantic
26092,U+9AC5,髅,4,,60,semantic
26093,U+9AC6,髆,2,,60,semantic
26094,U+9AC7,髇,0,,60,semantic
26095,U+9AC8,髈,51,,60,semantic
26096,U+9AC9,髉,0,,60,semantic
26097,U+9ACA,髊,0,,60,semantic
26098,U+9ACB,髋,51,,60,semantic
26099,U+9ACC,髌,51,,60,semantic
26100,U+9ACD,髍,0,,60,semantic
26101,U+9ACE,髎,51,,60,semantic
26102,U+9ACF,髏,4,,60,semantic
26103,U+9AD0,髐,0,,60,semantic
26104,U+9AD1,髑,4,,60,semantic
26105,U+9AD2,髒,49,,60,semantic
26106,U+9AD3,髓,56,,60,semantic
26107,U+9AD4,體,47,,60,semantic
26108,U+9AD5,髕,51,,60,semantic
26109,U+9AD6,髖,51,,60,semantic
26110,U+9AD7,髗,4,,60,semantic
26111,U+9AD8,高,30,,60,semantic
26112,U+9AD9,髙,18,,60,semantic
26113,U+9ADA,髚,0,,60,semantic
26114,U+9ADB,髛,0,,60,semantic
26115,U+9ADC,髜,0,,60,semantic
26116,U+9ADD,髝,0,,60,semantic
26117,U+9ADE,髞,18,,60,semantic
26118,U+9ADF,髟,30,,60,semantic
26119,U+9AE0,髠,4,,60,semantic
26120,U+9AE1,髡,4,,60,semantic
26121,U+9AE2,髢,4,,60,semantic
26122,U+9AE3,髣,47,,60,semantic
26123,U+9AE4,髤,54,,60,semantic
26124,U+9AE5,髥,4,,60,semantic
26125,U+9AE6,髦,4,,60,semantic
26126,U+9AE7,髧,4,,60,semantic
26127,U+9AE8,髨,0,,60,semantic
26128,U+9AE9,髩,4,,60,semantic
26129,U+9AEA,髪,4,,60,semantic
26130,U+9AEB,髫,4,,60,semantic
26131,U+9AEC,髬,0,,60,semantic
26132,U+9AED,髭,4,,60,semantic
26133,U+9AEE,髮,4,,60,semantic
26134,U+9AEF,髯,4,,60,semantic
26135,U+9AF0,髰,0,,60,semantic
26136,U+9AF1,髱,46,,60,semantic
26137,U+9AF2,髲,4,,60,semantic
26138,U+9AF3,髳,47,,60,semantic
26139,U+9AF4,髴,4,,60,semantic
26140,U+9AF5,髵,17,,60,semantic
26141,U+9AF6,髶,0,,60,semantic
26142,U+9AF7,髷,53,,60,semantic
26143,U+9AF8,髸,0,,60,semantic
26144,U+9AF9,髹,54,,60,semantic
26145,U+9AFA,髺,4,,60,semantic
26146,U+9AFB,髻,4,,60,semantic
26147,U+9AFC,髼,4,,60,semantic
26148,U+9AFD,髽,4,,60,semantic
26149,U+9AFE,髾,4,,60,semantic
26150,U+9AFF,髿,0,,60,semantic
26151,U+9B00,鬀,4,,60,semantic
26152,U+9B01,鬁,38,,60,semantic
26153,U+9B02,鬂,4,,60,semantic
26154,U+9B03,鬃,17,,60,semantic
26155,U+9B04,鬄,0,,60,semantic
26156,U+9B05,鬅,4,,60,semantic
26157,U+9B06,鬆,45,,60,semantic
26158,U+9B07,鬇,0,,60,semantic
26159,U+9B08,鬈,4,,60,semantic
26160,U+9B09,鬉,0,,60,semantic
26161,U+9B0A,鬊,0,,60,semantic
26162,U+9B0B,鬋,46,,60,semantic
26163,U+9B0C,鬌,4,,60,semantic
26164,U+9B0D,鬍,4,,60,semantic
26165,U+9B0E,鬎,53,,60,semantic
26166,U+9B0F,鬏,4,,60,semantic
26167,U+9B10,鬐,35,,60,semantic
26168,U+9B11,鬑,4,,60,semantic
26169,U+9B12,鬒,4,,60,semantic
26170,U+9B13,鬓,4,,60,semantic
26171,U+9B14,鬔,0,,60,semantic
26172,U+9B15,鬕,0,,60,semantic
26173,U+9B16,鬖,4,,60,semantic
26174,U+9B17,鬗,0,,60,semantic
26175,U+9B18,鬘,4,,60,semantic
26176,U+9B19,鬙,4,,60,semantic
26177,U+9B1A,鬚,4,,60,semantic
26178,U+9B1B,鬛,47,,60,semantic
26179,U+9B1C,鬜,4,,60,semantic
26180,U+9B1D,鬝,0,,60,semantic
26181,U+9B1E,鬞,0,,60,semantic
26182,U+9B1F,鬟,27,,60,semantic
26183,U+9B20,鬠,27,,60,semantic
26184,U+9B21,鬡,0,,60,semantic
26185,U+9B22,鬢,4,,60,semantic
26186,U+9B23,鬣,35,,60,semantic
26187,U+9B24,鬤,0,,60,semantic
26188,U+9B26,鬦,1,,60,semantic
26189,U+9B27,鬧,1,,60,semantic
26190,U+9B28,鬨,8,,60,semantic
26191,U+9B29,鬩,1,,60,semantic
26192,U+9B2A,鬪,1,,60,semantic
26193,U+9B2B,鬫,8,,60,semantic
26194,U+9B2C,鬬,15,,60,semantic
26195,U+9B2D,鬭,1,,60,semantic
26196,U+9B2E,鬮,18,,60,semantic
26197,U+9B2F,鬯,30,,60,semantic
26198,U+9B30,鬰,18,,60,semantic
26199,U+9B31,鬱,18,,60,semantic
26200,U+9B32,鬲,38,,60,semantic
26201,U+9B33,鬳,0,,60,semantic
26202,U+9B34,鬴,26,,60,semantic
26203,U+9B35,鬵,26,,60,semantic
26204,U+9B36,鬶,0,,60,semantic
26205,U+9B37,鬷,26,,60,semantic
26206,U+9B38,鬸,0,,60,semantic
26207,U+9B39,鬹,0,,60,semantic
26208,U+9B3A,鬺,0,,60,semantic
26209,U+9B3B,鬻,45,,60,semantic
26210,U+9B3C,鬼,12,,60,semantic
26211,U+9B3D,鬽,41,,60,semantic
26212,U+9B3E,鬾,0,,60,semantic
26213,U+9B3F,鬿,0,,60,semantic
26214,U+9B40,魀,0,,60,semantic
26215,U+9B41,魁,18,,60,semantic
26216,U+9B42,魂,12,,60,semantic
26217,U+9B43,魃,23,,60,semantic
26218,U+9B44,魄,50,,60,semantic
26219,U+9B45,魅,58,,60,semantic
26220,U+9B46,魆,50,,60,semantic
26221,U+9B47,魇,36,,60,semantic
26222,U+9B48,魈,22,,60,semantic
26223,U+9B49,魉,53,,60,semantic
26224,U+9B4A,魊,58,,60,semantic
26225,U+9B4B,魋,19,,60,semantic
26226,U+9B4C,魌,0,,60,semantic
26227,U+9B4D,魍,12,,60,semantic
26228,U+9B4E,魎,53,,60,semantic
26229,U+9B4F,魏,43,,60,semantic
26230,U+9B50,魐,0,,60,semantic
26231,U+9B51,魑,19,,60,semantic
26232,U+9B52,魒,0,,60,semantic
26233,U+9B53,魓,0,,60,semantic
26234,U+9B54,魔,12,,60,semantic
26235,U+9B55,魕,0,,60,semantic
26236,U+9B56,魖,0,,60,semantic
26237,U+9B57,魗,0,,60,semantic
26238,U+9B58,魘,36,,60,semantic
26239,U+9B59,魙,5,,60,semantic
26240,U+9B5A,魚,30,,60,semantic
26241,U+9B5B,魛,53,,60,semantic
26242,U+9B5C,魜,53,,60,semantic
26243,U+9B5D,魝,0,,60,semantic
26244,U+9B5E,魞,25,,60,semantic
26245,U+9B5F,魟,51,,60,semantic
26246,U+9B60,魠,0,,60,semantic
26247,U+9B61,魡,0,,60,semantic
26248,U+9B62,魢,25,,60,semantic
26249,U+9B63,魣,0,,60,semantic
26250,U+9B64,魤,0,,60,semantic
26251,U+9B65,魥,0,,60,semantic
26252,U+9B66,魦,25,,60,semantic
26253,U+9B67,魧,0,,60,semantic
26254,U+9B68,魨,25,,60,semantic
26255,U+9B69,魩,0,,60,semantic
26256,U+9B6A,魪,0,,60,semantic
26257,U+9B6B,魫,25,,60,semantic
26258,U+9B6C,魬,53,,60,semantic
26259,U+9B6D,魭,0,,60,semantic
26260,U+9B6E,魮,0,,60,semantic
26261,U+9B6F,魯,45,,60,semantic
26262,U+9B70,魰,25,,60,semantic
26263,U+9B71,魱,0,,60,semantic
26264,U+9B72,魲,25,,60,semantic
26265,U+9B73,魳,53,,60,semantic
26266,U+9B74,魴,47,,60,semantic
26267,U+9B75,魵,25,,60,semantic
26268,U+9B76,魶,0,,60,semantic
26269,U+9B77,魷,25,,60,semantic
26270,U+9B78,魸,0,,60,semantic
26271,U+9B79,魹,0,,60,semantic
26272,U+9B7A,魺,0,,60,semantic
26273,U+9B7B,魻,0,,60,semantic
26274,U+9B7C,魼,0,,60,semantic
26275,U+9B7D,魽,0,,60,semantic
26276,U+9B7E,魾,0,,60,semantic
26277,U+9B7F,魿,0,,60,semantic
26278,U+9B80,鮀,25,,60,semantic
26279,U+9B81,鮁,53,,60,semantic
26280,U+9B82,鮂,0,,60,semantic
26281,U+9B83,鮃,25,,60,semantic
26282,U+9B84,鮄,53,,60,semantic
26283,U+9B85,鮅,0,,60,semantic
26284,U+9B86,鮆,25,,60,semantic
26285,U+9B87,鮇,0,,60,semantic
26286,U+9B88,鮈,0,,60,semantic
26287,U+9B89,鮉,47,,60,semantic
26288,U+9B8A,鮊,25,,60,semantic
26289,U+9B8B,鮋,0,,60,semantic
26290,U+9B8C,鮌,25,,60,semantic
26291,U+9B8D,鮍,38,,60,semantic
26292,U+9B8E,鮎,25,,60,semantic
26293,U+9B8F,鮏,0,,60,semantic
26294,U+9B90,鮐,25,,60,semantic
26295,U+9B91,鮑,25,,60,semantic
26296,U+9B92,鮒,38,,60,semantic
26297,U+9B93,鮓,25,,60,semantic
26298,U+9B94,鮔,0,,60,semantic
26299,U+9B95,鮕,0,,60,semantic
26300,U+9B96,鮖,0,,60,semantic
26301,U+9B97,鮗,0,,60,semantic
26302,U+9B98,鮘,0,,60,semantic
26303,U+9B99,鮙,0,,60,semantic
26304,U+9B9A,鮚,25,,60,semantic
26305,U+9B9B,鮛,0,,60,semantic
26306,U+9B9C,鮜,0,,60,semantic
26307,U+9B9D,鮝,25,,60,semantic
26308,U+9B9E,鮞,53,,60,semantic
26309,U+9B9F,鮟,25,,60,semantic
26310,U+9BA0,鮠,53,,60,semantic
26311,U+9BA1,鮡,0,,60,semantic
26312,U+9BA2,鮢,0,,60,semantic
26313,U+9BA3,鮣,25,,60,semantic
26314,U+9BA4,鮤,0,,60,semantic
26315,U+9BA5,鮥,0,,60,semantic
26316,U+9BA6,鮦,25,,60,semantic
26317,U+9BA7,鮧,25,,60,semantic
26318,U+9BA8,鮨,21,,60,semantic
26319,U+9BA9,鮩,0,,60,semantic
26320,U+9BAA,鮪,25,,60,semantic
26321,U+9BAB,鮫,25,,60,semantic
26322,U+9BAC,鮬,0,,60,semantic
26323,U+9BAD,鮭,25,,60,semantic
26324,U+9BAE,鮮,28,,60,semantic
26325,U+9BAF,鮯,0,,60,semantic
26326,U+9BB0,鮰,25,,60,semantic
26327,U+9BB1,鮱,0,,60,semantic
26328,U+9BB2,鮲,0,,60,semantic
26329,U+9BB3,鮳,0,,60,semantic
26330,U+9BB4,鮴,0,,60,semantic
26331,U+9BB5,鮵,0,,60,semantic
26332,U+9BB6,鮶,0,,60,semantic
26333,U+9BB7,鮷,0,,60,semantic
26334,U+9BB8,鮸,38,,60,semantic
26335,U+9BB9,鮹,25,,60,semantic
26336,U+9BBA,鮺,43,,60,semantic
26337,U+9BBB,鮻,53,,60,semantic
26338,U+9BBC,鮼,0,,60,semantic
26339,U+9BBD,鮽,0,,60,semantic
26340,U+9BBE,鮾,0,,60,semantic
26341,U+9BBF,鮿,25,,60,semantic
26342,U+9BC0,鯀,25,,60,semantic
26343,U+9BC1,鯁,25,,60,semantic
26344,U+9BC2,鯂,0,,60,semantic
26345,U+9BC3,鯃,0,,60,semantic
26346,U+9BC4,鯄,0,,60,semantic
26347,U+9BC5,鯅,0,,60,semantic
26348,U+9BC6,鯆,51,,60,semantic
26349,U+9BC7,鯇,38,,60,semantic
26350,U+9BC8,鯈,10,,60,semantic
26351,U+9BC9,鯉,25,,60,semantic
26352,U+9BCA,鯊,25,,60,semantic
26353,U+9BCB,鯋,25,,60,semantic
26354,U+9BCC,鯌,0,,60,semantic
26355,U+9BCD,鯍,0,,60,semantic
26356,U+9BCE,鯎,0,,60,semantic
26357,U+9BCF,鯏,17,,60,semantic
26358,U+9BD0,鯐,0,,60,semantic
26359,U+9BD1,鯑,0,,60,semantic
26360,U+9BD2,鯒,25,,60,semantic
26361,U+9BD3,鯓,0,,60,semantic
26362,U+9BD4,鯔,53,,60,semantic
26363,U+9BD5,鯕,38,,60,semantic
26364,U+9BD6,鯖,38,,60,semantic
26365,U+9BD7,鯗,25,,60,semantic
26366,U+9BD8,鯘,0,,60,semantic
26367,U+9BD9,鯙,38,,60,semantic
26368,U+9BDA,鯚,0,,60,semantic
26369,U+9BDB,鯛,38,,60,semantic
26370,U+9BDC,鯜,0,,60,semantic
26371,U+9BDD,鯝,25,,60,semantic
26372,U+9BDE,鯞,0,,60,semantic
26373,U+9BDF,鯟,0,,60,semantic
26374,U+9BE0,鯠,20,,60,semantic
26375,U+9BE1,鯡,25,,60,semantic
26376,U+9BE2,鯢,58,,60,semantic
26377,U+9BE3,鯣,25,,60,semantic
26378,U+9BE4,鯤,44,,60,semantic
26379,U+9BE5,鯥,0,,60,semantic
26380,U+9BE6,鯦,0,,60,semantic
26381,U+9BE7,鯧,38,,60,semantic
26382,U+9BE8,鯨,25,,60,semantic
26383,U+9BE9,鯩,0,,60,semantic
26384,U+9BEA,鯪,25,,60,semantic
26385,U+9BEB,鯫,25,,60,semantic
26386,U+9BEC,鯬,0,,60,semantic
26387,U+9BED,鯭,25,,60,semantic
26388,U+9BEE,鯮,0,,60,semantic
26389,U+9BEF,鯯,0,,60,semantic
26390,U+9BF0,鯰,19,,60,semantic
26391,U+9BF1,鯱,25,,60,semantic
26392,U+9BF2,鯲,0,,60,semantic
26393,U+9BF3,鯳,0,,60,semantic
26394,U+9BF4,鯴,25,,60,semantic
26395,U+9BF5,鯵,0,,60,semantic
26396,U+9BF6,鯶,38,,60,semantic
26397,U+9BF7,鯷,53,,60,semantic
26398,U+9BF8,鯸,25,,60,semantic
26399,U+9BF9,鯹,0,,60,semantic
26400,U+9BFA,鯺,25,,60,semantic
26401,U+9BFB,鯻,0,,60,semantic
26402,U+9BFC,鯼,0,,60,semantic
26403,U+9BFD,鯽,38,,60,semantic
26404,U+9BFE,鯾,0,,60,semantic
26405,U+9BFF,鯿,47,,60,semantic
26406,U+9C00,鰀,0,,60,semantic
26407,U+9C01,鰁,25,,60,semantic
26408,U+9C02,鰂,25,,60,semantic
26409,U+9C03,鰃,25,,60,semantic
26410,U+9C04,鰄,0,,60,semantic
26411,U+9C05,鰅,0,,60,semantic
26412,U+9C06,鰆,25,,60,semantic
26413,U+9C07,鰇,0,,60,semantic
26414,U+9C08,鰈,25,,60,semantic
26415,U+9C09,鰉,25,,60,semantic
26416,U+9C0A,鰊,25,,60,semantic
26417,U+9C0B,鰋,19,,60,semantic
26418,U+9C0C,鰌,25,,60,semantic
26419,U+9C0D,鰍,54,,60,semantic
26420,U+9C0E,鰎,0,,60,semantic
26421,U+9C0F,鰏,0,,60,semantic
26422,U+9C10,鰐,58,,60,semantic
26423,U+9C11,鰑,0,,60,semantic
26424,U+9C12,鰒,25,,60,semantic
26425,U+9C13,鰓,25,,60,semantic
26426,U+9C14,鰔,25,,60,semantic
26427,U+9C15,鰕,25,,60,semantic
26428,U+9C16,鰖,0,,60,semantic
26429,U+9C17,鰗,0,,60,semantic
26430,U+9C18,鰘,0,,60,semantic
26431,U+9C19,鰙,0,,60,semantic
26432,U+9C1A,鰚,0,,60,semantic
26433,U+9C1B,鰛,53,,60,semantic
26434,U+9C1C,鰜,17,,60,semantic
26435,U+9C1D,鰝,0,,60,semantic
26436,U+9C1E,鰞,25,,60,semantic
26437,U+9C1F,鰟,25,,60,semantic
26438,U+9C20,鰠,25,,60,semantic
26439,U+9C21,鰡,0,,60,semantic
26440,U+9C22,鰢,0,,60,semantic
26441,U+9C23,鰣,12,,60,semantic
26442,U+9C24,鰤,25,,60,semantic
26443,U+9C25,鰥,25,,60,semantic
26444,U+9C26,鰦,0,,60,semantic
26445,U+9C27,鰧,54,,60,semantic
26446,U+9C28,鰨,34,,60,semantic
26447,U+9C29,鰩,53,,60,semantic
26448,U+9C2A,鰪,0,,60,semantic
26449,U+9C2B,鰫,0,,60,semantic
26450,U+9C2C,鰬,0,,60,semantic
26451,U+9C2D,鰭,25,,60,semantic
26452,U+9C2E,鰮,53,,60,semantic
26453,U+9C2F,鰯,53,,60,semantic
26454,U+9C30,鰰,0,,60,semantic
26455,U+9C31,鰱,25,,60,semantic
26456,U+9C32,鰲,25,,60,semantic
26457,U+9C33,鰳,25,,60,semantic
26458,U+9C34,鰴,0,,60,semantic
26459,U+9C35,鰵,25,,60,semantic
26460,U+9C36,鰶,0,,60,semantic
26461,U+9C37,鰷,53,,60,semantic
26462,U+9C38,鰸,0,,60,semantic
26463,U+9C39,鰹,13,,60,semantic
26464,U+9C3A,鰺,35,,60,semantic
26465,U+9C3B,鰻,25,,60,semantic
26466,U+9C3C,鰼,16,,60,semantic
26467,U+9C3D,鰽,25,,60,semantic
26468,U+9C3E,鰾,25,,60,semantic
26469,U+9C3F,鰿,0,,60,semantic
26470,U+9C40,鱀,0,,60,semantic
26471,U+9C41,鱁,0,,60,semantic
26472,U+9C42,鱂,25,,60,semantic
26473,U+9C43,鱃,0,,60,semantic
26474,U+9C44,鱄,53,,60,semantic
26475,U+9C45,鱅,53,,60,semantic
26476,U+9C46,鱆,25,,60,semantic
26477,U+9C47,鱇,25,,60,semantic
26478,U+9C48,鱈,25,,60,semantic
26479,U+9C49,鱉,58,,60,semantic
26480,U+9C4A,鱊,0,,60,semantic
26481,U+9C4B,鱋,0,,60,semantic
26482,U+9C4C,鱌,0,,60,semantic
26483,U+9C4D,鱍,0,,60,semantic
26484,U+9C4E,鱎,0,,60,semantic
26485,U+9C4F,鱏,53,,60,semantic
26486,U+9C50,鱐,25,,60,semantic
26487,U+9C51,鱑,25,,60,semantic
26488,U+9C52,鱒,24,,60,semantic
26489,U+9C53,鱓,25,,60,semantic
26490,U+9C54,鱔,25,,60,semantic
26491,U+9C55,鱕,0,,60,semantic
26492,U+9C56,鱖,25,,60,semantic
26493,U+9C57,鱗,25,,60,semantic
26494,U+9C58,鱘,25,,60,semantic
26495,U+9C59,鱙,0,,60,semantic
26496,U+9C5A,鱚,0,,60,semantic
26497,U+9C5B,鱛,25,,60,semantic
26498,U+9C5C,鱜,0,,60,semantic
26499,U+9C5D,鱝,25,,60,semantic
26500,U+9C5E,鱞,0,,60,semantic
26501,U+9C5F,鱟,25,,60,semantic
26502,U+9C60,鱠,25,,60,semantic
26503,U+9C61,鱡,25,,60,semantic
26504,U+9C62,鱢,0,,60,semantic
26505,U+9C63,鱣,25,,60,semantic
26506,U+9C64,鱤,0,,60,semantic
26507,U+9C65,鱥,0,,60,semantic
26508,U+9C66,鱦,0,,60,semantic
26509,U+9C67,鱧,58,,60,semantic
26510,U+9C68,鱨,25,,60,semantic
26511,U+9C69,鱩,0,,60,semantic
26512,U+9C6A,鱪,0,,60,semantic
26513,U+9C6B,鱫,0,,60,semantic
26514,U+9C6C,鱬,0,,60,semantic
26515,U+9C6D,鱭,53,,60,semantic
26516,U+9C6E,鱮,25,,60,semantic
26517,U+9C6F,鱯,0,,60,semantic
26518,U+9C70,鱰,0,,60,semantic
26519,U+9C71,鱱,0,,60,semantic
26520,U+9C72,鱲,43,,60,semantic
26521,U+9C73,鱳,0,,60,semantic
26522,U+9C74,鱴,0,,60,semantic
26523,U+9C75,鱵,0,,60,semantic
26524,U+9C76,鱶,25,,60,semantic
26525,U+9C77,鱷,58,,60,semantic
26526,U+9C78,鱸,25,,60,semantic
26527,U+9C79,鱹,0,,60,semantic
26528,U+9C7A,鱺,25,,60,semantic
26529,U+9C7B,鱻,28,,60,semantic
26530,U+9C7C,鱼,30,,60,semantic
26531,U+9C7D,鱽,53,,60,semantic
26532,U+9C7E,鱾,25,,60,semantic
26533,U+9C7F,鱿,25,,60,semantic
26534,U+9C80,鲀,25,,60,semantic
26535,U+9C81,鲁,45,,60,semantic
26536,U+9C82,鲂,47,,60,semantic
26537,U+9C83,鲃,25,,60,semantic
26538,U+9C84,鲄,0,,60,semantic
26539,U+9C85,鲅,25,,60,semantic
26540,U+9C86,鲆,34,,60,semantic
26541,U+9C87,鲇,25,,60,semantic
26542,U+9C88,鲈,25,,60,semantic
26543,U+9C89,鲉,0,,60,semantic
26544,U+9C8A,鲊,25,,60,semantic
26545,U+9C8B,鲋,38,,60,semantic
26546,U+9C8C,鲌,25,,60,semantic
26547,U+9C8D,鲍,25,,60,semantic
26548,U+9C8E,鲎,25,,60,semantic
26549,U+9C8F,鲏,38,,60,semantic
26550,U+9C90,鲐,25,,60,semantic
26551,U+9C91,鲑,25,,60,semantic
26552,U+9C92,鲒,25,,60,semantic
26553,U+9C93,鲓,0,,60,semantic
26554,U+9C94,鲔,25,,60,semantic
26555,U+9C95,鲕,53,,60,semantic
26556,U+9C96,鲖,25,,60,semantic
26557,U+9C97,鲗,25,,60,semantic
26558,U+9C98,鲘,0,,60,semantic
26559,U+9C99,鲙,25,,60,semantic
26560,U+9C9A,鲚,53,,60,semantic
26561,U+9C9B,鲛,25,,60,semantic
26562,U+9C9C,鲜,28,,60,semantic
26563,U+9C9D,鲝,43,,60,semantic
26564,U+9C9E,鲞,25,,60,semantic
26565,U+9C9F,鲟,25,,60,semantic
26566,U+9CA0,鲠,25,,60,semantic
26567,U+9CA1,鲡,25,,60,semantic
26568,U+9CA2,鲢,25,,60,semantic
26569,U+9CA3,鲣,13,,60,semantic
26570,U+9CA4,鲤,25,,60,semantic
26571,U+9CA5,鲥,25,,60,semantic
26572,U+9CA6,鲦,53,,60,semantic
26573,U+9CA7,鲧,25,,60,semantic
26574,U+9CA8,鲨,25,,60,semantic
26575,U+9CA9,鲩,25,,60,semantic
26576,U+9CAA,鲪,0,,60,semantic
26577,U+9CAB,鲫,38,,60,semantic
26578,U+9CAC,鲬,25,,60,semantic
26579,U+9CAD,鲭,53,,60,semantic
26580,U+9CAE,鲮,25,,60,semantic
26581,U+9CAF,鲯,38,,60,semantic
26582,U+9CB0,鲰,25,,60,semantic
26583,U+9CB1,鲱,25,,60,semantic
26584,U+9CB2,鲲,44,,60,semantic
26585,U+9CB3,鲳,38,,60,semantic
26586,U+9CB4,鲴,25,,60,semantic
26587,U+9CB5,鲵,58,,60,semantic
26588,U+9CB6,鲶,19,,60,semantic
26589,U+9CB7,鲷,38,,60,semantic
26590,U+9CB8,鲸,25,,60,semantic
26591,U+9CB9,鲹,35,,60,semantic
26592,U+9CBA,鲺,25,,60,semantic
26593,U+9CBB,鲻,53,,60,semantic
26594,U+9CBC,鲼,25,,60,semantic
26595,U+9CBD,鲽,25,,60,semantic
26596,U+9CBE,鲾,0,,60,semantic
26597,U+9CBF,鲿,25,,60,semantic
26598,U+9CC0,鳀,53,,60,semantic
26599,U+9CC1,鳁,53,,60,semantic
26600,U+9CC2,鳂,25,,60,semantic
26601,U+9CC3,鳃,25,,60,semantic
26602,U+9CC4,鳄,58,,60,semantic
26603,U+9CC5,鳅,54,,60,semantic
26604,U+9CC6,鳆,25,,60,semantic
26605,U+9CC7,鳇,25,,60,semantic
26606,U+9CC8,鳈,25,,60,semantic
26607,U+9CC9,鳉,25,,60,semantic
26608,U+9CCA,鳊,47,,60,semantic
26609,U+9CCB,鳋,25,,60,semantic
26610,U+9CCC,鳌,25,,60,semantic
26611,U+9CCD,鳍,25,,60,semantic
26612,U+9CCE,鳎,34,,60,semantic
26613,U+9CCF,鳏,25,,60,semantic
26614,U+9CD0,鳐,53,,60,semantic
26615,U+9CD1,鳑,25,,60,semantic
26616,U+9CD2,鳒,17,,60,semantic
26617,U+9CD3,鳓,25,,60,semantic
26618,U+9CD4,鳔,25,,60,semantic
26619,U+9CD5,鳕,25,,60,semantic
26620,U+9CD6,鳖,58,,60,semantic
26621,U+9CD7,鳗,25,,60,semantic
26622,U+9CD8,鳘,25,,60,semantic
26623,U+9CD9,鳙,18,,60,semantic
26624,U+9CDA,鳚,25,,60,semantic
26625,U+9CDB,鳛,16,,60,semantic
26626,U+9CDC,鳜,25,,60,semantic
26627,U+9CDD,鳝,25,,60,semantic
26628,U+9CDE,鳞,25,,60,semantic
26629,U+9CDF,鳟,24,,60,semantic
26630,U+9CE0,鳠,0,,60,semantic
26631,U+9CE1,鳡,0,,60,semantic
26632,U+9CE2,鳢,58,,60,semantic
26633,U+9CE3,鳣,25,,60,semantic
26634,U+9CE4,鳤,25,,60,semantic
26635,U+9CE5,鳥,30,,60,semantic
26636,U+9CE6,鳦,17,,60,semantic
26637,U+9CE7,鳧,44,,60,semantic
26638,U+9CE8,鳨,0,,60,semantic
26639,U+9CE9,鳩,44,,60,semantic
26640,U+9CEA,鳪,0,,60,semantic
26641,U+9CEB,鳫,44,,60,semantic
26642,U+9CEC,鳬,44,,60,semantic
26643,U+9CED,鳭,0,,60,semantic
26644,U+9CEE,鳮,44,,60,semantic
26645,U+9CEF,鳯,28,,60,semantic
26646,U+9CF0,鳰,0,,60,semantic
26647,U+9CF1,鳱,0,,60,semantic
26648,U+9CF2,鳲,58,,60,semantic
26649,U+9CF3,鳳,28,,60,semantic
26650,U+9CF4,鳴,8,,60,semantic
26651,U+9CF5,鳵,0,,60,semantic
26652,U+9CF6,鳶,38,,60,semantic
26653,U+9CF7,鳷,53,,60,semantic
26654,U+9CF8,鳸,0,,60,semantic
26655,U+9CF9,鳹,0,,60,semantic
26656,U+9CFA,鳺,0,,60,semantic
26657,U+9CFB,鳻,44,,60,semantic
26658,U+9CFC,鳼,0,,60,semantic
26659,U+9CFD,鳽,0,,60,semantic
26660,U+9CFE,鳾,53,,60,semantic
26661,U+9CFF,鳿,0,,60,semantic
26662,U+9D00,鴀,0,,60,semantic
26663,U+9D01,鴁,44,,60,semantic
26664,U+9D02,鴂,44,,60,semantic
26665,U+9D03,鴃,44,,60,semantic
26666,U+9D04,鴄,44,,60,semantic
26667,U+9D05,鴅,0,,60,semantic
26668,U+9D06,鴆,44,,60,semantic
26669,U+9D07,鴇,38,,60,semantic
26670,U+9D08,鴈,44,,60,semantic
26671,U+9D09,鴉,44,,60,semantic
26672,U+9D0A,鴊,0,,60,semantic
26673,U+9D0B,鴋,0,,60,semantic
26674,U+9D0C,鴌,0,,60,semantic
26675,U+9D0D,鴍,0,,60,semantic
26676,U+9D0E,鴎,44,,60,semantic
26677,U+9D0F,鴏,0,,60,semantic
26678,U+9D10,鴐,0,,60,semantic
26679,U+9D11,鴑,0,,60,semantic
26680,U+9D12,鴒,38,,60,semantic
26681,U+9D13,鴓,0,,60,semantic
26682,U+9D14,鴔,0,,60,semantic
26683,U+9D15,鴕,38,,60,semantic
26684,U+9D16,鴖,0,,60,semantic
26685,U+9D17,鴗,25,,60,semantic
26686,U+9D18,鴘,0,,60,semantic
26687,U+9D19,鴙,0,,60,semantic
26688,U+9D1A,鴚,0,,60,semantic
26689,U+9D1B,鴛,44,,60,semantic
26690,U+9D1C,鴜,0,,60,semantic
26691,U+9D1D,鴝,38,,60,semantic
26692,U+9D1E,鴞,44,,60,semantic
26693,U+9D1F,鴟,24,,60,semantic
26694,U+9D20,鴠,44,,60,semantic
26695,U+9D21,鴡,0,,60,semantic
26696,U+9D22,鴢,0,,60,semantic
26697,U+9D23,鴣,38,,60,semantic
26698,U+9D24,鴤,0,,60,semantic
26699,U+9D25,鴥,53,,60,semantic
26700,U+9D26,鴦,44,,60,semantic
26701,U+9D27,鴧,0,,60,semantic
26702,U+9D28,鴨,44,,60,semantic
26703,U+9D29,鴩,0,,60,semantic
26704,U+9D2A,鴪,53,,60,semantic
26705,U+9D2B,鴫,53,,60,semantic
26706,U+9D2C,鴬,44,,60,semantic
26707,U+9D2D,鴭,0,,60,semantic
26708,U+9D2E,鴮,0,,60,semantic
26709,U+9D2F,鴯,17,,60,semantic
26710,U+9D30,鴰,44,,60,semantic
26711,U+9D31,鴱,0,,60,semantic
26712,U+9D32,鴲,0,,60,semantic
26713,U+9D33,鴳,44,,60,semantic
26714,U+9D34,鴴,53,,60,semantic
26715,U+9D35,鴵,0,,60,semantic
26716,U+9D36,鴶,0,,60,semantic
26717,U+9D37,鴷,41,,60,semantic
26718,U+9D38,鴸,0,,60,semantic
26719,U+9D39,鴹,0,,60,semantic
26720,U+9D3A,鴺,44,,60,semantic
26721,U+9D3B,鴻,44,,60,semantic
26722,U+9D3C,鴼,0,,60,semantic
26723,U+9D3D,鴽,44,,60,semantic
26724,U+9D3E,鴾,19,,60,semantic
26725,U+9D3F,鴿,44,,60,semantic
26726,U+9D40,鵀,53,,60,semantic
26727,U+9D41,鵁,25,,60,semantic
26728,U+9D42,鵂,44,,60,semantic
26729,U+9D43,鵃,44,,60,semantic
26730,U+9D44,鵄,53,,60,semantic
26731,U+9D45,鵅,0,,60,semantic
26732,U+9D46,鵆,0,,60,semantic
26733,U+9D47,鵇,0,,60,semantic
26734,U+9D48,鵈,0,,60,semantic
26735,U+9D49,鵉,0,,60,semantic
26736,U+9D4A,鵊,0,,60,semantic
26737,U+9D4B,鵋,0,,60,semantic
26738,U+9D4C,鵌,0,,60,semantic
26739,U+9D4D,鵍,0,,60,semantic
26740,U+9D4E,鵎,0,,60,semantic
26741,U+9D4F,鵏,0,,60,semantic
26742,U+9D50,鵐,0,,60,semantic
26743,U+9D51,鵑,44,,60,semantic
26744,U+9D52,鵒,44,,60,semantic
26745,U+9D53,鵓,44,,60,semantic
26746,U+9D54,鵔,0,,60,semantic
26747,U+9D55,鵕,0,,60,semantic
26748,U+9D56,鵖,0,,60,semantic
26749,U+9D57,鵗,0,,60,semantic
26750,U+9D58,鵘,0,,60,semantic
26751,U+9D59,鵙,38,,60,semantic
26752,U+9D5A,鵚,4,,60,semantic
26753,U+9D5B,鵛,0,,60,semantic
26754,U+9D5C,鵜,44,,60,semantic
26755,U+9D5D,鵝,44,,60,semantic
26756,U+9D5E,鵞,44,,60,semantic
26757,U+9D5F,鵟,0,,60,semantic
26758,U+9D60,鵠,33,,60,semantic
26759,U+9D61,鵡,44,,60,semantic
26760,U+9D62,鵢,0,,60,semantic
26761,U+9D63,鵣,0,,60,semantic
26762,U+9D64,鵤,0,,60,semantic
26763,U+9D65,鵥,0,,60,semantic
26764,U+9D66,鵦,0,,60,semantic
26765,U+9D67,鵧,0,,60,semantic
26766,U+9D68,鵨,0,,60,semantic
26767,U+9D69,鵩,44,,60,semantic
26768,U+9D6A,鵪,38,,60,semantic
26769,U+9D6B,鵫,44,,60,semantic
26770,U+9D6C,鵬,44,,60,semantic
26771,U+9D6D,鵭,44,,60,semantic
26772,U+9D6E,鵮,44,,60,semantic
26773,U+9D6F,鵯,38,,60,semantic
26774,U+9D70,鵰,44,,60,semantic
26775,U+9D71,鵱,0,,60,semantic
26776,U+9D72,鵲,38,,60,semantic
26777,U+9D73,鵳,0,,60,semantic
26778,U+9D74,鵴,0,,60,semantic
26779,U+9D75,鵵,0,,60,semantic
26780,U+9D76,鵶,44,,60,semantic
26781,U+9D77,鵷,44,,60,semantic
26782,U+9D78,鵸,0,,60,semantic
26783,U+9D79,鵹,0,,60,semantic
26784,U+9D7A,鵺,0,,60,semantic
26785,U+9D7B,鵻,44,,60,semantic
26786,U+9D7C,鵼,44,,60,semantic
26787,U+9D7D,鵽,0,,60,semantic
26788,U+9D7E,鵾,44,,60,semantic
26789,U+9D7F,鵿,0,,60,semantic
26790,U+9D80,鶀,0,,60,semantic
26791,U+9D81,鶁,0,,60,semantic
26792,U+9D82,鶂,44,,60,semantic
26793,U+9D83,鶃,44,,60,semantic
26794,U+9D84,鶄,44,,60,semantic
26795,U+9D85,鶅,0,,60,semantic
26796,U+9D86,鶆,0,,60,semantic
26797,U+9D87,鶇,38,,60,semantic
26798,U+9D88,鶈,0,,60,semantic
26799,U+9D89,鶉,38,,60,semantic
26800,U+9D8A,鶊,53,,60,semantic
26801,U+9D8B,鶋,44,,60,semantic
26802,U+9D8C,鶌,0,,60,semantic
26803,U+9D8D,鶍,0,,60,semantic
26804,U+9D8E,鶎,0,,60,semantic
26805,U+9D8F,鶏,44,,60,semantic
26806,U+9D90,鶐,0,,60,semantic
26807,U+9D91,鶑,0,,60,semantic
26808,U+9D92,鶒,44,,60,semantic
26809,U+9D93,鶓,47,,60,semantic
26810,U+9D94,鶔,0,,60,semantic
26811,U+9D95,鶕,0,,60,semantic
26812,U+9D96,鶖,44,,60,semantic
26813,U+9D97,鶗,44,,60,semantic
26814,U+9D98,鶘,44,,60,semantic
26815,U+9D99,鶙,0,,60,semantic
26816,U+9D9A,鶚,25,,60,semantic
26817,U+9D9B,鶛,0,,60,semantic
26818,U+9D9C,鶜,0,,60,semantic
26819,U+9D9D,鶝,0,,60,semantic
26820,U+9D9E,鶞,0,,60,semantic
26821,U+9D9F,鶟,0,,60,semantic
26822,U+9DA0,鶠,0,,60,semantic
26823,U+9DA1,鶡,44,,60,semantic
26824,U+9DA2,鶢,44,,60,semantic
26825,U+9DA3,鶣,0,,60,semantic
26826,U+9DA4,鶤,0,,60,semantic
26827,U+9DA5,鶥,38,,60,semantic
26828,U+9DA6,鶦,44,,60,semantic
26829,U+9DA7,鶧,0,,60,semantic
26830,U+9DA8,鶨,0,,60,semantic
26831,U+9DA9,鶩,44,,60,semantic
26832,U+9DAA,鶪,53,,60,semantic
26833,U+9DAB,鶫,53,,60,semantic
26834,U+9DAC,鶬,53,,60,semantic
26835,U+9DAD,鶭,0,,60,semantic
26836,U+9DAE,鶮,0,,60,semantic
26837,U+9DAF,鶯,44,,60,semantic
26838,U+9DB0,鶰,0,,60,semantic
26839,U+9DB1,鶱,47,,60,semantic
26840,U+9DB2,鶲,44,,60,semantic
26841,U+9DB3,鶳,0,,60,semantic
26842,U+9DB4,鶴,44,,60,semantic
26843,U+9DB5,鶵,57,,60,semantic
26844,U+9DB6,鶶,0,,60,semantic
26845,U+9DB7,鶷,0,,60,semantic
26846,U+9DB8,鶸,50,,60,semantic
26847,U+9DB9,鶹,44,,60,semantic
26848,U+9DBA,鶺,53,,60,semantic
26849,U+9DBB,鶻,44,,60,semantic
26850,U+9DBC,鶼,44,,60,semantic
26851,U+9DBD,鶽,44,,60,semantic
26852,U+9DBE,鶾,0,,60,semantic
26853,U+9DBF,鶿,33,,60,semantic
26854,U+9DC0,鷀,25,,60,semantic
26855,U+9DC1,鷁,25,,60,semantic
26856,U+9DC2,鷂,44,,60,semantic
26857,U+9DC3,鷃,44,,60,semantic
26858,U+9DC4,鷄,44,,60,semantic
26859,U+9DC5,鷅,0,,60,semantic
26860,U+9DC6,鷆,44,,60,semantic
26861,U+9DC7,鷇,44,,60,semantic
26862,U+9DC8,鷈,44,,60,semantic
26863,U+9DC9,鷉,53,,60,semantic
26864,U+9DCA,鷊,44,,60,semantic
26865,U+9DCB,鷋,0,,60,semantic
26866,U+9DCC,鷌,0,,60,semantic
26867,U+9DCD,鷍,0,,60,semantic
26868,U+9DCE,鷎,0,,60,semantic
26869,U+9DCF,鷏,38,,60,semantic
26870,U+9DD0,鷐,0,,60,semantic
26871,U+9DD1,鷑,0,,60,semantic
26872,U+9DD2,鷒,0,,60,semantic
26873,U+9DD3,鷓,44,,60,semantic
26874,U+9DD4,鷔,44,,60,semantic
26875,U+9DD5,鷕,47,,60,semantic
26876,U+9DD6,鷖,44,,60,semantic
26877,U+9DD7,鷗,44,,60,semantic
26878,U+9DD8,鷘,44,,60,semantic
26879,U+9DD9,鷙,44,,60,semantic
26880,U+9DDA,鷚,38,,60,semantic
26881,U+9DDB,鷛,0,,60,semantic
26882,U+9DDC,鷜,0,,60,semantic
26883,U+9DDD,鷝,0,,60,semantic
26884,U+9DDE,鷞,25,,60,semantic
26885,U+9DDF,鷟,50,,60,semantic
26886,U+9DE0,鷠,0,,60,semantic
26887,U+9DE1,鷡,0,,60,semantic
26888,U+9DE2,鷢,0,,60,semantic
26889,U+9DE3,鷣,0,,60,semantic
26890,U+9DE4,鷤,0,,60,semantic
26891,U+9DE5,鷥,38,,60,semantic
26892,U+9DE6,鷦,2,,60,semantic
26893,U+9DE7,鷧,47,,60,semantic
26894,U+9DE8,鷨,0,,60,semantic
26895,U+9DE9,鷩,44,,60,semantic
26896,U+9DEA,鷪,0,,60,semantic
26897,U+9DEB,鷫,25,,60,semantic
26898,U+9DEC,鷬,0,,60,semantic
26899,U+9DED,鷭,0,,60,semantic
26900,U+9DEE,鷮,44,,60,semantic
26901,U+9DEF,鷯,2,,60,semantic
26902,U+9DF0,鷰,17,,60,semantic
26903,U+9DF1,鷱,0,,60,semantic
26904,U+9DF2,鷲,44,,60,semantic
26905,U+9DF3,鷳,38,,60,semantic
26906,U+9DF4,鷴,38,,60,semantic
26907,U+9DF5,鷵,0,,60,semantic
26908,U+9DF6,鷶,0,,60,semantic
26909,U+9DF7,鷷,0,,60,semantic
26910,U+9DF8,鷸,25,,60,semantic
26911,U+9DF9,鷹,44,,60,semantic
26912,U+9DFA,鷺,44,,60,semantic
26913,U+9DFB,鷻,0,,60,semantic
26914,U+9DFC,鷼,0,,60,semantic
26915,U+9DFD,鷽,38,,60,semantic
26916,U+9DFE,鷾,17,,60,semantic
26917,U+9DFF,鷿,58,,60,semantic
26918,U+9E00,鸀,0,,60,semantic
26919,U+9E01,鸁,0,,60,semantic
26920,U+9E02,鸂,44,,60,semantic
26921,U+9E03,鸃,0,,60,semantic
26922,U+9E04,鸄,0,,60,semantic
26923,U+9E05,鸅,0,,60,semantic
26924,U+9E06,鸆,0,,60,semantic
26925,U+9E07,鸇,44,,60,semantic
26926,U+9E08,鸈,0,,60,semantic
26927,U+9E09,鸉,0,,60,semantic
26928,U+9E0A,鸊,58,,60,semantic
26929,U+9E0B,鸋,2,,60,semantic
26930,U+9E0C,鸌,0,,60,semantic
26931,U+9E0D,鸍,0,,60,semantic
26932,U+9E0E,鸎,43,,60,semantic
26933,U+9E0F,鸏,0,,60,semantic
26934,U+9E10,鸐,0,,60,semantic
26935,U+9E11,鸑,44,,60,semantic
26936,U+9E12,鸒,38,,60,semantic
26937,U+9E13,鸓,0,,60,semantic
26938,U+9E14,鸔,0,,60,semantic
26939,U+9E15,鸕,47,,60,semantic
26940,U+9E16,鸖,0,,60,semantic
26941,U+9E17,鸗,0,,60,semantic
26942,U+9E18,鸘,44,,60,semantic
26943,U+9E19,鸙,0,,60,semantic
26944,U+9E1A,鸚,44,,60,semantic
26945,U+9E1B,鸛,38,,60,semantic
26946,U+9E1C,鸜,12,,60,semantic
26947,U+9E1D,鸝,38,,60,semantic
26948,U+9E1E,鸞,44,,60,semantic
26949,U+9E1F,鸟,30,,60,semantic
26950,U+9E20,鸠,44,,60,semantic
26951,U+9E21,鸡,44,,60,semantic
26952,U+9E22,鸢,38,,60,semantic
26953,U+9E23,鸣,8,,60,semantic
26954,U+9E24,鸤,58,,60,semantic
26955,U+9E25,鸥,44,,60,semantic
26956,U+9E26,鸦,44,,60,semantic
26957,U+9E27,鸧,53,,60,semantic
26958,U+9E28,鸨,38,,60,semantic
26959,U+9E29,鸩,44,,60,semantic
26960,U+9E2A,鸪,38,,60,semantic
26961,U+9E2B,鸫,38,,60,semantic
26962,U+9E2C,鸬,47,,60,semantic
26963,U+9E2D,鸭,44,,60,semantic
26964,U+9E2E,鸮,44,,60,semantic
26965,U+9E2F,鸯,44,,60,semantic
26966,U+9E30,鸰,38,,60,semantic
26967,U+9E31,鸱,24,,60,semantic
26968,U+9E32,鸲,38,,60,semantic
26969,U+9E33,鸳,44,,60,semantic
26970,U+9E34,鸴,38,,60,semantic
26971,U+9E35,鸵,38,,60,semantic
26972,U+9E36,鸶,53,,60,semantic
26973,U+9E37,鸷,44,,60,semantic
26974,U+9E38,鸸,17,,60,semantic
26975,U+9E39,鸹,44,,60,semantic
26976,U+9E3A,鸺,44,,60,semantic
26977,U+9E3B,鸻,53,,60,semantic
26978,U+9E3C,鸼,44,,60,semantic
26979,U+9E3D,鸽,44,,60,semantic
26980,U+9E3E,鸾,44,,60,semantic
26981,U+9E3F,鸿,44,,60,semantic
26982,U+9E40,鹀,33,,60,semantic
26983,U+9E41,鹁,44,,60,semantic
26984,U+9E42,鹂,38,,60,semantic
26985,U+9E43,鹃,44,,60,semantic
26986,U+9E44,鹄,33,,60,semantic
26987,U+9E45,鹅,44,,60,semantic
26988,U+9E46,鹆,53,,60,semantic
26989,U+9E47,鹇,38,,60,semantic
26990,U+9E48,鹈,44,,60,semantic
26991,U+9E49,鹉,44,,60,semantic
26992,U+9E4A,鹊,38,,60,semantic
26993,U+9E4B,鹋,47,,60,semantic
26994,U+9E4C,鹌,38,,60,semantic
26995,U+9E4D,鹍,44,,60,semantic
26996,U+9E4E,鹎,44,,60,semantic
26997,U+9E4F,鹏,44,,60,semantic
26998,U+9E50,鹐,44,,60,semantic
26999,U+9E51,鹑,38,,60,semantic
27000,U+9E52,鹒,53,,60,semantic
27001,U+9E53,鹓,47,,60,semantic
27002,U+9E54,鹔,25,,60,semantic
27003,U+9E55,鹕,44,,60,semantic
27004,U+9E56,鹖,44,,60,semantic
27005,U+9E57,鹗,25,,60,semantic
27006,U+9E58,鹘,44,,60,semantic
27007,U+9E59,鹙,44,,60,semantic
27008,U+9E5A,鹚,47,,60,semantic
27009,U+9E5B,鹛,38,,60,semantic
27010,U+9E5C,鹜,44,,60,semantic
27011,U+9E5D,鹝,44,,60,semantic
27012,U+9E5E,鹞,44,,60,semantic
27013,U+9E5F,鹟,44,,60,semantic
27014,U+9E60,鹠,44,,60,semantic
27015,U+9E61,鹡,53,,60,semantic
27016,U+9E62,鹢,25,,60,semantic
27017,U+9E63,鹣,44,,60,semantic
27018,U+9E64,鹤,44,,60,semantic
27019,U+9E65,鹥,44,,60,semantic
27020,U+9E66,鹦,44,,60,semantic
27021,U+9E67,鹧,44,,60,semantic
27022,U+9E68,鹨,38,,60,semantic
27023,U+9E69,鹩,2,,60,semantic
27024,U+9E6A,鹪,2,,60,semantic
27025,U+9E6B,鹫,44,,60,semantic
27026,U+9E6C,鹬,25,,60,semantic
27027,U+9E6D,鹭,44,,60,semantic
27028,U+9E6E,鹮,26,,60,semantic
27029,U+9E6F,鹯,44,,60,semantic
27030,U+9E70,鹰,44,,60,semantic
27031,U+9E71,鹱,0,,60,semantic
27032,U+9E72,鹲,0,,60,semantic
27033,U+9E73,鹳,38,,60,semantic
27034,U+9E74,鹴,44,,60,semantic
27035,U+9E75,鹵,49,,60,semantic
27036,U+9E76,鹶,15,,60,semantic
27037,U+9E77,鹷,0,,60,semantic
27038,U+9E78,鹸,49,,60,semantic
27039,U+9E79,鹹,49,,60,semantic
27040,U+9E7A,鹺,49,,60,semantic
27041,U+9E7B,鹻,6,,60,semantic
27042,U+9E7C,鹼,49,,60,semantic
27043,U+9E7D,鹽,49,,60,semantic
27044,U+9E7E,鹾,49,,60,semantic
27045,U+9E7F,鹿,30,,60,semantic
27046,U+9E80,麀,19,,60,semantic
27047,U+9E81,麁,45,,60,semantic
27048,U+9E82,麂,38,,60,semantic
27049,U+9E83,麃,53,,60,semantic
27050,U+9E84,麄,45,,60,semantic
27051,U+9E85,麅,19,,60,semantic
27052,U+9E86,麆,0,,60,semantic
27053,U+9E87,麇,19,,60,semantic
27054,U+9E88,麈,19,,60,semantic
27055,U+9E89,麉,0,,60,semantic
27056,U+9E8A,麊,0,,60,semantic
27057,U+9E8B,麋,19,,60,semantic
27058,U+9E8C,麌,19,,60,semantic
27059,U+9E8D,麍,0,,60,semantic
27060,U+9E8E,麎,0,,60,semantic
27061,U+9E8F,麏,0,,60,semantic
27062,U+9E90,麐,12,,60,semantic
27063,U+9E91,麑,19,,60,semantic
27064,U+9E92,麒,19,,60,semantic
27065,U+9E93,麓,22,,60,semantic
27066,U+9E94,麔,0,,60,semantic
27067,U+9E95,麕,19,,60,semantic
27068,U+9E96,麖,0,,60,semantic
27069,U+9E97,麗,28,,60,semantic
27070,U+9E98,麘,49,,60,semantic
27071,U+9E99,麙,0,,60,semantic
27072,U+9E9A,麚,0,,60,semantic
27073,U+9E9B,麛,53,,60,semantic
27074,U+9E9C,麜,0,,60,semantic
27075,U+9E9D,麝,19,,60,semantic
27076,U+9E9E,麞,23,,60,semantic
27077,U+9E9F,麟,43,,60,semantic
27078,U+9EA0,麠,19,,60,semantic
27079,U+9EA1,麡,0,,60,semantic
27080,U+9EA2,麢,0,,60,semantic
27081,U+9EA3,麣,0,,60,semantic
27082,U+9EA4,麤,45,,60,semantic
27083,U+9EA5,麥,30,,60,semantic
27084,U+9EA6,麦,30,,60,semantic
27085,U+9EA7,麧,0,,60,semantic
27086,U+9EA8,麨,0,,60,semantic
27087,U+9EA9,麩,53,,60,semantic
27088,U+9EAA,麪,54,,60,semantic
27089,U+9EAB,麫,54,,60,semantic
27090,U+9EAC,麬,0,,60,semantic
27091,U+9EAD,麭,21,,60,semantic
27092,U+9EAE,麮,26,,60,semantic
27093,U+9EAF,麯,38,,60,semantic
27094,U+9EB0,麰,3,,60,semantic
27095,U+9EB1,麱,48,,60,semantic
27096,U+9EB2,麲,0,,60,semantic
27097,U+9EB3,麳,0,,60,semantic
27098,U+9EB4,麴,38,,60,semantic
27099,U+9EB5,麵,54,,60,semantic
27100,U+9EB6,麶,0,,60,semantic
27101,U+9EB7,麷,0,,60,semantic
27102,U+9EB8,麸,53,,60,semantic
27103,U+9EB9,麹,38,,60,semantic
27104,U+9EBA,麺,54,,60,semantic
27105,U+9EBB,麻,30,,60,semantic
27106,U+9EBC,麼,6,,60,semantic
27107,U+9EBD,麽,6,,60,semantic
27108,U+9EBE,麾,53,,60,semantic
27109,U+9EBF,麿,32,,60,semantic
27110,U+9EC0,黀,0,,60,semantic
27111,U+9EC1,黁,0,,60,semantic
27112,U+9EC2,黂,0,,60,semantic
27113,U+9EC3,黃,30,,60,semantic
27114,U+9EC4,黄,32,,60,semantic
27115,U+9EC5,黅,0,,60,semantic
27116,U+9EC6,黆,0,,60,semantic
27117,U+9EC7,黇,19,,60,semantic
27118,U+9EC8,黈,47,,60,semantic
27119,U+9EC9,黉,47,,60,semantic
27120,U+9ECA,黊,0,,60,semantic
27121,U+9ECB,黋,0,,60,semantic
27122,U+9ECC,黌,33,,60,semantic
27123,U+9ECD,黍,30,,60,semantic
27124,U+9ECE,黎,32,,60,semantic
27125,U+9ECF,黏,52,,60,semantic
27126,U+9ED0,黐,52,,60,semantic
27127,U+9ED1,黑,30,,60,semantic
27128,U+9ED2,黒,50,,60,semantic
27129,U+9ED3,黓,50,,60,semantic
27130,U+9ED4,黔,43,,60,semantic
27131,U+9ED5,黕,50,,60,semantic
27132,U+9ED6,黖,0,,60,semantic
27133,U+9ED7,黗,0,,60,semantic
27134,U+9ED8,默,34,,60,semantic
27135,U+9ED9,黙,34,,60,semantic
27136,U+9EDA,黚,0,,60,semantic
27137,U+9EDB,黛,4,,60,semantic
27138,U+9EDC,黜,5,,60,semantic
27139,U+9EDD,黝,50,,60,semantic
27140,U+9EDE,點,14,,60,semantic
27141,U+9EDF,黟,50,,60,semantic
27142,U+9EE0,黠,42,,60,semantic
27143,U+9EE1,黡,56,,60,semantic
27144,U+9EE2,黢,50,,60,semantic
27145,U+9EE3,黣,0,,60,semantic
27146,U+9EE4,黤,50,,60,semantic
27147,U+9EE5,黥,42,,60,semantic
27148,U+9EE6,黦,0,,60,semantic
27149,U+9EE7,黧,50,,60,semantic
27150,U+9EE8,黨,12,,60,semantic
27151,U+9EE9,黩,42,,60,semantic
27152,U+9EEA,黪,50,,60,semantic
27153,U+9EEB,黫,0,,60,semantic
27154,U+9EEC,黬,53,,60,semantic
27155,U+9EED,黭,0,,60,semantic
27156,U+9EEE,黮,34,,60,semantic
27157,U+9EEF,黯,50,,60,semantic
27158,U+9EF0,黰,4,,60,semantic
27159,U+9EF1,黱,0,,60,semantic
27160,U+9EF2,黲,50,,60,semantic
27161,U+9EF3,黳,0,,60,semantic
27162,U+9EF4,黴,38,,60,semantic
27163,U+9EF5,黵,14,,60,semantic
27164,U+9EF6,黶,56,,60,semantic
27165,U+9EF7,黷,42,,60,semantic
27166,U+9EF8,黸,0,,60,semantic
27167,U+9EF9,黹,30,,60,semantic
27168,U+9EFA,黺,0,,60,semantic
27169,U+9EFB,黻,27,,60,semantic
27170,U+9EFC,黼,27,,60,semantic
27171,U+9EFD,黽,30,,60,semantic
27172,U+9EFE,黾,20,,60,semantic
27173,U+9EFF,黿,25,,60,semantic
27174,U+9F00,鼀,0,,60,semantic
27175,U+9F01,鼁,0,,60,semantic
27176,U+9F02,鼂,25,,60,semantic
27177,U+9F03,鼃,25,,60,semantic
27178,U+9F04,鼄,58,,60,semantic
27179,U+9F05,鼅,58,,60,semantic
27180,U+9F06,鼆,0,,60,semantic
27181,U+9F07,鼇,25,,60,semantic
27182,U+9F08,鼈,25,,60,semantic
27183,U+9F09,鼉,58,,60,semantic
27184,U+9F0A,鼊,0,,60,semantic
27185,U+9F0B,鼋,25,,60,semantic
27186,U+9F0C,鼌,0,,60,semantic
27187,U+9F0D,鼍,58,,60,semantic
27188,U+9F0E,鼎,6,,60,semantic
27189,U+9F0F,鼏,53,,60,semantic
27190,U+9F10,鼐,39,,60,semantic
27191,U+9F11,鼑,0,,60,semantic
27192,U+9F12,鼒,53,,60,semantic
27193,U+9F13,鼓,30,,60,semantic
27194,U+9F14,鼔,8,,60,semantic
27195,U+9F15,鼕,8,,60,semantic
27196,U+9F16,鼖,53,,60,semantic
27197,U+9F17,鼗,53,,60,semantic
27198,U+9F18,鼘,0,,60,semantic
27199,U+9F19,鼙,35,,60,semantic
27200,U+9F1A,鼚,53,,60,semantic
27201,U+9F1B,鼛,53,,60,semantic
27202,U+9F1C,鼜,0,,60,semantic
27203,U+9F1D,鼝,0,,60,semantic
27204,U+9F1E,鼞,0,,60,semantic
27205,U+9F1F,鼟,8,,60,semantic
27206,U+9F20,鼠,30,,60,semantic
27207,U+9F22,鼢,58,,60,semantic
27208,U+9F23,鼣,0,,60,semantic
27209,U+9F24,鼤,0,,60,semantic
27210,U+9F25,鼥,19,,60,semantic
27211,U+9F26,鼦,0,,60,semantic
27212,U+9F27,鼧,38,,60,semantic
27213,U+9F28,鼨,0,,60,semantic
27214,U+9F29,鼩,52,,60,semantic
27215,U+9F2A,鼪,58,,60,semantic
27216,U+9F2B,鼫,58,,60,semantic
27217,U+9F2C,鼬,19,,60,semantic
27218,U+9F2D,鼭,0,,60,semantic
27219,U+9F2E,鼮,0,,60,semantic
27220,U+9F2F,鼯,58,,60,semantic
27221,U+9F30,鼰,0,,60,semantic
27222,U+9F31,鼱,0,,60,semantic
27223,U+9F32,鼲,0,,60,semantic
27224,U+9F33,鼳,0,,60,semantic
27225,U+9F34,鼴,38,,60,semantic
27226,U+9F35,鼵,0,,60,semantic
27227,U+9F36,鼶,0,,60,semantic
27228,U+9F37,鼷,58,,60,semantic
27229,U+9F38,鼸,0,,60,semantic
27230,U+9F39,鼹,38,,60,semantic
27231,U+9F3A,鼺,0,,60,semantic
27232,U+9F3B,鼻,30,,60,semantic
27233,U+9F3C,鼼,51,,60,semantic
27234,U+9F3D,鼽,17,,60,semantic
27235,U+9F3E,鼾,8,,60,semantic
27236,U+9F3F,鼿,0,,60,semantic
27237,U+9F40,齀,0,,60,semantic
27238,U+9F41,齁,8,,60,semantic
27239,U+9F42,齂,0,,60,semantic
27240,U+9F43,齃,0,,60,semantic
27241,U+9F44,齄,56,,60,semantic
27242,U+9F45,齅,49,,60,semantic
27243,U+9F46,齆,17,,60,semantic
27244,U+9F47,齇,4,,60,semantic
27245,U+9F48,齈,17,,60,semantic
27246,U+9F49,齉,17,,60,semantic
27247,U+9F4A,齊,30,,60,semantic
27248,U+9F4B,齋,54,,60,semantic
27249,U+9F4C,齌,39,,60,semantic
27250,U+9F4D,齍,0,,60,semantic
27251,U+9F4E,齎,13,,60,semantic
27252,U+9F4F,齏,52,,60,semantic
27253,U+9F50,齐,47,,60,semantic
27254,U+9F51,齑,52,,60,semantic
27255,U+9F52,齒,30,,60,semantic
27256,U+9F53,齓,0,,60,semantic
27257,U+9F54,齔,17,,60,semantic
27258,U+9F55,齕,17,,60,semantic
27259,U+9F56,齖,0,,60,semantic
27260,U+9F57,齗,17,,60,semantic
27261,U+9F58,齘,0,,60,semantic
27262,U+9F59,齙,17,,60,semantic
27263,U+9F5A,齚,17,,60,semantic
27264,U+9F5B,齛,0,,60,semantic
27265,U+9F5C,齜,17,,60,semantic
27266,U+9F5D,齝,17,,60,semantic
27267,U+9F5E,齞,17,,60,semantic
27268,U+9F5F,齟,17,,60,semantic
27269,U+9F60,齠,17,,60,semantic
27270,U+9F61,齡,57,,60,semantic
27271,U+9F62,齢,57,,60,semantic
27272,U+9F63,齣,33,,60,semantic
27273,U+9F64,齤,0,,60,semantic
27274,U+9F65,齥,0,,60,semantic
27275,U+9F66,齦,17,,60,semantic
27276,U+9F67,齧,17,,60,semantic
27277,U+9F68,齨,0,,60,semantic
27278,U+9F69,齩,17,,60,semantic
27279,U+9F6A,齪,45,,60,semantic
27280,U+9F6B,齫,0,,60,semantic
27281,U+9F6C,齬,17,,60,semantic
27282,U+9F6D,齭,17,,60,semantic
27283,U+9F6E,齮,17,,60,semantic
27284,U+9F6F,齯,17,,60,semantic
27285,U+9F70,齰,17,,60,semantic
27286,U+9F71,齱,0,,60,semantic
27287,U+9F72,齲,17,,60,semantic
27288,U+9F73,齳,17,,60,semantic
27289,U+9F74,齴,0,,60,semantic
27290,U+9F75,齵,17,,60,semantic
27291,U+9F76,齶,17,,60,semantic
27292,U+9F77,齷,45,,60,semantic
27293,U+9F78,齸,0,,60,semantic
27294,U+9F79,齹,0,,60,semantic
27295,U+9F7A,齺,0,,60,semantic
27296,U+9F7B,齻,0,,60,semantic
27297,U+9F7C,齼,0,,60,semantic
27298,U+9F7D,齽,0,,60,semantic
27299,U+9F7E,齾,0,,60,semantic
27300,U+9F7F,齿,30,,60,semantic
27301,U+9F80,龀,17,,60,semantic
27302,U+9F81,龁,17,,60,semantic
27303,U+9F82,龂,17,,60,semantic
27304,U+9F83,龃,17,,60,semantic
27305,U+9F84,龄,57,,60,semantic
27306,U+9F85,龅,17,,60,semantic
27307,U+9F86,龆,17,,60,semantic
27308,U+9F87,龇,17,,60,semantic
27309,U+9F88,龈,17,,60,semantic
27310,U+9F89,龉,17,,60,semantic
27311,U+9F8A,龊,45,,60,semantic
27312,U+9F8B,龋,17,,60,semantic
27313,U+9F8C,龌,45,,60,semantic
27314,U+9F8E,龎,18,,60,semantic
27315,U+9F8F,龏,0,,60,semantic
27316,U+9F90,龐,18,,60,semantic
27317,U+9F91,龑,32,,60,semantic
27318,U+9F92,龒,58,,60,semantic
27319,U+9F93,龓,53,,60,semantic
27320,U+9F94,龔,29,,60,semantic
27321,U+9F95,龕,12,,60,semantic
27322,U+9F96,龖,58,,60,semantic
27323,U+9F97,龗,0,,60,semantic
27324,U+9F98,龘,58,,60,semantic
27325,U+9F99,龙,12,,60,semantic
27326,U+9F9A,龚,29,,60,semantic
27327,U+9F9B,龛,12,,60,semantic
27328,U+9F9C,龜,58,,60,semantic
27329,U+9F9D,龝,41,,60,semantic
27330,U+9F9E,龞,58,,60,semantic
27331,U+9F9F,龟,58,,60,semantic
27332,U+9FA0,龠,30,,60,semantic
27333,U+9FA1,龡,16,,60,semantic
27334,U+9FA2,龢,28,,60,semantic
27335,U+9FA3,龣,0,,60,semantic
27336,U+9FA4,龤,20,,60,semantic
27337,U+9FA5,龥,20,,60,semantic
27338,U+9FA6,龦,0,,60,semantic
27339,U+9FA7,龧,0,,60,semantic
27340,U+9FA8,龨,0,,60,semantic
27341,U+9FA9,龩,0,,60,semantic
27342,U+9FAA,龪,0,,60,semantic
27343,U+9FAB,龫,0,,60,semantic
27344,U+9FAC,龬,0,,60,semantic
27345,U+9FAD,龭,0,,60,semantic
27346,U+9FAE,龮,0,,60,semantic
27347,U+9FAF,龯,0,,60,semantic
27348,U+9FB1,龱,0,,60,semantic
27349,U+9FB2,龲,0,,60,semantic
27350,U+9FB3,龳,0,,60,semantic
27351,U+9FB7,龷,0,,60,semantic
27352,U+9FB8,龸,0,,60,semantic
27353,U+9FB9,龹,0,,60,semantic
27354,U+9FBA,龺,0,,60,semantic
27355,U+9FBB,龻,0,,60,semantic
27356,U+9FBC,龼,0,,60,semantic
27357,U+9FBD,龽,0,,60,semantic
27358,U+9FBE,龾,0,,60,semantic
27359,U+9FBF,龿,0,,60,semantic
27360,U+9FC0,鿀,0,,60,semantic
27361,U+9FC1,鿁,0,,60,semantic
27362,U+9FC2,鿂,0,,60,semantic
27363,U+9FC3,鿃,53,,60,semantic
27364,U+9FC4,鿄,0,,60,semantic
27365,U+9FC5,鿅,0,,60,semantic
27366,U+9FC6,鿆,0,,60,semantic
27367,U+9FC7,鿇,0,,60,semantic
27368,U+9FC8,鿈,0,,60,semantic
27369,U+9FC9,鿉,0,,60,semantic
27370,U+9FCA,鿊,0,,60,semantic
27371,U+9FCB,鿋,0,,60,semantic
27372,U+9FCC,鿌,36,,60,semantic
27373,U+9FCD,鿍,22,,60,semantic
27374,U+9FCE,鿎,43,,60,semantic
27375,U+9FCF,鿏,6,,60,semantic
27376,U+9FD0,鿐,53,,60,semantic
27377,U+9FD1,鿑,0,,60,semantic
27378,U+9FD2,鿒,53,,60,semantic
27379,U+9FD3,鿓,53,,60,semantic
27380,U+9FD4,鿔,6,,60,semantic
27381,U+9FD5,鿕,38,,60,semantic
27382,U+9FD6,鿖,0,,60,semantic
27383,U+9FD7,鿗,0,,60,semantic
27384,U+9FD8,鿘,0,,60,semantic
27385,U+9FD9,鿙,0,,60,semantic
27386,U+9FDA,鿚,0,,60,semantic
27387,U+9FDB,鿛,0,,60,semantic
27388,U+9FDC,鿜,0,,60,semantic
27389,U+9FDD,鿝,0,,60,semantic
27390,U+9FDE,鿞,0,,60,semantic
27391,U+9FDF,鿟,0,,60,semantic
27392,U+9FE0,鿠,0,,60,semantic
27393,U+9FE1,鿡,0,,60,semantic
27394,U+9FE2,鿢,0,,60,semantic
27395,U+9FE3,鿣,0,,60,semantic
27396,U+9FE4,鿤,0,,60,semantic
27397,U+9FE5,鿥,0,,60,semantic
27398,U+9FE6,鿦,0,,60,semantic
27399,U+9FE7,鿧,0,,60,semantic
27400,U+9FE8,鿨,0,,60,semantic
27401,U+9FE9,鿩,0,,60,semantic
27402,U+9FEA,鿪,0,,60,semantic
27403,U+9FEB,鿫,47,,60,semantic
27404,U+9FEC,鿬,6,,60,semantic
27405,U+9FED,鿭,6,,60,semantic
27406,U+9FEE,鿮,0,,60,semantic
27407,U+9FEF,鿯,0,,60,semantic
