row_id,codepoint,char,cluster_kmeans,cluster_agglomerative,k,space
0,U+3400,㐀,56,,60,structural
1,U+3402,㐂,27,,60,structural
2,U+3403,㐃,27,,60,structural
3,U+3407,㐇,27,,60,structural
4,U+3408,㐈,27,,60,structural
5,U+3409,㐉,52,,60,structural
6,U+340A,㐊,27,,60,structural
7,U+340B,㐋,9,,60,structural
8,U+340C,㐌,27,,60,structural
9,U+340D,㐍,27,,60,structural
10,U+340E,㐎,27,,60,structural
11,U+340F,㐏,56,,60,structural
12,U+3410,㐐,31,,60,structural
13,U+3411,㐑,27,,60,structural
14,U+3412,㐒,1,,60,structural
15,U+3413,㐓,52,,60,structural
16,U+3414,㐔,1,,60,structural
17,U+3415,㐕,11,,60,structural
18,U+3416,㐖,1,,60,structural
19,U+3417,㐗,27,,60,structural
20,U+3418,㐘,27,,60,structural
21,U+3419,㐙,27,,60,structural
22,U+341A,㐚,21,,60,structural
23,U+341B,㐛,46,,60,structural
24,U+341C,㐜,25,,60,structural
25,U+341D,㐝,3,,60,structural
26,U+341E,㐞,25,,60,structural
27,U+341F,㐟,27,,60,structural
28,U+3420,㐠,27,,60,structural
29,U+3421,㐡,20,,60,structural
30,U+3422,㐢,12,,60,structural
31,U+3423,㐣,38,,60,structural
32,U+3424,㐤,25,,60,structural
33,U+3425,㐥,48,,60,structural
34,U+3426,㐦,25,,60,structural
35,U+3428,㐨,27,,60,structural
36,U+3429,㐩,17,,60,structural
37,U+342A,㐪,20,,60,structural
38,U+342B,㐫,10,,60,structural
39,U+342D,㐭,1,,60,structural
40,U+342E,㐮,58,,60,structural
41,U+342F,㐯,1,,60,structural
42,U+3430,㐰,46,,60,structural
43,U+3431,㐱,46,,60,structural
44,U+3432,㐲,46,,60,structural
45,U+3433,㐳,26,,60,structural
46,U+3434,㐴,4,,60,structural
47,U+3435,㐵,49,,60,structural
48,U+3436,㐶,46,,60,structural
49,U+3437,㐷,50,,60,structural
50,U+3438,㐸,46,,60,structural
51,U+3439,㐹,46,,60,structural
52,U+343A,㐺,46,,60,structural
53,U+343B,㐻,46,,60,structural
54,U+343C,㐼,46,,60,structural
55,U+343D,㐽,46,,60,structural
56,U+343E,㐾,26,,60,structural
57,U+343F,㐿,3,,60,structural
58,U+3440,㑀,13,,60,structural
59,U+3441,㑁,46,,60,structural
60,U+3442,㑂,26,,60,structural
61,U+3443,㑃,46,,60,structural
62,U+3444,㑄,46,,60,structural
63,U+3445,㑅,26,,60,structural
64,U+3446,㑆,46,,60,structural
65,U+3447,㑇,46,,60,structural
66,U+3448,㑈,26,,60,structural
67,U+3449,㑉,46,,60,structural
68,U+344A,㑊,46,,60,structural
69,U+344B,㑋,46,,60,structural
70,U+344C,㑌,33,,60,structural
71,U+344D,㑍,46,,60,structural
72,U+344E,㑎,46,,60,structural
73,U+344F,㑏,46,,60,structural
74,U+3450,㑐,26,,60,structural
75,U+3451,㑑,46,,60,structural
76,U+3452,㑒,26,,60,structural
77,U+3453,㑓,46,,60,structural
78,U+3454,㑔,19,,60,structural
79,U+3455,㑕,4,,60,structural
80,U+3456,㑖,59,,60,structural
81,U+3457,㑗,46,,60,structural
82,U+3458,㑘,46,,60,structural
83,U+3459,㑙,46,,60,structural
84,U+345A,㑚,49,,60,structural
85,U+345B,㑛,34,,60,structural
86,U+345C,㑜,3,,60,structural
87,U+345D,㑝,33,,60,structural
88,U+345E,㑞,42,,60,structural
89,U+345F,㑟,25,,60,structural
90,U+3460,㑠,9,,60,structural
91,U+3461,㑡,46,,60,structural
92,U+3462,㑢,9,,60,structural
93,U+3463,㑣,34,,60,structural
94,U+3464,㑤,36,,60,structural
95,U+3465,㑥,24,,60,structural
96,U+3466,㑦,13,,60,structural
97,U+3467,㑧,46,,60,structural
98,U+3468,㑨,46,,60,structural
99,U+3469,㑩,4,,60,structural
100,U+346A,㑪,49,,60,structural
101,U+346B,㑫,13,,60,structural
102,U+346C,㑬,31,,60,structural
103,U+346D,㑭,26,,60,structural
104,U+346E,㑮,46,,60,structural
105,U+346F,㑯,19,,60,structural
106,U+3470,㑰,46,,60,structural
107,U+3471,㑱,34,,60,structural
108,U+3472,㑲,46,,60,structural
109,U+3473,㑳,46,,60,structural
110,U+3474,㑴,53,,60,structural
111,U+3475,㑵,46,,60,structural
112,U+3476,㑶,46,,60,structural
113,U+3477,㑷,46,,60,structural
114,U+3478,㑸,52,,60,structural
115,U+3479,㑹,26,,60,structural
116,U+347A,㑺,46,,60,structural
117,U+347B,㑻,10,,60,structural
118,U+347C,㑼,46,,60,structural
119,U+347D,㑽,9,,60,structural
120,U+347E,㑾,5,,60,structural
121,U+347F,㑿,24,,60,structural
122,U+3480,㒀,47,,60,structural
123,U+3481,㒁,9,,60,structural
124,U+3482,㒂,24,,60,structural
125,U+3483,㒃,49,,60,structural
126,U+3484,㒄,42,,60,structural
127,U+3485,㒅,4,,60,structural
128,U+3486,㒆,26,,60,structural
129,U+3487,㒇,26,,60,structural
130,U+3488,㒈,0,,60,structural
131,U+3489,㒉,34,,60,structural
132,U+348A,㒊,46,,60,structural
133,U+348B,㒋,25,,60,structural
134,U+348C,㒌,46,,60,structural
135,U+348D,㒍,15,,60,structural
136,U+348E,㒎,18,,60,structural
137,U+348F,㒏,46,,60,structural
138,U+3490,㒐,24,,60,structural
139,U+3491,㒑,12,,60,structural
140,U+3492,㒒,26,,60,structural
141,U+3493,㒓,46,,60,structural
142,U+3494,㒔,46,,60,structural
143,U+3495,㒕,46,,60,structural
144,U+3496,㒖,36,,60,structural
145,U+3497,㒗,46,,60,structural
146,U+3498,㒘,46,,60,structural
147,U+3499,㒙,15,,60,structural
148,U+349A,㒚,46,,60,structural
149,U+349B,㒛,46,,60,structural
150,U+349C,㒜,25,,60,structural
151,U+349D,㒝,13,,60,structural
152,U+349E,㒞,46,,60,structural
153,U+349F,㒟,50,,60,structural
154,U+34A0,㒠,46,,60,structural
155,U+34A1,㒡,15,,60,structural
156,U+34A2,㒢,46,,60,structural
157,U+34A3,㒣,38,,60,structural
158,U+34A4,㒤,46,,60,structural
159,U+34A5,㒥,46,,60,structural
160,U+34A6,㒦,9,,60,structural
161,U+34A7,㒧,46,,60,structural
162,U+34A8,㒨,46,,60,structural
163,U+34A9,㒩,30,,60,structural
164,U+34AA,㒪,46,,60,structural
165,U+34AB,㒫,27,,60,structural
166,U+34AC,㒬,56,,60,structural
167,U+34AD,㒭,1,,60,structural
168,U+34AE,㒮,56,,60,structural
169,U+34AF,㒯,56,,60,structural
170,U+34B0,㒰,27,,60,structural
171,U+34B1,㒱,4,,60,structural
172,U+34B2,㒲,24,,60,structural
173,U+34B3,㒳,27,,60,structural
174,U+34B4,㒴,27,,60,structural
175,U+34B5,㒵,58,,60,structural
176,U+34B6,㒶,58,,60,structural
177,U+34B7,㒷,25,,60,structural
178,U+34B8,㒸,58,,60,structural
179,U+34B9,㒹,25,,60,structural
180,U+34BA,㒺,25,,60,structural
181,U+34BB,㒻,17,,60,structural
182,U+34BC,㒼,53,,60,structural
183,U+34BD,㒽,49,,60,structural
184,U+34BE,㒾,17,,60,structural
185,U+34BF,㒿,10,,60,structural
186,U+34C0,㓀,27,,60,structural
187,U+34C1,㓁,27,,60,structural
188,U+34C2,㓂,56,,60,structural
189,U+34C3,㓃,5,,60,structural
190,U+34C4,㓄,27,,60,structural
191,U+34C5,㓅,52,,60,structural
192,U+34C6,㓆,46,,60,structural
193,U+34C7,㓇,18,,60,structural
194,U+34C8,㓈,6,,60,structural
195,U+34C9,㓉,6,,60,structural
196,U+34CA,㓊,1,,60,structural
197,U+34CB,㓋,28,,60,structural
198,U+34CC,㓌,33,,60,structural
199,U+34CD,㓍,6,,60,structural
200,U+34CE,㓎,6,,60,structural
201,U+34CF,㓏,47,,60,structural
202,U+34D0,㓐,9,,60,structural
203,U+34D1,㓑,9,,60,structural
204,U+34D2,㓒,6,,60,structural
205,U+34D3,㓓,6,,60,structural
206,U+34D4,㓔,6,,60,structural
207,U+34D5,㓕,42,,60,structural
208,U+34D6,㓖,56,,60,structural
209,U+34D7,㓗,43,,60,structural
210,U+34D8,㓘,33,,60,structural
211,U+34D9,㓙,27,,60,structural
212,U+34DA,㓚,27,,60,structural
213,U+34DB,㓛,27,,60,structural
214,U+34DC,㓜,27,,60,structural
215,U+34DD,㓝,17,,60,structural
216,U+34DE,㓞,43,,60,structural
217,U+34DF,㓟,27,,60,structural
218,U+34E0,㓠,1,,60,structural
219,U+34E1,㓡,27,,60,structural
220,U+34E2,㓢,1,,60,structural
221,U+34E3,㓣,26,,60,structural
222,U+34E4,㓤,1,,60,structural
223,U+34E5,㓥,27,,60,structural
224,U+34E6,㓦,56,,60,structural
225,U+34E7,㓧,13,,60,structural
226,U+34E8,㓨,46,,60,structural
227,U+34E9,㓩,27,,60,structural
228,U+34EA,㓪,13,,60,structural
229,U+34EB,㓫,56,,60,structural
230,U+34EC,㓬,49,,60,structural
231,U+34ED,㓭,24,,60,structural
232,U+34EE,㓮,27,,60,structural
233,U+34EF,㓯,11,,60,structural
234,U+34F0,㓰,56,,60,structural
235,U+34F1,㓱,26,,60,structural
236,U+34F2,㓲,13,,60,structural
237,U+34F3,㓳,24,,60,structural
238,U+34F4,㓴,20,,60,structural
239,U+34F5,㓵,21,,60,structural
240,U+34F6,㓶,43,,60,structural
241,U+34F7,㓷,34,,60,structural
242,U+34F8,㓸,27,,60,structural
243,U+34F9,㓹,42,,60,structural
244,U+34FA,㓺,27,,60,structural
245,U+34FB,㓻,56,,60,structural
246,U+34FC,㓼,58,,60,structural
247,U+34FD,㓽,11,,60,structural
248,U+34FE,㓾,58,,60,structural
249,U+34FF,㓿,27,,60,structural
250,U+3500,㔀,1,,60,structural
251,U+3501,㔁,27,,60,structural
252,U+3502,㔂,27,,60,structural
253,U+3503,㔃,15,,60,structural
254,U+3504,㔄,59,,60,structural
255,U+3505,㔅,27,,60,structural
256,U+3506,㔆,24,,60,structural
257,U+3507,㔇,27,,60,structural
258,U+3508,㔈,36,,60,structural
259,U+3509,㔉,27,,60,structural
260,U+350A,㔊,21,,60,structural
261,U+350B,㔋,13,,60,structural
262,U+350C,㔌,0,,60,structural
263,U+350D,㔍,23,,60,structural
264,U+350E,㔎,27,,60,structural
265,U+350F,㔏,27,,60,structural
266,U+3510,㔐,23,,60,structural
267,U+3511,㔑,36,,60,structural
268,U+3512,㔒,47,,60,structural
269,U+3513,㔓,37,,60,structural
270,U+3514,㔔,1,,60,structural
271,U+3515,㔕,27,,60,structural
272,U+3516,㔖,1,,60,structural
273,U+3517,㔗,10,,60,structural
274,U+3518,㔘,27,,60,structural
275,U+3519,㔙,25,,60,structural
276,U+351A,㔚,27,,60,structural
277,U+351B,㔛,1,,60,structural
278,U+351C,㔜,27,,60,structural
279,U+351D,㔝,53,,60,structural
280,U+351E,㔞,37,,60,structural
281,U+351F,㔟,27,,60,structural
282,U+3520,㔠,24,,60,structural
283,U+3521,㔡,27,,60,structural
284,U+3522,㔢,15,,60,structural
285,U+3523,㔣,11,,60,structural
286,U+3524,㔤,11,,60,structural
287,U+3525,㔥,27,,60,structural
288,U+3526,㔦,27,,60,structural
289,U+3527,㔧,11,,60,structural
290,U+3528,㔨,27,,60,structural
291,U+3529,㔩,9,,60,structural
292,U+352A,㔪,27,,60,structural
293,U+352B,㔫,27,,60,structural
294,U+352C,㔬,24,,60,structural
295,U+352D,㔭,24,,60,structural
296,U+352E,㔮,49,,60,structural
297,U+352F,㔯,1,,60,structural
298,U+3530,㔰,4,,60,structural
299,U+3531,㔱,46,,60,structural
300,U+3532,㔲,27,,60,structural
301,U+3533,㔳,27,,60,structural
302,U+3534,㔴,28,,60,structural
303,U+3535,㔵,28,,60,structural
304,U+3536,㔶,32,,60,structural
305,U+3537,㔷,26,,60,structural
306,U+3538,㔸,27,,60,structural
307,U+3539,㔹,27,,60,structural
308,U+353A,㔺,56,,60,structural
309,U+353B,㔻,56,,60,structural
310,U+353C,㔼,3,,60,structural
311,U+353D,㔽,1,,60,structural
312,U+353F,㔿,56,,60,structural
313,U+3540,㕀,11,,60,structural
314,U+3541,㕁,27,,60,structural
315,U+3542,㕂,13,,60,structural
316,U+3543,㕃,56,,60,structural
317,U+3544,㕄,27,,60,structural
318,U+3545,㕅,11,,60,structural
319,U+3546,㕆,1,,60,structural
320,U+3547,㕇,27,,60,structural
321,U+3548,㕈,35,,60,structural
322,U+3549,㕉,26,,60,structural
323,U+354A,㕊,57,,60,structural
324,U+354B,㕋,29,,60,structural
325,U+354C,㕌,56,,60,structural
326,U+354D,㕍,51,,60,structural
327,U+354E,㕎,9,,60,structural
328,U+354F,㕏,27,,60,structural
329,U+3550,㕐,42,,60,structural
330,U+3551,㕑,27,,60,structural
331,U+3552,㕒,27,,60,structural
332,U+3553,㕓,9,,60,structural
333,U+3554,㕔,10,,60,structural
334,U+3555,㕕,27,,60,structural
335,U+3556,㕖,34,,60,structural
336,U+3557,㕗,10,,60,structural
337,U+3558,㕘,27,,60,structural
338,U+3559,㕙,16,,60,structural
339,U+355A,㕚,39,,60,structural
340,U+355B,㕛,51,,60,structural
341,U+355C,㕜,59,,60,structural
342,U+355D,㕝,1,,60,structural
343,U+355E,㕞,51,,60,structural
344,U+355F,㕟,51,,60,structural
345,U+3560,㕠,51,,60,structural
346,U+3561,㕡,51,,60,structural
347,U+3562,㕢,32,,60,structural
348,U+3563,㕣,47,,60,structural
349,U+3564,㕤,1,,60,structural
350,U+3565,㕥,46,,60,structural
351,U+3566,㕦,1,,60,structural
352,U+3567,㕧,1,,60,structural
353,U+3568,㕨,1,,60,structural
354,U+3569,㕩,59,,60,structural
355,U+356A,㕪,1,,60,structural
356,U+356B,㕫,1,,60,structural
357,U+356C,㕬,47,,60,structural
358,U+356D,㕭,18,,60,structural
359,U+356E,㕮,1,,60,structural
360,U+356F,㕯,46,,60,structural
361,U+3570,㕰,1,,60,structural
362,U+3571,㕱,1,,60,structural
363,U+3572,㕲,34,,60,structural
364,U+3573,㕳,10,,60,structural
365,U+3574,㕴,1,,60,structural
366,U+3575,㕵,33,,60,structural
367,U+3576,㕶,21,,60,structural
368,U+3577,㕷,1,,60,structural
369,U+3578,㕸,1,,60,structural
370,U+3579,㕹,39,,60,structural
371,U+357A,㕺,21,,60,structural
372,U+357B,㕻,21,,60,structural
373,U+357C,㕼,10,,60,structural
374,U+357D,㕽,46,,60,structural
375,U+357E,㕾,1,,60,structural
376,U+357F,㕿,1,,60,structural
377,U+3580,㖀,1,,60,structural
378,U+3581,㖁,1,,60,structural
379,U+3582,㖂,1,,60,structural
380,U+3583,㖃,1,,60,structural
381,U+3584,㖄,1,,60,structural
382,U+3585,㖅,21,,60,structural
383,U+3586,㖆,1,,60,structural
384,U+3587,㖇,1,,60,structural
385,U+3588,㖈,1,,60,structural
386,U+3589,㖉,46,,60,structural
387,U+358A,㖊,1,,60,structural
388,U+358B,㖋,46,,60,structural
389,U+358C,㖌,46,,60,structural
390,U+358D,㖍,1,,60,structural
391,U+358E,㖎,46,,60,structural
392,U+358F,㖏,1,,60,structural
393,U+3590,㖐,21,,60,structural
394,U+3591,㖑,1,,60,structural
395,U+3592,㖒,47,,60,structural
396,U+3593,㖓,43,,60,structural
397,U+3594,㖔,21,,60,structural
398,U+3595,㖕,1,,60,structural
399,U+3596,㖖,1,,60,structural
400,U+3597,㖗,13,,60,structural
401,U+3598,㖘,1,,60,structural
402,U+3599,㖙,1,,60,structural
403,U+359A,㖚,46,,60,structural
404,U+359B,㖛,1,,60,structural
405,U+359C,㖜,1,,60,structural
406,U+359D,㖝,34,,60,structural
407,U+359E,㖞,46,,60,structural
408,U+359F,㖟,1,,60,structural
409,U+35A0,㖠,1,,60,structural
410,U+35A1,㖡,13,,60,structural
411,U+35A2,㖢,38,,60,structural
412,U+35A3,㖣,1,,60,structural
413,U+35A4,㖤,47,,60,structural
414,U+35A5,㖥,1,,60,structural
415,U+35A6,㖦,34,,60,structural
416,U+35A7,㖧,1,,60,structural
417,U+35A8,㖨,47,,60,structural
418,U+35A9,㖩,0,,60,structural
419,U+35AA,㖪,21,,60,structural
420,U+35AB,㖫,47,,60,structural
421,U+35AC,㖬,1,,60,structural
422,U+35AD,㖭,21,,60,structural
423,U+35AE,㖮,26,,60,structural
424,U+35AF,㖯,1,,60,structural
425,U+35B0,㖰,1,,60,structural
426,U+35B1,㖱,13,,60,structural
427,U+35B2,㖲,31,,60,structural
428,U+35B3,㖳,31,,60,structural
429,U+35B4,㖴,36,,60,structural
430,U+35B5,㖵,25,,60,structural
431,U+35B6,㖶,59,,60,structural
432,U+35B7,㖷,1,,60,structural
433,U+35B8,㖸,21,,60,structural
434,U+35B9,㖹,47,,60,structural
435,U+35BA,㖺,1,,60,structural
436,U+35BB,㖻,34,,60,structural
437,U+35BC,㖼,34,,60,structural
438,U+35BD,㖽,19,,60,structural
439,U+35BE,㖾,25,,60,structural
440,U+35BF,㖿,1,,60,structural
441,U+35C0,㗀,1,,60,structural
442,U+35C1,㗁,21,,60,structural
443,U+35C2,㗂,10,,60,structural
444,U+35C3,㗃,1,,60,structural
445,U+35C4,㗄,1,,60,structural
446,U+35C5,㗅,57,,60,structural
447,U+35C6,㗆,1,,60,structural
448,U+35C7,㗇,1,,60,structural
449,U+35C8,㗈,1,,60,structural
450,U+35C9,㗉,43,,60,structural
451,U+35CA,㗊,1,,60,structural
452,U+35CB,㗋,1,,60,structural
453,U+35CC,㗌,1,,60,structural
454,U+35CD,㗍,1,,60,structural
455,U+35CE,㗎,34,,60,structural
456,U+35CF,㗏,21,,60,structural
457,U+35D0,㗐,1,,60,structural
458,U+35D1,㗑,43,,60,structural
459,U+35D2,㗒,1,,60,structural
460,U+35D3,㗓,1,,60,structural
461,U+35D4,㗔,1,,60,structural
462,U+35D5,㗕,1,,60,structural
463,U+35D6,㗖,1,,60,structural
464,U+35D7,㗗,37,,60,structural
465,U+35D8,㗘,57,,60,structural
466,U+35D9,㗙,1,,60,structural
467,U+35DA,㗚,59,,60,structural
468,U+35DB,㗛,18,,60,structural
469,U+35DC,㗜,1,,60,structural
470,U+35DD,㗝,42,,60,structural
471,U+35DE,㗞,1,,60,structural
472,U+35DF,㗟,1,,60,structural
473,U+35E0,㗠,31,,60,structural
474,U+35E1,㗡,36,,60,structural
475,U+35E2,㗢,1,,60,structural
476,U+35E3,㗣,53,,60,structural
477,U+35E4,㗤,21,,60,structural
478,U+35E5,㗥,1,,60,structural
479,U+35E6,㗦,1,,60,structural
480,U+35E7,㗧,1,,60,structural
481,U+35E8,㗨,1,,60,structural
482,U+35E9,㗩,1,,60,structural
483,U+35EA,㗪,15,,60,structural
484,U+35EB,㗫,1,,60,structural
485,U+35EC,㗬,4,,60,structural
486,U+35ED,㗭,1,,60,structural
487,U+35EE,㗮,26,,60,structural
488,U+35EF,㗯,24,,60,structural
489,U+35F0,㗰,46,,60,structural
490,U+35F1,㗱,34,,60,structural
491,U+35F2,㗲,21,,60,structural
492,U+35F3,㗳,26,,60,structural
493,U+35F4,㗴,1,,60,structural
494,U+35F5,㗵,42,,60,structural
495,U+35F6,㗶,1,,60,structural
496,U+35F7,㗷,54,,60,structural
497,U+35F8,㗸,52,,60,structural
498,U+35F9,㗹,1,,60,structural
499,U+35FA,㗺,18,,60,structural
500,U+35FB,㗻,1,,60,structural
501,U+35FC,㗼,21,,60,structural
502,U+35FD,㗽,1,,60,structural
503,U+35FE,㗾,46,,60,structural
504,U+35FF,㗿,52,,60,structural
505,U+3600,㘀,1,,60,structural
506,U+3601,㘁,9,,60,structural
507,U+3602,㘂,25,,60,structural
508,U+3603,㘃,36,,60,structural
509,U+3604,㘄,34,,60,structural
510,U+3605,㘅,52,,60,structural
511,U+3606,㘆,1,,60,structural
512,U+3607,㘇,34,,60,structural
513,U+3608,㘈,1,,60,structural
514,U+3609,㘉,54,,60,structural
515,U+360A,㘊,5,,60,structural
516,U+360B,㘋,54,,60,structural
517,U+360C,㘌,1,,60,structural
518,U+360D,㘍,1,,60,structural
519,U+360E,㘎,0,,60,structural
520,U+360F,㘏,1,,60,structural
521,U+3610,㘐,1,,60,structural
522,U+3611,㘑,1,,60,structural
523,U+3612,㘒,1,,60,structural
524,U+3613,㘓,34,,60,structural
525,U+3614,㘔,54,,60,structural
526,U+3615,㘕,36,,60,structural
527,U+3616,㘖,47,,60,structural
528,U+3617,㘗,1,,60,structural
529,U+3618,㘘,5,,60,structural
530,U+3619,㘙,1,,60,structural
531,U+361A,㘚,0,,60,structural
532,U+361B,㘛,26,,60,structural
533,U+361C,㘜,5,,60,structural
534,U+361D,㘝,51,,60,structural
535,U+361E,㘞,27,,60,structural
536,U+361F,㘟,27,,60,structural
537,U+3620,㘠,10,,60,structural
538,U+3621,㘡,11,,60,structural
539,U+3622,㘢,56,,60,structural
540,U+3623,㘣,1,,60,structural
541,U+3624,㘤,12,,60,structural
542,U+3625,㘥,15,,60,structural
543,U+3626,㘦,9,,60,structural
544,U+3627,㘧,9,,60,structural
545,U+3628,㘨,9,,60,structural
546,U+3629,㘩,9,,60,structural
547,U+362A,㘪,9,,60,structural
548,U+362B,㘫,9,,60,structural
549,U+362C,㘬,9,,60,structural
550,U+362D,㘭,9,,60,structural
551,U+362E,㘮,9,,60,structural
552,U+362F,㘯,9,,60,structural
553,U+3630,㘰,9,,60,structural
554,U+3631,㘱,9,,60,structural
555,U+3632,㘲,9,,60,structural
556,U+3633,㘳,9,,60,structural
557,U+3634,㘴,9,,60,structural
558,U+3635,㘵,9,,60,structural
559,U+3636,㘶,9,,60,structural
560,U+3637,㘷,9,,60,structural
561,U+3638,㘸,9,,60,structural
562,U+3639,㘹,9,,60,structural
563,U+363A,㘺,9,,60,structural
564,U+363B,㘻,9,,60,structural
565,U+363C,㘼,56,,60,structural
566,U+363D,㘽,9,,60,structural
567,U+363E,㘾,9,,60,structural
568,U+363F,㘿,9,,60,structural
569,U+3640,㙀,9,,60,structural
570,U+3641,㙁,9,,60,structural
571,U+3642,㙂,47,,60,structural
572,U+3643,㙃,25,,60,structural
573,U+3644,㙄,9,,60,structural
574,U+3645,㙅,34,,60,structural
575,U+3646,㙆,9,,60,structural
576,U+3647,㙇,9,,60,structural
577,U+3648,㙈,9,,60,structural
578,U+3649,㙉,9,,60,structural
579,U+364A,㙊,9,,60,structural
580,U+364B,㙋,25,,60,structural
581,U+364C,㙌,9,,60,structural
582,U+364D,㙍,9,,60,structural
583,U+364E,㙎,31,,60,structural
584,U+364F,㙏,9,,60,structural
585,U+3650,㙐,9,,60,structural
586,U+3651,㙑,9,,60,structural
587,U+3652,㙒,9,,60,structural
588,U+3653,㙓,9,,60,structural
589,U+3654,㙔,9,,60,structural
590,U+3655,㙕,9,,60,structural
591,U+3656,㙖,9,,60,structural
592,U+3657,㙗,56,,60,structural
593,U+3658,㙘,59,,60,structural
594,U+3659,㙙,12,,60,structural
595,U+365A,㙚,9,,60,structural
596,U+365B,㙛,57,,60,structural
597,U+365C,㙜,9,,60,structural
598,U+365D,㙝,9,,60,structural
599,U+365E,㙞,34,,60,structural
600,U+365F,㙟,9,,60,structural
601,U+3660,㙠,9,,60,structural
602,U+3661,㙡,9,,60,structural
603,U+3662,㙢,9,,60,structural
604,U+3663,㙣,9,,60,structural
605,U+3664,㙤,9,,60,structural
606,U+3665,㙥,47,,60,structural
607,U+3666,㙦,26,,60,structural
608,U+3667,㙧,56,,60,structural
609,U+3668,㙨,9,,60,structural
610,U+3669,㙩,9,,60,structural
611,U+366A,㙪,9,,60,structural
612,U+366B,㙫,34,,60,structural
613,U+366C,㙬,34,,60,structural
614,U+366D,㙭,25,,60,structural
615,U+366E,㙮,26,,60,structural
616,U+366F,㙯,9,,60,structural
617,U+3670,㙰,9,,60,structural
618,U+3671,㙱,21,,60,structural
619,U+3672,㙲,9,,60,structural
620,U+3673,㙳,21,,60,structural
621,U+3674,㙴,5,,60,structural
622,U+3675,㙵,9,,60,structural
623,U+3676,㙶,1,,60,structural
624,U+3677,㙷,9,,60,structural
625,U+3678,㙸,49,,60,structural
626,U+3679,㙹,4,,60,structural
627,U+367A,㙺,32,,60,structural
628,U+367B,㙻,38,,60,structural
629,U+367C,㙼,9,,60,structural
630,U+367D,㙽,56,,60,structural
631,U+367E,㙾,9,,60,structural
632,U+367F,㙿,56,,60,structural
633,U+3680,㚀,9,,60,structural
634,U+3681,㚁,56,,60,structural
635,U+3682,㚂,59,,60,structural
636,U+3683,㚃,25,,60,structural
637,U+3684,㚄,11,,60,structural
638,U+3685,㚅,27,,60,structural
639,U+3686,㚆,27,,60,structural
640,U+3687,㚇,16,,60,structural
641,U+3688,㚈,4,,60,structural
642,U+3689,㚉,4,,60,structural
643,U+368A,㚊,4,,60,structural
644,U+368B,㚋,4,,60,structural
645,U+368C,㚌,24,,60,structural
646,U+368D,㚍,4,,60,structural
647,U+368E,㚎,20,,60,structural
648,U+368F,㚏,20,,60,structural
649,U+3690,㚐,20,,60,structural
650,U+3691,㚑,56,,60,structural
651,U+3692,㚒,20,,60,structural
652,U+3693,㚓,34,,60,structural
653,U+3694,㚔,20,,60,structural
654,U+3695,㚕,18,,60,structural
655,U+3696,㚖,20,,60,structural
656,U+3697,㚗,56,,60,structural
657,U+3698,㚘,49,,60,structural
658,U+3699,㚙,1,,60,structural
659,U+369A,㚚,4,,60,structural
660,U+369B,㚛,24,,60,structural
661,U+369C,㚜,21,,60,structural
662,U+369D,㚝,9,,60,structural
663,U+369E,㚞,34,,60,structural
664,U+369F,㚟,20,,60,structural
665,U+36A0,㚠,42,,60,structural
666,U+36A1,㚡,52,,60,structural
667,U+36A2,㚢,31,,60,structural
668,U+36A3,㚣,31,,60,structural
669,U+36A4,㚤,31,,60,structural
670,U+36A5,㚥,31,,60,structural
671,U+36A6,㚦,56,,60,structural
672,U+36A7,㚧,31,,60,structural
673,U+36A8,㚨,31,,60,structural
674,U+36A9,㚩,31,,60,structural
675,U+36AA,㚪,31,,60,structural
676,U+36AB,㚫,31,,60,structural
677,U+36AC,㚬,31,,60,structural
678,U+36AD,㚭,31,,60,structural
679,U+36AE,㚮,31,,60,structural
680,U+36AF,㚯,31,,60,structural
681,U+36B0,㚰,31,,60,structural
682,U+36B1,㚱,31,,60,structural
683,U+36B2,㚲,31,,60,structural
684,U+36B3,㚳,31,,60,structural
685,U+36B4,㚴,31,,60,structural
686,U+36B5,㚵,31,,60,structural
687,U+36B6,㚶,31,,60,structural
688,U+36B7,㚷,31,,60,structural
689,U+36B8,㚸,31,,60,structural
690,U+36B9,㚹,31,,60,structural
691,U+36BA,㚺,31,,60,structural
692,U+36BB,㚻,31,,60,structural
693,U+36BC,㚼,31,,60,structural
694,U+36BD,㚽,31,,60,structural
695,U+36BE,㚾,31,,60,structural
696,U+36BF,㚿,31,,60,structural
697,U+36C0,㛀,31,,60,structural
698,U+36C1,㛁,31,,60,structural
699,U+36C2,㛂,31,,60,structural
700,U+36C3,㛃,43,,60,structural
701,U+36C4,㛄,35,,60,structural
702,U+36C5,㛅,31,,60,structural
703,U+36C6,㛆,34,,60,structural
704,U+36C7,㛇,38,,60,structural
705,U+36C8,㛈,31,,60,structural
706,U+36C9,㛉,59,,60,structural
707,U+36CA,㛊,34,,60,structural
708,U+36CB,㛋,31,,60,structural
709,U+36CC,㛌,31,,60,structural
710,U+36CD,㛍,31,,60,structural
711,U+36CE,㛎,31,,60,structural
712,U+36CF,㛏,25,,60,structural
713,U+36D0,㛐,56,,60,structural
714,U+36D1,㛑,31,,60,structural
715,U+36D2,㛒,31,,60,structural
716,U+36D3,㛓,31,,60,structural
717,U+36D4,㛔,43,,60,structural
718,U+36D5,㛕,31,,60,structural
719,U+36D6,㛖,16,,60,structural
720,U+36D7,㛗,9,,60,structural
721,U+36D8,㛘,31,,60,structural
722,U+36D9,㛙,31,,60,structural
723,U+36DA,㛚,31,,60,structural
724,U+36DB,㛛,31,,60,structural
725,U+36DC,㛜,46,,60,structural
726,U+36DD,㛝,31,,60,structural
727,U+36DE,㛞,33,,60,structural
728,U+36DF,㛟,31,,60,structural
729,U+36E0,㛠,31,,60,structural
730,U+36E1,㛡,41,,60,structural
731,U+36E2,㛢,31,,60,structural
732,U+36E3,㛣,54,,60,structural
733,U+36E4,㛤,31,,60,structural
734,U+36E5,㛥,8,,60,structural
735,U+36E6,㛦,34,,60,structural
736,U+36E7,㛧,31,,60,structural
737,U+36E8,㛨,31,,60,structural
738,U+36E9,㛩,31,,60,structural
739,U+36EA,㛪,24,,60,structural
740,U+36EB,㛫,24,,60,structural
741,U+36EC,㛬,9,,60,structural
742,U+36ED,㛭,28,,60,structural
743,U+36EE,㛮,31,,60,structural
744,U+36EF,㛯,31,,60,structural
745,U+36F0,㛰,31,,60,structural
746,U+36F1,㛱,56,,60,structural
747,U+36F2,㛲,19,,60,structural
748,U+36F3,㛳,53,,60,structural
749,U+36F4,㛴,31,,60,structural
750,U+36F5,㛵,31,,60,structural
751,U+36F6,㛶,42,,60,structural
752,U+36F7,㛷,31,,60,structural
753,U+36F8,㛸,31,,60,structural
754,U+36F9,㛹,26,,60,structural
755,U+36FA,㛺,31,,60,structural
756,U+36FB,㛻,31,,60,structural
757,U+36FC,㛼,37,,60,structural
758,U+36FD,㛽,31,,60,structural
759,U+36FE,㛾,21,,60,structural
760,U+36FF,㛿,53,,60,structural
761,U+3700,㜀,34,,60,structural
762,U+3701,㜁,2,,60,structural
763,U+3702,㜂,9,,60,structural
764,U+3703,㜃,5,,60,structural
765,U+3704,㜄,31,,60,structural
766,U+3705,㜅,31,,60,structural
767,U+3706,㜆,31,,60,structural
768,U+3707,㜇,31,,60,structural
769,U+3708,㜈,31,,60,structural
770,U+3709,㜉,31,,60,structural
771,U+370A,㜊,28,,60,structural
772,U+370B,㜋,25,,60,structural
773,U+370C,㜌,31,,60,structural
774,U+370D,㜍,59,,60,structural
775,U+370E,㜎,31,,60,structural
776,U+370F,㜏,54,,60,structural
777,U+3710,㜐,31,,60,structural
778,U+3711,㜑,57,,60,structural
779,U+3712,㜒,31,,60,structural
780,U+3713,㜓,26,,60,structural
781,U+3714,㜔,31,,60,structural
782,U+3715,㜕,31,,60,structural
783,U+3716,㜖,56,,60,structural
784,U+3717,㜗,31,,60,structural
785,U+3718,㜘,31,,60,structural
786,U+3719,㜙,31,,60,structural
787,U+371A,㜚,41,,60,structural
788,U+371B,㜛,31,,60,structural
789,U+371C,㜜,31,,60,structural
790,U+371D,㜝,13,,60,structural
791,U+371E,㜞,31,,60,structural
792,U+371F,㜟,0,,60,structural
793,U+3720,㜠,31,,60,structural
794,U+3721,㜡,46,,60,structural
795,U+3722,㜢,31,,60,structural
796,U+3723,㜣,42,,60,structural
797,U+3724,㜤,28,,60,structural
798,U+3725,㜥,32,,60,structural
799,U+3726,㜦,31,,60,structural
800,U+3727,㜧,25,,60,structural
801,U+3728,㜨,58,,60,structural
802,U+3729,㜩,18,,60,structural
803,U+372A,㜪,34,,60,structural
804,U+372B,㜫,31,,60,structural
805,U+372C,㜬,5,,60,structural
806,U+372D,㜭,31,,60,structural
807,U+372E,㜮,31,,60,structural
808,U+372F,㜯,42,,60,structural
809,U+3730,㜰,34,,60,structural
810,U+3731,㜱,7,,60,structural
811,U+3732,㜲,57,,60,structural
812,U+3733,㜳,31,,60,structural
813,U+3734,㜴,31,,60,structural
814,U+3735,㜵,50,,60,structural
815,U+3736,㜶,31,,60,structural
816,U+3737,㜷,53,,60,structural
817,U+3738,㜸,31,,60,structural
818,U+3739,㜹,31,,60,structural
819,U+373A,㜺,32,,60,structural
820,U+373B,㜻,5,,60,structural
821,U+373C,㜼,31,,60,structural
822,U+373D,㜽,27,,60,structural
823,U+373E,㜾,46,,60,structural
824,U+373F,㜿,27,,60,structural
825,U+3740,㝀,27,,60,structural
826,U+3741,㝁,24,,60,structural
827,U+3742,㝂,3,,60,structural
828,U+3743,㝃,27,,60,structural
829,U+3744,㝄,1,,60,structural
830,U+3745,㝅,27,,60,structural
831,U+3746,㝆,1,,60,structural
832,U+3747,㝇,1,,60,structural
833,U+3748,㝈,5,,60,structural
834,U+3749,㝉,41,,60,structural
835,U+374A,㝊,51,,60,structural
836,U+374B,㝋,41,,60,structural
837,U+374C,㝌,10,,60,structural
838,U+374D,㝍,41,,60,structural
839,U+374E,㝎,13,,60,structural
840,U+374F,㝏,46,,60,structural
841,U+3750,㝐,16,,60,structural
842,U+3751,㝑,27,,60,structural
843,U+3752,㝒,1,,60,structural
844,U+3753,㝓,26,,60,structural
845,U+3754,㝔,27,,60,structural
846,U+3755,㝕,51,,60,structural
847,U+3756,㝖,4,,60,structural
848,U+3757,㝗,13,,60,structural
849,U+3758,㝘,5,,60,structural
850,U+3759,㝙,25,,60,structural
851,U+375A,㝚,10,,60,structural
852,U+375B,㝛,27,,60,structural
853,U+375C,㝜,28,,60,structural
854,U+375D,㝝,34,,60,structural
855,U+375E,㝞,41,,60,structural
856,U+375F,㝟,41,,60,structural
857,U+3760,㝠,58,,60,structural
858,U+3761,㝡,0,,60,structural
859,U+3762,㝢,27,,60,structural
860,U+3763,㝣,43,,60,structural
861,U+3764,㝤,27,,60,structural
862,U+3765,㝥,27,,60,structural
863,U+3766,㝦,10,,60,structural
864,U+3767,㝧,31,,60,structural
865,U+3768,㝨,27,,60,structural
866,U+3769,㝩,38,,60,structural
867,U+376A,㝪,13,,60,structural
868,U+376B,㝫,27,,60,structural
869,U+376C,㝬,49,,60,structural
870,U+376D,㝭,24,,60,structural
871,U+376E,㝮,27,,60,structural
872,U+376F,㝯,18,,60,structural
873,U+3770,㝰,27,,60,structural
874,U+3771,㝱,4,,60,structural
875,U+3772,㝲,53,,60,structural
876,U+3773,㝳,56,,60,structural
877,U+3774,㝴,56,,60,structural
878,U+3775,㝵,56,,60,structural
879,U+3776,㝶,27,,60,structural
880,U+3777,㝷,13,,60,structural
881,U+3778,㝸,27,,60,structural
882,U+3779,㝹,10,,60,structural
883,U+377A,㝺,25,,60,structural
884,U+377B,㝻,1,,60,structural
885,U+377C,㝼,17,,60,structural
886,U+377D,㝽,12,,60,structural
887,U+377E,㝾,27,,60,structural
888,U+377F,㝿,27,,60,structural
889,U+3780,㞀,42,,60,structural
890,U+3781,㞁,24,,60,structural
891,U+3782,㞂,31,,60,structural
892,U+3783,㞃,13,,60,structural
893,U+3784,㞄,24,,60,structural
894,U+3785,㞅,24,,60,structural
895,U+3786,㞆,52,,60,structural
896,U+3787,㞇,56,,60,structural
897,U+3788,㞈,13,,60,structural
898,U+3789,㞉,27,,60,structural
899,U+378A,㞊,27,,60,structural
900,U+378B,㞋,51,,60,structural
901,U+378C,㞌,27,,60,structural
902,U+378D,㞍,13,,60,structural
903,U+378E,㞎,27,,60,structural
904,U+378F,㞏,10,,60,structural
905,U+3790,㞐,27,,60,structural
906,U+3791,㞑,58,,60,structural
907,U+3792,㞒,27,,60,structural
908,U+3793,㞓,24,,60,structural
909,U+3794,㞔,4,,60,structural
910,U+3795,㞕,58,,60,structural
911,U+3796,㞖,34,,60,structural
912,U+3797,㞗,25,,60,structural
913,U+3798,㞘,13,,60,structural
914,U+3799,㞙,12,,60,structural
915,U+379A,㞚,37,,60,structural
916,U+379B,㞛,24,,60,structural
917,U+379C,㞜,31,,60,structural
918,U+379D,㞝,56,,60,structural
919,U+379E,㞞,46,,60,structural
920,U+379F,㞟,58,,60,structural
921,U+37A0,㞠,24,,60,structural
922,U+37A1,㞡,27,,60,structural
923,U+37A2,㞢,56,,60,structural
924,U+37A3,㞣,58,,60,structural
925,U+37A4,㞤,46,,60,structural
926,U+37A5,㞥,11,,60,structural
927,U+37A6,㞦,11,,60,structural
928,U+37A7,㞧,10,,60,structural
929,U+37A8,㞨,11,,60,structural
930,U+37A9,㞩,13,,60,structural
931,U+37AA,㞪,11,,60,structural
932,U+37AB,㞫,13,,60,structural
933,U+37AC,㞬,11,,60,structural
934,U+37AD,㞭,11,,60,structural
935,U+37AE,㞮,11,,60,structural
936,U+37AF,㞯,11,,60,structural
937,U+37B0,㞰,11,,60,structural
938,U+37B1,㞱,24,,60,structural
939,U+37B2,㞲,59,,60,structural
940,U+37B3,㞳,11,,60,structural
941,U+37B4,㞴,11,,60,structural
942,U+37B5,㞵,11,,60,structural
943,U+37B6,㞶,11,,60,structural
944,U+37B7,㞷,33,,60,structural
945,U+37B8,㞸,56,,60,structural
946,U+37B9,㞹,52,,60,structural
947,U+37BA,㞺,11,,60,structural
948,U+37BB,㞻,21,,60,structural
949,U+37BC,㞼,12,,60,structural
950,U+37BD,㞽,11,,60,structural
951,U+37BE,㞾,11,,60,structural
952,U+37BF,㞿,9,,60,structural
953,U+37C0,㟀,11,,60,structural
954,U+37C1,㟁,11,,60,structural
955,U+37C2,㟂,11,,60,structural
956,U+37C3,㟃,11,,60,structural
957,U+37C4,㟄,11,,60,structural
958,U+37C5,㟅,10,,60,structural
959,U+37C6,㟆,46,,60,structural
960,U+37C7,㟇,9,,60,structural
961,U+37C8,㟈,25,,60,structural
962,U+37C9,㟉,11,,60,structural
963,U+37CA,㟊,11,,60,structural
964,U+37CB,㟋,47,,60,structural
965,U+37CC,㟌,13,,60,structural
966,U+37CD,㟍,13,,60,structural
967,U+37CE,㟎,31,,60,structural
968,U+37CF,㟏,13,,60,structural
969,U+37D0,㟐,36,,60,structural
970,U+37D1,㟑,11,,60,structural
971,U+37D2,㟒,21,,60,structural
972,U+37D3,㟓,10,,60,structural
973,U+37D4,㟔,13,,60,structural
974,U+37D5,㟕,1,,60,structural
975,U+37D6,㟖,33,,60,structural
976,U+37D7,㟗,58,,60,structural
977,U+37D8,㟘,11,,60,structural
978,U+37D9,㟙,28,,60,structural
979,U+37DA,㟚,34,,60,structural
980,U+37DB,㟛,3,,60,structural
981,U+37DC,㟜,11,,60,structural
982,U+37DD,㟝,1,,60,structural
983,U+37DE,㟞,11,,60,structural
984,U+37DF,㟟,28,,60,structural
985,U+37E0,㟠,25,,60,structural
986,U+37E1,㟡,49,,60,structural
987,U+37E2,㟢,52,,60,structural
988,U+37E3,㟣,16,,60,structural
989,U+37E4,㟤,58,,60,structural
990,U+37E5,㟥,20,,60,structural
991,U+37E6,㟦,11,,60,structural
992,U+37E7,㟧,21,,60,structural
993,U+37E8,㟨,11,,60,structural
994,U+37E9,㟩,11,,60,structural
995,U+37EA,㟪,11,,60,structural
996,U+37EB,㟫,12,,60,structural
997,U+37EC,㟬,51,,60,structural
998,U+37ED,㟭,24,,60,structural
999,U+37EE,㟮,11,,60,structural
1000,U+37EF,㟯,1,,60,structural
1001,U+37F0,㟰,58,,60,structural
1002,U+37F1,㟱,42,,60,structural
1003,U+37F2,㟲,11,,60,structural
1004,U+37F3,㟳,59,,60,structural
1005,U+37F4,㟴,11,,60,structural
1006,U+37F5,㟵,56,,60,structural
1007,U+37F6,㟶,11,,60,structural
1008,U+37F7,㟷,26,,60,structural
1009,U+37F8,㟸,37,,60,structural
1010,U+37F9,㟹,0,,60,structural
1011,U+37FA,㟺,31,,60,structural
1012,U+37FB,㟻,11,,60,structural
1013,U+37FC,㟼,11,,60,structural
1014,U+37FD,㟽,59,,60,structural
1015,U+37FE,㟾,38,,60,structural
1016,U+37FF,㟿,11,,60,structural
1017,U+3800,㠀,22,,60,structural
1018,U+3801,㠁,11,,60,structural
1019,U+3802,㠂,11,,60,structural
1020,U+3803,㠃,47,,60,structural
1021,U+3804,㠄,11,,60,structural
1022,U+3805,㠅,24,,60,structural
1023,U+3806,㠆,21,,60,structural
1024,U+3807,㠇,1,,60,structural
1025,U+3808,㠈,33,,60,structural
1026,U+3809,㠉,11,,60,structural
1027,U+380A,㠊,11,,60,structural
1028,U+380B,㠋,21,,60,structural
1029,U+380C,㠌,25,,60,structural
1030,U+380D,㠍,34,,60,structural
1031,U+380E,㠎,34,,60,structural
1032,U+380F,㠏,36,,60,structural
1033,U+3810,㠐,18,,60,structural
1034,U+3811,㠑,11,,60,structural
1035,U+3812,㠒,59,,60,structural
1036,U+3813,㠓,36,,60,structural
1037,U+3814,㠔,11,,60,structural
1038,U+3815,㠕,11,,60,structural
1039,U+3816,㠖,11,,60,structural
1040,U+3817,㠗,18,,60,structural
1041,U+3818,㠘,25,,60,structural
1042,U+3819,㠙,1,,60,structural
1043,U+381A,㠚,56,,60,structural
1044,U+381B,㠛,51,,60,structural
1045,U+381C,㠜,11,,60,structural
1046,U+381D,㠝,49,,60,structural
1047,U+381E,㠞,11,,60,structural
1048,U+381F,㠟,58,,60,structural
1049,U+3820,㠠,11,,60,structural
1050,U+3821,㠡,50,,60,structural
1051,U+3822,㠢,35,,60,structural
1052,U+3823,㠣,11,,60,structural
1053,U+3824,㠤,1,,60,structural
1054,U+3825,㠥,11,,60,structural
1055,U+3826,㠦,11,,60,structural
1056,U+3827,㠧,11,,60,structural
1057,U+3828,㠨,34,,60,structural
1058,U+3829,㠩,46,,60,structural
1059,U+382A,㠪,56,,60,structural
1060,U+382B,㠫,49,,60,structural
1061,U+382C,㠬,49,,60,structural
1062,U+382D,㠭,27,,60,structural
1063,U+382E,㠮,25,,60,structural
1064,U+3830,㠰,1,,60,structural
1065,U+3831,㠱,25,,60,structural
1066,U+3832,㠲,53,,60,structural
1067,U+3833,㠳,53,,60,structural
1068,U+3834,㠴,10,,60,structural
1069,U+3835,㠵,53,,60,structural
1070,U+3836,㠶,10,,60,structural
1071,U+3837,㠷,53,,60,structural
1072,U+3838,㠸,49,,60,structural
1073,U+3839,㠹,46,,60,structural
1074,U+383A,㠺,10,,60,structural
1075,U+383B,㠻,53,,60,structural
1076,U+383C,㠼,53,,60,structural
1077,U+383D,㠽,53,,60,structural
1078,U+383E,㠾,44,,60,structural
1079,U+383F,㠿,53,,60,structural
1080,U+3840,㡀,53,,60,structural
1081,U+3841,㡁,53,,60,structural
1082,U+3842,㡂,53,,60,structural
1083,U+3843,㡃,46,,60,structural
1084,U+3844,㡄,24,,60,structural
1085,U+3845,㡅,4,,60,structural
1086,U+3846,㡆,53,,60,structural
1087,U+3847,㡇,53,,60,structural
1088,U+3848,㡈,53,,60,structural
1089,U+3849,㡉,53,,60,structural
1090,U+384A,㡊,53,,60,structural
1091,U+384B,㡋,24,,60,structural
1092,U+384C,㡌,17,,60,structural
1093,U+384D,㡍,53,,60,structural
1094,U+384E,㡎,20,,60,structural
1095,U+384F,㡏,26,,60,structural
1096,U+3850,㡐,25,,60,structural
1097,U+3851,㡑,42,,60,structural
1098,U+3852,㡒,53,,60,structural
1099,U+3853,㡓,53,,60,structural
1100,U+3854,㡔,53,,60,structural
1101,U+3855,㡕,36,,60,structural
1102,U+3856,㡖,53,,60,structural
1103,U+3857,㡗,53,,60,structural
1104,U+3858,㡘,53,,60,structural
1105,U+3859,㡙,53,,60,structural
1106,U+385A,㡚,53,,60,structural
1107,U+385B,㡛,36,,60,structural
1108,U+385C,㡜,53,,60,structural
1109,U+385D,㡝,43,,60,structural
1110,U+385E,㡞,31,,60,structural
1111,U+385F,㡟,53,,60,structural
1112,U+3860,㡠,53,,60,structural
1113,U+3861,㡡,53,,60,structural
1114,U+3862,㡢,53,,60,structural
1115,U+3863,㡣,53,,60,structural
1116,U+3864,㡤,53,,60,structural
1117,U+3865,㡥,53,,60,structural
1118,U+3866,㡦,41,,60,structural
1119,U+3867,㡧,53,,60,structural
1120,U+3868,㡨,46,,60,structural
1121,U+3869,㡩,5,,60,structural
1122,U+386A,㡪,53,,60,structural
1123,U+386B,㡫,24,,60,structural
1124,U+386C,㡬,27,,60,structural
1125,U+386E,㡮,46,,60,structural
1126,U+386F,㡯,38,,60,structural
1127,U+3870,㡰,38,,60,structural
1128,U+3871,㡱,38,,60,structural
1129,U+3872,㡲,38,,60,structural
1130,U+3873,㡳,38,,60,structural
1131,U+3874,㡴,38,,60,structural
1132,U+3875,㡵,13,,60,structural
1133,U+3876,㡶,47,,60,structural
1134,U+3877,㡷,38,,60,structural
1135,U+3878,㡸,38,,60,structural
1136,U+3879,㡹,38,,60,structural
1137,U+387A,㡺,56,,60,structural
1138,U+387B,㡻,38,,60,structural
1139,U+387C,㡼,38,,60,structural
1140,U+387D,㡽,38,,60,structural
1141,U+387E,㡾,38,,60,structural
1142,U+387F,㡿,25,,60,structural
1143,U+3880,㢀,38,,60,structural
1144,U+3881,㢁,4,,60,structural
1145,U+3882,㢂,38,,60,structural
1146,U+3883,㢃,38,,60,structural
1147,U+3884,㢄,38,,60,structural
1148,U+3885,㢅,38,,60,structural
1149,U+3886,㢆,38,,60,structural
1150,U+3887,㢇,5,,60,structural
1151,U+3888,㢈,38,,60,structural
1152,U+3889,㢉,38,,60,structural
1153,U+388A,㢊,52,,60,structural
1154,U+388B,㢋,38,,60,structural
1155,U+388C,㢌,52,,60,structural
1156,U+388D,㢍,36,,60,structural
1157,U+388E,㢎,37,,60,structural
1158,U+388F,㢏,26,,60,structural
1159,U+3890,㢐,1,,60,structural
1160,U+3891,㢑,38,,60,structural
1161,U+3892,㢒,56,,60,structural
1162,U+3893,㢓,24,,60,structural
1163,U+3894,㢔,38,,60,structural
1164,U+3895,㢕,38,,60,structural
1165,U+3896,㢖,38,,60,structural
1166,U+3897,㢗,18,,60,structural
1167,U+3898,㢘,38,,60,structural
1168,U+3899,㢙,38,,60,structural
1169,U+389A,㢚,38,,60,structural
1170,U+389B,㢛,26,,60,structural
1171,U+389C,㢜,38,,60,structural
1172,U+389D,㢝,55,,60,structural
1173,U+389E,㢞,28,,60,structural
1174,U+389F,㢟,27,,60,structural
1175,U+38A0,㢠,1,,60,structural
1176,U+38A1,㢡,6,,60,structural
1177,U+38A2,㢢,1,,60,structural
1178,U+38A3,㢣,36,,60,structural
1179,U+38A4,㢤,37,,60,structural
1180,U+38A5,㢥,1,,60,structural
1181,U+38A6,㢦,52,,60,structural
1182,U+38A7,㢧,56,,60,structural
1183,U+38A8,㢨,27,,60,structural
1184,U+38A9,㢩,13,,60,structural
1185,U+38AA,㢪,56,,60,structural
1186,U+38AB,㢫,11,,60,structural
1187,U+38AC,㢬,27,,60,structural
1188,U+38AD,㢭,27,,60,structural
1189,U+38AE,㢮,27,,60,structural
1190,U+38AF,㢯,27,,60,structural
1191,U+38B0,㢰,27,,60,structural
1192,U+38B1,㢱,27,,60,structural
1193,U+38B2,㢲,25,,60,structural
1194,U+38B3,㢳,27,,60,structural
1195,U+38B4,㢴,10,,60,structural
1196,U+38B5,㢵,26,,60,structural
1197,U+38B6,㢶,56,,60,structural
1198,U+38B7,㢷,4,,60,structural
1199,U+38B8,㢸,27,,60,structural
1200,U+38B9,㢹,27,,60,structural
1201,U+38BA,㢺,31,,60,structural
1202,U+38BB,㢻,31,,60,structural
1203,U+38BC,㢼,53,,60,structural
1204,U+38BD,㢽,0,,60,structural
1205,U+38BE,㢾,59,,60,structural
1206,U+38BF,㢿,46,,60,structural
1207,U+38C0,㣀,25,,60,structural
1208,U+38C1,㣁,27,,60,structural
1209,U+38C2,㣂,27,,60,structural
1210,U+38C3,㣃,27,,60,structural
1211,U+38C4,㣄,34,,60,structural
1212,U+38C5,㣅,24,,60,structural
1213,U+38C6,㣆,53,,60,structural
1214,U+38C7,㣇,10,,60,structural
1215,U+38C8,㣈,10,,60,structural
1216,U+38C9,㣉,27,,60,structural
1217,U+38CA,㣊,27,,60,structural
1218,U+38CB,㣋,13,,60,structural
1219,U+38CC,㣌,1,,60,structural
1220,U+38CD,㣍,1,,60,structural
1221,U+38CE,㣎,27,,60,structural
1222,U+38CF,㣏,24,,60,structural
1223,U+38D0,㣐,12,,60,structural
1224,U+38D1,㣑,38,,60,structural
1225,U+38D2,㣒,58,,60,structural
1226,U+38D3,㣓,27,,60,structural
1227,U+38D4,㣔,52,,60,structural
1228,U+38D5,㣕,20,,60,structural
1229,U+38D6,㣖,13,,60,structural
1230,U+38D7,㣗,27,,60,structural
1231,U+38D8,㣘,1,,60,structural
1232,U+38D9,㣙,11,,60,structural
1233,U+38DA,㣚,1,,60,structural
1234,U+38DB,㣛,26,,60,structural
1235,U+38DC,㣜,56,,60,structural
1236,U+38DD,㣝,27,,60,structural
1237,U+38DE,㣞,16,,60,structural
1238,U+38DF,㣟,1,,60,structural
1239,U+38E0,㣠,27,,60,structural
1240,U+38E1,㣡,59,,60,structural
1241,U+38E2,㣢,58,,60,structural
1242,U+38E3,㣣,46,,60,structural
1243,U+38E4,㣤,27,,60,structural
1244,U+38E5,㣥,9,,60,structural
1245,U+38E6,㣦,31,,60,structural
1246,U+38E7,㣧,27,,60,structural
1247,U+38E8,㣨,31,,60,structural
1248,U+38E9,㣩,34,,60,structural
1249,U+38EA,㣪,56,,60,structural
1250,U+38EB,㣫,27,,60,structural
1251,U+38EC,㣬,1,,60,structural
1252,U+38ED,㣭,16,,60,structural
1253,U+38EE,㣮,27,,60,structural
1254,U+38EF,㣯,27,,60,structural
1255,U+38F0,㣰,27,,60,structural
1256,U+38F1,㣱,32,,60,structural
1257,U+38F2,㣲,21,,60,structural
1258,U+38F3,㣳,42,,60,structural
1259,U+38F4,㣴,27,,60,structural
1260,U+38F5,㣵,27,,60,structural
1261,U+38F6,㣶,21,,60,structural
1262,U+38F7,㣷,41,,60,structural
1263,U+38F8,㣸,56,,60,structural
1264,U+38F9,㣹,38,,60,structural
1265,U+38FA,㣺,13,,60,structural
1266,U+38FB,㣻,10,,60,structural
1267,U+38FC,㣼,10,,60,structural
1268,U+38FD,㣽,31,,60,structural
1269,U+38FE,㣾,39,,60,structural
1270,U+38FF,㣿,13,,60,structural
1271,U+3900,㤀,27,,60,structural
1272,U+3901,㤁,56,,60,structural
1273,U+3902,㤂,51,,60,structural
1274,U+3903,㤃,27,,60,structural
1275,U+3904,㤄,53,,60,structural
1276,U+3905,㤅,27,,60,structural
1277,U+3906,㤆,51,,60,structural
1278,U+3907,㤇,18,,60,structural
1279,U+3908,㤈,27,,60,structural
1280,U+3909,㤉,27,,60,structural
1281,U+390A,㤊,27,,60,structural
1282,U+390B,㤋,58,,60,structural
1283,U+390C,㤌,27,,60,structural
1284,U+390D,㤍,56,,60,structural
1285,U+390E,㤎,1,,60,structural
1286,U+390F,㤏,27,,60,structural
1287,U+3910,㤐,1,,60,structural
1288,U+3911,㤑,1,,60,structural
1289,U+3912,㤒,20,,60,structural
1290,U+3913,㤓,34,,60,structural
1291,U+3914,㤔,46,,60,structural
1292,U+3915,㤕,27,,60,structural
1293,U+3916,㤖,41,,60,structural
1294,U+3917,㤗,13,,60,structural
1295,U+3918,㤘,27,,60,structural
1296,U+3919,㤙,27,,60,structural
1297,U+391A,㤚,27,,60,structural
1298,U+391B,㤛,10,,60,structural
1299,U+391C,㤜,13,,60,structural
1300,U+391D,㤝,27,,60,structural
1301,U+391E,㤞,10,,60,structural
1302,U+391F,㤟,27,,60,structural
1303,U+3920,㤠,27,,60,structural
1304,U+3921,㤡,27,,60,structural
1305,U+3922,㤢,27,,60,structural
1306,U+3923,㤣,25,,60,structural
1307,U+3924,㤤,10,,60,structural
1308,U+3925,㤥,46,,60,structural
1309,U+3926,㤦,21,,60,structural
1310,U+3927,㤧,1,,60,structural
1311,U+3928,㤨,28,,60,structural
1312,U+3929,㤩,1,,60,structural
1313,U+392A,㤪,44,,60,structural
1314,U+392B,㤫,27,,60,structural
1315,U+392C,㤬,9,,60,structural
1316,U+392D,㤭,18,,60,structural
1317,U+392E,㤮,33,,60,structural
1318,U+392F,㤯,47,,60,structural
1319,U+3930,㤰,10,,60,structural
1320,U+3931,㤱,27,,60,structural
1321,U+3932,㤲,46,,60,structural
1322,U+3933,㤳,21,,60,structural
1323,U+3934,㤴,27,,60,structural
1324,U+3935,㤵,27,,60,structural
1325,U+3936,㤶,13,,60,structural
1326,U+3937,㤷,13,,60,structural
1327,U+3938,㤸,27,,60,structural
1328,U+3939,㤹,25,,60,structural
1329,U+393A,㤺,27,,60,structural
1330,U+393B,㤻,13,,60,structural
1331,U+393C,㤼,9,,60,structural
1332,U+393D,㤽,43,,60,structural
1333,U+393E,㤾,34,,60,structural
1334,U+393F,㤿,24,,60,structural
1335,U+3940,㥀,56,,60,structural
1336,U+3941,㥁,27,,60,structural
1337,U+3942,㥂,56,,60,structural
1338,U+3943,㥃,27,,60,structural
1339,U+3944,㥄,16,,60,structural
1340,U+3945,㥅,51,,60,structural
1341,U+3946,㥆,27,,60,structural
1342,U+3947,㥇,27,,60,structural
1343,U+3948,㥈,1,,60,structural
1344,U+3949,㥉,1,,60,structural
1345,U+394A,㥊,40,,60,structural
1346,U+394B,㥋,35,,60,structural
1347,U+394C,㥌,27,,60,structural
1348,U+394D,㥍,25,,60,structural
1349,U+394E,㥎,27,,60,structural
1350,U+394F,㥏,58,,60,structural
1351,U+3950,㥐,26,,60,structural
1352,U+3951,㥑,27,,60,structural
1353,U+3952,㥒,34,,60,structural
1354,U+3953,㥓,52,,60,structural
1355,U+3954,㥔,27,,60,structural
1356,U+3955,㥕,42,,60,structural
1357,U+3956,㥖,16,,60,structural
1358,U+3957,㥗,24,,60,structural
1359,U+3958,㥘,10,,60,structural
1360,U+3959,㥙,59,,60,structural
1361,U+395A,㥚,46,,60,structural
1362,U+395B,㥛,52,,60,structural
1363,U+395C,㥜,11,,60,structural
1364,U+395D,㥝,0,,60,structural
1365,U+395E,㥞,58,,60,structural
1366,U+395F,㥟,27,,60,structural
1367,U+3960,㥠,27,,60,structural
1368,U+3961,㥡,27,,60,structural
1369,U+3962,㥢,58,,60,structural
1370,U+3963,㥣,9,,60,structural
1371,U+3964,㥤,13,,60,structural
1372,U+3965,㥥,27,,60,structural
1373,U+3966,㥦,46,,60,structural
1374,U+3967,㥧,19,,60,structural
1375,U+3968,㥨,31,,60,structural
1376,U+3969,㥩,24,,60,structural
1377,U+396A,㥪,31,,60,structural
1378,U+396B,㥫,1,,60,structural
1379,U+396C,㥬,58,,60,structural
1380,U+396D,㥭,12,,60,structural
1381,U+396E,㥮,27,,60,structural
1382,U+396F,㥯,27,,60,structural
1383,U+3970,㥰,51,,60,structural
1384,U+3971,㥱,27,,60,structural
1385,U+3972,㥲,25,,60,structural
1386,U+3973,㥳,27,,60,structural
1387,U+3974,㥴,27,,60,structural
1388,U+3975,㥵,27,,60,structural
1389,U+3976,㥶,27,,60,structural
1390,U+3977,㥷,38,,60,structural
1391,U+3978,㥸,11,,60,structural
1392,U+3979,㥹,58,,60,structural
1393,U+397A,㥺,9,,60,structural
1394,U+397B,㥻,20,,60,structural
1395,U+397C,㥼,42,,60,structural
1396,U+397D,㥽,32,,60,structural
1397,U+397E,㥾,36,,60,structural
1398,U+397F,㥿,27,,60,structural
1399,U+3980,㦀,43,,60,structural
1400,U+3981,㦁,27,,60,structural
1401,U+3982,㦂,53,,60,structural
1402,U+3983,㦃,58,,60,structural
1403,U+3984,㦄,27,,60,structural
1404,U+3985,㦅,53,,60,structural
1405,U+3986,㦆,10,,60,structural
1406,U+3987,㦇,27,,60,structural
1407,U+3988,㦈,27,,60,structural
1408,U+3989,㦉,27,,60,structural
1409,U+398A,㦊,36,,60,structural
1410,U+398B,㦋,24,,60,structural
1411,U+398C,㦌,27,,60,structural
1412,U+398D,㦍,25,,60,structural
1413,U+398E,㦎,56,,60,structural
1414,U+398F,㦏,28,,60,structural
1415,U+3990,㦐,32,,60,structural
1416,U+3991,㦑,0,,60,structural
1417,U+3992,㦒,5,,60,structural
1418,U+3993,㦓,42,,60,structural
1419,U+3994,㦔,17,,60,structural
1420,U+3995,㦕,27,,60,structural
1421,U+3996,㦖,27,,60,structural
1422,U+3997,㦗,34,,60,structural
1423,U+3998,㦘,27,,60,structural
1424,U+3999,㦙,27,,60,structural
1425,U+399A,㦚,27,,60,structural
1426,U+399B,㦛,25,,60,structural
1427,U+399C,㦜,51,,60,structural
1428,U+399D,㦝,27,,60,structural
1429,U+399E,㦞,45,,60,structural
1430,U+399F,㦟,27,,60,structural
1431,U+39A0,㦠,56,,60,structural
1432,U+39A1,㦡,34,,60,structural
1433,U+39A2,㦢,23,,60,structural
1434,U+39A3,㦣,52,,60,structural
1435,U+39A4,㦤,27,,60,structural
1436,U+39A5,㦥,27,,60,structural
1437,U+39A6,㦦,27,,60,structural
1438,U+39A7,㦧,24,,60,structural
1439,U+39A8,㦨,34,,60,structural
1440,U+39A9,㦩,27,,60,structural
1441,U+39AA,㦪,42,,60,structural
1442,U+39AB,㦫,32,,60,structural
1443,U+39AC,㦬,15,,60,structural
1444,U+39AD,㦭,46,,60,structural
1445,U+39AE,㦮,17,,60,structural
1446,U+39AF,㦯,56,,60,structural
1447,U+39B0,㦰,46,,60,structural
1448,U+39B1,㦱,56,,60,structural
1449,U+39B2,㦲,10,,60,structural
1450,U+39B3,㦳,9,,60,structural
1451,U+39B4,㦴,1,,60,structural
1452,U+39B5,㦵,34,,60,structural
1453,U+39B6,㦶,27,,60,structural
1454,U+39B7,㦷,27,,60,structural
1455,U+39B8,㦸,24,,60,structural
1456,U+39B9,㦹,56,,60,structural
1457,U+39BA,㦺,27,,60,structural
1458,U+39BB,㦻,27,,60,structural
1459,U+39BC,㦼,27,,60,structural
1460,U+39BD,㦽,27,,60,structural
1461,U+39BE,㦾,13,,60,structural
1462,U+39BF,㦿,34,,60,structural
1463,U+39C0,㧀,39,,60,structural
1464,U+39C1,㧁,9,,60,structural
1465,U+39C2,㧂,13,,60,structural
1466,U+39C3,㧃,3,,60,structural
1467,U+39C4,㧄,3,,60,structural
1468,U+39C5,㧅,3,,60,structural
1469,U+39C6,㧆,3,,60,structural
1470,U+39C7,㧇,3,,60,structural
1471,U+39C8,㧈,3,,60,structural
1472,U+39C9,㧉,3,,60,structural
1473,U+39CA,㧊,53,,60,structural
1474,U+39CB,㧋,3,,60,structural
1475,U+39CC,㧌,3,,60,structural
1476,U+39CD,㧍,3,,60,structural
1477,U+39CE,㧎,3,,60,structural
1478,U+39CF,㧏,3,,60,structural
1479,U+39D0,㧐,3,,60,structural
1480,U+39D1,㧑,3,,60,structural
1481,U+39D2,㧒,3,,60,structural
1482,U+39D3,㧓,3,,60,structural
1483,U+39D4,㧔,3,,60,structural
1484,U+39D5,㧕,3,,60,structural
1485,U+39D6,㧖,13,,60,structural
1486,U+39D7,㧗,3,,60,structural
1487,U+39D8,㧘,3,,60,structural
1488,U+39D9,㧙,10,,60,structural
1489,U+39DA,㧚,3,,60,structural
1490,U+39DB,㧛,3,,60,structural
1491,U+39DC,㧜,3,,60,structural
1492,U+39DD,㧝,3,,60,structural
1493,U+39DE,㧞,3,,60,structural
1494,U+39DF,㧟,3,,60,structural
1495,U+39E0,㧠,3,,60,structural
1496,U+39E1,㧡,46,,60,structural
1497,U+39E2,㧢,3,,60,structural
1498,U+39E3,㧣,34,,60,structural
1499,U+39E4,㧤,3,,60,structural
1500,U+39E5,㧥,3,,60,structural
1501,U+39E6,㧦,24,,60,structural
1502,U+39E7,㧧,3,,60,structural
1503,U+39E8,㧨,3,,60,structural
1504,U+39E9,㧩,3,,60,structural
1505,U+39EA,㧪,3,,60,structural
1506,U+39EB,㧫,3,,60,structural
1507,U+39EC,㧬,3,,60,structural
1508,U+39ED,㧭,3,,60,structural
1509,U+39EE,㧮,3,,60,structural
1510,U+39EF,㧯,3,,60,structural
1511,U+39F0,㧰,3,,60,structural
1512,U+39F1,㧱,26,,60,structural
1513,U+39F2,㧲,34,,60,structural
1514,U+39F3,㧳,58,,60,structural
1515,U+39F4,㧴,3,,60,structural
1516,U+39F5,㧵,21,,60,structural
1517,U+39F6,㧶,3,,60,structural
1518,U+39F7,㧷,21,,60,structural
1519,U+39F8,㧸,1,,60,structural
1520,U+39F9,㧹,56,,60,structural
1521,U+39FA,㧺,8,,60,structural
1522,U+39FB,㧻,3,,60,structural
1523,U+39FC,㧼,3,,60,structural
1524,U+39FD,㧽,1,,60,structural
1525,U+39FE,㧾,10,,60,structural
1526,U+39FF,㧿,3,,60,structural
1527,U+3A00,㨀,3,,60,structural
1528,U+3A01,㨁,3,,60,structural
1529,U+3A02,㨂,34,,60,structural
1530,U+3A03,㨃,1,,60,structural
1531,U+3A04,㨄,3,,60,structural
1532,U+3A05,㨅,3,,60,structural
1533,U+3A06,㨆,34,,60,structural
1534,U+3A07,㨇,3,,60,structural
1535,U+3A08,㨈,43,,60,structural
1536,U+3A09,㨉,3,,60,structural
1537,U+3A0A,㨊,3,,60,structural
1538,U+3A0B,㨋,24,,60,structural
1539,U+3A0C,㨌,3,,60,structural
1540,U+3A0D,㨍,9,,60,structural
1541,U+3A0E,㨎,3,,60,structural
1542,U+3A0F,㨏,42,,60,structural
1543,U+3A10,㨐,34,,60,structural
1544,U+3A11,㨑,16,,60,structural
1545,U+3A12,㨒,3,,60,structural
1546,U+3A13,㨓,3,,60,structural
1547,U+3A14,㨔,21,,60,structural
1548,U+3A15,㨕,3,,60,structural
1549,U+3A16,㨖,3,,60,structural
1550,U+3A17,㨗,3,,60,structural
1551,U+3A18,㨘,10,,60,structural
1552,U+3A19,㨙,3,,60,structural
1553,U+3A1A,㨚,24,,60,structural
1554,U+3A1B,㨛,3,,60,structural
1555,U+3A1C,㨜,3,,60,structural
1556,U+3A1D,㨝,3,,60,structural
1557,U+3A1E,㨞,3,,60,structural
1558,U+3A1F,㨟,3,,60,structural
1559,U+3A20,㨠,58,,60,structural
1560,U+3A21,㨡,3,,60,structural
1561,U+3A22,㨢,3,,60,structural
1562,U+3A23,㨣,16,,60,structural
1563,U+3A24,㨤,3,,60,structural
1564,U+3A25,㨥,3,,60,structural
1565,U+3A26,㨦,51,,60,structural
1566,U+3A27,㨧,3,,60,structural
1567,U+3A28,㨨,3,,60,structural
1568,U+3A29,㨩,10,,60,structural
1569,U+3A2A,㨪,56,,60,structural
1570,U+3A2B,㨫,3,,60,structural
1571,U+3A2C,㨬,3,,60,structural
1572,U+3A2D,㨭,3,,60,structural
1573,U+3A2E,㨮,3,,60,structural
1574,U+3A2F,㨯,1,,60,structural
1575,U+3A30,㨰,16,,60,structural
1576,U+3A31,㨱,5,,60,structural
1577,U+3A32,㨲,3,,60,structural
1578,U+3A33,㨳,52,,60,structural
1579,U+3A34,㨴,3,,60,structural
1580,U+3A35,㨵,25,,60,structural
1581,U+3A36,㨶,3,,60,structural
1582,U+3A37,㨷,3,,60,structural
1583,U+3A38,㨸,10,,60,structural
1584,U+3A39,㨹,43,,60,structural
1585,U+3A3A,㨺,3,,60,structural
1586,U+3A3B,㨻,3,,60,structural
1587,U+3A3C,㨼,3,,60,structural
1588,U+3A3D,㨽,3,,60,structural
1589,U+3A3E,㨾,3,,60,structural
1590,U+3A3F,㨿,3,,60,structural
1591,U+3A40,㩀,10,,60,structural
1592,U+3A41,㩁,3,,60,structural
1593,U+3A42,㩂,3,,60,structural
1594,U+3A43,㩃,3,,60,structural
1595,U+3A44,㩄,11,,60,structural
1596,U+3A45,㩅,3,,60,structural
1597,U+3A46,㩆,1,,60,structural
1598,U+3A47,㩇,3,,60,structural
1599,U+3A48,㩈,21,,60,structural
1600,U+3A49,㩉,26,,60,structural
1601,U+3A4A,㩊,3,,60,structural
1602,U+3A4B,㩋,3,,60,structural
1603,U+3A4C,㩌,10,,60,structural
1604,U+3A4D,㩍,23,,60,structural
1605,U+3A4E,㩎,3,,60,structural
1606,U+3A4F,㩏,3,,60,structural
1607,U+3A50,㩐,9,,60,structural
1608,U+3A51,㩑,18,,60,structural
1609,U+3A52,㩒,34,,60,structural
1610,U+3A53,㩓,3,,60,structural
1611,U+3A54,㩔,3,,60,structural
1612,U+3A55,㩕,13,,60,structural
1613,U+3A56,㩖,3,,60,structural
1614,U+3A57,㩗,3,,60,structural
1615,U+3A58,㩘,3,,60,structural
1616,U+3A59,㩙,3,,60,structural
1617,U+3A5A,㩚,36,,60,structural
1618,U+3A5B,㩛,3,,60,structural
1619,U+3A5C,㩜,3,,60,structural
1620,U+3A5D,㩝,1,,60,structural
1621,U+3A5E,㩞,34,,60,structural
1622,U+3A5F,㩟,34,,60,structural
1623,U+3A60,㩠,42,,60,structural
1624,U+3A61,㩡,3,,60,structural
1625,U+3A62,㩢,3,,60,structural
1626,U+3A63,㩣,3,,60,structural
1627,U+3A64,㩤,57,,60,structural
1628,U+3A65,㩥,3,,60,structural
1629,U+3A66,㩦,3,,60,structural
1630,U+3A67,㩧,28,,60,structural
1631,U+3A68,㩨,43,,60,structural
1632,U+3A69,㩩,19,,60,structural
1633,U+3A6A,㩪,19,,60,structural
1634,U+3A6B,㩫,7,,60,structural
1635,U+3A6C,㩬,3,,60,structural
1636,U+3A6D,㩭,3,,60,structural
1637,U+3A6E,㩮,25,,60,structural
1638,U+3A6F,㩯,3,,60,structural
1639,U+3A70,㩰,3,,60,structural
1640,U+3A71,㩱,3,,60,structural
1641,U+3A72,㩲,3,,60,structural
1642,U+3A73,㩳,51,,60,structural
1643,U+3A74,㩴,3,,60,structural
1644,U+3A75,㩵,3,,60,structural
1645,U+3A76,㩶,53,,60,structural
1646,U+3A77,㩷,50,,60,structural
1647,U+3A78,㩸,3,,60,structural
1648,U+3A79,㩹,3,,60,structural
1649,U+3A7A,㩺,27,,60,structural
1650,U+3A7B,㩻,27,,60,structural
1651,U+3A7C,㩼,4,,60,structural
1652,U+3A7D,㩽,34,,60,structural
1653,U+3A7E,㩾,56,,60,structural
1654,U+3A7F,㩿,27,,60,structural
1655,U+3A80,㪀,17,,60,structural
1656,U+3A81,㪁,13,,60,structural
1657,U+3A82,㪂,27,,60,structural
1658,U+3A83,㪃,52,,60,structural
1659,U+3A84,㪄,10,,60,structural
1660,U+3A85,㪅,26,,60,structural
1661,U+3A86,㪆,13,,60,structural
1662,U+3A87,㪇,27,,60,structural
1663,U+3A88,㪈,9,,60,structural
1664,U+3A89,㪉,26,,60,structural
1665,U+3A8A,㪊,21,,60,structural
1666,U+3A8B,㪋,24,,60,structural
1667,U+3A8C,㪌,27,,60,structural
1668,U+3A8D,㪍,27,,60,structural
1669,U+3A8E,㪎,46,,60,structural
1670,U+3A8F,㪏,37,,60,structural
1671,U+3A90,㪐,13,,60,structural
1672,U+3A91,㪑,24,,60,structural
1673,U+3A92,㪒,27,,60,structural
1674,U+3A93,㪓,37,,60,structural
1675,U+3A94,㪔,34,,60,structural
1676,U+3A95,㪕,24,,60,structural
1677,U+3A96,㪖,58,,60,structural
1678,U+3A97,㪗,1,,60,structural
1679,U+3A98,㪘,26,,60,structural
1680,U+3A99,㪙,24,,60,structural
1681,U+3A9A,㪚,28,,60,structural
1682,U+3A9B,㪛,27,,60,structural
1683,U+3A9C,㪜,11,,60,structural
1684,U+3A9D,㪝,34,,60,structural
1685,U+3A9E,㪞,17,,60,structural
1686,U+3A9F,㪟,1,,60,structural
1687,U+3AA0,㪠,25,,60,structural
1688,U+3AA1,㪡,1,,60,structural
1689,U+3AA2,㪢,51,,60,structural
1690,U+3AA3,㪣,27,,60,structural
1691,U+3AA4,㪤,56,,60,structural
1692,U+3AA5,㪥,56,,60,structural
1693,U+3AA6,㪦,25,,60,structural
1694,U+3AA7,㪧,26,,60,structural
1695,U+3AA8,㪨,25,,60,structural
1696,U+3AA9,㪩,27,,60,structural
1697,U+3AAA,㪪,18,,60,structural
1698,U+3AAB,㪫,58,,60,structural
1699,U+3AAC,㪬,51,,60,structural
1700,U+3AAD,㪭,11,,60,structural
1701,U+3AAE,㪮,27,,60,structural
1702,U+3AAF,㪯,43,,60,structural
1703,U+3AB0,㪰,27,,60,structural
1704,U+3AB1,㪱,18,,60,structural
1705,U+3AB2,㪲,27,,60,structural
1706,U+3AB3,㪳,27,,60,structural
1707,U+3AB4,㪴,56,,60,structural
1708,U+3AB5,㪵,43,,60,structural
1709,U+3AB6,㪶,56,,60,structural
1710,U+3AB7,㪷,27,,60,structural
1711,U+3AB8,㪸,25,,60,structural
1712,U+3AB9,㪹,31,,60,structural
1713,U+3ABA,㪺,27,,60,structural
1714,U+3ABB,㪻,5,,60,structural
1715,U+3ABC,㪼,52,,60,structural
1716,U+3ABD,㪽,56,,60,structural
1717,U+3ABE,㪾,1,,60,structural
1718,U+3ABF,㪿,27,,60,structural
1719,U+3AC0,㫀,24,,60,structural
1720,U+3AC1,㫁,56,,60,structural
1721,U+3AC2,㫂,38,,60,structural
1722,U+3AC3,㫃,46,,60,structural
1723,U+3AC4,㫄,17,,60,structural
1724,U+3AC5,㫅,26,,60,structural
1725,U+3AC6,㫆,46,,60,structural
1726,U+3AC7,㫇,46,,60,structural
1727,U+3AC8,㫈,46,,60,structural
1728,U+3AC9,㫉,27,,60,structural
1729,U+3ACA,㫊,52,,60,structural
1730,U+3ACB,㫋,27,,60,structural
1731,U+3ACC,㫌,56,,60,structural
1732,U+3ACD,㫍,46,,60,structural
1733,U+3ACE,㫎,27,,60,structural
1734,U+3ACF,㫏,59,,60,structural
1735,U+3AD0,㫐,24,,60,structural
1736,U+3AD1,㫑,24,,60,structural
1737,U+3AD2,㫒,24,,60,structural
1738,U+3AD3,㫓,24,,60,structural
1739,U+3AD4,㫔,56,,60,structural
1740,U+3AD5,㫕,56,,60,structural
1741,U+3AD6,㫖,56,,60,structural
1742,U+3AD7,㫗,24,,60,structural
1743,U+3AD8,㫘,56,,60,structural
1744,U+3AD9,㫙,49,,60,structural
1745,U+3ADA,㫚,24,,60,structural
1746,U+3ADB,㫛,1,,60,structural
1747,U+3ADC,㫜,56,,60,structural
1748,U+3ADD,㫝,24,,60,structural
1749,U+3ADE,㫞,24,,60,structural
1750,U+3ADF,㫟,1,,60,structural
1751,U+3AE0,㫠,43,,60,structural
1752,U+3AE1,㫡,24,,60,structural
1753,U+3AE2,㫢,9,,60,structural
1754,U+3AE3,㫣,24,,60,structural
1755,U+3AE4,㫤,24,,60,structural
1756,U+3AE5,㫥,4,,60,structural
1757,U+3AE6,㫦,46,,60,structural
1758,U+3AE7,㫧,24,,60,structural
1759,U+3AE8,㫨,31,,60,structural
1760,U+3AE9,㫩,24,,60,structural
1761,U+3AEA,㫪,24,,60,structural
1762,U+3AEB,㫫,56,,60,structural
1763,U+3AEC,㫬,24,,60,structural
1764,U+3AED,㫭,9,,60,structural
1765,U+3AEE,㫮,24,,60,structural
1766,U+3AEF,㫯,56,,60,structural
1767,U+3AF0,㫰,24,,60,structural
1768,U+3AF1,㫱,24,,60,structural
1769,U+3AF2,㫲,24,,60,structural
1770,U+3AF3,㫳,24,,60,structural
1771,U+3AF4,㫴,24,,60,structural
1772,U+3AF5,㫵,24,,60,structural
1773,U+3AF6,㫶,53,,60,structural
1774,U+3AF7,㫷,25,,60,structural
1775,U+3AF8,㫸,24,,60,structural
1776,U+3AF9,㫹,24,,60,structural
1777,U+3AFA,㫺,24,,60,structural
1778,U+3AFB,㫻,26,,60,structural
1779,U+3AFC,㫼,24,,60,structural
1780,U+3AFD,㫽,58,,60,structural
1781,U+3AFE,㫾,1,,60,structural
1782,U+3AFF,㫿,24,,60,structural
1783,U+3B00,㬀,1,,60,structural
1784,U+3B01,㬁,26,,60,structural
1785,U+3B02,㬂,24,,60,structural
1786,U+3B03,㬃,42,,60,structural
1787,U+3B04,㬄,24,,60,structural
1788,U+3B05,㬅,24,,60,structural
1789,U+3B06,㬆,24,,60,structural
1790,U+3B07,㬇,24,,60,structural
1791,U+3B08,㬈,24,,60,structural
1792,U+3B09,㬉,24,,60,structural
1793,U+3B0A,㬊,56,,60,structural
1794,U+3B0B,㬋,24,,60,structural
1795,U+3B0C,㬌,24,,60,structural
1796,U+3B0D,㬍,57,,60,structural
1797,U+3B0E,㬎,24,,60,structural
1798,U+3B0F,㬏,24,,60,structural
1799,U+3B10,㬐,56,,60,structural
1800,U+3B11,㬑,1,,60,structural
1801,U+3B12,㬒,24,,60,structural
1802,U+3B13,㬓,59,,60,structural
1803,U+3B14,㬔,46,,60,structural
1804,U+3B15,㬕,24,,60,structural
1805,U+3B16,㬖,1,,60,structural
1806,U+3B17,㬗,42,,60,structural
1807,U+3B18,㬘,24,,60,structural
1808,U+3B19,㬙,24,,60,structural
1809,U+3B1A,㬚,24,,60,structural
1810,U+3B1B,㬛,26,,60,structural
1811,U+3B1C,㬜,24,,60,structural
1812,U+3B1D,㬝,58,,60,structural
1813,U+3B1E,㬞,24,,60,structural
1814,U+3B1F,㬟,10,,60,structural
1815,U+3B20,㬠,42,,60,structural
1816,U+3B21,㬡,13,,60,structural
1817,U+3B22,㬢,24,,60,structural
1818,U+3B23,㬣,56,,60,structural
1819,U+3B24,㬤,24,,60,structural
1820,U+3B25,㬥,20,,60,structural
1821,U+3B26,㬦,51,,60,structural
1822,U+3B27,㬧,15,,60,structural
1823,U+3B28,㬨,24,,60,structural
1824,U+3B29,㬩,43,,60,structural
1825,U+3B2A,㬪,24,,60,structural
1826,U+3B2B,㬫,42,,60,structural
1827,U+3B2C,㬬,24,,60,structural
1828,U+3B2D,㬭,24,,60,structural
1829,U+3B2E,㬮,49,,60,structural
1830,U+3B2F,㬯,57,,60,structural
1831,U+3B30,㬰,24,,60,structural
1832,U+3B31,㬱,24,,60,structural
1833,U+3B32,㬲,25,,60,structural
1834,U+3B33,㬳,40,,60,structural
1835,U+3B34,㬴,28,,60,structural
1836,U+3B35,㬵,40,,60,structural
1837,U+3B36,㬶,40,,60,structural
1838,U+3B37,㬷,34,,60,structural
1839,U+3B38,㬸,36,,60,structural
1840,U+3B39,㬹,52,,60,structural
1841,U+3B3A,㬺,49,,60,structural
1842,U+3B3B,㬻,36,,60,structural
1843,U+3B3C,㬼,24,,60,structural
1844,U+3B3D,㬽,40,,60,structural
1845,U+3B3E,㬾,27,,60,structural
1846,U+3B3F,㬿,1,,60,structural
1847,U+3B40,㭀,23,,60,structural
1848,U+3B41,㭁,34,,60,structural
1849,U+3B42,㭂,34,,60,structural
1850,U+3B43,㭃,34,,60,structural
1851,U+3B44,㭄,34,,60,structural
1852,U+3B45,㭅,2,,60,structural
1853,U+3B46,㭆,34,,60,structural
1854,U+3B47,㭇,34,,60,structural
1855,U+3B48,㭈,34,,60,structural
1856,U+3B49,㭉,34,,60,structural
1857,U+3B4A,㭊,34,,60,structural
1858,U+3B4B,㭋,43,,60,structural
1859,U+3B4C,㭌,34,,60,structural
1860,U+3B4D,㭍,34,,60,structural
1861,U+3B4E,㭎,34,,60,structural
1862,U+3B4F,㭏,34,,60,structural
1863,U+3B50,㭐,34,,60,structural
1864,U+3B51,㭑,34,,60,structural
1865,U+3B52,㭒,34,,60,structural
1866,U+3B53,㭓,34,,60,structural
1867,U+3B54,㭔,34,,60,structural
1868,U+3B55,㭕,9,,60,structural
1869,U+3B56,㭖,34,,60,structural
1870,U+3B57,㭗,34,,60,structural
1871,U+3B58,㭘,26,,60,structural
1872,U+3B59,㭙,9,,60,structural
1873,U+3B5A,㭚,34,,60,structural
1874,U+3B5B,㭛,34,,60,structural
1875,U+3B5C,㭜,34,,60,structural
1876,U+3B5D,㭝,34,,60,structural
1877,U+3B5E,㭞,10,,60,structural
1878,U+3B5F,㭟,28,,60,structural
1879,U+3B60,㭠,34,,60,structural
1880,U+3B61,㭡,10,,60,structural
1881,U+3B62,㭢,2,,60,structural
1882,U+3B63,㭣,34,,60,structural
1883,U+3B64,㭤,34,,60,structural
1884,U+3B65,㭥,32,,60,structural
1885,U+3B66,㭦,34,,60,structural
1886,U+3B67,㭧,34,,60,structural
1887,U+3B68,㭨,34,,60,structural
1888,U+3B69,㭩,34,,60,structural
1889,U+3B6A,㭪,57,,60,structural
1890,U+3B6B,㭫,34,,60,structural
1891,U+3B6C,㭬,34,,60,structural
1892,U+3B6D,㭭,34,,60,structural
1893,U+3B6E,㭮,34,,60,structural
1894,U+3B6F,㭯,34,,60,structural
1895,U+3B70,㭰,34,,60,structural
1896,U+3B71,㭱,34,,60,structural
1897,U+3B72,㭲,34,,60,structural
1898,U+3B73,㭳,34,,60,structural
1899,U+3B74,㭴,34,,60,structural
1900,U+3B75,㭵,34,,60,structural
1901,U+3B76,㭶,34,,60,structural
1902,U+3B77,㭷,34,,60,structural
1903,U+3B78,㭸,34,,60,structural
1904,U+3B79,㭹,34,,60,structural
1905,U+3B7A,㭺,24,,60,structural
1906,U+3B7B,㭻,34,,60,structural
1907,U+3B7C,㭼,8,,60,structural
1908,U+3B7D,㭽,38,,60,structural
1909,U+3B7E,㭾,34,,60,structural
1910,U+3B7F,㭿,24,,60,structural
1911,U+3B80,㮀,58,,60,structural
1912,U+3B81,㮁,34,,60,structural
1913,U+3B82,㮂,25,,60,structural
1914,U+3B83,㮃,31,,60,structural
1915,U+3B84,㮄,34,,60,structural
1916,U+3B85,㮅,34,,60,structural
1917,U+3B86,㮆,34,,60,structural
1918,U+3B87,㮇,2,,60,structural
1919,U+3B88,㮈,34,,60,structural
1920,U+3B89,㮉,49,,60,structural
1921,U+3B8A,㮊,34,,60,structural
1922,U+3B8B,㮋,34,,60,structural
1923,U+3B8C,㮌,34,,60,structural
1924,U+3B8D,㮍,25,,60,structural
1925,U+3B8E,㮎,2,,60,structural
1926,U+3B8F,㮏,34,,60,structural
1927,U+3B90,㮐,10,,60,structural
1928,U+3B91,㮑,37,,60,structural
1929,U+3B92,㮒,59,,60,structural
1930,U+3B93,㮓,2,,60,structural
1931,U+3B94,㮔,34,,60,structural
1932,U+3B95,㮕,34,,60,structural
1933,U+3B96,㮖,34,,60,structural
1934,U+3B97,㮗,13,,60,structural
1935,U+3B98,㮘,34,,60,structural
1936,U+3B99,㮙,2,,60,structural
1937,U+3B9A,㮚,34,,60,structural
1938,U+3B9B,㮛,24,,60,structural
1939,U+3B9C,㮜,34,,60,structural
1940,U+3B9D,㮝,34,,60,structural
1941,U+3B9E,㮞,6,,60,structural
1942,U+3B9F,㮟,34,,60,structural
1943,U+3BA0,㮠,34,,60,structural
1944,U+3BA1,㮡,34,,60,structural
1945,U+3BA2,㮢,34,,60,structural
1946,U+3BA3,㮣,34,,60,structural
1947,U+3BA4,㮤,34,,60,structural
1948,U+3BA5,㮥,34,,60,structural
1949,U+3BA6,㮦,15,,60,structural
1950,U+3BA7,㮧,34,,60,structural
1951,U+3BA8,㮨,16,,60,structural
1952,U+3BA9,㮩,34,,60,structural
1953,U+3BAA,㮪,34,,60,structural
1954,U+3BAB,㮫,34,,60,structural
1955,U+3BAC,㮬,16,,60,structural
1956,U+3BAD,㮭,34,,60,structural
1957,U+3BAE,㮮,43,,60,structural
1958,U+3BAF,㮯,34,,60,structural
1959,U+3BB0,㮰,34,,60,structural
1960,U+3BB1,㮱,34,,60,structural
1961,U+3BB2,㮲,34,,60,structural
1962,U+3BB3,㮳,25,,60,structural
1963,U+3BB4,㮴,34,,60,structural
1964,U+3BB5,㮵,34,,60,structural
1965,U+3BB6,㮶,25,,60,structural
1966,U+3BB7,㮷,24,,60,structural
1967,U+3BB8,㮸,25,,60,structural
1968,U+3BB9,㮹,34,,60,structural
1969,U+3BBA,㮺,34,,60,structural
1970,U+3BBB,㮻,39,,60,structural
1971,U+3BBC,㮼,34,,60,structural
1972,U+3BBD,㮽,34,,60,structural
1973,U+3BBE,㮾,57,,60,structural
1974,U+3BBF,㮿,2,,60,structural
1975,U+3BC0,㯀,34,,60,structural
1976,U+3BC1,㯁,34,,60,structural
1977,U+3BC2,㯂,53,,60,structural
1978,U+3BC3,㯃,58,,60,structural
1979,U+3BC4,㯄,34,,60,structural
1980,U+3BC5,㯅,37,,60,structural
1981,U+3BC6,㯆,58,,60,structural
1982,U+3BC7,㯇,34,,60,structural
1983,U+3BC8,㯈,34,,60,structural
1984,U+3BC9,㯉,34,,60,structural
1985,U+3BCA,㯊,2,,60,structural
1986,U+3BCB,㯋,19,,60,structural
1987,U+3BCC,㯌,34,,60,structural
1988,U+3BCD,㯍,34,,60,structural
1989,U+3BCE,㯎,34,,60,structural
1990,U+3BCF,㯏,34,,60,structural
1991,U+3BD0,㯐,34,,60,structural
1992,U+3BD1,㯑,34,,60,structural
1993,U+3BD2,㯒,34,,60,structural
1994,U+3BD3,㯓,26,,60,structural
1995,U+3BD4,㯔,34,,60,structural
1996,U+3BD5,㯕,25,,60,structural
1997,U+3BD6,㯖,34,,60,structural
1998,U+3BD7,㯗,34,,60,structural
1999,U+3BD8,㯘,34,,60,structural
2000,U+3BD9,㯙,34,,60,structural
2001,U+3BDA,㯚,26,,60,structural
2002,U+3BDB,㯛,2,,60,structural
2003,U+3BDC,㯜,34,,60,structural
2004,U+3BDD,㯝,34,,60,structural
2005,U+3BDE,㯞,15,,60,structural
2006,U+3BDF,㯟,58,,60,structural
2007,U+3BE0,㯠,34,,60,structural
2008,U+3BE1,㯡,58,,60,structural
2009,U+3BE2,㯢,28,,60,structural
2010,U+3BE3,㯣,58,,60,structural
2011,U+3BE4,㯤,34,,60,structural
2012,U+3BE5,㯥,34,,60,structural
2013,U+3BE6,㯦,25,,60,structural
2014,U+3BE7,㯧,34,,60,structural
2015,U+3BE8,㯨,59,,60,structural
2016,U+3BE9,㯩,34,,60,structural
2017,U+3BEA,㯪,13,,60,structural
2018,U+3BEB,㯫,34,,60,structural
2019,U+3BEC,㯬,34,,60,structural
2020,U+3BED,㯭,34,,60,structural
2021,U+3BEE,㯮,34,,60,structural
2022,U+3BEF,㯯,32,,60,structural
2023,U+3BF0,㯰,2,,60,structural
2024,U+3BF1,㯱,59,,60,structural
2025,U+3BF2,㯲,34,,60,structural
2026,U+3BF3,㯳,34,,60,structural
2027,U+3BF4,㯴,34,,60,structural
2028,U+3BF5,㯵,34,,60,structural
2029,U+3BF6,㯶,34,,60,structural
2030,U+3BF7,㯷,49,,60,structural
2031,U+3BF8,㯸,34,,60,structural
2032,U+3BF9,㯹,34,,60,structural
2033,U+3BFA,㯺,2,,60,structural
2034,U+3BFB,㯻,59,,60,structural
2035,U+3BFC,㯼,9,,60,structural
2036,U+3BFD,㯽,34,,60,structural
2037,U+3BFE,㯾,2,,60,structural
2038,U+3BFF,㯿,10,,60,structural
2039,U+3C00,㰀,58,,60,structural
2040,U+3C01,㰁,34,,60,structural
2041,U+3C02,㰂,34,,60,structural
2042,U+3C03,㰃,15,,60,structural
2043,U+3C04,㰄,32,,60,structural
2044,U+3C05,㰅,47,,60,structural
2045,U+3C06,㰆,59,,60,structural
2046,U+3C07,㰇,34,,60,structural
2047,U+3C08,㰈,34,,60,structural
2048,U+3C09,㰉,34,,60,structural
2049,U+3C0A,㰊,34,,60,structural
2050,U+3C0B,㰋,19,,60,structural
2051,U+3C0C,㰌,34,,60,structural
2052,U+3C0D,㰍,34,,60,structural
2053,U+3C0E,㰎,34,,60,structural
2054,U+3C0F,㰏,23,,60,structural
2055,U+3C10,㰐,34,,60,structural
2056,U+3C11,㰑,34,,60,structural
2057,U+3C12,㰒,34,,60,structural
2058,U+3C13,㰓,2,,60,structural
2059,U+3C14,㰔,34,,60,structural
2060,U+3C15,㰕,2,,60,structural
2061,U+3C16,㰖,34,,60,structural
2062,U+3C17,㰗,2,,60,structural
2063,U+3C18,㰘,15,,60,structural
2064,U+3C19,㰙,49,,60,structural
2065,U+3C1A,㰚,10,,60,structural
2066,U+3C1B,㰛,34,,60,structural
2067,U+3C1C,㰜,19,,60,structural
2068,U+3C1D,㰝,6,,60,structural
2069,U+3C1E,㰞,11,,60,structural
2070,U+3C1F,㰟,6,,60,structural
2071,U+3C20,㰠,6,,60,structural
2072,U+3C21,㰡,46,,60,structural
2073,U+3C22,㰢,56,,60,structural
2074,U+3C23,㰣,6,,60,structural
2075,U+3C24,㰤,52,,60,structural
2076,U+3C25,㰥,56,,60,structural
2077,U+3C26,㰦,9,,60,structural
2078,U+3C27,㰧,1,,60,structural
2079,U+3C28,㰨,47,,60,structural
2080,U+3C29,㰩,30,,60,structural
2081,U+3C2A,㰪,9,,60,structural
2082,U+3C2B,㰫,6,,60,structural
2083,U+3C2C,㰬,24,,60,structural
2084,U+3C2D,㰭,56,,60,structural
2085,U+3C2E,㰮,6,,60,structural
2086,U+3C2F,㰯,6,,60,structural
2087,U+3C30,㰰,46,,60,structural
2088,U+3C31,㰱,6,,60,structural
2089,U+3C32,㰲,21,,60,structural
2090,U+3C33,㰳,56,,60,structural
2091,U+3C34,㰴,1,,60,structural
2092,U+3C35,㰵,6,,60,structural
2093,U+3C36,㰶,1,,60,structural
2094,U+3C37,㰷,6,,60,structural
2095,U+3C38,㰸,26,,60,structural
2096,U+3C39,㰹,21,,60,structural
2097,U+3C3A,㰺,51,,60,structural
2098,U+3C3B,㰻,6,,60,structural
2099,U+3C3C,㰼,46,,60,structural
2100,U+3C3D,㰽,31,,60,structural
2101,U+3C3E,㰾,6,,60,structural
2102,U+3C3F,㰿,6,,60,structural
2103,U+3C40,㱀,6,,60,structural
2104,U+3C41,㱁,6,,60,structural
2105,U+3C42,㱂,38,,60,structural
2106,U+3C43,㱃,13,,60,structural
2107,U+3C44,㱄,6,,60,structural
2108,U+3C45,㱅,6,,60,structural
2109,U+3C46,㱆,6,,60,structural
2110,U+3C47,㱇,9,,60,structural
2111,U+3C48,㱈,34,,60,structural
2112,U+3C49,㱉,56,,60,structural
2113,U+3C4A,㱊,6,,60,structural
2114,U+3C4B,㱋,6,,60,structural
2115,U+3C4C,㱌,0,,60,structural
2116,U+3C4D,㱍,5,,60,structural
2117,U+3C4E,㱎,55,,60,structural
2118,U+3C4F,㱏,56,,60,structural
2119,U+3C51,㱑,4,,60,structural
2120,U+3C52,㱒,52,,60,structural
2121,U+3C53,㱓,13,,60,structural
2122,U+3C54,㱔,4,,60,structural
2123,U+3C55,㱕,53,,60,structural
2124,U+3C56,㱖,27,,60,structural
2125,U+3C57,㱗,27,,60,structural
2126,U+3C58,㱘,17,,60,structural
2127,U+3C59,㱙,56,,60,structural
2128,U+3C5A,㱚,27,,60,structural
2129,U+3C5B,㱛,27,,60,structural
2130,U+3C5C,㱜,27,,60,structural
2131,U+3C5D,㱝,27,,60,structural
2132,U+3C5E,㱞,27,,60,structural
2133,U+3C5F,㱟,27,,60,structural
2134,U+3C60,㱠,1,,60,structural
2135,U+3C61,㱡,27,,60,structural
2136,U+3C62,㱢,13,,60,structural
2137,U+3C63,㱣,31,,60,structural
2138,U+3C64,㱤,34,,60,structural
2139,U+3C65,㱥,16,,60,structural
2140,U+3C66,㱦,52,,60,structural
2141,U+3C67,㱧,44,,60,structural
2142,U+3C68,㱨,27,,60,structural
2143,U+3C69,㱩,20,,60,structural
2144,U+3C6A,㱪,24,,60,structural
2145,U+3C6B,㱫,34,,60,structural
2146,U+3C6C,㱬,56,,60,structural
2147,U+3C6D,㱭,27,,60,structural
2148,U+3C6E,㱮,32,,60,structural
2149,U+3C6F,㱯,11,,60,structural
2150,U+3C70,㱰,27,,60,structural
2151,U+3C71,㱱,27,,60,structural
2152,U+3C72,㱲,25,,60,structural
2153,U+3C73,㱳,24,,60,structural
2154,U+3C74,㱴,32,,60,structural
2155,U+3C75,㱵,32,,60,structural
2156,U+3C76,㱶,27,,60,structural
2157,U+3C77,㱷,34,,60,structural
2158,U+3C78,㱸,27,,60,structural
2159,U+3C79,㱹,20,,60,structural
2160,U+3C7A,㱺,11,,60,structural
2161,U+3C7B,㱻,57,,60,structural
2162,U+3C7C,㱼,27,,60,structural
2163,U+3C7D,㱽,27,,60,structural
2164,U+3C7E,㱾,46,,60,structural
2165,U+3C7F,㱿,27,,60,structural
2166,U+3C80,㲀,27,,60,structural
2167,U+3C81,㲁,27,,60,structural
2168,U+3C82,㲂,1,,60,structural
2169,U+3C83,㲃,27,,60,structural
2170,U+3C84,㲄,33,,60,structural
2171,U+3C85,㲅,1,,60,structural
2172,U+3C86,㲆,13,,60,structural
2173,U+3C87,㲇,27,,60,structural
2174,U+3C88,㲈,1,,60,structural
2175,U+3C89,㲉,56,,60,structural
2176,U+3C8A,㲊,27,,60,structural
2177,U+3C8B,㲋,27,,60,structural
2178,U+3C8C,㲌,10,,60,structural
2179,U+3C8D,㲍,27,,60,structural
2180,U+3C8E,㲎,27,,60,structural
2181,U+3C8F,㲏,27,,60,structural
2182,U+3C90,㲐,13,,60,structural
2183,U+3C91,㲑,12,,60,structural
2184,U+3C92,㲒,1,,60,structural
2185,U+3C93,㲓,13,,60,structural
2186,U+3C94,㲔,27,,60,structural
2187,U+3C95,㲕,27,,60,structural
2188,U+3C96,㲖,27,,60,structural
2189,U+3C97,㲗,27,,60,structural
2190,U+3C98,㲘,32,,60,structural
2191,U+3C99,㲙,27,,60,structural
2192,U+3C9A,㲚,10,,60,structural
2193,U+3C9B,㲛,1,,60,structural
2194,U+3C9C,㲜,42,,60,structural
2195,U+3C9D,㲝,51,,60,structural
2196,U+3C9E,㲞,27,,60,structural
2197,U+3C9F,㲟,36,,60,structural
2198,U+3CA0,㲠,34,,60,structural
2199,U+3CA1,㲡,34,,60,structural
2200,U+3CA2,㲢,13,,60,structural
2201,U+3CA3,㲣,51,,60,structural
2202,U+3CA4,㲤,21,,60,structural
2203,U+3CA5,㲥,59,,60,structural
2204,U+3CA6,㲦,46,,60,structural
2205,U+3CA7,㲧,39,,60,structural
2206,U+3CA8,㲨,36,,60,structural
2207,U+3CA9,㲩,27,,60,structural
2208,U+3CAA,㲪,27,,60,structural
2209,U+3CAB,㲫,49,,60,structural
2210,U+3CAC,㲬,42,,60,structural
2211,U+3CAD,㲭,42,,60,structural
2212,U+3CAE,㲮,26,,60,structural
2213,U+3CAF,㲯,13,,60,structural
2214,U+3CB0,㲰,41,,60,structural
2215,U+3CB1,㲱,10,,60,structural
2216,U+3CB2,㲲,56,,60,structural
2217,U+3CB3,㲳,49,,60,structural
2218,U+3CB4,㲴,59,,60,structural
2219,U+3CB5,㲵,27,,60,structural
2220,U+3CB6,㲶,27,,60,structural
2221,U+3CB7,㲷,21,,60,structural
2222,U+3CB8,㲸,12,,60,structural
2223,U+3CB9,㲹,12,,60,structural
2224,U+3CBA,㲺,12,,60,structural
2225,U+3CBB,㲻,12,,60,structural
2226,U+3CBC,㲼,10,,60,structural
2227,U+3CBD,㲽,10,,60,structural
2228,U+3CBE,㲾,12,,60,structural
2229,U+3CBF,㲿,38,,60,structural
2230,U+3CC0,㳀,12,,60,structural
2231,U+3CC1,㳁,12,,60,structural
2232,U+3CC2,㳂,16,,60,structural
2233,U+3CC3,㳃,12,,60,structural
2234,U+3CC4,㳄,12,,60,structural
2235,U+3CC5,㳅,12,,60,structural
2236,U+3CC6,㳆,12,,60,structural
2237,U+3CC7,㳇,12,,60,structural
2238,U+3CC8,㳈,12,,60,structural
2239,U+3CC9,㳉,12,,60,structural
2240,U+3CCA,㳊,12,,60,structural
2241,U+3CCB,㳋,12,,60,structural
2242,U+3CCC,㳌,12,,60,structural
2243,U+3CCD,㳍,12,,60,structural
2244,U+3CCE,㳎,12,,60,structural
2245,U+3CCF,㳏,12,,60,structural
2246,U+3CD0,㳐,34,,60,structural
2247,U+3CD1,㳑,12,,60,structural
2248,U+3CD2,㳒,12,,60,structural
2249,U+3CD3,㳓,12,,60,structural
2250,U+3CD4,㳔,12,,60,structural
2251,U+3CD5,㳕,25,,60,structural
2252,U+3CD6,㳖,35,,60,structural
2253,U+3CD7,㳗,39,,60,structural
2254,U+3CD8,㳘,12,,60,structural
2255,U+3CD9,㳙,12,,60,structural
2256,U+3CDA,㳚,12,,60,structural
2257,U+3CDB,㳛,12,,60,structural
2258,U+3CDC,㳜,34,,60,structural
2259,U+3CDD,㳝,46,,60,structural
2260,U+3CDE,㳞,59,,60,structural
2261,U+3CDF,㳟,28,,60,structural
2262,U+3CE0,㳠,12,,60,structural
2263,U+3CE1,㳡,12,,60,structural
2264,U+3CE2,㳢,18,,60,structural
2265,U+3CE3,㳣,12,,60,structural
2266,U+3CE4,㳤,12,,60,structural
2267,U+3CE5,㳥,33,,60,structural
2268,U+3CE6,㳦,12,,60,structural
2269,U+3CE7,㳧,12,,60,structural
2270,U+3CE8,㳨,12,,60,structural
2271,U+3CE9,㳩,12,,60,structural
2272,U+3CEA,㳪,21,,60,structural
2273,U+3CEB,㳫,12,,60,structural
2274,U+3CEC,㳬,12,,60,structural
2275,U+3CED,㳭,34,,60,structural
2276,U+3CEE,㳮,12,,60,structural
2277,U+3CEF,㳯,12,,60,structural
2278,U+3CF0,㳰,12,,60,structural
2279,U+3CF1,㳱,8,,60,structural
2280,U+3CF2,㳲,12,,60,structural
2281,U+3CF3,㳳,12,,60,structural
2282,U+3CF4,㳴,12,,60,structural
2283,U+3CF5,㳵,12,,60,structural
2284,U+3CF6,㳶,12,,60,structural
2285,U+3CF7,㳷,10,,60,structural
2286,U+3CF8,㳸,12,,60,structural
2287,U+3CF9,㳹,33,,60,structural
2288,U+3CFA,㳺,3,,60,structural
2289,U+3CFB,㳻,28,,60,structural
2290,U+3CFC,㳼,21,,60,structural
2291,U+3CFD,㳽,12,,60,structural
2292,U+3CFE,㳾,12,,60,structural
2293,U+3CFF,㳿,12,,60,structural
2294,U+3D00,㴀,10,,60,structural
2295,U+3D01,㴁,18,,60,structural
2296,U+3D02,㴂,12,,60,structural
2297,U+3D03,㴃,12,,60,structural
2298,U+3D04,㴄,12,,60,structural
2299,U+3D05,㴅,12,,60,structural
2300,U+3D06,㴆,53,,60,structural
2301,U+3D07,㴇,12,,60,structural
2302,U+3D08,㴈,12,,60,structural
2303,U+3D09,㴉,12,,60,structural
2304,U+3D0A,㴊,12,,60,structural
2305,U+3D0B,㴋,12,,60,structural
2306,U+3D0C,㴌,31,,60,structural
2307,U+3D0D,㴍,3,,60,structural
2308,U+3D0E,㴎,12,,60,structural
2309,U+3D0F,㴏,33,,60,structural
2310,U+3D10,㴐,12,,60,structural
2311,U+3D11,㴑,25,,60,structural
2312,U+3D12,㴒,12,,60,structural
2313,U+3D13,㴓,12,,60,structural
2314,U+3D14,㴔,12,,60,structural
2315,U+3D15,㴕,12,,60,structural
2316,U+3D16,㴖,12,,60,structural
2317,U+3D17,㴗,59,,60,structural
2318,U+3D18,㴘,12,,60,structural
2319,U+3D19,㴙,37,,60,structural
2320,U+3D1A,㴚,12,,60,structural
2321,U+3D1B,㴛,12,,60,structural
2322,U+3D1C,㴜,12,,60,structural
2323,U+3D1D,㴝,12,,60,structural
2324,U+3D1E,㴞,8,,60,structural
2325,U+3D1F,㴟,8,,60,structural
2326,U+3D20,㴠,21,,60,structural
2327,U+3D21,㴡,12,,60,structural
2328,U+3D22,㴢,59,,60,structural
2329,U+3D23,㴣,12,,60,structural
2330,U+3D24,㴤,34,,60,structural
2331,U+3D25,㴥,12,,60,structural
2332,U+3D26,㴦,10,,60,structural
2333,U+3D27,㴧,12,,60,structural
2334,U+3D28,㴨,25,,60,structural
2335,U+3D29,㴩,12,,60,structural
2336,U+3D2A,㴪,34,,60,structural
2337,U+3D2B,㴫,21,,60,structural
2338,U+3D2C,㴬,12,,60,structural
2339,U+3D2D,㴭,12,,60,structural
2340,U+3D2E,㴮,12,,60,structural
2341,U+3D2F,㴯,8,,60,structural
2342,U+3D30,㴰,12,,60,structural
2343,U+3D31,㴱,12,,60,structural
2344,U+3D32,㴲,12,,60,structural
2345,U+3D33,㴳,12,,60,structural
2346,U+3D34,㴴,42,,60,structural
2347,U+3D35,㴵,12,,60,structural
2348,U+3D36,㴶,12,,60,structural
2349,U+3D37,㴷,12,,60,structural
2350,U+3D38,㴸,12,,60,structural
2351,U+3D39,㴹,12,,60,structural
2352,U+3D3A,㴺,12,,60,structural
2353,U+3D3B,㴻,12,,60,structural
2354,U+3D3C,㴼,41,,60,structural
2355,U+3D3D,㴽,12,,60,structural
2356,U+3D3E,㴾,12,,60,structural
2357,U+3D3F,㴿,52,,60,structural
2358,U+3D40,㵀,12,,60,structural
2359,U+3D41,㵁,12,,60,structural
2360,U+3D42,㵂,38,,60,structural
2361,U+3D43,㵃,30,,60,structural
2362,U+3D44,㵄,21,,60,structural
2363,U+3D45,㵅,13,,60,structural
2364,U+3D46,㵆,8,,60,structural
2365,U+3D47,㵇,12,,60,structural
2366,U+3D48,㵈,31,,60,structural
2367,U+3D49,㵉,34,,60,structural
2368,U+3D4A,㵊,8,,60,structural
2369,U+3D4B,㵋,32,,60,structural
2370,U+3D4C,㵌,12,,60,structural
2371,U+3D4D,㵍,12,,60,structural
2372,U+3D4E,㵎,12,,60,structural
2373,U+3D4F,㵏,12,,60,structural
2374,U+3D50,㵐,25,,60,structural
2375,U+3D51,㵑,54,,60,structural
2376,U+3D52,㵒,10,,60,structural
2377,U+3D53,㵓,8,,60,structural
2378,U+3D54,㵔,8,,60,structural
2379,U+3D55,㵕,12,,60,structural
2380,U+3D56,㵖,31,,60,structural
2381,U+3D57,㵗,50,,60,structural
2382,U+3D58,㵘,12,,60,structural
2383,U+3D59,㵙,12,,60,structural
2384,U+3D5A,㵚,12,,60,structural
2385,U+3D5B,㵛,25,,60,structural
2386,U+3D5C,㵜,12,,60,structural
2387,U+3D5D,㵝,47,,60,structural
2388,U+3D5E,㵞,42,,60,structural
2389,U+3D5F,㵟,12,,60,structural
2390,U+3D60,㵠,12,,60,structural
2391,U+3D61,㵡,12,,60,structural
2392,U+3D62,㵢,12,,60,structural
2393,U+3D63,㵣,8,,60,structural
2394,U+3D64,㵤,46,,60,structural
2395,U+3D65,㵥,10,,60,structural
2396,U+3D66,㵦,12,,60,structural
2397,U+3D67,㵧,8,,60,structural
2398,U+3D68,㵨,12,,60,structural
2399,U+3D69,㵩,2,,60,structural
2400,U+3D6A,㵪,6,,60,structural
2401,U+3D6B,㵫,8,,60,structural
2402,U+3D6C,㵬,12,,60,structural
2403,U+3D6D,㵭,8,,60,structural
2404,U+3D6E,㵮,43,,60,structural
2405,U+3D6F,㵯,12,,60,structural
2406,U+3D70,㵰,25,,60,structural
2407,U+3D71,㵱,59,,60,structural
2408,U+3D72,㵲,12,,60,structural
2409,U+3D73,㵳,46,,60,structural
2410,U+3D74,㵴,12,,60,structural
2411,U+3D75,㵵,0,,60,structural
2412,U+3D76,㵶,12,,60,structural
2413,U+3D77,㵷,12,,60,structural
2414,U+3D78,㵸,12,,60,structural
2415,U+3D79,㵹,8,,60,structural
2416,U+3D7A,㵺,37,,60,structural
2417,U+3D7B,㵻,40,,60,structural
2418,U+3D7C,㵼,42,,60,structural
2419,U+3D7D,㵽,12,,60,structural
2420,U+3D7E,㵾,9,,60,structural
2421,U+3D7F,㵿,12,,60,structural
2422,U+3D80,㶀,46,,60,structural
2423,U+3D81,㶁,12,,60,structural
2424,U+3D82,㶂,12,,60,structural
2425,U+3D83,㶃,42,,60,structural
2426,U+3D84,㶄,12,,60,structural
2427,U+3D85,㶅,12,,60,structural
2428,U+3D86,㶆,8,,60,structural
2429,U+3D87,㶇,34,,60,structural
2430,U+3D88,㶈,30,,60,structural
2431,U+3D89,㶉,22,,60,structural
2432,U+3D8A,㶊,19,,60,structural
2433,U+3D8B,㶋,12,,60,structural
2434,U+3D8C,㶌,12,,60,structural
2435,U+3D8D,㶍,55,,60,structural
2436,U+3D8E,㶎,12,,60,structural
2437,U+3D8F,㶏,12,,60,structural
2438,U+3D90,㶐,38,,60,structural
2439,U+3D91,㶑,26,,60,structural
2440,U+3D92,㶒,12,,60,structural
2441,U+3D93,㶓,12,,60,structural
2442,U+3D94,㶔,12,,60,structural
2443,U+3D95,㶕,8,,60,structural
2444,U+3D96,㶖,46,,60,structural
2445,U+3D97,㶗,12,,60,structural
2446,U+3D98,㶘,28,,60,structural
2447,U+3D99,㶙,12,,60,structural
2448,U+3D9A,㶚,59,,60,structural
2449,U+3D9B,㶛,25,,60,structural
2450,U+3D9D,㶝,38,,60,structural
2451,U+3D9E,㶞,8,,60,structural
2452,U+3D9F,㶟,15,,60,structural
2453,U+3DA0,㶠,9,,60,structural
2454,U+3DA1,㶡,42,,60,structural
2455,U+3DA2,㶢,42,,60,structural
2456,U+3DA3,㶣,42,,60,structural
2457,U+3DA4,㶤,42,,60,structural
2458,U+3DA5,㶥,42,,60,structural
2459,U+3DA6,㶦,42,,60,structural
2460,U+3DA7,㶧,42,,60,structural
2461,U+3DA8,㶨,42,,60,structural
2462,U+3DA9,㶩,42,,60,structural
2463,U+3DAA,㶪,42,,60,structural
2464,U+3DAB,㶫,42,,60,structural
2465,U+3DAC,㶬,34,,60,structural
2466,U+3DAD,㶭,42,,60,structural
2467,U+3DAE,㶮,26,,60,structural
2468,U+3DAF,㶯,42,,60,structural
2469,U+3DB0,㶰,42,,60,structural
2470,U+3DB1,㶱,34,,60,structural
2471,U+3DB2,㶲,42,,60,structural
2472,U+3DB3,㶳,42,,60,structural
2473,U+3DB4,㶴,42,,60,structural
2474,U+3DB5,㶵,46,,60,structural
2475,U+3DB6,㶶,42,,60,structural
2476,U+3DB7,㶷,24,,60,structural
2477,U+3DB8,㶸,42,,60,structural
2478,U+3DB9,㶹,42,,60,structural
2479,U+3DBA,㶺,21,,60,structural
2480,U+3DBB,㶻,43,,60,structural
2481,U+3DBC,㶼,42,,60,structural
2482,U+3DBD,㶽,42,,60,structural
2483,U+3DBE,㶾,59,,60,structural
2484,U+3DBF,㶿,42,,60,structural
2485,U+3DC0,㷀,42,,60,structural
2486,U+3DC1,㷁,42,,60,structural
2487,U+3DC2,㷂,42,,60,structural
2488,U+3DC3,㷃,42,,60,structural
2489,U+3DC4,㷄,24,,60,structural
2490,U+3DC5,㷅,0,,60,structural
2491,U+3DC6,㷆,42,,60,structural
2492,U+3DC7,㷇,42,,60,structural
2493,U+3DC8,㷈,24,,60,structural
2494,U+3DC9,㷉,42,,60,structural
2495,U+3DCA,㷊,34,,60,structural
2496,U+3DCB,㷋,42,,60,structural
2497,U+3DCC,㷌,53,,60,structural
2498,U+3DCD,㷍,26,,60,structural
2499,U+3DCE,㷎,24,,60,structural
2500,U+3DCF,㷏,42,,60,structural
2501,U+3DD0,㷐,42,,60,structural
2502,U+3DD1,㷑,59,,60,structural
2503,U+3DD2,㷒,42,,60,structural
2504,U+3DD3,㷓,10,,60,structural
2505,U+3DD4,㷔,42,,60,structural
2506,U+3DD5,㷕,58,,60,structural
2507,U+3DD6,㷖,42,,60,structural
2508,U+3DD7,㷗,42,,60,structural
2509,U+3DD8,㷘,42,,60,structural
2510,U+3DD9,㷙,25,,60,structural
2511,U+3DDA,㷚,52,,60,structural
2512,U+3DDB,㷛,34,,60,structural
2513,U+3DDC,㷜,42,,60,structural
2514,U+3DDD,㷝,42,,60,structural
2515,U+3DDE,㷞,42,,60,structural
2516,U+3DDF,㷟,42,,60,structural
2517,U+3DE0,㷠,42,,60,structural
2518,U+3DE1,㷡,42,,60,structural
2519,U+3DE2,㷢,42,,60,structural
2520,U+3DE3,㷣,42,,60,structural
2521,U+3DE4,㷤,42,,60,structural
2522,U+3DE5,㷥,42,,60,structural
2523,U+3DE6,㷦,42,,60,structural
2524,U+3DE7,㷧,42,,60,structural
2525,U+3DE8,㷨,43,,60,structural
2526,U+3DE9,㷩,42,,60,structural
2527,U+3DEA,㷪,42,,60,structural
2528,U+3DEB,㷫,42,,60,structural
2529,U+3DEC,㷬,24,,60,structural
2530,U+3DED,㷭,43,,60,structural
2531,U+3DEE,㷮,56,,60,structural
2532,U+3DEF,㷯,43,,60,structural
2533,U+3DF0,㷰,10,,60,structural
2534,U+3DF1,㷱,9,,60,structural
2535,U+3DF2,㷲,42,,60,structural
2536,U+3DF3,㷳,42,,60,structural
2537,U+3DF4,㷴,42,,60,structural
2538,U+3DF5,㷵,42,,60,structural
2539,U+3DF6,㷶,42,,60,structural
2540,U+3DF7,㷷,28,,60,structural
2541,U+3DF8,㷸,42,,60,structural
2542,U+3DF9,㷹,24,,60,structural
2543,U+3DFA,㷺,42,,60,structural
2544,U+3DFB,㷻,42,,60,structural
2545,U+3DFC,㷼,42,,60,structural
2546,U+3DFD,㷽,25,,60,structural
2547,U+3DFE,㷾,42,,60,structural
2548,U+3DFF,㷿,26,,60,structural
2549,U+3E00,㸀,42,,60,structural
2550,U+3E01,㸁,42,,60,structural
2551,U+3E02,㸂,42,,60,structural
2552,U+3E03,㸃,42,,60,structural
2553,U+3E04,㸄,42,,60,structural
2554,U+3E05,㸅,23,,60,structural
2555,U+3E06,㸆,42,,60,structural
2556,U+3E07,㸇,49,,60,structural
2557,U+3E08,㸈,42,,60,structural
2558,U+3E09,㸉,42,,60,structural
2559,U+3E0A,㸊,32,,60,structural
2560,U+3E0B,㸋,42,,60,structural
2561,U+3E0C,㸌,42,,60,structural
2562,U+3E0D,㸍,42,,60,structural
2563,U+3E0E,㸎,42,,60,structural
2564,U+3E0F,㸏,42,,60,structural
2565,U+3E10,㸐,49,,60,structural
2566,U+3E11,㸑,34,,60,structural
2567,U+3E12,㸒,10,,60,structural
2568,U+3E13,㸓,24,,60,structural
2569,U+3E14,㸔,27,,60,structural
2570,U+3E15,㸕,51,,60,structural
2571,U+3E16,㸖,56,,60,structural
2572,U+3E17,㸗,1,,60,structural
2573,U+3E18,㸘,27,,60,structural
2574,U+3E19,㸙,24,,60,structural
2575,U+3E1A,㸚,27,,60,structural
2576,U+3E1B,㸛,1,,60,structural
2577,U+3E1C,㸜,27,,60,structural
2578,U+3E1D,㸝,6,,60,structural
2579,U+3E1E,㸞,27,,60,structural
2580,U+3E1F,㸟,24,,60,structural
2581,U+3E20,㸠,27,,60,structural
2582,U+3E21,㸡,34,,60,structural
2583,U+3E22,㸢,27,,60,structural
2584,U+3E23,㸣,56,,60,structural
2585,U+3E24,㸤,27,,60,structural
2586,U+3E25,㸥,13,,60,structural
2587,U+3E27,㸧,27,,60,structural
2588,U+3E28,㸨,27,,60,structural
2589,U+3E29,㸩,27,,60,structural
2590,U+3E2A,㸪,27,,60,structural
2591,U+3E2B,㸫,27,,60,structural
2592,U+3E2C,㸬,53,,60,structural
2593,U+3E2D,㸭,27,,60,structural
2594,U+3E2E,㸮,58,,60,structural
2595,U+3E2F,㸯,27,,60,structural
2596,U+3E30,㸰,27,,60,structural
2597,U+3E31,㸱,27,,60,structural
2598,U+3E32,㸲,10,,60,structural
2599,U+3E33,㸳,13,,60,structural
2600,U+3E34,㸴,27,,60,structural
2601,U+3E35,㸵,1,,60,structural
2602,U+3E36,㸶,20,,60,structural
2603,U+3E37,㸷,43,,60,structural
2604,U+3E38,㸸,1,,60,structural
2605,U+3E39,㸹,27,,60,structural
2606,U+3E3A,㸺,10,,60,structural
2607,U+3E3B,㸻,27,,60,structural
2608,U+3E3C,㸼,43,,60,structural
2609,U+3E3D,㸽,32,,60,structural
2610,U+3E3E,㸾,10,,60,structural
2611,U+3E3F,㸿,27,,60,structural
2612,U+3E40,㹀,27,,60,structural
2613,U+3E41,㹁,1,,60,structural
2614,U+3E42,㹂,51,,60,structural
2615,U+3E43,㹃,27,,60,structural
2616,U+3E44,㹄,16,,60,structural
2617,U+3E45,㹅,10,,60,structural
2618,U+3E46,㹆,27,,60,structural
2619,U+3E47,㹇,24,,60,structural
2620,U+3E48,㹈,34,,60,structural
2621,U+3E49,㹉,27,,60,structural
2622,U+3E4A,㹊,51,,60,structural
2623,U+3E4B,㹋,46,,60,structural
2624,U+3E4C,㹌,58,,60,structural
2625,U+3E4D,㹍,47,,60,structural
2626,U+3E4E,㹎,15,,60,structural
2627,U+3E4F,㹏,1,,60,structural
2628,U+3E50,㹐,46,,60,structural
2629,U+3E51,㹑,32,,60,structural
2630,U+3E52,㹒,49,,60,structural
2631,U+3E53,㹓,56,,60,structural
2632,U+3E54,㹔,56,,60,structural
2633,U+3E55,㹕,56,,60,structural
2634,U+3E56,㹖,49,,60,structural
2635,U+3E57,㹗,45,,60,structural
2636,U+3E58,㹘,27,,60,structural
2637,U+3E59,㹙,27,,60,structural
2638,U+3E5A,㹚,1,,60,structural
2639,U+3E5B,㹛,25,,60,structural
2640,U+3E5C,㹜,27,,60,structural
2641,U+3E5D,㹝,27,,60,structural
2642,U+3E5E,㹞,27,,60,structural
2643,U+3E5F,㹟,20,,60,structural
2644,U+3E60,㹠,10,,60,structural
2645,U+3E61,㹡,27,,60,structural
2646,U+3E62,㹢,1,,60,structural
2647,U+3E63,㹣,27,,60,structural
2648,U+3E64,㹤,9,,60,structural
2649,U+3E65,㹥,9,,60,structural
2650,U+3E66,㹦,1,,60,structural
2651,U+3E67,㹧,20,,60,structural
2652,U+3E68,㹨,11,,60,structural
2653,U+3E69,㹩,9,,60,structural
2654,U+3E6A,㹪,27,,60,structural
2655,U+3E6B,㹫,20,,60,structural
2656,U+3E6C,㹬,21,,60,structural
2657,U+3E6D,㹭,27,,60,structural
2658,U+3E6E,㹮,56,,60,structural
2659,U+3E6F,㹯,34,,60,structural
2660,U+3E70,㹰,56,,60,structural
2661,U+3E71,㹱,17,,60,structural
2662,U+3E72,㹲,27,,60,structural
2663,U+3E73,㹳,21,,60,structural
2664,U+3E74,㹴,56,,60,structural
2665,U+3E75,㹵,56,,60,structural
2666,U+3E76,㹶,10,,60,structural
2667,U+3E77,㹷,10,,60,structural
2668,U+3E78,㹸,27,,60,structural
2669,U+3E79,㹹,26,,60,structural
2670,U+3E7A,㹺,8,,60,structural
2671,U+3E7B,㹻,31,,60,structural
2672,U+3E7C,㹼,27,,60,structural
2673,U+3E7D,㹽,27,,60,structural
2674,U+3E7E,㹾,1,,60,structural
2675,U+3E7F,㹿,24,,60,structural
2676,U+3E80,㺀,10,,60,structural
2677,U+3E81,㺁,27,,60,structural
2678,U+3E82,㺂,21,,60,structural
2679,U+3E83,㺃,36,,60,structural
2680,U+3E84,㺄,26,,60,structural
2681,U+3E85,㺅,27,,60,structural
2682,U+3E86,㺆,5,,60,structural
2683,U+3E87,㺇,27,,60,structural
2684,U+3E88,㺈,30,,60,structural
2685,U+3E89,㺉,56,,60,structural
2686,U+3E8A,㺊,27,,60,structural
2687,U+3E8B,㺋,16,,60,structural
2688,U+3E8C,㺌,25,,60,structural
2689,U+3E8D,㺍,25,,60,structural
2690,U+3E8E,㺎,38,,60,structural
2691,U+3E8F,㺏,31,,60,structural
2692,U+3E90,㺐,24,,60,structural
2693,U+3E91,㺑,27,,60,structural
2694,U+3E92,㺒,46,,60,structural
2695,U+3E93,㺓,32,,60,structural
2696,U+3E94,㺔,27,,60,structural
2697,U+3E95,㺕,11,,60,structural
2698,U+3E96,㺖,0,,60,structural
2699,U+3E97,㺗,21,,60,structural
2700,U+3E98,㺘,42,,60,structural
2701,U+3E99,㺙,32,,60,structural
2702,U+3E9A,㺚,27,,60,structural
2703,U+3E9B,㺛,50,,60,structural
2704,U+3E9C,㺜,27,,60,structural
2705,U+3E9D,㺝,13,,60,structural
2706,U+3E9E,㺞,25,,60,structural
2707,U+3E9F,㺟,51,,60,structural
2708,U+3EA0,㺠,27,,60,structural
2709,U+3EA1,㺡,20,,60,structural
2710,U+3EA2,㺢,51,,60,structural
2711,U+3EA3,㺣,27,,60,structural
2712,U+3EA4,㺤,46,,60,structural
2713,U+3EA5,㺥,13,,60,structural
2714,U+3EA6,㺦,0,,60,structural
2715,U+3EA7,㺧,19,,60,structural
2716,U+3EA8,㺨,33,,60,structural
2717,U+3EA9,㺩,33,,60,structural
2718,U+3EAA,㺪,33,,60,structural
2719,U+3EAB,㺫,33,,60,structural
2720,U+3EAC,㺬,33,,60,structural
2721,U+3EAD,㺭,33,,60,structural
2722,U+3EAE,㺮,33,,60,structural
2723,U+3EAF,㺯,33,,60,structural
2724,U+3EB0,㺰,53,,60,structural
2725,U+3EB1,㺱,46,,60,structural
2726,U+3EB2,㺲,33,,60,structural
2727,U+3EB3,㺳,33,,60,structural
2728,U+3EB4,㺴,33,,60,structural
2729,U+3EB5,㺵,33,,60,structural
2730,U+3EB6,㺶,33,,60,structural
2731,U+3EB7,㺷,33,,60,structural
2732,U+3EB8,㺸,33,,60,structural
2733,U+3EB9,㺹,33,,60,structural
2734,U+3EBA,㺺,33,,60,structural
2735,U+3EBB,㺻,53,,60,structural
2736,U+3EBC,㺼,33,,60,structural
2737,U+3EBD,㺽,33,,60,structural
2738,U+3EBE,㺾,33,,60,structural
2739,U+3EBF,㺿,33,,60,structural
2740,U+3EC0,㻀,33,,60,structural
2741,U+3EC1,㻁,33,,60,structural
2742,U+3EC2,㻂,25,,60,structural
2743,U+3EC3,㻃,33,,60,structural
2744,U+3EC4,㻄,33,,60,structural
2745,U+3EC5,㻅,49,,60,structural
2746,U+3EC6,㻆,33,,60,structural
2747,U+3EC7,㻇,33,,60,structural
2748,U+3EC8,㻈,33,,60,structural
2749,U+3EC9,㻉,33,,60,structural
2750,U+3ECA,㻊,33,,60,structural
2751,U+3ECB,㻋,33,,60,structural
2752,U+3ECC,㻌,26,,60,structural
2753,U+3ECD,㻍,21,,60,structural
2754,U+3ECE,㻎,33,,60,structural
2755,U+3ECF,㻏,33,,60,structural
2756,U+3ED0,㻐,16,,60,structural
2757,U+3ED1,㻑,33,,60,structural
2758,U+3ED2,㻒,33,,60,structural
2759,U+3ED3,㻓,0,,60,structural
2760,U+3ED4,㻔,56,,60,structural
2761,U+3ED5,㻕,33,,60,structural
2762,U+3ED6,㻖,33,,60,structural
2763,U+3ED7,㻗,33,,60,structural
2764,U+3ED8,㻘,33,,60,structural
2765,U+3ED9,㻙,33,,60,structural
2766,U+3EDA,㻚,40,,60,structural
2767,U+3EDB,㻛,24,,60,structural
2768,U+3EDC,㻜,33,,60,structural
2769,U+3EDD,㻝,33,,60,structural
2770,U+3EDE,㻞,33,,60,structural
2771,U+3EDF,㻟,33,,60,structural
2772,U+3EE0,㻠,33,,60,structural
2773,U+3EE1,㻡,2,,60,structural
2774,U+3EE2,㻢,33,,60,structural
2775,U+3EE3,㻣,33,,60,structural
2776,U+3EE4,㻤,36,,60,structural
2777,U+3EE5,㻥,58,,60,structural
2778,U+3EE6,㻦,33,,60,structural
2779,U+3EE7,㻧,33,,60,structural
2780,U+3EE8,㻨,39,,60,structural
2781,U+3EE9,㻩,25,,60,structural
2782,U+3EEA,㻪,33,,60,structural
2783,U+3EEB,㻫,33,,60,structural
2784,U+3EEC,㻬,33,,60,structural
2785,U+3EED,㻭,33,,60,structural
2786,U+3EEE,㻮,33,,60,structural
2787,U+3EEF,㻯,33,,60,structural
2788,U+3EF0,㻰,43,,60,structural
2789,U+3EF1,㻱,43,,60,structural
2790,U+3EF2,㻲,33,,60,structural
2791,U+3EF3,㻳,36,,60,structural
2792,U+3EF4,㻴,33,,60,structural
2793,U+3EF5,㻵,33,,60,structural
2794,U+3EF6,㻶,23,,60,structural
2795,U+3EF7,㻷,33,,60,structural
2796,U+3EF8,㻸,33,,60,structural
2797,U+3EF9,㻹,33,,60,structural
2798,U+3EFA,㻺,33,,60,structural
2799,U+3EFB,㻻,1,,60,structural
2800,U+3EFC,㻼,28,,60,structural
2801,U+3EFD,㻽,33,,60,structural
2802,U+3EFE,㻾,33,,60,structural
2803,U+3EFF,㻿,33,,60,structural
2804,U+3F00,㼀,33,,60,structural
2805,U+3F01,㼁,33,,60,structural
2806,U+3F02,㼂,33,,60,structural
2807,U+3F03,㼃,10,,60,structural
2808,U+3F04,㼄,33,,60,structural
2809,U+3F05,㼅,38,,60,structural
2810,U+3F06,㼆,33,,60,structural
2811,U+3F07,㼇,33,,60,structural
2812,U+3F08,㼈,15,,60,structural
2813,U+3F09,㼉,27,,60,structural
2814,U+3F0A,㼊,10,,60,structural
2815,U+3F0B,㼋,1,,60,structural
2816,U+3F0C,㼌,27,,60,structural
2817,U+3F0D,㼍,27,,60,structural
2818,U+3F0E,㼎,27,,60,structural
2819,U+3F0F,㼏,31,,60,structural
2820,U+3F10,㼐,13,,60,structural
2821,U+3F11,㼑,34,,60,structural
2822,U+3F12,㼒,56,,60,structural
2823,U+3F13,㼓,25,,60,structural
2824,U+3F14,㼔,24,,60,structural
2825,U+3F15,㼕,11,,60,structural
2826,U+3F16,㼖,30,,60,structural
2827,U+3F17,㼗,52,,60,structural
2828,U+3F18,㼘,11,,60,structural
2829,U+3F19,㼙,53,,60,structural
2830,U+3F1A,㼚,27,,60,structural
2831,U+3F1B,㼛,56,,60,structural
2832,U+3F1C,㼜,20,,60,structural
2833,U+3F1D,㼝,44,,60,structural
2834,U+3F1E,㼞,58,,60,structural
2835,U+3F1F,㼟,27,,60,structural
2836,U+3F20,㼠,27,,60,structural
2837,U+3F21,㼡,34,,60,structural
2838,U+3F22,㼢,27,,60,structural
2839,U+3F23,㼣,56,,60,structural
2840,U+3F24,㼤,43,,60,structural
2841,U+3F25,㼥,56,,60,structural
2842,U+3F26,㼦,13,,60,structural
2843,U+3F27,㼧,27,,60,structural
2844,U+3F28,㼨,13,,60,structural
2845,U+3F29,㼩,27,,60,structural
2846,U+3F2A,㼪,46,,60,structural
2847,U+3F2B,㼫,24,,60,structural
2848,U+3F2C,㼬,9,,60,structural
2849,U+3F2D,㼭,1,,60,structural
2850,U+3F2E,㼮,31,,60,structural
2851,U+3F2F,㼯,34,,60,structural
2852,U+3F30,㼰,37,,60,structural
2853,U+3F31,㼱,27,,60,structural
2854,U+3F32,㼲,20,,60,structural
2855,U+3F33,㼳,10,,60,structural
2856,U+3F34,㼴,27,,60,structural
2857,U+3F35,㼵,24,,60,structural
2858,U+3F36,㼶,26,,60,structural
2859,U+3F37,㼷,11,,60,structural
2860,U+3F38,㼸,27,,60,structural
2861,U+3F39,㼹,36,,60,structural
2862,U+3F3A,㼺,59,,60,structural
2863,U+3F3B,㼻,46,,60,structural
2864,U+3F3C,㼼,59,,60,structural
2865,U+3F3D,㼽,20,,60,structural
2866,U+3F3E,㼾,27,,60,structural
2867,U+3F3F,㼿,27,,60,structural
2868,U+3F40,㽀,58,,60,structural
2869,U+3F41,㽁,20,,60,structural
2870,U+3F42,㽂,26,,60,structural
2871,U+3F43,㽃,11,,60,structural
2872,U+3F44,㽄,25,,60,structural
2873,U+3F45,㽅,27,,60,structural
2874,U+3F46,㽆,11,,60,structural
2875,U+3F47,㽇,27,,60,structural
2876,U+3F48,㽈,27,,60,structural
2877,U+3F49,㽉,56,,60,structural
2878,U+3F4A,㽊,42,,60,structural
2879,U+3F4B,㽋,5,,60,structural
2880,U+3F4C,㽌,11,,60,structural
2881,U+3F4D,㽍,27,,60,structural
2882,U+3F4E,㽎,27,,60,structural
2883,U+3F4F,㽏,26,,60,structural
2884,U+3F50,㽐,25,,60,structural
2885,U+3F51,㽑,28,,60,structural
2886,U+3F52,㽒,11,,60,structural
2887,U+3F53,㽓,27,,60,structural
2888,U+3F54,㽔,56,,60,structural
2889,U+3F55,㽕,11,,60,structural
2890,U+3F56,㽖,11,,60,structural
2891,U+3F57,㽗,46,,60,structural
2892,U+3F58,㽘,11,,60,structural
2893,U+3F59,㽙,11,,60,structural
2894,U+3F5A,㽚,11,,60,structural
2895,U+3F5B,㽛,1,,60,structural
2896,U+3F5C,㽜,44,,60,structural
2897,U+3F5D,㽝,11,,60,structural
2898,U+3F5E,㽞,1,,60,structural
2899,U+3F5F,㽟,11,,60,structural
2900,U+3F60,㽠,46,,60,structural
2901,U+3F61,㽡,37,,60,structural
2902,U+3F62,㽢,24,,60,structural
2903,U+3F63,㽣,21,,60,structural
2904,U+3F64,㽤,11,,60,structural
2905,U+3F65,㽥,34,,60,structural
2906,U+3F66,㽦,11,,60,structural
2907,U+3F67,㽧,25,,60,structural
2908,U+3F68,㽨,11,,60,structural
2909,U+3F69,㽩,11,,60,structural
2910,U+3F6A,㽪,58,,60,structural
2911,U+3F6B,㽫,11,,60,structural
2912,U+3F6C,㽬,11,,60,structural
2913,U+3F6D,㽭,11,,60,structural
2914,U+3F6E,㽮,11,,60,structural
2915,U+3F6F,㽯,47,,60,structural
2916,U+3F70,㽰,40,,60,structural
2917,U+3F71,㽱,27,,60,structural
2918,U+3F72,㽲,56,,60,structural
2919,U+3F73,㽳,17,,60,structural
2920,U+3F74,㽴,56,,60,structural
2921,U+3F75,㽵,9,,60,structural
2922,U+3F76,㽶,27,,60,structural
2923,U+3F77,㽷,12,,60,structural
2924,U+3F78,㽸,27,,60,structural
2925,U+3F79,㽹,51,,60,structural
2926,U+3F7A,㽺,51,,60,structural
2927,U+3F7B,㽻,27,,60,structural
2928,U+3F7C,㽼,27,,60,structural
2929,U+3F7D,㽽,1,,60,structural
2930,U+3F7E,㽾,27,,60,structural
2931,U+3F7F,㽿,27,,60,structural
2932,U+3F80,㾀,9,,60,structural
2933,U+3F81,㾁,34,,60,structural
2934,U+3F82,㾂,1,,60,structural
2935,U+3F83,㾃,27,,60,structural
2936,U+3F84,㾄,11,,60,structural
2937,U+3F85,㾅,27,,60,structural
2938,U+3F86,㾆,27,,60,structural
2939,U+3F87,㾇,27,,60,structural
2940,U+3F88,㾈,46,,60,structural
2941,U+3F89,㾉,13,,60,structural
2942,U+3F8A,㾊,34,,60,structural
2943,U+3F8B,㾋,34,,60,structural
2944,U+3F8C,㾌,27,,60,structural
2945,U+3F8D,㾍,27,,60,structural
2946,U+3F8E,㾎,27,,60,structural
2947,U+3F8F,㾏,9,,60,structural
2948,U+3F90,㾐,27,,60,structural
2949,U+3F91,㾑,26,,60,structural
2950,U+3F92,㾒,31,,60,structural
2951,U+3F93,㾓,1,,60,structural
2952,U+3F94,㾔,1,,60,structural
2953,U+3F95,㾕,27,,60,structural
2954,U+3F96,㾖,27,,60,structural
2955,U+3F97,㾗,13,,60,structural
2956,U+3F98,㾘,56,,60,structural
2957,U+3F99,㾙,10,,60,structural
2958,U+3F9A,㾚,17,,60,structural
2959,U+3F9B,㾛,27,,60,structural
2960,U+3F9C,㾜,46,,60,structural
2961,U+3F9D,㾝,27,,60,structural
2962,U+3F9E,㾞,27,,60,structural
2963,U+3F9F,㾟,27,,60,structural
2964,U+3FA0,㾠,33,,60,structural
2965,U+3FA1,㾡,9,,60,structural
2966,U+3FA2,㾢,34,,60,structural
2967,U+3FA3,㾣,29,,60,structural
2968,U+3FA4,㾤,27,,60,structural
2969,U+3FA5,㾥,56,,60,structural
2970,U+3FA6,㾦,1,,60,structural
2971,U+3FA7,㾧,24,,60,structural
2972,U+3FA8,㾨,52,,60,structural
2973,U+3FA9,㾩,37,,60,structural
2974,U+3FAA,㾪,10,,60,structural
2975,U+3FAB,㾫,13,,60,structural
2976,U+3FAC,㾬,27,,60,structural
2977,U+3FAD,㾭,42,,60,structural
2978,U+3FAE,㾮,33,,60,structural
2979,U+3FAF,㾯,56,,60,structural
2980,U+3FB0,㾰,57,,60,structural
2981,U+3FB1,㾱,17,,60,structural
2982,U+3FB2,㾲,27,,60,structural
2983,U+3FB3,㾳,6,,60,structural
2984,U+3FB4,㾴,2,,60,structural
2985,U+3FB5,㾵,5,,60,structural
2986,U+3FB6,㾶,27,,60,structural
2987,U+3FB7,㾷,27,,60,structural
2988,U+3FB8,㾸,27,,60,structural
2989,U+3FB9,㾹,34,,60,structural
2990,U+3FBA,㾺,50,,60,structural
2991,U+3FBB,㾻,26,,60,structural
2992,U+3FBC,㾼,27,,60,structural
2993,U+3FBD,㾽,27,,60,structural
2994,U+3FBE,㾾,25,,60,structural
2995,U+3FBF,㾿,13,,60,structural
2996,U+3FC0,㿀,33,,60,structural
2997,U+3FC1,㿁,37,,60,structural
2998,U+3FC2,㿂,33,,60,structural
2999,U+3FC3,㿃,53,,60,structural
3000,U+3FC4,㿄,27,,60,structural
3001,U+3FC5,㿅,27,,60,structural
3002,U+3FC6,㿆,35,,60,structural
3003,U+3FC7,㿇,27,,60,structural
3004,U+3FC8,㿈,51,,60,structural
3005,U+3FC9,㿉,32,,60,structural
3006,U+3FCA,㿊,24,,60,structural
3007,U+3FCB,㿋,34,,60,structural
3008,U+3FCC,㿌,26,,60,structural
3009,U+3FCD,㿍,27,,60,structural
3010,U+3FCE,㿎,32,,60,structural
3011,U+3FCF,㿏,21,,60,structural
3012,U+3FD0,㿐,4,,60,structural
3013,U+3FD1,㿑,51,,60,structural
3014,U+3FD2,㿒,45,,60,structural
3015,U+3FD3,㿓,46,,60,structural
3016,U+3FD4,㿔,11,,60,structural
3017,U+3FD5,㿕,27,,60,structural
3018,U+3FD6,㿖,11,,60,structural
3019,U+3FD7,㿗,19,,60,structural
3020,U+3FD8,㿘,1,,60,structural
3021,U+3FD9,㿙,20,,60,structural
3022,U+3FDA,㿚,15,,60,structural
3023,U+3FDB,㿛,27,,60,structural
3024,U+3FDC,㿜,27,,60,structural
3025,U+3FDD,㿝,27,,60,structural
3026,U+3FDE,㿞,27,,60,structural
3027,U+3FDF,㿟,27,,60,structural
3028,U+3FE0,㿠,56,,60,structural
3029,U+3FE1,㿡,27,,60,structural
3030,U+3FE2,㿢,24,,60,structural
3031,U+3FE3,㿣,24,,60,structural
3032,U+3FE4,㿤,24,,60,structural
3033,U+3FE5,㿥,51,,60,structural
3034,U+3FE6,㿦,27,,60,structural
3035,U+3FE7,㿧,45,,60,structural
3036,U+3FE8,㿨,20,,60,structural
3037,U+3FE9,㿩,27,,60,structural
3038,U+3FEA,㿪,13,,60,structural
3039,U+3FEB,㿫,27,,60,structural
3040,U+3FEC,㿬,27,,60,structural
3041,U+3FED,㿭,13,,60,structural
3042,U+3FEE,㿮,20,,60,structural
3043,U+3FEF,㿯,26,,60,structural
3044,U+3FF0,㿰,27,,60,structural
3045,U+3FF1,㿱,3,,60,structural
3046,U+3FF2,㿲,52,,60,structural
3047,U+3FF3,㿳,11,,60,structural
3048,U+3FF4,㿴,0,,60,structural
3049,U+3FF5,㿵,20,,60,structural
3050,U+3FF6,㿶,58,,60,structural
3051,U+3FF7,㿷,27,,60,structural
3052,U+3FF8,㿸,24,,60,structural
3053,U+3FF9,㿹,27,,60,structural
3054,U+3FFA,㿺,28,,60,structural
3055,U+3FFB,㿻,27,,60,structural
3056,U+3FFC,㿼,56,,60,structural
3057,U+3FFD,㿽,25,,60,structural
3058,U+3FFE,㿾,41,,60,structural
3059,U+3FFF,㿿,27,,60,structural
3060,U+4000,䀀,12,,60,structural
3061,U+4001,䀁,27,,60,structural
3062,U+4002,䀂,31,,60,structural
3063,U+4003,䀃,27,,60,structural
3064,U+4004,䀄,10,,60,structural
3065,U+4005,䀅,9,,60,structural
3066,U+4006,䀆,42,,60,structural
3067,U+4007,䀇,1,,60,structural
3068,U+4008,䀈,27,,60,structural
3069,U+4009,䀉,18,,60,structural
3070,U+400A,䀊,46,,60,structural
3071,U+400B,䀋,9,,60,structural
3072,U+400C,䀌,56,,60,structural
3073,U+400D,䀍,32,,60,structural
3074,U+400E,䀎,56,,60,structural
3075,U+400F,䀏,27,,60,structural
3076,U+4010,䀐,27,,60,structural
3077,U+4011,䀑,39,,60,structural
3078,U+4012,䀒,37,,60,structural
3079,U+4013,䀓,13,,60,structural
3080,U+4014,䀔,10,,60,structural
3081,U+4015,䀕,27,,60,structural
3082,U+4016,䀖,56,,60,structural
3083,U+4017,䀗,20,,60,structural
3084,U+4018,䀘,56,,60,structural
3085,U+4019,䀙,27,,60,structural
3086,U+401A,䀚,27,,60,structural
3087,U+401B,䀛,10,,60,structural
3088,U+401C,䀜,10,,60,structural
3089,U+401D,䀝,27,,60,structural
3090,U+401E,䀞,27,,60,structural
3091,U+401F,䀟,10,,60,structural
3092,U+4020,䀠,27,,60,structural
3093,U+4021,䀡,1,,60,structural
3094,U+4022,䀢,27,,60,structural
3095,U+4023,䀣,10,,60,structural
3096,U+4024,䀤,4,,60,structural
3097,U+4025,䀥,10,,60,structural
3098,U+4026,䀦,1,,60,structural
3099,U+4027,䀧,28,,60,structural
3100,U+4028,䀨,27,,60,structural
3101,U+4029,䀩,1,,60,structural
3102,U+402A,䀪,27,,60,structural
3103,U+402B,䀫,26,,60,structural
3104,U+402C,䀬,33,,60,structural
3105,U+402D,䀭,46,,60,structural
3106,U+402E,䀮,27,,60,structural
3107,U+402F,䀯,57,,60,structural
3108,U+4030,䀰,27,,60,structural
3109,U+4031,䀱,43,,60,structural
3110,U+4032,䀲,27,,60,structural
3111,U+4033,䀳,34,,60,structural
3112,U+4034,䀴,56,,60,structural
3113,U+4035,䀵,27,,60,structural
3114,U+4036,䀶,13,,60,structural
3115,U+4037,䀷,9,,60,structural
3116,U+4038,䀸,3,,60,structural
3117,U+4039,䀹,46,,60,structural
3118,U+403A,䀺,46,,60,structural
3119,U+403B,䀻,56,,60,structural
3120,U+403C,䀼,27,,60,structural
3121,U+403D,䀽,10,,60,structural
3122,U+403E,䀾,51,,60,structural
3123,U+403F,䀿,3,,60,structural
3124,U+4040,䁀,3,,60,structural
3125,U+4041,䁁,1,,60,structural
3126,U+4042,䁂,51,,60,structural
3127,U+4043,䁃,9,,60,structural
3128,U+4044,䁄,9,,60,structural
3129,U+4045,䁅,27,,60,structural
3130,U+4046,䁆,24,,60,structural
3131,U+4047,䁇,10,,60,structural
3132,U+4048,䁈,27,,60,structural
3133,U+4049,䁉,27,,60,structural
3134,U+404A,䁊,39,,60,structural
3135,U+404B,䁋,2,,60,structural
3136,U+404C,䁌,11,,60,structural
3137,U+404D,䁍,21,,60,structural
3138,U+404E,䁎,52,,60,structural
3139,U+404F,䁏,59,,60,structural
3140,U+4050,䁐,36,,60,structural
3141,U+4051,䁑,56,,60,structural
3142,U+4052,䁒,1,,60,structural
3143,U+4053,䁓,16,,60,structural
3144,U+4054,䁔,56,,60,structural
3145,U+4055,䁕,24,,60,structural
3146,U+4056,䁖,31,,60,structural
3147,U+4057,䁗,11,,60,structural
3148,U+4058,䁘,27,,60,structural
3149,U+4059,䁙,31,,60,structural
3150,U+405A,䁚,54,,60,structural
3151,U+405B,䁛,27,,60,structural
3152,U+405C,䁜,56,,60,structural
3153,U+405D,䁝,27,,60,structural
3154,U+405E,䁞,56,,60,structural
3155,U+405F,䁟,27,,60,structural
3156,U+4060,䁠,25,,60,structural
3157,U+4061,䁡,46,,60,structural
3158,U+4062,䁢,27,,60,structural
3159,U+4063,䁣,27,,60,structural
3160,U+4064,䁤,47,,60,structural
3161,U+4065,䁥,36,,60,structural
3162,U+4066,䁦,56,,60,structural
3163,U+4067,䁧,49,,60,structural
3164,U+4068,䁨,1,,60,structural
3165,U+4069,䁩,55,,60,structural
3166,U+406A,䁪,27,,60,structural
3167,U+406B,䁫,27,,60,structural
3168,U+406C,䁬,58,,60,structural
3169,U+406D,䁭,27,,60,structural
3170,U+406E,䁮,24,,60,structural
3171,U+406F,䁯,26,,60,structural
3172,U+4070,䁰,19,,60,structural
3173,U+4071,䁱,56,,60,structural
3174,U+4072,䁲,32,,60,structural
3175,U+4073,䁳,27,,60,structural
3176,U+4074,䁴,21,,60,structural
3177,U+4075,䁵,27,,60,structural
3178,U+4076,䁶,27,,60,structural
3179,U+4077,䁷,27,,60,structural
3180,U+4078,䁸,27,,60,structural
3181,U+4079,䁹,27,,60,structural
3182,U+407A,䁺,9,,60,structural
3183,U+407B,䁻,34,,60,structural
3184,U+407C,䁼,9,,60,structural
3185,U+407D,䁽,10,,60,structural
3186,U+407E,䁾,13,,60,structural
3187,U+407F,䁿,27,,60,structural
3188,U+4080,䂀,56,,60,structural
3189,U+4081,䂁,13,,60,structural
3190,U+4082,䂂,51,,60,structural
3191,U+4083,䂃,27,,60,structural
3192,U+4084,䂄,51,,60,structural
3193,U+4085,䂅,5,,60,structural
3194,U+4086,䂆,13,,60,structural
3195,U+4087,䂇,56,,60,structural
3196,U+4088,䂈,30,,60,structural
3197,U+4089,䂉,46,,60,structural
3198,U+408A,䂊,27,,60,structural
3199,U+408B,䂋,59,,60,structural
3200,U+408C,䂌,27,,60,structural
3201,U+408D,䂍,28,,60,structural
3202,U+408E,䂎,32,,60,structural
3203,U+408F,䂏,1,,60,structural
3204,U+4090,䂐,27,,60,structural
3205,U+4091,䂑,27,,60,structural
3206,U+4092,䂒,27,,60,structural
3207,U+4093,䂓,27,,60,structural
3208,U+4094,䂔,9,,60,structural
3209,U+4095,䂕,27,,60,structural
3210,U+4096,䂖,13,,60,structural
3211,U+4097,䂗,27,,60,structural
3212,U+4098,䂘,39,,60,structural
3213,U+4099,䂙,27,,60,structural
3214,U+409A,䂚,27,,60,structural
3215,U+409B,䂛,27,,60,structural
3216,U+409C,䂜,43,,60,structural
3217,U+409D,䂝,27,,60,structural
3218,U+409E,䂞,34,,60,structural
3219,U+409F,䂟,1,,60,structural
3220,U+40A0,䂠,27,,60,structural
3221,U+40A1,䂡,56,,60,structural
3222,U+40A2,䂢,27,,60,structural
3223,U+40A3,䂣,27,,60,structural
3224,U+40A4,䂤,46,,60,structural
3225,U+40A5,䂥,27,,60,structural
3226,U+40A6,䂦,46,,60,structural
3227,U+40A7,䂧,27,,60,structural
3228,U+40A8,䂨,13,,60,structural
3229,U+40A9,䂩,20,,60,structural
3230,U+40AA,䂪,27,,60,structural
3231,U+40AB,䂫,27,,60,structural
3232,U+40AC,䂬,13,,60,structural
3233,U+40AD,䂭,27,,60,structural
3234,U+40AE,䂮,43,,60,structural
3235,U+40AF,䂯,38,,60,structural
3236,U+40B0,䂰,20,,60,structural
3237,U+40B1,䂱,47,,60,structural
3238,U+40B2,䂲,9,,60,structural
3239,U+40B3,䂳,9,,60,structural
3240,U+40B4,䂴,5,,60,structural
3241,U+40B5,䂵,32,,60,structural
3242,U+40B6,䂶,9,,60,structural
3243,U+40B7,䂷,37,,60,structural
3244,U+40B8,䂸,21,,60,structural
3245,U+40B9,䂹,42,,60,structural
3246,U+40BA,䂺,24,,60,structural
3247,U+40BB,䂻,27,,60,structural
3248,U+40BC,䂼,13,,60,structural
3249,U+40BD,䂽,24,,60,structural
3250,U+40BE,䂾,34,,60,structural
3251,U+40BF,䂿,8,,60,structural
3252,U+40C0,䃀,31,,60,structural
3253,U+40C1,䃁,56,,60,structural
3254,U+40C2,䃂,24,,60,structural
3255,U+40C3,䃃,27,,60,structural
3256,U+40C4,䃄,1,,60,structural
3257,U+40C5,䃅,25,,60,structural
3258,U+40C6,䃆,25,,60,structural
3259,U+40C7,䃇,53,,60,structural
3260,U+40C8,䃈,27,,60,structural
3261,U+40C9,䃉,24,,60,structural
3262,U+40CA,䃊,36,,60,structural
3263,U+40CB,䃋,26,,60,structural
3264,U+40CC,䃌,59,,60,structural
3265,U+40CD,䃍,58,,60,structural
3266,U+40CE,䃎,4,,60,structural
3267,U+40CF,䃏,24,,60,structural
3268,U+40D0,䃐,27,,60,structural
3269,U+40D1,䃑,27,,60,structural
3270,U+40D2,䃒,27,,60,structural
3271,U+40D3,䃓,27,,60,structural
3272,U+40D4,䃔,1,,60,structural
3273,U+40D5,䃕,27,,60,structural
3274,U+40D6,䃖,42,,60,structural
3275,U+40D7,䃗,58,,60,structural
3276,U+40D8,䃘,9,,60,structural
3277,U+40D9,䃙,27,,60,structural
3278,U+40DA,䃚,27,,60,structural
3279,U+40DB,䃛,27,,60,structural
3280,U+40DC,䃜,27,,60,structural
3281,U+40DD,䃝,27,,60,structural
3282,U+40DE,䃞,1,,60,structural
3283,U+40DF,䃟,28,,60,structural
3284,U+40E0,䃠,27,,60,structural
3285,U+40E1,䃡,24,,60,structural
3286,U+40E2,䃢,29,,60,structural
3287,U+40E3,䃣,27,,60,structural
3288,U+40E4,䃤,27,,60,structural
3289,U+40E5,䃥,27,,60,structural
3290,U+40E6,䃦,1,,60,structural
3291,U+40E7,䃧,27,,60,structural
3292,U+40E8,䃨,30,,60,structural
3293,U+40E9,䃩,27,,60,structural
3294,U+40EA,䃪,21,,60,structural
3295,U+40EB,䃫,5,,60,structural
3296,U+40EC,䃬,11,,60,structural
3297,U+40ED,䃭,21,,60,structural
3298,U+40EE,䃮,27,,60,structural
3299,U+40EF,䃯,34,,60,structural
3300,U+40F0,䃰,6,,60,structural
3301,U+40F1,䃱,27,,60,structural
3302,U+40F2,䃲,27,,60,structural
3303,U+40F3,䃳,10,,60,structural
3304,U+40F4,䃴,24,,60,structural
3305,U+40F5,䃵,50,,60,structural
3306,U+40F6,䃶,27,,60,structural
3307,U+40F7,䃷,57,,60,structural
3308,U+40F8,䃸,46,,60,structural
3309,U+40F9,䃹,34,,60,structural
3310,U+40FA,䃺,27,,60,structural
3311,U+40FB,䃻,27,,60,structural
3312,U+40FC,䃼,27,,60,structural
3313,U+40FD,䃽,27,,60,structural
3314,U+40FE,䃾,27,,60,structural
3315,U+40FF,䃿,49,,60,structural
3316,U+4100,䄀,27,,60,structural
3317,U+4101,䄁,56,,60,structural
3318,U+4102,䄂,11,,60,structural
3319,U+4103,䄃,20,,60,structural
3320,U+4104,䄄,20,,60,structural
3321,U+4105,䄅,49,,60,structural
3322,U+4106,䄆,27,,60,structural
3323,U+4107,䄇,33,,60,structural
3324,U+4108,䄈,27,,60,structural
3325,U+4109,䄉,27,,60,structural
3326,U+410A,䄊,27,,60,structural
3327,U+410B,䄋,24,,60,structural
3328,U+410C,䄌,51,,60,structural
3329,U+410D,䄍,28,,60,structural
3330,U+410E,䄎,52,,60,structural
3331,U+410F,䄏,18,,60,structural
3332,U+4110,䄐,27,,60,structural
3333,U+4111,䄑,24,,60,structural
3334,U+4112,䄒,13,,60,structural
3335,U+4113,䄓,33,,60,structural
3336,U+4114,䄔,27,,60,structural
3337,U+4115,䄕,12,,60,structural
3338,U+4116,䄖,26,,60,structural
3339,U+4117,䄗,27,,60,structural
3340,U+4118,䄘,58,,60,structural
3341,U+4119,䄙,58,,60,structural
3342,U+411A,䄚,56,,60,structural
3343,U+411B,䄛,31,,60,structural
3344,U+411C,䄜,10,,60,structural
3345,U+411D,䄝,27,,60,structural
3346,U+411E,䄞,6,,60,structural
3347,U+411F,䄟,27,,60,structural
3348,U+4120,䄠,21,,60,structural
3349,U+4121,䄡,5,,60,structural
3350,U+4122,䄢,27,,60,structural
3351,U+4123,䄣,32,,60,structural
3352,U+4124,䄤,32,,60,structural
3353,U+4125,䄥,46,,60,structural
3354,U+4126,䄦,20,,60,structural
3355,U+4127,䄧,10,,60,structural
3356,U+4128,䄨,20,,60,structural
3357,U+4129,䄩,20,,60,structural
3358,U+412A,䄪,13,,60,structural
3359,U+412B,䄫,20,,60,structural
3360,U+412C,䄬,20,,60,structural
3361,U+412D,䄭,37,,60,structural
3362,U+412E,䄮,49,,60,structural
3363,U+412F,䄯,56,,60,structural
3364,U+4130,䄰,20,,60,structural
3365,U+4131,䄱,20,,60,structural
3366,U+4132,䄲,46,,60,structural
3367,U+4133,䄳,20,,60,structural
3368,U+4134,䄴,20,,60,structural
3369,U+4135,䄵,20,,60,structural
3370,U+4136,䄶,10,,60,structural
3371,U+4137,䄷,20,,60,structural
3372,U+4138,䄸,20,,60,structural
3373,U+4139,䄹,37,,60,structural
3374,U+413A,䄺,20,,60,structural
3375,U+413B,䄻,20,,60,structural
3376,U+413C,䄼,56,,60,structural
3377,U+413D,䄽,56,,60,structural
3378,U+413E,䄾,20,,60,structural
3379,U+413F,䄿,20,,60,structural
3380,U+4140,䅀,20,,60,structural
3381,U+4141,䅁,31,,60,structural
3382,U+4142,䅂,1,,60,structural
3383,U+4143,䅃,13,,60,structural
3384,U+4144,䅄,20,,60,structural
3385,U+4145,䅅,9,,60,structural
3386,U+4146,䅆,6,,60,structural
3387,U+4147,䅇,59,,60,structural
3388,U+4148,䅈,49,,60,structural
3389,U+4149,䅉,56,,60,structural
3390,U+414A,䅊,38,,60,structural
3391,U+414B,䅋,20,,60,structural
3392,U+414C,䅌,1,,60,structural
3393,U+414D,䅍,10,,60,structural
3394,U+414E,䅎,10,,60,structural
3395,U+414F,䅏,20,,60,structural
3396,U+4150,䅐,20,,60,structural
3397,U+4151,䅑,31,,60,structural
3398,U+4152,䅒,36,,60,structural
3399,U+4153,䅓,1,,60,structural
3400,U+4154,䅔,20,,60,structural
3401,U+4155,䅕,1,,60,structural
3402,U+4156,䅖,20,,60,structural
3403,U+4157,䅗,31,,60,structural
3404,U+4158,䅘,34,,60,structural
3405,U+4159,䅙,24,,60,structural
3406,U+415A,䅚,49,,60,structural
3407,U+415B,䅛,24,,60,structural
3408,U+415C,䅜,56,,60,structural
3409,U+415D,䅝,20,,60,structural
3410,U+415E,䅞,56,,60,structural
3411,U+415F,䅟,20,,60,structural
3412,U+4160,䅠,24,,60,structural
3413,U+4161,䅡,19,,60,structural
3414,U+4162,䅢,20,,60,structural
3415,U+4163,䅣,33,,60,structural
3416,U+4164,䅤,37,,60,structural
3417,U+4165,䅥,24,,60,structural
3418,U+4166,䅦,36,,60,structural
3419,U+4167,䅧,14,,60,structural
3420,U+4168,䅨,20,,60,structural
3421,U+4169,䅩,47,,60,structural
3422,U+416A,䅪,32,,60,structural
3423,U+416B,䅫,24,,60,structural
3424,U+416C,䅬,25,,60,structural
3425,U+416D,䅭,58,,60,structural
3426,U+416E,䅮,26,,60,structural
3427,U+416F,䅯,59,,60,structural
3428,U+4170,䅰,20,,60,structural
3429,U+4171,䅱,11,,60,structural
3430,U+4172,䅲,24,,60,structural
3431,U+4173,䅳,20,,60,structural
3432,U+4174,䅴,15,,60,structural
3433,U+4175,䅵,42,,60,structural
3434,U+4176,䅶,20,,60,structural
3435,U+4177,䅷,26,,60,structural
3436,U+4178,䅸,36,,60,structural
3437,U+4179,䅹,31,,60,structural
3438,U+417A,䅺,59,,60,structural
3439,U+417B,䅻,10,,60,structural
3440,U+417C,䅼,24,,60,structural
3441,U+417D,䅽,20,,60,structural
3442,U+417E,䅾,24,,60,structural
3443,U+417F,䅿,36,,60,structural
3444,U+4180,䆀,20,,60,structural
3445,U+4181,䆁,9,,60,structural
3446,U+4182,䆂,25,,60,structural
3447,U+4183,䆃,20,,60,structural
3448,U+4184,䆄,21,,60,structural
3449,U+4185,䆅,6,,60,structural
3450,U+4186,䆆,34,,60,structural
3451,U+4187,䆇,22,,60,structural
3452,U+4188,䆈,58,,60,structural
3453,U+4189,䆉,20,,60,structural
3454,U+418A,䆊,28,,60,structural
3455,U+418B,䆋,20,,60,structural
3456,U+418C,䆌,5,,60,structural
3457,U+418D,䆍,20,,60,structural
3458,U+418E,䆎,46,,60,structural
3459,U+418F,䆏,28,,60,structural
3460,U+4190,䆐,20,,60,structural
3461,U+4191,䆑,52,,60,structural
3462,U+4192,䆒,13,,60,structural
3463,U+4193,䆓,27,,60,structural
3464,U+4194,䆔,59,,60,structural
3465,U+4195,䆕,20,,60,structural
3466,U+4196,䆖,27,,60,structural
3467,U+4197,䆗,59,,60,structural
3468,U+4198,䆘,11,,60,structural
3469,U+4199,䆙,56,,60,structural
3470,U+419A,䆚,1,,60,structural
3471,U+419B,䆛,1,,60,structural
3472,U+419C,䆜,27,,60,structural
3473,U+419D,䆝,27,,60,structural
3474,U+419E,䆞,24,,60,structural
3475,U+419F,䆟,26,,60,structural
3476,U+41A0,䆠,27,,60,structural
3477,U+41A1,䆡,13,,60,structural
3478,U+41A2,䆢,3,,60,structural
3479,U+41A3,䆣,27,,60,structural
3480,U+41A4,䆤,27,,60,structural
3481,U+41A5,䆥,27,,60,structural
3482,U+41A6,䆦,42,,60,structural
3483,U+41A7,䆧,31,,60,structural
3484,U+41A8,䆨,56,,60,structural
3485,U+41A9,䆩,20,,60,structural
3486,U+41AA,䆪,56,,60,structural
3487,U+41AB,䆫,10,,60,structural
3488,U+41AC,䆬,54,,60,structural
3489,U+41AD,䆭,27,,60,structural
3490,U+41AE,䆮,12,,60,structural
3491,U+41AF,䆯,31,,60,structural
3492,U+41B0,䆰,1,,60,structural
3493,U+41B1,䆱,42,,60,structural
3494,U+41B2,䆲,38,,60,structural
3495,U+41B3,䆳,27,,60,structural
3496,U+41B4,䆴,24,,60,structural
3497,U+41B5,䆵,58,,60,structural
3498,U+41B6,䆶,42,,60,structural
3499,U+41B7,䆷,47,,60,structural
3500,U+41B8,䆸,27,,60,structural
3501,U+41B9,䆹,27,,60,structural
3502,U+41BA,䆺,11,,60,structural
3503,U+41BB,䆻,0,,60,structural
3504,U+41BC,䆼,1,,60,structural
3505,U+41BD,䆽,27,,60,structural
3506,U+41BE,䆾,13,,60,structural
3507,U+41BF,䆿,34,,60,structural
3508,U+41C0,䇀,27,,60,structural
3509,U+41C1,䇁,55,,60,structural
3510,U+41C2,䇂,27,,60,structural
3511,U+41C3,䇃,27,,60,structural
3512,U+41C4,䇄,27,,60,structural
3513,U+41C5,䇅,27,,60,structural
3514,U+41C6,䇆,27,,60,structural
3515,U+41C7,䇇,27,,60,structural
3516,U+41C8,䇈,9,,60,structural
3517,U+41C9,䇉,27,,60,structural
3518,U+41CA,䇊,38,,60,structural
3519,U+41CB,䇋,4,,60,structural
3520,U+41CC,䇌,27,,60,structural
3521,U+41CD,䇍,17,,60,structural
3522,U+41CE,䇎,28,,60,structural
3523,U+41CF,䇏,1,,60,structural
3524,U+41D0,䇐,27,,60,structural
3525,U+41D1,䇑,37,,60,structural
3526,U+41D2,䇒,27,,60,structural
3527,U+41D3,䇓,19,,60,structural
3528,U+41D4,䇔,57,,60,structural
3529,U+41D5,䇕,27,,60,structural
3530,U+41D6,䇖,10,,60,structural
3531,U+41D7,䇗,16,,60,structural
3532,U+41D8,䇘,23,,60,structural
3533,U+41D9,䇙,23,,60,structural
3534,U+41DA,䇚,23,,60,structural
3535,U+41DB,䇛,23,,60,structural
3536,U+41DC,䇜,23,,60,structural
3537,U+41DD,䇝,23,,60,structural
3538,U+41DE,䇞,23,,60,structural
3539,U+41DF,䇟,23,,60,structural
3540,U+41E0,䇠,23,,60,structural
3541,U+41E1,䇡,41,,60,structural
3542,U+41E2,䇢,54,,60,structural
3543,U+41E3,䇣,23,,60,structural
3544,U+41E4,䇤,26,,60,structural
3545,U+41E5,䇥,23,,60,structural
3546,U+41E6,䇦,23,,60,structural
3547,U+41E7,䇧,23,,60,structural
3548,U+41E8,䇨,23,,60,structural
3549,U+41E9,䇩,23,,60,structural
3550,U+41EA,䇪,23,,60,structural
3551,U+41EB,䇫,23,,60,structural
3552,U+41EC,䇬,23,,60,structural
3553,U+41ED,䇭,23,,60,structural
3554,U+41EE,䇮,46,,60,structural
3555,U+41EF,䇯,23,,60,structural
3556,U+41F0,䇰,12,,60,structural
3557,U+41F1,䇱,23,,60,structural
3558,U+41F2,䇲,49,,60,structural
3559,U+41F3,䇳,23,,60,structural
3560,U+41F4,䇴,23,,60,structural
3561,U+41F5,䇵,23,,60,structural
3562,U+41F6,䇶,23,,60,structural
3563,U+41F7,䇷,54,,60,structural
3564,U+41F8,䇸,33,,60,structural
3565,U+41F9,䇹,21,,60,structural
3566,U+41FA,䇺,23,,60,structural
3567,U+41FB,䇻,23,,60,structural
3568,U+41FC,䇼,23,,60,structural
3569,U+41FD,䇽,3,,60,structural
3570,U+41FE,䇾,23,,60,structural
3571,U+41FF,䇿,23,,60,structural
3572,U+4200,䈀,23,,60,structural
3573,U+4201,䈁,26,,60,structural
3574,U+4202,䈂,25,,60,structural
3575,U+4203,䈃,54,,60,structural
3576,U+4204,䈄,58,,60,structural
3577,U+4205,䈅,21,,60,structural
3578,U+4206,䈆,23,,60,structural
3579,U+4207,䈇,24,,60,structural
3580,U+4208,䈈,23,,60,structural
3581,U+4209,䈉,31,,60,structural
3582,U+420A,䈊,16,,60,structural
3583,U+420B,䈋,8,,60,structural
3584,U+420C,䈌,12,,60,structural
3585,U+420D,䈍,23,,60,structural
3586,U+420E,䈎,2,,60,structural
3587,U+420F,䈏,23,,60,structural
3588,U+4210,䈐,42,,60,structural
3589,U+4211,䈑,54,,60,structural
3590,U+4212,䈒,23,,60,structural
3591,U+4213,䈓,24,,60,structural
3592,U+4214,䈔,23,,60,structural
3593,U+4215,䈕,23,,60,structural
3594,U+4216,䈖,23,,60,structural
3595,U+4217,䈗,16,,60,structural
3596,U+4218,䈘,25,,60,structural
3597,U+4219,䈙,23,,60,structural
3598,U+421A,䈚,54,,60,structural
3599,U+421B,䈛,23,,60,structural
3600,U+421C,䈜,23,,60,structural
3601,U+421D,䈝,23,,60,structural
3602,U+421E,䈞,1,,60,structural
3603,U+421F,䈟,32,,60,structural
3604,U+4220,䈠,23,,60,structural
3605,U+4221,䈡,10,,60,structural
3606,U+4222,䈢,54,,60,structural
3607,U+4223,䈣,23,,60,structural
3608,U+4224,䈤,23,,60,structural
3609,U+4225,䈥,23,,60,structural
3610,U+4226,䈦,16,,60,structural
3611,U+4227,䈧,23,,60,structural
3612,U+4228,䈨,23,,60,structural
3613,U+4229,䈩,26,,60,structural
3614,U+422A,䈪,23,,60,structural
3615,U+422B,䈫,23,,60,structural
3616,U+422C,䈬,57,,60,structural
3617,U+422D,䈭,23,,60,structural
3618,U+422E,䈮,54,,60,structural
3619,U+422F,䈯,25,,60,structural
3620,U+4230,䈰,23,,60,structural
3621,U+4231,䈱,23,,60,structural
3622,U+4232,䈲,23,,60,structural
3623,U+4233,䈳,23,,60,structural
3624,U+4234,䈴,25,,60,structural
3625,U+4235,䈵,16,,60,structural
3626,U+4236,䈶,23,,60,structural
3627,U+4237,䈷,54,,60,structural
3628,U+4238,䈸,23,,60,structural
3629,U+4239,䈹,41,,60,structural
3630,U+423A,䈺,23,,60,structural
3631,U+423B,䈻,57,,60,structural
3632,U+423C,䈼,10,,60,structural
3633,U+423D,䈽,54,,60,structural
3634,U+423E,䈾,23,,60,structural
3635,U+423F,䈿,58,,60,structural
3636,U+4240,䉀,38,,60,structural
3637,U+4241,䉁,13,,60,structural
3638,U+4242,䉂,15,,60,structural
3639,U+4243,䉃,23,,60,structural
3640,U+4244,䉄,16,,60,structural
3641,U+4245,䉅,13,,60,structural
3642,U+4246,䉆,23,,60,structural
3643,U+4247,䉇,23,,60,structural
3644,U+4248,䉈,28,,60,structural
3645,U+4249,䉉,23,,60,structural
3646,U+424A,䉊,23,,60,structural
3647,U+424B,䉋,23,,60,structural
3648,U+424C,䉌,23,,60,structural
3649,U+424D,䉍,23,,60,structural
3650,U+424E,䉎,23,,60,structural
3651,U+424F,䉏,23,,60,structural
3652,U+4250,䉐,54,,60,structural
3653,U+4251,䉑,42,,60,structural
3654,U+4252,䉒,23,,60,structural
3655,U+4253,䉓,23,,60,structural
3656,U+4254,䉔,23,,60,structural
3657,U+4255,䉕,23,,60,structural
3658,U+4256,䉖,13,,60,structural
3659,U+4257,䉗,54,,60,structural
3660,U+4258,䉘,23,,60,structural
3661,U+4259,䉙,23,,60,structural
3662,U+425A,䉚,23,,60,structural
3663,U+425B,䉛,18,,60,structural
3664,U+425C,䉜,23,,60,structural
3665,U+425D,䉝,23,,60,structural
3666,U+425E,䉞,21,,60,structural
3667,U+425F,䉟,51,,60,structural
3668,U+4260,䉠,23,,60,structural
3669,U+4261,䉡,21,,60,structural
3670,U+4262,䉢,54,,60,structural
3671,U+4263,䉣,42,,60,structural
3672,U+4264,䉤,31,,60,structural
3673,U+4265,䉥,10,,60,structural
3674,U+4266,䉦,59,,60,structural
3675,U+4267,䉧,29,,60,structural
3676,U+4268,䉨,23,,60,structural
3677,U+4269,䉩,34,,60,structural
3678,U+426A,䉪,23,,60,structural
3679,U+426B,䉫,58,,60,structural
3680,U+426C,䉬,23,,60,structural
3681,U+426D,䉭,10,,60,structural
3682,U+426E,䉮,23,,60,structural
3683,U+426F,䉯,32,,60,structural
3684,U+4270,䉰,23,,60,structural
3685,U+4271,䉱,54,,60,structural
3686,U+4272,䉲,53,,60,structural
3687,U+4273,䉳,55,,60,structural
3688,U+4274,䉴,1,,60,structural
3689,U+4275,䉵,27,,60,structural
3690,U+4276,䉶,51,,60,structural
3691,U+4277,䉷,54,,60,structural
3692,U+4278,䉸,5,,60,structural
3693,U+4279,䉹,23,,60,structural
3694,U+427A,䉺,27,,60,structural
3695,U+427B,䉻,27,,60,structural
3696,U+427C,䉼,27,,60,structural
3697,U+427D,䉽,43,,60,structural
3698,U+427E,䉾,27,,60,structural
3699,U+427F,䉿,10,,60,structural
3700,U+4280,䊀,1,,60,structural
3701,U+4281,䊁,27,,60,structural
3702,U+4282,䊂,34,,60,structural
3703,U+4283,䊃,27,,60,structural
3704,U+4284,䊄,13,,60,structural
3705,U+4285,䊅,4,,60,structural
3706,U+4286,䊆,27,,60,structural
3707,U+4287,䊇,57,,60,structural
3708,U+4288,䊈,27,,60,structural
3709,U+4289,䊉,34,,60,structural
3710,U+428A,䊊,27,,60,structural
3711,U+428B,䊋,27,,60,structural
3712,U+428C,䊌,38,,60,structural
3713,U+428D,䊍,27,,60,structural
3714,U+428E,䊎,49,,60,structural
3715,U+428F,䊏,42,,60,structural
3716,U+4290,䊐,24,,60,structural
3717,U+4291,䊑,1,,60,structural
3718,U+4292,䊒,51,,60,structural
3719,U+4293,䊓,24,,60,structural
3720,U+4294,䊔,36,,60,structural
3721,U+4295,䊕,27,,60,structural
3722,U+4296,䊖,27,,60,structural
3723,U+4297,䊗,33,,60,structural
3724,U+4298,䊘,11,,60,structural
3725,U+4299,䊙,56,,60,structural
3726,U+429A,䊚,27,,60,structural
3727,U+429B,䊛,34,,60,structural
3728,U+429C,䊜,27,,60,structural
3729,U+429D,䊝,27,,60,structural
3730,U+429E,䊞,47,,60,structural
3731,U+429F,䊟,53,,60,structural
3732,U+42A0,䊠,27,,60,structural
3733,U+42A1,䊡,24,,60,structural
3734,U+42A2,䊢,6,,60,structural
3735,U+42A3,䊣,27,,60,structural
3736,U+42A4,䊤,28,,60,structural
3737,U+42A5,䊥,27,,60,structural
3738,U+42A6,䊦,27,,60,structural
3739,U+42A7,䊧,10,,60,structural
3740,U+42A8,䊨,1,,60,structural
3741,U+42A9,䊩,11,,60,structural
3742,U+42AA,䊪,36,,60,structural
3743,U+42AB,䊫,27,,60,structural
3744,U+42AC,䊬,24,,60,structural
3745,U+42AD,䊭,45,,60,structural
3746,U+42AE,䊮,51,,60,structural
3747,U+42AF,䊯,38,,60,structural
3748,U+42B0,䊰,24,,60,structural
3749,U+42B1,䊱,46,,60,structural
3750,U+42B2,䊲,59,,60,structural
3751,U+42B3,䊳,27,,60,structural
3752,U+42B4,䊴,26,,60,structural
3753,U+42B5,䊵,15,,60,structural
3754,U+42B6,䊶,15,,60,structural
3755,U+42B7,䊷,3,,60,structural
3756,U+42B8,䊸,15,,60,structural
3757,U+42B9,䊹,37,,60,structural
3758,U+42BA,䊺,15,,60,structural
3759,U+42BB,䊻,15,,60,structural
3760,U+42BC,䊼,15,,60,structural
3761,U+42BD,䊽,15,,60,structural
3762,U+42BE,䊾,15,,60,structural
3763,U+42BF,䊿,49,,60,structural
3764,U+42C0,䋀,15,,60,structural
3765,U+42C1,䋁,15,,60,structural
3766,U+42C2,䋂,15,,60,structural
3767,U+42C3,䋃,15,,60,structural
3768,U+42C4,䋄,15,,60,structural
3769,U+42C5,䋅,15,,60,structural
3770,U+42C6,䋆,15,,60,structural
3771,U+42C7,䋇,15,,60,structural
3772,U+42C8,䋈,31,,60,structural
3773,U+42C9,䋉,15,,60,structural
3774,U+42CA,䋊,15,,60,structural
3775,U+42CB,䋋,15,,60,structural
3776,U+42CC,䋌,15,,60,structural
3777,U+42CD,䋍,52,,60,structural
3778,U+42CE,䋎,56,,60,structural
3779,U+42CF,䋏,15,,60,structural
3780,U+42D0,䋐,15,,60,structural
3781,U+42D1,䋑,26,,60,structural
3782,U+42D2,䋒,15,,60,structural
3783,U+42D3,䋓,15,,60,structural
3784,U+42D4,䋔,15,,60,structural
3785,U+42D5,䋕,46,,60,structural
3786,U+42D6,䋖,15,,60,structural
3787,U+42D7,䋗,15,,60,structural
3788,U+42D8,䋘,15,,60,structural
3789,U+42D9,䋙,15,,60,structural
3790,U+42DA,䋚,15,,60,structural
3791,U+42DB,䋛,15,,60,structural
3792,U+42DC,䋜,15,,60,structural
3793,U+42DD,䋝,31,,60,structural
3794,U+42DE,䋞,15,,60,structural
3795,U+42DF,䋟,15,,60,structural
3796,U+42E0,䋠,57,,60,structural
3797,U+42E1,䋡,26,,60,structural
3798,U+42E2,䋢,3,,60,structural
3799,U+42E3,䋣,15,,60,structural
3800,U+42E4,䋤,15,,60,structural
3801,U+42E5,䋥,15,,60,structural
3802,U+42E6,䋦,15,,60,structural
3803,U+42E7,䋧,15,,60,structural
3804,U+42E8,䋨,15,,60,structural
3805,U+42E9,䋩,15,,60,structural
3806,U+42EA,䋪,52,,60,structural
3807,U+42EB,䋫,52,,60,structural
3808,U+42EC,䋬,15,,60,structural
3809,U+42ED,䋭,15,,60,structural
3810,U+42EE,䋮,29,,60,structural
3811,U+42EF,䋯,15,,60,structural
3812,U+42F0,䋰,15,,60,structural
3813,U+42F1,䋱,15,,60,structural
3814,U+42F2,䋲,15,,60,structural
3815,U+42F3,䋳,15,,60,structural
3816,U+42F4,䋴,15,,60,structural
3817,U+42F5,䋵,24,,60,structural
3818,U+42F6,䋶,19,,60,structural
3819,U+42F7,䋷,15,,60,structural
3820,U+42F8,䋸,15,,60,structural
3821,U+42F9,䋹,15,,60,structural
3822,U+42FA,䋺,42,,60,structural
3823,U+42FB,䋻,15,,60,structural
3824,U+42FC,䋼,15,,60,structural
3825,U+42FD,䋽,9,,60,structural
3826,U+42FE,䋾,4,,60,structural
3827,U+42FF,䋿,15,,60,structural
3828,U+4300,䌀,15,,60,structural
3829,U+4301,䌁,31,,60,structural
3830,U+4302,䌂,15,,60,structural
3831,U+4303,䌃,15,,60,structural
3832,U+4304,䌄,26,,60,structural
3833,U+4305,䌅,59,,60,structural
3834,U+4306,䌆,15,,60,structural
3835,U+4307,䌇,15,,60,structural
3836,U+4308,䌈,15,,60,structural
3837,U+4309,䌉,15,,60,structural
3838,U+430A,䌊,15,,60,structural
3839,U+430B,䌋,26,,60,structural
3840,U+430C,䌌,15,,60,structural
3841,U+430D,䌍,15,,60,structural
3842,U+430E,䌎,15,,60,structural
3843,U+430F,䌏,10,,60,structural
3844,U+4310,䌐,15,,60,structural
3845,U+4311,䌑,15,,60,structural
3846,U+4312,䌒,15,,60,structural
3847,U+4313,䌓,15,,60,structural
3848,U+4314,䌔,15,,60,structural
3849,U+4315,䌕,15,,60,structural
3850,U+4316,䌖,15,,60,structural
3851,U+4317,䌗,42,,60,structural
3852,U+4318,䌘,53,,60,structural
3853,U+4319,䌙,15,,60,structural
3854,U+431A,䌚,59,,60,structural
3855,U+431B,䌛,5,,60,structural
3856,U+431C,䌜,15,,60,structural
3857,U+431D,䌝,15,,60,structural
3858,U+431E,䌞,26,,60,structural
3859,U+431F,䌟,15,,60,structural
3860,U+4320,䌠,21,,60,structural
3861,U+4321,䌡,15,,60,structural
3862,U+4322,䌢,13,,60,structural
3863,U+4323,䌣,23,,60,structural
3864,U+4324,䌤,53,,60,structural
3865,U+4325,䌥,15,,60,structural
3866,U+4326,䌦,15,,60,structural
3867,U+4327,䌧,45,,60,structural
3868,U+4328,䌨,15,,60,structural
3869,U+4329,䌩,15,,60,structural
3870,U+432A,䌪,15,,60,structural
3871,U+432B,䌫,15,,60,structural
3872,U+432C,䌬,15,,60,structural
3873,U+432D,䌭,42,,60,structural
3874,U+432E,䌮,15,,60,structural
3875,U+432F,䌯,15,,60,structural
3876,U+4330,䌰,15,,60,structural
3877,U+4331,䌱,57,,60,structural
3878,U+4332,䌲,42,,60,structural
3879,U+4333,䌳,53,,60,structural
3880,U+4334,䌴,57,,60,structural
3881,U+4335,䌵,15,,60,structural
3882,U+4336,䌶,3,,60,structural
3883,U+4337,䌷,15,,60,structural
3884,U+4338,䌸,15,,60,structural
3885,U+4339,䌹,15,,60,structural
3886,U+433A,䌺,15,,60,structural
3887,U+433B,䌻,15,,60,structural
3888,U+433C,䌼,47,,60,structural
3889,U+433D,䌽,15,,60,structural
3890,U+433E,䌾,15,,60,structural
3891,U+433F,䌿,15,,60,structural
3892,U+4340,䍀,15,,60,structural
3893,U+4341,䍁,15,,60,structural
3894,U+4342,䍂,17,,60,structural
3895,U+4343,䍃,27,,60,structural
3896,U+4344,䍄,1,,60,structural
3897,U+4345,䍅,13,,60,structural
3898,U+4346,䍆,41,,60,structural
3899,U+4347,䍇,10,,60,structural
3900,U+4348,䍈,58,,60,structural
3901,U+4349,䍉,47,,60,structural
3902,U+434A,䍊,27,,60,structural
3903,U+434B,䍋,56,,60,structural
3904,U+434C,䍌,1,,60,structural
3905,U+434D,䍍,56,,60,structural
3906,U+434E,䍎,38,,60,structural
3907,U+4350,䍐,27,,60,structural
3908,U+4351,䍑,27,,60,structural
3909,U+4352,䍒,34,,60,structural
3910,U+4353,䍓,27,,60,structural
3911,U+4354,䍔,27,,60,structural
3912,U+4355,䍕,13,,60,structural
3913,U+4356,䍖,27,,60,structural
3914,U+4357,䍗,27,,60,structural
3915,U+4358,䍘,27,,60,structural
3916,U+4359,䍙,27,,60,structural
3917,U+435A,䍚,13,,60,structural
3918,U+435B,䍛,1,,60,structural
3919,U+435C,䍜,51,,60,structural
3920,U+435D,䍝,8,,60,structural
3921,U+435E,䍞,21,,60,structural
3922,U+435F,䍟,16,,60,structural
3923,U+4360,䍠,10,,60,structural
3924,U+4361,䍡,27,,60,structural
3925,U+4362,䍢,42,,60,structural
3926,U+4363,䍣,11,,60,structural
3927,U+4364,䍤,27,,60,structural
3928,U+4365,䍥,20,,60,structural
3929,U+4366,䍦,10,,60,structural
3930,U+4367,䍧,27,,60,structural
3931,U+4368,䍨,53,,60,structural
3932,U+4369,䍩,27,,60,structural
3933,U+436A,䍪,34,,60,structural
3934,U+436B,䍫,27,,60,structural
3935,U+436C,䍬,58,,60,structural
3936,U+436D,䍭,27,,60,structural
3937,U+436E,䍮,27,,60,structural
3938,U+436F,䍯,27,,60,structural
3939,U+4370,䍰,20,,60,structural
3940,U+4371,䍱,26,,60,structural
3941,U+4372,䍲,27,,60,structural
3942,U+4373,䍳,51,,60,structural
3943,U+4374,䍴,31,,60,structural
3944,U+4375,䍵,52,,60,structural
3945,U+4376,䍶,34,,60,structural
3946,U+4377,䍷,27,,60,structural
3947,U+4378,䍸,57,,60,structural
3948,U+4379,䍹,27,,60,structural
3949,U+437A,䍺,59,,60,structural
3950,U+437B,䍻,28,,60,structural
3951,U+437C,䍼,24,,60,structural
3952,U+437D,䍽,20,,60,structural
3953,U+437E,䍾,56,,60,structural
3954,U+437F,䍿,33,,60,structural
3955,U+4380,䎀,27,,60,structural
3956,U+4381,䎁,1,,60,structural
3957,U+4382,䎂,27,,60,structural
3958,U+4383,䎃,27,,60,structural
3959,U+4384,䎄,1,,60,structural
3960,U+4385,䎅,27,,60,structural
3961,U+4386,䎆,13,,60,structural
3962,U+4387,䎇,27,,60,structural
3963,U+4388,䎈,27,,60,structural
3964,U+4389,䎉,13,,60,structural
3965,U+438A,䎊,1,,60,structural
3966,U+438B,䎋,1,,60,structural
3967,U+438C,䎌,17,,60,structural
3968,U+438D,䎍,57,,60,structural
3969,U+438E,䎎,27,,60,structural
3970,U+438F,䎏,13,,60,structural
3971,U+4390,䎐,27,,60,structural
3972,U+4391,䎑,58,,60,structural
3973,U+4392,䎒,27,,60,structural
3974,U+4393,䎓,8,,60,structural
3975,U+4394,䎔,57,,60,structural
3976,U+4395,䎕,27,,60,structural
3977,U+4396,䎖,58,,60,structural
3978,U+4397,䎗,18,,60,structural
3979,U+4398,䎘,27,,60,structural
3980,U+4399,䎙,41,,60,structural
3981,U+439A,䎚,43,,60,structural
3982,U+439B,䎛,1,,60,structural
3983,U+439C,䎜,27,,60,structural
3984,U+439D,䎝,27,,60,structural
3985,U+439E,䎞,24,,60,structural
3986,U+439F,䎟,31,,60,structural
3987,U+43A0,䎠,13,,60,structural
3988,U+43A1,䎡,42,,60,structural
3989,U+43A2,䎢,27,,60,structural
3990,U+43A3,䎣,46,,60,structural
3991,U+43A4,䎤,1,,60,structural
3992,U+43A5,䎥,27,,60,structural
3993,U+43A6,䎦,42,,60,structural
3994,U+43A7,䎧,1,,60,structural
3995,U+43A8,䎨,24,,60,structural
3996,U+43A9,䎩,11,,60,structural
3997,U+43AA,䎪,56,,60,structural
3998,U+43AB,䎫,16,,60,structural
3999,U+43AC,䎬,9,,60,structural
4000,U+43AD,䎭,1,,60,structural
4001,U+43AE,䎮,47,,60,structural
4002,U+43AF,䎯,49,,60,structural
4003,U+43B0,䎰,28,,60,structural
4004,U+43B1,䎱,27,,60,structural
4005,U+43B2,䎲,0,,60,structural
4006,U+43B3,䎳,0,,60,structural
4007,U+43B4,䎴,0,,60,structural
4008,U+43B5,䎵,10,,60,structural
4009,U+43B6,䎶,0,,60,structural
4010,U+43B7,䎷,34,,60,structural
4011,U+43B8,䎸,21,,60,structural
4012,U+43B9,䎹,0,,60,structural
4013,U+43BA,䎺,0,,60,structural
4014,U+43BB,䎻,0,,60,structural
4015,U+43BC,䎼,58,,60,structural
4016,U+43BD,䎽,24,,60,structural
4017,U+43BE,䎾,26,,60,structural
4018,U+43BF,䎿,42,,60,structural
4019,U+43C0,䏀,34,,60,structural
4020,U+43C1,䏁,0,,60,structural
4021,U+43C2,䏂,0,,60,structural
4022,U+43C3,䏃,58,,60,structural
4023,U+43C4,䏄,0,,60,structural
4024,U+43C5,䏅,0,,60,structural
4025,U+43C6,䏆,56,,60,structural
4026,U+43C7,䏇,59,,60,structural
4027,U+43C8,䏈,15,,60,structural
4028,U+43C9,䏉,0,,60,structural
4029,U+43CA,䏊,0,,60,structural
4030,U+43CB,䏋,25,,60,structural
4031,U+43CC,䏌,58,,60,structural
4032,U+43CD,䏍,27,,60,structural
4033,U+43CE,䏎,40,,60,structural
4034,U+43CF,䏏,40,,60,structural
4035,U+43D0,䏐,40,,60,structural
4036,U+43D1,䏑,40,,60,structural
4037,U+43D2,䏒,40,,60,structural
4038,U+43D3,䏓,56,,60,structural
4039,U+43D4,䏔,40,,60,structural
4040,U+43D5,䏕,10,,60,structural
4041,U+43D6,䏖,40,,60,structural
4042,U+43D7,䏗,40,,60,structural
4043,U+43D8,䏘,40,,60,structural
4044,U+43D9,䏙,40,,60,structural
4045,U+43DA,䏚,10,,60,structural
4046,U+43DB,䏛,40,,60,structural
4047,U+43DC,䏜,40,,60,structural
4048,U+43DD,䏝,40,,60,structural
4049,U+43DE,䏞,34,,60,structural
4050,U+43DF,䏟,10,,60,structural
4051,U+43E0,䏠,40,,60,structural
4052,U+43E1,䏡,40,,60,structural
4053,U+43E2,䏢,27,,60,structural
4054,U+43E3,䏣,56,,60,structural
4055,U+43E5,䏥,40,,60,structural
4056,U+43E6,䏦,40,,60,structural
4057,U+43E7,䏧,4,,60,structural
4058,U+43E8,䏨,40,,60,structural
4059,U+43E9,䏩,26,,60,structural
4060,U+43EA,䏪,40,,60,structural
4061,U+43EB,䏫,34,,60,structural
4062,U+43EC,䏬,27,,60,structural
4063,U+43ED,䏭,34,,60,structural
4064,U+43EE,䏮,40,,60,structural
4065,U+43EF,䏯,27,,60,structural
4066,U+43F0,䏰,10,,60,structural
4067,U+43F1,䏱,40,,60,structural
4068,U+43F2,䏲,40,,60,structural
4069,U+43F3,䏳,3,,60,structural
4070,U+43F4,䏴,40,,60,structural
4071,U+43F5,䏵,40,,60,structural
4072,U+43F6,䏶,40,,60,structural
4073,U+43F7,䏷,24,,60,structural
4074,U+43F8,䏸,21,,60,structural
4075,U+43F9,䏹,27,,60,structural
4076,U+43FA,䏺,43,,60,structural
4077,U+43FB,䏻,9,,60,structural
4078,U+43FC,䏼,40,,60,structural
4079,U+43FD,䏽,40,,60,structural
4080,U+43FE,䏾,43,,60,structural
4081,U+43FF,䏿,27,,60,structural
4082,U+4400,䐀,52,,60,structural
4083,U+4401,䐁,40,,60,structural
4084,U+4402,䐂,58,,60,structural
4085,U+4403,䐃,40,,60,structural
4086,U+4404,䐄,40,,60,structural
4087,U+4405,䐅,40,,60,structural
4088,U+4406,䐆,34,,60,structural
4089,U+4407,䐇,10,,60,structural
4090,U+4408,䐈,40,,60,structural
4091,U+4409,䐉,40,,60,structural
4092,U+440A,䐊,40,,60,structural
4093,U+440B,䐋,16,,60,structural
4094,U+440C,䐌,58,,60,structural
4095,U+440D,䐍,27,,60,structural
4096,U+440E,䐎,40,,60,structural
4097,U+440F,䐏,40,,60,structural
4098,U+4410,䐐,42,,60,structural
4099,U+4411,䐑,2,,60,structural
4100,U+4412,䐒,4,,60,structural
4101,U+4413,䐓,40,,60,structural
4102,U+4414,䐔,40,,60,structural
4103,U+4415,䐕,40,,60,structural
4104,U+4416,䐖,27,,60,structural
4105,U+4417,䐗,24,,60,structural
4106,U+4418,䐘,40,,60,structural
4107,U+4419,䐙,40,,60,structural
4108,U+441A,䐚,40,,60,structural
4109,U+441B,䐛,40,,60,structural
4110,U+441C,䐜,25,,60,structural
4111,U+441D,䐝,40,,60,structural
4112,U+441E,䐞,40,,60,structural
4113,U+441F,䐟,40,,60,structural
4114,U+4420,䐠,36,,60,structural
4115,U+4421,䐡,58,,60,structural
4116,U+4422,䐢,40,,60,structural
4117,U+4423,䐣,54,,60,structural
4118,U+4424,䐤,40,,60,structural
4119,U+4425,䐥,16,,60,structural
4120,U+4426,䐦,9,,60,structural
4121,U+4427,䐧,40,,60,structural
4122,U+4428,䐨,56,,60,structural
4123,U+4429,䐩,40,,60,structural
4124,U+442A,䐪,40,,60,structural
4125,U+442B,䐫,46,,60,structural
4126,U+442C,䐬,56,,60,structural
4127,U+442D,䐭,53,,60,structural
4128,U+442E,䐮,58,,60,structural
4129,U+442F,䐯,15,,60,structural
4130,U+4430,䐰,46,,60,structural
4131,U+4431,䐱,47,,60,structural
4132,U+4432,䐲,40,,60,structural
4133,U+4433,䐳,55,,60,structural
4134,U+4434,䐴,27,,60,structural
4135,U+4435,䐵,40,,60,structural
4136,U+4436,䐶,40,,60,structural
4137,U+4437,䐷,21,,60,structural
4138,U+4438,䐸,40,,60,structural
4139,U+4439,䐹,40,,60,structural
4140,U+443A,䐺,28,,60,structural
4141,U+443B,䐻,40,,60,structural
4142,U+443C,䐼,43,,60,structural
4143,U+443D,䐽,40,,60,structural
4144,U+443E,䐾,9,,60,structural
4145,U+443F,䐿,18,,60,structural
4146,U+4440,䑀,40,,60,structural
4147,U+4441,䑁,27,,60,structural
4148,U+4442,䑂,25,,60,structural
4149,U+4443,䑃,36,,60,structural
4150,U+4444,䑄,40,,60,structural
4151,U+4445,䑅,4,,60,structural
4152,U+4446,䑆,40,,60,structural
4153,U+4447,䑇,7,,60,structural
4154,U+4448,䑈,34,,60,structural
4155,U+4449,䑉,57,,60,structural
4156,U+444A,䑊,32,,60,structural
4157,U+444B,䑋,1,,60,structural
4158,U+444C,䑌,34,,60,structural
4159,U+444D,䑍,31,,60,structural
4160,U+444E,䑎,46,,60,structural
4161,U+444F,䑏,36,,60,structural
4162,U+4450,䑐,27,,60,structural
4163,U+4451,䑑,49,,60,structural
4164,U+4452,䑒,10,,60,structural
4165,U+4453,䑓,27,,60,structural
4166,U+4454,䑔,53,,60,structural
4167,U+4455,䑕,27,,60,structural
4168,U+4456,䑖,27,,60,structural
4169,U+4457,䑗,56,,60,structural
4170,U+4458,䑘,27,,60,structural
4171,U+4459,䑙,17,,60,structural
4172,U+445A,䑚,27,,60,structural
4173,U+445B,䑛,13,,60,structural
4174,U+445C,䑜,2,,60,structural
4175,U+445D,䑝,1,,60,structural
4176,U+445E,䑞,42,,60,structural
4177,U+445F,䑟,33,,60,structural
4178,U+4460,䑠,27,,60,structural
4179,U+4461,䑡,39,,60,structural
4180,U+4462,䑢,56,,60,structural
4181,U+4463,䑣,27,,60,structural
4182,U+4464,䑤,13,,60,structural
4183,U+4465,䑥,51,,60,structural
4184,U+4466,䑦,1,,60,structural
4185,U+4467,䑧,46,,60,structural
4186,U+4468,䑨,27,,60,structural
4187,U+4469,䑩,1,,60,structural
4188,U+446A,䑪,26,,60,structural
4189,U+446B,䑫,25,,60,structural
4190,U+446C,䑬,27,,60,structural
4191,U+446D,䑭,12,,60,structural
4192,U+446E,䑮,34,,60,structural
4193,U+446F,䑯,58,,60,structural
4194,U+4470,䑰,27,,60,structural
4195,U+4471,䑱,44,,60,structural
4196,U+4472,䑲,24,,60,structural
4197,U+4473,䑳,26,,60,structural
4198,U+4474,䑴,25,,60,structural
4199,U+4475,䑵,17,,60,structural
4200,U+4476,䑶,9,,60,structural
4201,U+4477,䑷,57,,60,structural
4202,U+4478,䑸,27,,60,structural
4203,U+4479,䑹,27,,60,structural
4204,U+447A,䑺,27,,60,structural
4205,U+447B,䑻,27,,60,structural
4206,U+447C,䑼,27,,60,structural
4207,U+447D,䑽,27,,60,structural
4208,U+447E,䑾,51,,60,structural
4209,U+447F,䑿,41,,60,structural
4210,U+4480,䒀,23,,60,structural
4211,U+4481,䒁,27,,60,structural
4212,U+4482,䒂,6,,60,structural
4213,U+4483,䒃,1,,60,structural
4214,U+4484,䒄,11,,60,structural
4215,U+4485,䒅,49,,60,structural
4216,U+4486,䒆,27,,60,structural
4217,U+4487,䒇,11,,60,structural
4218,U+4488,䒈,32,,60,structural
4219,U+4489,䒉,56,,60,structural
4220,U+448A,䒊,25,,60,structural
4221,U+448B,䒋,20,,60,structural
4222,U+448C,䒌,58,,60,structural
4223,U+448D,䒍,58,,60,structural
4224,U+448E,䒎,27,,60,structural
4225,U+448F,䒏,58,,60,structural
4226,U+4490,䒐,27,,60,structural
4227,U+4491,䒑,25,,60,structural
4228,U+4492,䒒,36,,60,structural
4229,U+4493,䒓,36,,60,structural
4230,U+4494,䒔,36,,60,structural
4231,U+4495,䒕,36,,60,structural
4232,U+4496,䒖,36,,60,structural
4233,U+4497,䒗,36,,60,structural
4234,U+4498,䒘,36,,60,structural
4235,U+4499,䒙,36,,60,structural
4236,U+449A,䒚,10,,60,structural
4237,U+449B,䒛,36,,60,structural
4238,U+449C,䒜,36,,60,structural
4239,U+449D,䒝,36,,60,structural
4240,U+449E,䒞,36,,60,structural
4241,U+449F,䒟,36,,60,structural
4242,U+44A0,䒠,43,,60,structural
4243,U+44A1,䒡,36,,60,structural
4244,U+44A2,䒢,36,,60,structural
4245,U+44A3,䒣,36,,60,structural
4246,U+44A4,䒤,24,,60,structural
4247,U+44A5,䒥,53,,60,structural
4248,U+44A6,䒦,36,,60,structural
4249,U+44A7,䒧,9,,60,structural
4250,U+44A8,䒨,36,,60,structural
4251,U+44A9,䒩,36,,60,structural
4252,U+44AA,䒪,36,,60,structural
4253,U+44AB,䒫,36,,60,structural
4254,U+44AC,䒬,36,,60,structural
4255,U+44AD,䒭,36,,60,structural
4256,U+44AE,䒮,36,,60,structural
4257,U+44AF,䒯,13,,60,structural
4258,U+44B0,䒰,33,,60,structural
4259,U+44B1,䒱,12,,60,structural
4260,U+44B2,䒲,31,,60,structural
4261,U+44B3,䒳,34,,60,structural
4262,U+44B4,䒴,36,,60,structural
4263,U+44B5,䒵,31,,60,structural
4264,U+44B6,䒶,36,,60,structural
4265,U+44B7,䒷,36,,60,structural
4266,U+44B8,䒸,36,,60,structural
4267,U+44B9,䒹,36,,60,structural
4268,U+44BA,䒺,15,,60,structural
4269,U+44BB,䒻,36,,60,structural
4270,U+44BC,䒼,36,,60,structural
4271,U+44BD,䒽,36,,60,structural
4272,U+44BE,䒾,35,,60,structural
4273,U+44BF,䒿,36,,60,structural
4274,U+44C0,䓀,36,,60,structural
4275,U+44C1,䓁,9,,60,structural
4276,U+44C2,䓂,5,,60,structural
4277,U+44C3,䓃,36,,60,structural
4278,U+44C4,䓄,36,,60,structural
4279,U+44C5,䓅,12,,60,structural
4280,U+44C6,䓆,3,,60,structural
4281,U+44C7,䓇,36,,60,structural
4282,U+44C8,䓈,36,,60,structural
4283,U+44C9,䓉,36,,60,structural
4284,U+44CA,䓊,21,,60,structural
4285,U+44CB,䓋,12,,60,structural
4286,U+44CC,䓌,36,,60,structural
4287,U+44CD,䓍,24,,60,structural
4288,U+44CE,䓎,42,,60,structural
4289,U+44CF,䓏,21,,60,structural
4290,U+44D0,䓐,36,,60,structural
4291,U+44D1,䓑,12,,60,structural
4292,U+44D2,䓒,36,,60,structural
4293,U+44D3,䓓,43,,60,structural
4294,U+44D4,䓔,36,,60,structural
4295,U+44D5,䓕,56,,60,structural
4296,U+44D6,䓖,36,,60,structural
4297,U+44D7,䓗,16,,60,structural
4298,U+44D8,䓘,36,,60,structural
4299,U+44D9,䓙,37,,60,structural
4300,U+44DA,䓚,36,,60,structural
4301,U+44DB,䓛,36,,60,structural
4302,U+44DC,䓜,12,,60,structural
4303,U+44DD,䓝,36,,60,structural
4304,U+44DE,䓞,36,,60,structural
4305,U+44DF,䓟,36,,60,structural
4306,U+44E0,䓠,8,,60,structural
4307,U+44E1,䓡,36,,60,structural
4308,U+44E2,䓢,36,,60,structural
4309,U+44E3,䓣,53,,60,structural
4310,U+44E4,䓤,10,,60,structural
4311,U+44E5,䓥,24,,60,structural
4312,U+44E6,䓦,36,,60,structural
4313,U+44E7,䓧,52,,60,structural
4314,U+44E8,䓨,27,,60,structural
4315,U+44E9,䓩,34,,60,structural
4316,U+44EA,䓪,24,,60,structural
4317,U+44EB,䓫,52,,60,structural
4318,U+44EC,䓬,24,,60,structural
4319,U+44ED,䓭,34,,60,structural
4320,U+44EE,䓮,36,,60,structural
4321,U+44EF,䓯,9,,60,structural
4322,U+44F0,䓰,59,,60,structural
4323,U+44F1,䓱,34,,60,structural
4324,U+44F2,䓲,47,,60,structural
4325,U+44F3,䓳,36,,60,structural
4326,U+44F4,䓴,36,,60,structural
4327,U+44F5,䓵,36,,60,structural
4328,U+44F6,䓶,34,,60,structural
4329,U+44F7,䓷,12,,60,structural
4330,U+44F8,䓸,31,,60,structural
4331,U+44F9,䓹,36,,60,structural
4332,U+44FA,䓺,36,,60,structural
4333,U+44FB,䓻,56,,60,structural
4334,U+44FC,䓼,31,,60,structural
4335,U+44FD,䓽,5,,60,structural
4336,U+44FE,䓾,10,,60,structural
4337,U+44FF,䓿,36,,60,structural
4338,U+4500,䔀,31,,60,structural
4339,U+4501,䔁,59,,60,structural
4340,U+4502,䔂,36,,60,structural
4341,U+4503,䔃,36,,60,structural
4342,U+4504,䔄,36,,60,structural
4343,U+4505,䔅,52,,60,structural
4344,U+4506,䔆,36,,60,structural
4345,U+4507,䔇,36,,60,structural
4346,U+4508,䔈,32,,60,structural
4347,U+4509,䔉,36,,60,structural
4348,U+450A,䔊,25,,60,structural
4349,U+450B,䔋,15,,60,structural
4350,U+450C,䔌,37,,60,structural
4351,U+450D,䔍,50,,60,structural
4352,U+450E,䔎,34,,60,structural
4353,U+450F,䔏,36,,60,structural
4354,U+4510,䔐,12,,60,structural
4355,U+4511,䔑,26,,60,structural
4356,U+4512,䔒,36,,60,structural
4357,U+4513,䔓,5,,60,structural
4358,U+4514,䔔,14,,60,structural
4359,U+4515,䔕,57,,60,structural
4360,U+4516,䔖,16,,60,structural
4361,U+4517,䔗,36,,60,structural
4362,U+4518,䔘,36,,60,structural
4363,U+4519,䔙,29,,60,structural
4364,U+451A,䔚,36,,60,structural
4365,U+451B,䔛,19,,60,structural
4366,U+451C,䔜,36,,60,structural
4367,U+451D,䔝,15,,60,structural
4368,U+451E,䔞,36,,60,structural
4369,U+451F,䔟,4,,60,structural
4370,U+4520,䔠,34,,60,structural
4371,U+4521,䔡,55,,60,structural
4372,U+4522,䔢,36,,60,structural
4373,U+4523,䔣,36,,60,structural
4374,U+4524,䔤,36,,60,structural
4375,U+4525,䔥,36,,60,structural
4376,U+4526,䔦,34,,60,structural
4377,U+4527,䔧,34,,60,structural
4378,U+4528,䔨,36,,60,structural
4379,U+4529,䔩,34,,60,structural
4380,U+452A,䔪,36,,60,structural
4381,U+452B,䔫,34,,60,structural
4382,U+452C,䔬,28,,60,structural
4383,U+452D,䔭,36,,60,structural
4384,U+452E,䔮,25,,60,structural
4385,U+452F,䔯,36,,60,structural
4386,U+4530,䔰,36,,60,structural
4387,U+4531,䔱,36,,60,structural
4388,U+4532,䔲,36,,60,structural
4389,U+4533,䔳,42,,60,structural
4390,U+4534,䔴,36,,60,structural
4391,U+4535,䔵,34,,60,structural
4392,U+4536,䔶,24,,60,structural
4393,U+4537,䔷,13,,60,structural
4394,U+4538,䔸,36,,60,structural
4395,U+4539,䔹,36,,60,structural
4396,U+453A,䔺,36,,60,structural
4397,U+453B,䔻,1,,60,structural
4398,U+453C,䔼,10,,60,structural
4399,U+453D,䔽,8,,60,structural
4400,U+453E,䔾,24,,60,structural
4401,U+453F,䔿,58,,60,structural
4402,U+4540,䕀,36,,60,structural
4403,U+4541,䕁,34,,60,structural
4404,U+4542,䕂,36,,60,structural
4405,U+4543,䕃,36,,60,structural
4406,U+4544,䕄,12,,60,structural
4407,U+4545,䕅,31,,60,structural
4408,U+4546,䕆,26,,60,structural
4409,U+4547,䕇,38,,60,structural
4410,U+4548,䕈,2,,60,structural
4411,U+4549,䕉,9,,60,structural
4412,U+454A,䕊,21,,60,structural
4413,U+454B,䕋,59,,60,structural
4414,U+454C,䕌,36,,60,structural
4415,U+454D,䕍,47,,60,structural
4416,U+454E,䕎,24,,60,structural
4417,U+454F,䕏,36,,60,structural
4418,U+4550,䕐,36,,60,structural
4419,U+4551,䕑,31,,60,structural
4420,U+4552,䕒,36,,60,structural
4421,U+4553,䕓,36,,60,structural
4422,U+4554,䕔,48,,60,structural
4423,U+4555,䕕,8,,60,structural
4424,U+4556,䕖,15,,60,structural
4425,U+4557,䕗,36,,60,structural
4426,U+4558,䕘,13,,60,structural
4427,U+4559,䕙,36,,60,structural
4428,U+455A,䕚,32,,60,structural
4429,U+455B,䕛,36,,60,structural
4430,U+455C,䕜,36,,60,structural
4431,U+455D,䕝,36,,60,structural
4432,U+455E,䕞,36,,60,structural
4433,U+455F,䕟,25,,60,structural
4434,U+4560,䕠,38,,60,structural
4435,U+4561,䕡,36,,60,structural
4436,U+4562,䕢,36,,60,structural
4437,U+4563,䕣,24,,60,structural
4438,U+4564,䕤,21,,60,structural
4439,U+4565,䕥,36,,60,structural
4440,U+4566,䕦,57,,60,structural
4441,U+4567,䕧,36,,60,structural
4442,U+4568,䕨,49,,60,structural
4443,U+4569,䕩,24,,60,structural
4444,U+456A,䕪,9,,60,structural
4445,U+456B,䕫,16,,60,structural
4446,U+456C,䕬,36,,60,structural
4447,U+456D,䕭,9,,60,structural
4448,U+456E,䕮,9,,60,structural
4449,U+456F,䕯,59,,60,structural
4450,U+4570,䕰,42,,60,structural
4451,U+4571,䕱,19,,60,structural
4452,U+4572,䕲,1,,60,structural
4453,U+4573,䕳,53,,60,structural
4454,U+4574,䕴,42,,60,structural
4455,U+4575,䕵,36,,60,structural
4456,U+4576,䕶,51,,60,structural
4457,U+4577,䕷,15,,60,structural
4458,U+4578,䕸,36,,60,structural
4459,U+4579,䕹,34,,60,structural
4460,U+457A,䕺,0,,60,structural
4461,U+457B,䕻,36,,60,structural
4462,U+457C,䕼,49,,60,structural
4463,U+457D,䕽,36,,60,structural
4464,U+457E,䕾,36,,60,structural
4465,U+457F,䕿,36,,60,structural
4466,U+4580,䖀,19,,60,structural
4467,U+4581,䖁,14,,60,structural
4468,U+4582,䖂,5,,60,structural
4469,U+4583,䖃,36,,60,structural
4470,U+4584,䖄,49,,60,structural
4471,U+4585,䖅,36,,60,structural
4472,U+4586,䖆,1,,60,structural
4473,U+4587,䖇,34,,60,structural
4474,U+4588,䖈,27,,60,structural
4475,U+4589,䖉,17,,60,structural
4476,U+458A,䖊,10,,60,structural
4477,U+458B,䖋,46,,60,structural
4478,U+458C,䖌,27,,60,structural
4479,U+458D,䖍,27,,60,structural
4480,U+458E,䖎,27,,60,structural
4481,U+458F,䖏,10,,60,structural
4482,U+4590,䖐,27,,60,structural
4483,U+4591,䖑,24,,60,structural
4484,U+4592,䖒,27,,60,structural
4485,U+4593,䖓,27,,60,structural
4486,U+4594,䖔,9,,60,structural
4487,U+4595,䖕,56,,60,structural
4488,U+4596,䖖,11,,60,structural
4489,U+4597,䖗,21,,60,structural
4490,U+4598,䖘,13,,60,structural
4491,U+4599,䖙,27,,60,structural
4492,U+459A,䖚,42,,60,structural
4493,U+459B,䖛,15,,60,structural
4494,U+459C,䖜,27,,60,structural
4495,U+459D,䖝,30,,60,structural
4496,U+459E,䖞,30,,60,structural
4497,U+459F,䖟,30,,60,structural
4498,U+45A0,䖠,30,,60,structural
4499,U+45A1,䖡,30,,60,structural
4500,U+45A2,䖢,10,,60,structural
4501,U+45A3,䖣,30,,60,structural
4502,U+45A4,䖤,44,,60,structural
4503,U+45A5,䖥,30,,60,structural
4504,U+45A6,䖦,30,,60,structural
4505,U+45A7,䖧,56,,60,structural
4506,U+45A8,䖨,30,,60,structural
4507,U+45A9,䖩,10,,60,structural
4508,U+45AA,䖪,30,,60,structural
4509,U+45AB,䖫,30,,60,structural
4510,U+45AC,䖬,30,,60,structural
4511,U+45AD,䖭,49,,60,structural
4512,U+45AE,䖮,18,,60,structural
4513,U+45AF,䖯,30,,60,structural
4514,U+45B0,䖰,30,,60,structural
4515,U+45B1,䖱,33,,60,structural
4516,U+45B2,䖲,24,,60,structural
4517,U+45B3,䖳,30,,60,structural
4518,U+45B4,䖴,30,,60,structural
4519,U+45B5,䖵,30,,60,structural
4520,U+45B6,䖶,30,,60,structural
4521,U+45B7,䖷,30,,60,structural
4522,U+45B8,䖸,30,,60,structural
4523,U+45B9,䖹,30,,60,structural
4524,U+45BA,䖺,46,,60,structural
4525,U+45BB,䖻,30,,60,structural
4526,U+45BC,䖼,9,,60,structural
4527,U+45BD,䖽,30,,60,structural
4528,U+45BE,䖾,41,,60,structural
4529,U+45BF,䖿,30,,60,structural
4530,U+45C0,䗀,16,,60,structural
4531,U+45C1,䗁,52,,60,structural
4532,U+45C2,䗂,30,,60,structural
4533,U+45C3,䗃,30,,60,structural
4534,U+45C4,䗄,30,,60,structural
4535,U+45C5,䗅,30,,60,structural
4536,U+45C6,䗆,30,,60,structural
4537,U+45C7,䗇,30,,60,structural
4538,U+45C8,䗈,30,,60,structural
4539,U+45C9,䗉,30,,60,structural
4540,U+45CA,䗊,42,,60,structural
4541,U+45CB,䗋,30,,60,structural
4542,U+45CC,䗌,30,,60,structural
4543,U+45CD,䗍,30,,60,structural
4544,U+45CE,䗎,59,,60,structural
4545,U+45CF,䗏,30,,60,structural
4546,U+45D0,䗐,30,,60,structural
4547,U+45D1,䗑,30,,60,structural
4548,U+45D2,䗒,25,,60,structural
4549,U+45D3,䗓,10,,60,structural
4550,U+45D4,䗔,30,,60,structural
4551,U+45D5,䗕,44,,60,structural
4552,U+45D6,䗖,53,,60,structural
4553,U+45D7,䗗,30,,60,structural
4554,U+45D8,䗘,9,,60,structural
4555,U+45D9,䗙,30,,60,structural
4556,U+45DA,䗚,57,,60,structural
4557,U+45DB,䗛,46,,60,structural
4558,U+45DC,䗜,30,,60,structural
4559,U+45DD,䗝,30,,60,structural
4560,U+45DE,䗞,30,,60,structural
4561,U+45DF,䗟,30,,60,structural
4562,U+45E0,䗠,30,,60,structural
4563,U+45E1,䗡,42,,60,structural
4564,U+45E2,䗢,30,,60,structural
4565,U+45E3,䗣,30,,60,structural
4566,U+45E4,䗤,30,,60,structural
4567,U+45E5,䗥,46,,60,structural
4568,U+45E6,䗦,43,,60,structural
4569,U+45E7,䗧,38,,60,structural
4570,U+45E8,䗨,30,,60,structural
4571,U+45E9,䗩,30,,60,structural
4572,U+45EA,䗪,38,,60,structural
4573,U+45EB,䗫,30,,60,structural
4574,U+45EC,䗬,43,,60,structural
4575,U+45ED,䗭,59,,60,structural
4576,U+45EE,䗮,30,,60,structural
4577,U+45EF,䗯,30,,60,structural
4578,U+45F0,䗰,32,,60,structural
4579,U+45F1,䗱,49,,60,structural
4580,U+45F2,䗲,30,,60,structural
4581,U+45F3,䗳,30,,60,structural
4582,U+45F4,䗴,10,,60,structural
4583,U+45F5,䗵,30,,60,structural
4584,U+45F6,䗶,24,,60,structural
4585,U+45F7,䗷,14,,60,structural
4586,U+45F8,䗸,30,,60,structural
4587,U+45F9,䗹,25,,60,structural
4588,U+45FA,䗺,30,,60,structural
4589,U+45FB,䗻,23,,60,structural
4590,U+45FC,䗼,42,,60,structural
4591,U+45FD,䗽,15,,60,structural
4592,U+45FE,䗾,30,,60,structural
4593,U+45FF,䗿,41,,60,structural
4594,U+4600,䘀,30,,60,structural
4595,U+4601,䘁,30,,60,structural
4596,U+4602,䘂,30,,60,structural
4597,U+4603,䘃,30,,60,structural
4598,U+4604,䘄,24,,60,structural
4599,U+4605,䘅,30,,60,structural
4600,U+4606,䘆,30,,60,structural
4601,U+4607,䘇,30,,60,structural
4602,U+4608,䘈,30,,60,structural
4603,U+4609,䘉,30,,60,structural
4604,U+460A,䘊,23,,60,structural
4605,U+460B,䘋,30,,60,structural
4606,U+460C,䘌,36,,60,structural
4607,U+460D,䘍,30,,60,structural
4608,U+460E,䘎,5,,60,structural
4609,U+460F,䘏,27,,60,structural
4610,U+4610,䘐,10,,60,structural
4611,U+4611,䘑,12,,60,structural
4612,U+4612,䘒,16,,60,structural
4613,U+4613,䘓,27,,60,structural
4614,U+4614,䘔,1,,60,structural
4615,U+4615,䘕,52,,60,structural
4616,U+4616,䘖,52,,60,structural
4617,U+4617,䘗,52,,60,structural
4618,U+4618,䘘,52,,60,structural
4619,U+4619,䘙,52,,60,structural
4620,U+461A,䘚,35,,60,structural
4621,U+461B,䘛,35,,60,structural
4622,U+461C,䘜,35,,60,structural
4623,U+461D,䘝,35,,60,structural
4624,U+461E,䘞,35,,60,structural
4625,U+461F,䘟,35,,60,structural
4626,U+4620,䘠,35,,60,structural
4627,U+4621,䘡,35,,60,structural
4628,U+4622,䘢,41,,60,structural
4629,U+4623,䘣,35,,60,structural
4630,U+4624,䘤,35,,60,structural
4631,U+4625,䘥,35,,60,structural
4632,U+4626,䘦,35,,60,structural
4633,U+4627,䘧,35,,60,structural
4634,U+4628,䘨,35,,60,structural
4635,U+4629,䘩,24,,60,structural
4636,U+462A,䘪,35,,60,structural
4637,U+462B,䘫,35,,60,structural
4638,U+462C,䘬,35,,60,structural
4639,U+462D,䘭,35,,60,structural
4640,U+462E,䘮,46,,60,structural
4641,U+462F,䘯,35,,60,structural
4642,U+4630,䘰,10,,60,structural
4643,U+4631,䘱,27,,60,structural
4644,U+4632,䘲,35,,60,structural
4645,U+4633,䘳,35,,60,structural
4646,U+4634,䘴,16,,60,structural
4647,U+4635,䘵,58,,60,structural
4648,U+4636,䘶,58,,60,structural
4649,U+4637,䘷,53,,60,structural
4650,U+4638,䘸,13,,60,structural
4651,U+4639,䘹,35,,60,structural
4652,U+463A,䘺,35,,60,structural
4653,U+463B,䘻,35,,60,structural
4654,U+463C,䘼,44,,60,structural
4655,U+463D,䘽,35,,60,structural
4656,U+463E,䘾,35,,60,structural
4657,U+463F,䘿,35,,60,structural
4658,U+4640,䙀,40,,60,structural
4659,U+4641,䙁,35,,60,structural
4660,U+4642,䙂,16,,60,structural
4661,U+4643,䙃,35,,60,structural
4662,U+4644,䙄,37,,60,structural
4663,U+4645,䙅,59,,60,structural
4664,U+4646,䙆,35,,60,structural
4665,U+4647,䙇,35,,60,structural
4666,U+4648,䙈,35,,60,structural
4667,U+4649,䙉,35,,60,structural
4668,U+464A,䙊,53,,60,structural
4669,U+464B,䙋,41,,60,structural
4670,U+464C,䙌,35,,60,structural
4671,U+464D,䙍,35,,60,structural
4672,U+464E,䙎,35,,60,structural
4673,U+464F,䙏,57,,60,structural
4674,U+4650,䙐,35,,60,structural
4675,U+4651,䙑,21,,60,structural
4676,U+4652,䙒,35,,60,structural
4677,U+4653,䙓,9,,60,structural
4678,U+4654,䙔,35,,60,structural
4679,U+4655,䙕,35,,60,structural
4680,U+4656,䙖,40,,60,structural
4681,U+4657,䙗,47,,60,structural
4682,U+4658,䙘,35,,60,structural
4683,U+4659,䙙,35,,60,structural
4684,U+465A,䙚,35,,60,structural
4685,U+465B,䙛,47,,60,structural
4686,U+465C,䙜,43,,60,structural
4687,U+465D,䙝,13,,60,structural
4688,U+465E,䙞,35,,60,structural
4689,U+465F,䙟,35,,60,structural
4690,U+4660,䙠,25,,60,structural
4691,U+4661,䙡,35,,60,structural
4692,U+4662,䙢,35,,60,structural
4693,U+4663,䙣,18,,60,structural
4694,U+4664,䙤,35,,60,structural
4695,U+4665,䙥,13,,60,structural
4696,U+4666,䙦,4,,60,structural
4697,U+4667,䙧,35,,60,structural
4698,U+4668,䙨,35,,60,structural
4699,U+4669,䙩,36,,60,structural
4700,U+466A,䙪,35,,60,structural
4701,U+466B,䙫,28,,60,structural
4702,U+466C,䙬,35,,60,structural
4703,U+466D,䙭,35,,60,structural
4704,U+466E,䙮,35,,60,structural
4705,U+466F,䙯,35,,60,structural
4706,U+4670,䙰,10,,60,structural
4707,U+4671,䙱,35,,60,structural
4708,U+4672,䙲,59,,60,structural
4709,U+4673,䙳,59,,60,structural
4710,U+4674,䙴,59,,60,structural
4711,U+4675,䙵,59,,60,structural
4712,U+4676,䙶,56,,60,structural
4713,U+4677,䙷,27,,60,structural
4714,U+4678,䙸,27,,60,structural
4715,U+4679,䙹,56,,60,structural
4716,U+467A,䙺,42,,60,structural
4717,U+467B,䙻,27,,60,structural
4718,U+467C,䙼,1,,60,structural
4719,U+467D,䙽,27,,60,structural
4720,U+467E,䙾,27,,60,structural
4721,U+467F,䙿,34,,60,structural
4722,U+4680,䚀,27,,60,structural
4723,U+4681,䚁,18,,60,structural
4724,U+4682,䚂,27,,60,structural
4725,U+4683,䚃,27,,60,structural
4726,U+4684,䚄,58,,60,structural
4727,U+4685,䚅,34,,60,structural
4728,U+4686,䚆,36,,60,structural
4729,U+4687,䚇,10,,60,structural
4730,U+4688,䚈,59,,60,structural
4731,U+4689,䚉,43,,60,structural
4732,U+468A,䚊,25,,60,structural
4733,U+468B,䚋,54,,60,structural
4734,U+468C,䚌,37,,60,structural
4735,U+468D,䚍,32,,60,structural
4736,U+468E,䚎,27,,60,structural
4737,U+468F,䚏,27,,60,structural
4738,U+4690,䚐,1,,60,structural
4739,U+4691,䚑,32,,60,structural
4740,U+4692,䚒,27,,60,structural
4741,U+4693,䚓,28,,60,structural
4742,U+4694,䚔,41,,60,structural
4743,U+4695,䚕,27,,60,structural
4744,U+4696,䚖,46,,60,structural
4745,U+4697,䚗,16,,60,structural
4746,U+4698,䚘,52,,60,structural
4747,U+4699,䚙,56,,60,structural
4748,U+469A,䚚,27,,60,structural
4749,U+469B,䚛,1,,60,structural
4750,U+469C,䚜,37,,60,structural
4751,U+469D,䚝,27,,60,structural
4752,U+469E,䚞,34,,60,structural
4753,U+469F,䚟,56,,60,structural
4754,U+46A0,䚠,24,,60,structural
4755,U+46A1,䚡,11,,60,structural
4756,U+46A2,䚢,2,,60,structural
4757,U+46A3,䚣,24,,60,structural
4758,U+46A4,䚤,27,,60,structural
4759,U+46A5,䚥,6,,60,structural
4760,U+46A6,䚦,27,,60,structural
4761,U+46A7,䚧,46,,60,structural
4762,U+46A8,䚨,27,,60,structural
4763,U+46A9,䚩,18,,60,structural
4764,U+46AA,䚪,27,,60,structural
4765,U+46AB,䚫,27,,60,structural
4766,U+46AC,䚬,27,,60,structural
4767,U+46AD,䚭,36,,60,structural
4768,U+46AE,䚮,5,,60,structural
4769,U+46AF,䚯,5,,60,structural
4770,U+46B0,䚰,5,,60,structural
4771,U+46B1,䚱,5,,60,structural
4772,U+46B2,䚲,5,,60,structural
4773,U+46B3,䚳,5,,60,structural
4774,U+46B4,䚴,5,,60,structural
4775,U+46B5,䚵,5,,60,structural
4776,U+46B6,䚶,5,,60,structural
4777,U+46B7,䚷,25,,60,structural
4778,U+46B8,䚸,46,,60,structural
4779,U+46B9,䚹,5,,60,structural
4780,U+46BA,䚺,5,,60,structural
4781,U+46BB,䚻,5,,60,structural
4782,U+46BC,䚼,5,,60,structural
4783,U+46BD,䚽,5,,60,structural
4784,U+46BE,䚾,5,,60,structural
4785,U+46BF,䚿,5,,60,structural
4786,U+46C0,䛀,5,,60,structural
4787,U+46C1,䛁,5,,60,structural
4788,U+46C2,䛂,5,,60,structural
4789,U+46C3,䛃,56,,60,structural
4790,U+46C4,䛄,44,,60,structural
4791,U+46C5,䛅,5,,60,structural
4792,U+46C6,䛆,5,,60,structural
4793,U+46C7,䛇,5,,60,structural
4794,U+46C8,䛈,5,,60,structural
4795,U+46C9,䛉,5,,60,structural
4796,U+46CA,䛊,47,,60,structural
4797,U+46CB,䛋,5,,60,structural
4798,U+46CC,䛌,5,,60,structural
4799,U+46CD,䛍,5,,60,structural
4800,U+46CE,䛎,5,,60,structural
4801,U+46CF,䛏,5,,60,structural
4802,U+46D0,䛐,5,,60,structural
4803,U+46D1,䛑,10,,60,structural
4804,U+46D2,䛒,5,,60,structural
4805,U+46D3,䛓,5,,60,structural
4806,U+46D4,䛔,5,,60,structural
4807,U+46D5,䛕,5,,60,structural
4808,U+46D6,䛖,5,,60,structural
4809,U+46D7,䛗,5,,60,structural
4810,U+46D8,䛘,46,,60,structural
4811,U+46D9,䛙,34,,60,structural
4812,U+46DA,䛚,43,,60,structural
4813,U+46DB,䛛,5,,60,structural
4814,U+46DC,䛜,5,,60,structural
4815,U+46DD,䛝,5,,60,structural
4816,U+46DE,䛞,24,,60,structural
4817,U+46DF,䛟,5,,60,structural
4818,U+46E0,䛠,5,,60,structural
4819,U+46E1,䛡,5,,60,structural
4820,U+46E2,䛢,5,,60,structural
4821,U+46E3,䛣,5,,60,structural
4822,U+46E4,䛤,5,,60,structural
4823,U+46E5,䛥,5,,60,structural
4824,U+46E6,䛦,5,,60,structural
4825,U+46E7,䛧,5,,60,structural
4826,U+46E8,䛨,5,,60,structural
4827,U+46E9,䛩,5,,60,structural
4828,U+46EA,䛪,5,,60,structural
4829,U+46EB,䛫,5,,60,structural
4830,U+46EC,䛬,5,,60,structural
4831,U+46ED,䛭,5,,60,structural
4832,U+46EE,䛮,5,,60,structural
4833,U+46EF,䛯,5,,60,structural
4834,U+46F0,䛰,24,,60,structural
4835,U+46F1,䛱,59,,60,structural
4836,U+46F2,䛲,5,,60,structural
4837,U+46F3,䛳,24,,60,structural
4838,U+46F4,䛴,52,,60,structural
4839,U+46F5,䛵,5,,60,structural
4840,U+46F6,䛶,5,,60,structural
4841,U+46F7,䛷,44,,60,structural
4842,U+46F8,䛸,5,,60,structural
4843,U+46F9,䛹,5,,60,structural
4844,U+46FA,䛺,46,,60,structural
4845,U+46FB,䛻,5,,60,structural
4846,U+46FC,䛼,5,,60,structural
4847,U+46FD,䛽,37,,60,structural
4848,U+46FE,䛾,5,,60,structural
4849,U+46FF,䛿,5,,60,structural
4850,U+4700,䜀,5,,60,structural
4851,U+4701,䜁,5,,60,structural
4852,U+4702,䜂,37,,60,structural
4853,U+4703,䜃,5,,60,structural
4854,U+4704,䜄,58,,60,structural
4855,U+4705,䜅,5,,60,structural
4856,U+4706,䜆,5,,60,structural
4857,U+4707,䜇,16,,60,structural
4858,U+4708,䜈,24,,60,structural
4859,U+4709,䜉,58,,60,structural
4860,U+470A,䜊,56,,60,structural
4861,U+470B,䜋,5,,60,structural
4862,U+470C,䜌,5,,60,structural
4863,U+470D,䜍,24,,60,structural
4864,U+470E,䜎,5,,60,structural
4865,U+470F,䜏,5,,60,structural
4866,U+4710,䜐,5,,60,structural
4867,U+4711,䜑,5,,60,structural
4868,U+4712,䜒,18,,60,structural
4869,U+4713,䜓,2,,60,structural
4870,U+4714,䜔,5,,60,structural
4871,U+4715,䜕,36,,60,structural
4872,U+4716,䜖,59,,60,structural
4873,U+4717,䜗,21,,60,structural
4874,U+4718,䜘,36,,60,structural
4875,U+4719,䜙,24,,60,structural
4876,U+471A,䜚,5,,60,structural
4877,U+471B,䜛,5,,60,structural
4878,U+471C,䜜,5,,60,structural
4879,U+471D,䜝,5,,60,structural
4880,U+471E,䜞,5,,60,structural
4881,U+471F,䜟,5,,60,structural
4882,U+4720,䜠,7,,60,structural
4883,U+4721,䜡,5,,60,structural
4884,U+4722,䜢,5,,60,structural
4885,U+4723,䜣,5,,60,structural
4886,U+4724,䜤,28,,60,structural
4887,U+4725,䜥,56,,60,structural
4888,U+4726,䜦,24,,60,structural
4889,U+4727,䜧,5,,60,structural
4890,U+4728,䜨,59,,60,structural
4891,U+4729,䜩,42,,60,structural
4892,U+472A,䜪,27,,60,structural
4893,U+472B,䜫,27,,60,structural
4894,U+472C,䜬,11,,60,structural
4895,U+472D,䜭,27,,60,structural
4896,U+472E,䜮,27,,60,structural
4897,U+472F,䜯,27,,60,structural
4898,U+4730,䜰,37,,60,structural
4899,U+4731,䜱,24,,60,structural
4900,U+4732,䜲,10,,60,structural
4901,U+4733,䜳,27,,60,structural
4902,U+4734,䜴,27,,60,structural
4903,U+4735,䜵,27,,60,structural
4904,U+4736,䜶,27,,60,structural
4905,U+4737,䜷,27,,60,structural
4906,U+4738,䜸,27,,60,structural
4907,U+4739,䜹,34,,60,structural
4908,U+473A,䜺,28,,60,structural
4909,U+473B,䜻,24,,60,structural
4910,U+473C,䜼,27,,60,structural
4911,U+473D,䜽,26,,60,structural
4912,U+473E,䜾,14,,60,structural
4913,U+473F,䜿,56,,60,structural
4914,U+4740,䝀,11,,60,structural
4915,U+4741,䝁,27,,60,structural
4916,U+4742,䝂,27,,60,structural
4917,U+4743,䝃,24,,60,structural
4918,U+4744,䝄,51,,60,structural
4919,U+4745,䝅,9,,60,structural
4920,U+4746,䝆,10,,60,structural
4921,U+4747,䝇,58,,60,structural
4922,U+4748,䝈,27,,60,structural
4923,U+4749,䝉,27,,60,structural
4924,U+474A,䝊,27,,60,structural
4925,U+474B,䝋,27,,60,structural
4926,U+474C,䝌,51,,60,structural
4927,U+474D,䝍,27,,60,structural
4928,U+474E,䝎,11,,60,structural
4929,U+474F,䝏,31,,60,structural
4930,U+4750,䝐,27,,60,structural
4931,U+4751,䝑,27,,60,structural
4932,U+4752,䝒,0,,60,structural
4933,U+4753,䝓,10,,60,structural
4934,U+4754,䝔,36,,60,structural
4935,U+4755,䝕,0,,60,structural
4936,U+4756,䝖,27,,60,structural
4937,U+4757,䝗,34,,60,structural
4938,U+4758,䝘,27,,60,structural
4939,U+4759,䝙,10,,60,structural
4940,U+475A,䝚,27,,60,structural
4941,U+475B,䝛,27,,60,structural
4942,U+475C,䝜,16,,60,structural
4943,U+475D,䝝,52,,60,structural
4944,U+475E,䝞,27,,60,structural
4945,U+475F,䝟,43,,60,structural
4946,U+4760,䝠,27,,60,structural
4947,U+4761,䝡,53,,60,structural
4948,U+4762,䝢,24,,60,structural
4949,U+4763,䝣,34,,60,structural
4950,U+4764,䝤,24,,60,structural
4951,U+4765,䝥,27,,60,structural
4952,U+4766,䝦,10,,60,structural
4953,U+4767,䝧,32,,60,structural
4954,U+4768,䝨,32,,60,structural
4955,U+4769,䝩,46,,60,structural
4956,U+476A,䝪,32,,60,structural
4957,U+476B,䝫,32,,60,structural
4958,U+476C,䝬,32,,60,structural
4959,U+476D,䝭,54,,60,structural
4960,U+476E,䝮,32,,60,structural
4961,U+476F,䝯,32,,60,structural
4962,U+4770,䝰,32,,60,structural
4963,U+4771,䝱,32,,60,structural
4964,U+4772,䝲,32,,60,structural
4965,U+4773,䝳,32,,60,structural
4966,U+4774,䝴,59,,60,structural
4967,U+4775,䝵,57,,60,structural
4968,U+4776,䝶,54,,60,structural
4969,U+4777,䝷,54,,60,structural
4970,U+4778,䝸,32,,60,structural
4971,U+4779,䝹,44,,60,structural
4972,U+477A,䝺,32,,60,structural
4973,U+477B,䝻,54,,60,structural
4974,U+477C,䝼,32,,60,structural
4975,U+477D,䝽,32,,60,structural
4976,U+477E,䝾,32,,60,structural
4977,U+477F,䝿,32,,60,structural
4978,U+4780,䞀,32,,60,structural
4979,U+4781,䞁,31,,60,structural
4980,U+4782,䞂,32,,60,structural
4981,U+4783,䞃,32,,60,structural
4982,U+4784,䞄,32,,60,structural
4983,U+4785,䞅,54,,60,structural
4984,U+4786,䞆,32,,60,structural
4985,U+4787,䞇,13,,60,structural
4986,U+4788,䞈,32,,60,structural
4987,U+4789,䞉,49,,60,structural
4988,U+478A,䞊,32,,60,structural
4989,U+478B,䞋,32,,60,structural
4990,U+478C,䞌,32,,60,structural
4991,U+478D,䞍,32,,60,structural
4992,U+478E,䞎,32,,60,structural
4993,U+478F,䞏,32,,60,structural
4994,U+4790,䞐,32,,60,structural
4995,U+4791,䞑,27,,60,structural
4996,U+4792,䞒,1,,60,structural
4997,U+4793,䞓,56,,60,structural
4998,U+4794,䞔,27,,60,structural
4999,U+4795,䞕,27,,60,structural
5000,U+4796,䞖,27,,60,structural
5001,U+4797,䞗,3,,60,structural
5002,U+4798,䞘,27,,60,structural
5003,U+4799,䞙,53,,60,structural
5004,U+479A,䞚,27,,60,structural
5005,U+479B,䞛,56,,60,structural
5006,U+479C,䞜,56,,60,structural
5007,U+479D,䞝,33,,60,structural
5008,U+479E,䞞,10,,60,structural
5009,U+479F,䞟,27,,60,structural
5010,U+47A0,䞠,27,,60,structural
5011,U+47A1,䞡,56,,60,structural
5012,U+47A2,䞢,10,,60,structural
5013,U+47A3,䞣,13,,60,structural
5014,U+47A4,䞤,1,,60,structural
5015,U+47A5,䞥,27,,60,structural
5016,U+47A6,䞦,1,,60,structural
5017,U+47A7,䞧,1,,60,structural
5018,U+47A8,䞨,9,,60,structural
5019,U+47A9,䞩,26,,60,structural
5020,U+47AA,䞪,27,,60,structural
5021,U+47AB,䞫,21,,60,structural
5022,U+47AC,䞬,10,,60,structural
5023,U+47AD,䞭,16,,60,structural
5024,U+47AE,䞮,26,,60,structural
5025,U+47AF,䞯,27,,60,structural
5026,U+47B0,䞰,27,,60,structural
5027,U+47B1,䞱,27,,60,structural
5028,U+47B2,䞲,27,,60,structural
5029,U+47B3,䞳,1,,60,structural
5030,U+47B4,䞴,27,,60,structural
5031,U+47B5,䞵,51,,60,structural
5032,U+47B6,䞶,24,,60,structural
5033,U+47B7,䞷,27,,60,structural
5034,U+47B8,䞸,1,,60,structural
5035,U+47B9,䞹,33,,60,structural
5036,U+47BA,䞺,27,,60,structural
5037,U+47BB,䞻,27,,60,structural
5038,U+47BC,䞼,27,,60,structural
5039,U+47BD,䞽,15,,60,structural
5040,U+47BE,䞾,27,,60,structural
5041,U+47BF,䞿,27,,60,structural
5042,U+47C0,䟀,27,,60,structural
5043,U+47C1,䟁,24,,60,structural
5044,U+47C2,䟂,24,,60,structural
5045,U+47C3,䟃,27,,60,structural
5046,U+47C4,䟄,32,,60,structural
5047,U+47C5,䟅,27,,60,structural
5048,U+47C6,䟆,56,,60,structural
5049,U+47C7,䟇,46,,60,structural
5050,U+47C8,䟈,27,,60,structural
5051,U+47C9,䟉,27,,60,structural
5052,U+47CA,䟊,27,,60,structural
5053,U+47CB,䟋,5,,60,structural
5054,U+47CC,䟌,51,,60,structural
5055,U+47CD,䟍,27,,60,structural
5056,U+47CE,䟎,49,,60,structural
5057,U+47CF,䟏,34,,60,structural
5058,U+47D0,䟐,20,,60,structural
5059,U+47D1,䟑,27,,60,structural
5060,U+47D2,䟒,36,,60,structural
5061,U+47D3,䟓,52,,60,structural
5062,U+47D4,䟔,17,,60,structural
5063,U+47D5,䟕,39,,60,structural
5064,U+47D6,䟖,17,,60,structural
5065,U+47D7,䟗,17,,60,structural
5066,U+47D8,䟘,17,,60,structural
5067,U+47D9,䟙,17,,60,structural
5068,U+47DA,䟚,56,,60,structural
5069,U+47DB,䟛,53,,60,structural
5070,U+47DC,䟜,46,,60,structural
5071,U+47DD,䟝,17,,60,structural
5072,U+47DE,䟞,10,,60,structural
5073,U+47DF,䟟,13,,60,structural
5074,U+47E0,䟠,17,,60,structural
5075,U+47E1,䟡,13,,60,structural
5076,U+47E2,䟢,17,,60,structural
5077,U+47E3,䟣,34,,60,structural
5078,U+47E4,䟤,10,,60,structural
5079,U+47E5,䟥,17,,60,structural
5080,U+47E6,䟦,10,,60,structural
5081,U+47E7,䟧,17,,60,structural
5082,U+47E8,䟨,17,,60,structural
5083,U+47E9,䟩,9,,60,structural
5084,U+47EA,䟪,10,,60,structural
5085,U+47EB,䟫,17,,60,structural
5086,U+47EC,䟬,56,,60,structural
5087,U+47ED,䟭,10,,60,structural
5088,U+47EE,䟮,46,,60,structural
5089,U+47EF,䟯,17,,60,structural
5090,U+47F0,䟰,17,,60,structural
5091,U+47F1,䟱,34,,60,structural
5092,U+47F2,䟲,17,,60,structural
5093,U+47F3,䟳,17,,60,structural
5094,U+47F4,䟴,17,,60,structural
5095,U+47F5,䟵,25,,60,structural
5096,U+47F6,䟶,9,,60,structural
5097,U+47F7,䟷,3,,60,structural
5098,U+47F8,䟸,17,,60,structural
5099,U+47F9,䟹,17,,60,structural
5100,U+47FA,䟺,32,,60,structural
5101,U+47FB,䟻,26,,60,structural
5102,U+47FC,䟼,56,,60,structural
5103,U+47FD,䟽,17,,60,structural
5104,U+47FE,䟾,17,,60,structural
5105,U+47FF,䟿,58,,60,structural
5106,U+4800,䠀,1,,60,structural
5107,U+4801,䠁,17,,60,structural
5108,U+4802,䠂,34,,60,structural
5109,U+4803,䠃,53,,60,structural
5110,U+4804,䠄,58,,60,structural
5111,U+4805,䠅,17,,60,structural
5112,U+4806,䠆,17,,60,structural
5113,U+4807,䠇,17,,60,structural
5114,U+4808,䠈,17,,60,structural
5115,U+4809,䠉,17,,60,structural
5116,U+480A,䠊,17,,60,structural
5117,U+480B,䠋,37,,60,structural
5118,U+480C,䠌,12,,60,structural
5119,U+480D,䠍,17,,60,structural
5120,U+480E,䠎,17,,60,structural
5121,U+480F,䠏,56,,60,structural
5122,U+4810,䠐,17,,60,structural
5123,U+4811,䠑,9,,60,structural
5124,U+4812,䠒,57,,60,structural
5125,U+4813,䠓,58,,60,structural
5126,U+4814,䠔,58,,60,structural
5127,U+4815,䠕,34,,60,structural
5128,U+4816,䠖,6,,60,structural
5129,U+4817,䠗,17,,60,structural
5130,U+4818,䠘,17,,60,structural
5131,U+4819,䠙,58,,60,structural
5132,U+481A,䠚,17,,60,structural
5133,U+481B,䠛,17,,60,structural
5134,U+481C,䠜,36,,60,structural
5135,U+481D,䠝,54,,60,structural
5136,U+481E,䠞,56,,60,structural
5137,U+481F,䠟,13,,60,structural
5138,U+4820,䠠,53,,60,structural
5139,U+4821,䠡,56,,60,structural
5140,U+4822,䠢,17,,60,structural
5141,U+4823,䠣,28,,60,structural
5142,U+4824,䠤,21,,60,structural
5143,U+4825,䠥,53,,60,structural
5144,U+4826,䠦,1,,60,structural
5145,U+4827,䠧,24,,60,structural
5146,U+4828,䠨,5,,60,structural
5147,U+4829,䠩,56,,60,structural
5148,U+482A,䠪,17,,60,structural
5149,U+482B,䠫,0,,60,structural
5150,U+482C,䠬,17,,60,structural
5151,U+482D,䠭,32,,60,structural
5152,U+482E,䠮,49,,60,structural
5153,U+482F,䠯,17,,60,structural
5154,U+4830,䠰,36,,60,structural
5155,U+4831,䠱,58,,60,structural
5156,U+4832,䠲,13,,60,structural
5157,U+4833,䠳,27,,60,structural
5158,U+4834,䠴,27,,60,structural
5159,U+4835,䠵,46,,60,structural
5160,U+4836,䠶,27,,60,structural
5161,U+4837,䠷,27,,60,structural
5162,U+4838,䠸,56,,60,structural
5163,U+4839,䠹,46,,60,structural
5164,U+483A,䠺,1,,60,structural
5165,U+483B,䠻,27,,60,structural
5166,U+483C,䠼,26,,60,structural
5167,U+483D,䠽,11,,60,structural
5168,U+483E,䠾,46,,60,structural
5169,U+483F,䠿,32,,60,structural
5170,U+4840,䡀,21,,60,structural
5171,U+4841,䡁,27,,60,structural
5172,U+4842,䡂,27,,60,structural
5173,U+4843,䡃,27,,60,structural
5174,U+4844,䡄,27,,60,structural
5175,U+4845,䡅,27,,60,structural
5176,U+4846,䡆,16,,60,structural
5177,U+4847,䡇,56,,60,structural
5178,U+4848,䡈,27,,60,structural
5179,U+4849,䡉,27,,60,structural
5180,U+484A,䡊,51,,60,structural
5181,U+484B,䡋,27,,60,structural
5182,U+484C,䡌,27,,60,structural
5183,U+484D,䡍,49,,60,structural
5184,U+484E,䡎,27,,60,structural
5185,U+484F,䡏,27,,60,structural
5186,U+4850,䡐,27,,60,structural
5187,U+4851,䡑,27,,60,structural
5188,U+4852,䡒,11,,60,structural
5189,U+4853,䡓,52,,60,structural
5190,U+4854,䡔,4,,60,structural
5191,U+4855,䡕,12,,60,structural
5192,U+4856,䡖,27,,60,structural
5193,U+4857,䡗,13,,60,structural
5194,U+4858,䡘,11,,60,structural
5195,U+4859,䡙,13,,60,structural
5196,U+485A,䡚,27,,60,structural
5197,U+485B,䡛,27,,60,structural
5198,U+485C,䡜,9,,60,structural
5199,U+485D,䡝,44,,60,structural
5200,U+485E,䡞,20,,60,structural
5201,U+485F,䡟,37,,60,structural
5202,U+4860,䡠,32,,60,structural
5203,U+4861,䡡,27,,60,structural
5204,U+4862,䡢,13,,60,structural
5205,U+4863,䡣,27,,60,structural
5206,U+4864,䡤,24,,60,structural
5207,U+4865,䡥,27,,60,structural
5208,U+4866,䡦,34,,60,structural
5209,U+4867,䡧,42,,60,structural
5210,U+4868,䡨,27,,60,structural
5211,U+4869,䡩,25,,60,structural
5212,U+486A,䡪,13,,60,structural
5213,U+486B,䡫,43,,60,structural
5214,U+486C,䡬,24,,60,structural
5215,U+486D,䡭,56,,60,structural
5216,U+486E,䡮,46,,60,structural
5217,U+486F,䡯,10,,60,structural
5218,U+4870,䡰,27,,60,structural
5219,U+4871,䡱,1,,60,structural
5220,U+4872,䡲,21,,60,structural
5221,U+4873,䡳,25,,60,structural
5222,U+4874,䡴,27,,60,structural
5223,U+4875,䡵,58,,60,structural
5224,U+4876,䡶,27,,60,structural
5225,U+4877,䡷,9,,60,structural
5226,U+4878,䡸,27,,60,structural
5227,U+4879,䡹,11,,60,structural
5228,U+487A,䡺,43,,60,structural
5229,U+487B,䡻,27,,60,structural
5230,U+487C,䡼,27,,60,structural
5231,U+487D,䡽,32,,60,structural
5232,U+487E,䡾,27,,60,structural
5233,U+487F,䡿,46,,60,structural
5234,U+4880,䢀,27,,60,structural
5235,U+4881,䢁,27,,60,structural
5236,U+4882,䢂,27,,60,structural
5237,U+4883,䢃,10,,60,structural
5238,U+4884,䢄,1,,60,structural
5239,U+4885,䢅,27,,60,structural
5240,U+4886,䢆,27,,60,structural
5241,U+4887,䢇,27,,60,structural
5242,U+4888,䢈,26,,60,structural
5243,U+4889,䢉,10,,60,structural
5244,U+488A,䢊,27,,60,structural
5245,U+488B,䢋,56,,60,structural
5246,U+488C,䢌,53,,60,structural
5247,U+488D,䢍,27,,60,structural
5248,U+488E,䢎,56,,60,structural
5249,U+488F,䢏,27,,60,structural
5250,U+4890,䢐,56,,60,structural
5251,U+4891,䢑,13,,60,structural
5252,U+4892,䢒,27,,60,structural
5253,U+4893,䢓,17,,60,structural
5254,U+4894,䢔,26,,60,structural
5255,U+4895,䢕,56,,60,structural
5256,U+4896,䢖,27,,60,structural
5257,U+4897,䢗,27,,60,structural
5258,U+4898,䢘,27,,60,structural
5259,U+4899,䢙,32,,60,structural
5260,U+489A,䢚,56,,60,structural
5261,U+489B,䢛,47,,60,structural
5262,U+489C,䢜,53,,60,structural
5263,U+489D,䢝,56,,60,structural
5264,U+489E,䢞,34,,60,structural
5265,U+489F,䢟,27,,60,structural
5266,U+48A0,䢠,42,,60,structural
5267,U+48A1,䢡,2,,60,structural
5268,U+48A2,䢢,26,,60,structural
5269,U+48A3,䢣,27,,60,structural
5270,U+48A4,䢤,34,,60,structural
5271,U+48A5,䢥,56,,60,structural
5272,U+48A6,䢦,58,,60,structural
5273,U+48A7,䢧,46,,60,structural
5274,U+48A8,䢨,46,,60,structural
5275,U+48A9,䢩,21,,60,structural
5276,U+48AA,䢪,18,,60,structural
5277,U+48AB,䢫,27,,60,structural
5278,U+48AC,䢬,27,,60,structural
5279,U+48AD,䢭,6,,60,structural
5280,U+48AE,䢮,11,,60,structural
5281,U+48AF,䢯,42,,60,structural
5282,U+48B0,䢰,51,,60,structural
5283,U+48B1,䢱,32,,60,structural
5284,U+48B2,䢲,51,,60,structural
5285,U+48B3,䢳,27,,60,structural
5286,U+48B4,䢴,27,,60,structural
5287,U+48B5,䢵,17,,60,structural
5288,U+48B6,䢶,34,,60,structural
5289,U+48B7,䢷,13,,60,structural
5290,U+48B8,䢸,56,,60,structural
5291,U+48B9,䢹,27,,60,structural
5292,U+48BA,䢺,27,,60,structural
5293,U+48BB,䢻,27,,60,structural
5294,U+48BC,䢼,28,,60,structural
5295,U+48BD,䢽,28,,60,structural
5296,U+48BE,䢾,27,,60,structural
5297,U+48BF,䢿,31,,60,structural
5298,U+48C0,䣀,27,,60,structural
5299,U+48C1,䣁,27,,60,structural
5300,U+48C2,䣂,27,,60,structural
5301,U+48C3,䣃,27,,60,structural
5302,U+48C4,䣄,26,,60,structural
5303,U+48C5,䣅,27,,60,structural
5304,U+48C6,䣆,56,,60,structural
5305,U+48C7,䣇,25,,60,structural
5306,U+48C8,䣈,27,,60,structural
5307,U+48C9,䣉,10,,60,structural
5308,U+48CA,䣊,1,,60,structural
5309,U+48CB,䣋,34,,60,structural
5310,U+48CC,䣌,38,,60,structural
5311,U+48CD,䣍,24,,60,structural
5312,U+48CE,䣎,11,,60,structural
5313,U+48CF,䣏,28,,60,structural
5314,U+48D0,䣐,36,,60,structural
5315,U+48D1,䣑,27,,60,structural
5316,U+48D2,䣒,32,,60,structural
5317,U+48D3,䣓,27,,60,structural
5318,U+48D4,䣔,27,,60,structural
5319,U+48D5,䣕,50,,60,structural
5320,U+48D6,䣖,50,,60,structural
5321,U+48D7,䣗,37,,60,structural
5322,U+48D8,䣘,9,,60,structural
5323,U+48D9,䣙,40,,60,structural
5324,U+48DA,䣚,31,,60,structural
5325,U+48DB,䣛,58,,60,structural
5326,U+48DC,䣜,56,,60,structural
5327,U+48DD,䣝,24,,60,structural
5328,U+48DE,䣞,25,,60,structural
5329,U+48DF,䣟,24,,60,structural
5330,U+48E0,䣠,49,,60,structural
5331,U+48E1,䣡,27,,60,structural
5332,U+48E2,䣢,28,,60,structural
5333,U+48E3,䣣,27,,60,structural
5334,U+48E4,䣤,51,,60,structural
5335,U+48E5,䣥,27,,60,structural
5336,U+48E6,䣦,27,,60,structural
5337,U+48E7,䣧,27,,60,structural
5338,U+48E8,䣨,10,,60,structural
5339,U+48E9,䣩,10,,60,structural
5340,U+48EA,䣪,53,,60,structural
5341,U+48EB,䣫,27,,60,structural
5342,U+48EC,䣬,27,,60,structural
5343,U+48ED,䣭,27,,60,structural
5344,U+48EE,䣮,39,,60,structural
5345,U+48EF,䣯,56,,60,structural
5346,U+48F0,䣰,27,,60,structural
5347,U+48F1,䣱,1,,60,structural
5348,U+48F2,䣲,27,,60,structural
5349,U+48F3,䣳,27,,60,structural
5350,U+48F4,䣴,10,,60,structural
5351,U+48F5,䣵,0,,60,structural
5352,U+48F6,䣶,27,,60,structural
5353,U+48F7,䣷,34,,60,structural
5354,U+48F8,䣸,46,,60,structural
5355,U+48F9,䣹,46,,60,structural
5356,U+48FA,䣺,1,,60,structural
5357,U+48FB,䣻,13,,60,structural
5358,U+48FC,䣼,1,,60,structural
5359,U+48FD,䣽,1,,60,structural
5360,U+48FE,䣾,41,,60,structural
5361,U+48FF,䣿,17,,60,structural
5362,U+4900,䤀,36,,60,structural
5363,U+4901,䤁,27,,60,structural
5364,U+4902,䤂,34,,60,structural
5365,U+4903,䤃,14,,60,structural
5366,U+4904,䤄,27,,60,structural
5367,U+4905,䤅,26,,60,structural
5368,U+4906,䤆,56,,60,structural
5369,U+4907,䤇,27,,60,structural
5370,U+4908,䤈,25,,60,structural
5371,U+4909,䤉,27,,60,structural
5372,U+490A,䤊,36,,60,structural
5373,U+490B,䤋,21,,60,structural
5374,U+490C,䤌,26,,60,structural
5375,U+490D,䤍,53,,60,structural
5376,U+490E,䤎,47,,60,structural
5377,U+490F,䤏,27,,60,structural
5378,U+4910,䤐,24,,60,structural
5379,U+4911,䤑,27,,60,structural
5380,U+4912,䤒,46,,60,structural
5381,U+4913,䤓,36,,60,structural
5382,U+4914,䤔,12,,60,structural
5383,U+4915,䤕,34,,60,structural
5384,U+4916,䤖,28,,60,structural
5385,U+4917,䤗,27,,60,structural
5386,U+4918,䤘,46,,60,structural
5387,U+4919,䤙,30,,60,structural
5388,U+491A,䤚,40,,60,structural
5389,U+491B,䤛,29,,60,structural
5390,U+491C,䤜,29,,60,structural
5391,U+491D,䤝,29,,60,structural
5392,U+491E,䤞,29,,60,structural
5393,U+491F,䤟,29,,60,structural
5394,U+4920,䤠,29,,60,structural
5395,U+4921,䤡,29,,60,structural
5396,U+4922,䤢,29,,60,structural
5397,U+4923,䤣,29,,60,structural
5398,U+4924,䤤,29,,60,structural
5399,U+4925,䤥,29,,60,structural
5400,U+4926,䤦,29,,60,structural
5401,U+4927,䤧,29,,60,structural
5402,U+4928,䤨,29,,60,structural
5403,U+4929,䤩,29,,60,structural
5404,U+492A,䤪,34,,60,structural
5405,U+492B,䤫,13,,60,structural
5406,U+492C,䤬,10,,60,structural
5407,U+492D,䤭,29,,60,structural
5408,U+492E,䤮,29,,60,structural
5409,U+492F,䤯,48,,60,structural
5410,U+4930,䤰,29,,60,structural
5411,U+4931,䤱,29,,60,structural
5412,U+4932,䤲,29,,60,structural
5413,U+4933,䤳,13,,60,structural
5414,U+4934,䤴,58,,60,structural
5415,U+4935,䤵,29,,60,structural
5416,U+4936,䤶,24,,60,structural
5417,U+4937,䤷,31,,60,structural
5418,U+4938,䤸,29,,60,structural
5419,U+4939,䤹,29,,60,structural
5420,U+493A,䤺,7,,60,structural
5421,U+493B,䤻,29,,60,structural
5422,U+493C,䤼,12,,60,structural
5423,U+493D,䤽,29,,60,structural
5424,U+493E,䤾,29,,60,structural
5425,U+493F,䤿,43,,60,structural
5426,U+4940,䥀,48,,60,structural
5427,U+4941,䥁,29,,60,structural
5428,U+4942,䥂,48,,60,structural
5429,U+4943,䥃,29,,60,structural
5430,U+4944,䥄,28,,60,structural
5431,U+4945,䥅,29,,60,structural
5432,U+4946,䥆,29,,60,structural
5433,U+4947,䥇,29,,60,structural
5434,U+4948,䥈,29,,60,structural
5435,U+4949,䥉,29,,60,structural
5436,U+494A,䥊,7,,60,structural
5437,U+494B,䥋,1,,60,structural
5438,U+494C,䥌,29,,60,structural
5439,U+494D,䥍,13,,60,structural
5440,U+494E,䥎,29,,60,structural
5441,U+494F,䥏,29,,60,structural
5442,U+4950,䥐,29,,60,structural
5443,U+4951,䥑,29,,60,structural
5444,U+4952,䥒,29,,60,structural
5445,U+4953,䥓,48,,60,structural
5446,U+4954,䥔,59,,60,structural
5447,U+4955,䥕,53,,60,structural
5448,U+4956,䥖,58,,60,structural
5449,U+4957,䥗,29,,60,structural
5450,U+4958,䥘,24,,60,structural
5451,U+4959,䥙,29,,60,structural
5452,U+495A,䥚,29,,60,structural
5453,U+495B,䥛,43,,60,structural
5454,U+495C,䥜,34,,60,structural
5455,U+495D,䥝,29,,60,structural
5456,U+495E,䥞,29,,60,structural
5457,U+495F,䥟,24,,60,structural
5458,U+4960,䥠,21,,60,structural
5459,U+4961,䥡,2,,60,structural
5460,U+4962,䥢,29,,60,structural
5461,U+4963,䥣,29,,60,structural
5462,U+4964,䥤,29,,60,structural
5463,U+4965,䥥,48,,60,structural
5464,U+4966,䥦,29,,60,structural
5465,U+4967,䥧,29,,60,structural
5466,U+4968,䥨,29,,60,structural
5467,U+4969,䥩,29,,60,structural
5468,U+496A,䥪,24,,60,structural
5469,U+496B,䥫,29,,60,structural
5470,U+496C,䥬,57,,60,structural
5471,U+496D,䥭,48,,60,structural
5472,U+496E,䥮,59,,60,structural
5473,U+496F,䥯,29,,60,structural
5474,U+4970,䥰,29,,60,structural
5475,U+4971,䥱,42,,60,structural
5476,U+4972,䥲,29,,60,structural
5477,U+4973,䥳,29,,60,structural
5478,U+4974,䥴,29,,60,structural
5479,U+4975,䥵,48,,60,structural
5480,U+4976,䥶,29,,60,structural
5481,U+4977,䥷,29,,60,structural
5482,U+4978,䥸,48,,60,structural
5483,U+4979,䥹,43,,60,structural
5484,U+497A,䥺,29,,60,structural
5485,U+497B,䥻,29,,60,structural
5486,U+497C,䥼,10,,60,structural
5487,U+497D,䥽,29,,60,structural
5488,U+497E,䥾,48,,60,structural
5489,U+497F,䥿,48,,60,structural
5490,U+4980,䦀,29,,60,structural
5491,U+4981,䦁,43,,60,structural
5492,U+4982,䦂,29,,60,structural
5493,U+4983,䦃,24,,60,structural
5494,U+4984,䦄,29,,60,structural
5495,U+4985,䦅,48,,60,structural
5496,U+4986,䦆,51,,60,structural
5497,U+4987,䦇,58,,60,structural
5498,U+4988,䦈,27,,60,structural
5499,U+4989,䦉,27,,60,structural
5500,U+498A,䦊,56,,60,structural
5501,U+498B,䦋,27,,60,structural
5502,U+498C,䦌,9,,60,structural
5503,U+498D,䦍,27,,60,structural
5504,U+498E,䦎,56,,60,structural
5505,U+498F,䦏,46,,60,structural
5506,U+4990,䦐,3,,60,structural
5507,U+4991,䦑,20,,60,structural
5508,U+4992,䦒,27,,60,structural
5509,U+4993,䦓,1,,60,structural
5510,U+4994,䦔,56,,60,structural
5511,U+4995,䦕,25,,60,structural
5512,U+4996,䦖,1,,60,structural
5513,U+4997,䦗,27,,60,structural
5514,U+4998,䦘,27,,60,structural
5515,U+4999,䦙,9,,60,structural
5516,U+499A,䦚,27,,60,structural
5517,U+499B,䦛,52,,60,structural
5518,U+499C,䦜,21,,60,structural
5519,U+499D,䦝,27,,60,structural
5520,U+499E,䦞,33,,60,structural
5521,U+499F,䦟,9,,60,structural
5522,U+49A0,䦠,13,,60,structural
5523,U+49A1,䦡,27,,60,structural
5524,U+49A2,䦢,9,,60,structural
5525,U+49A3,䦣,1,,60,structural
5526,U+49A4,䦤,51,,60,structural
5527,U+49A5,䦥,34,,60,structural
5528,U+49A6,䦦,29,,60,structural
5529,U+49A7,䦧,27,,60,structural
5530,U+49A8,䦨,34,,60,structural
5531,U+49A9,䦩,27,,60,structural
5532,U+49AA,䦪,24,,60,structural
5533,U+49AB,䦫,36,,60,structural
5534,U+49AC,䦬,43,,60,structural
5535,U+49AD,䦭,27,,60,structural
5536,U+49AE,䦮,24,,60,structural
5537,U+49AF,䦯,27,,60,structural
5538,U+49B0,䦰,24,,60,structural
5539,U+49B1,䦱,27,,60,structural
5540,U+49B2,䦲,5,,60,structural
5541,U+49B3,䦳,13,,60,structural
5542,U+49B4,䦴,9,,60,structural
5543,U+49B5,䦵,53,,60,structural
5544,U+49B6,䦶,52,,60,structural
5545,U+49B7,䦷,9,,60,structural
5546,U+49B8,䦸,27,,60,structural
5547,U+49B9,䦹,27,,60,structural
5548,U+49BA,䦺,52,,60,structural
5549,U+49BB,䦻,27,,60,structural
5550,U+49BC,䦼,20,,60,structural
5551,U+49BD,䦽,27,,60,structural
5552,U+49BE,䦾,27,,60,structural
5553,U+49BF,䦿,59,,60,structural
5554,U+49C0,䧀,27,,60,structural
5555,U+49C1,䧁,1,,60,structural
5556,U+49C2,䧂,1,,60,structural
5557,U+49C3,䧃,11,,60,structural
5558,U+49C4,䧄,1,,60,structural
5559,U+49C5,䧅,20,,60,structural
5560,U+49C6,䧆,28,,60,structural
5561,U+49C7,䧇,35,,60,structural
5562,U+49C8,䧈,56,,60,structural
5563,U+49C9,䧉,27,,60,structural
5564,U+49CA,䧊,1,,60,structural
5565,U+49CB,䧋,27,,60,structural
5566,U+49CC,䧌,31,,60,structural
5567,U+49CD,䧍,27,,60,structural
5568,U+49CE,䧎,1,,60,structural
5569,U+49CF,䧏,43,,60,structural
5570,U+49D0,䧐,1,,60,structural
5571,U+49D1,䧑,27,,60,structural
5572,U+49D2,䧒,34,,60,structural
5573,U+49D3,䧓,27,,60,structural
5574,U+49D4,䧔,13,,60,structural
5575,U+49D5,䧕,21,,60,structural
5576,U+49D6,䧖,27,,60,structural
5577,U+49D7,䧗,24,,60,structural
5578,U+49D8,䧘,27,,60,structural
5579,U+49D9,䧙,11,,60,structural
5580,U+49DA,䧚,27,,60,structural
5581,U+49DB,䧛,58,,60,structural
5582,U+49DC,䧜,59,,60,structural
5583,U+49DD,䧝,30,,60,structural
5584,U+49DE,䧞,50,,60,structural
5585,U+49DF,䧟,27,,60,structural
5586,U+49E0,䧠,27,,60,structural
5587,U+49E1,䧡,38,,60,structural
5588,U+49E2,䧢,1,,60,structural
5589,U+49E3,䧣,59,,60,structural
5590,U+49E4,䧤,49,,60,structural
5591,U+49E5,䧥,27,,60,structural
5592,U+49E6,䧦,27,,60,structural
5593,U+49E7,䧧,27,,60,structural
5594,U+49E8,䧨,56,,60,structural
5595,U+49E9,䧩,0,,60,structural
5596,U+49EA,䧪,31,,60,structural
5597,U+49EB,䧫,1,,60,structural
5598,U+49EC,䧬,41,,60,structural
5599,U+49ED,䧭,10,,60,structural
5600,U+49EE,䧮,27,,60,structural
5601,U+49EF,䧯,13,,60,structural
5602,U+49F0,䧰,15,,60,structural
5603,U+49F1,䧱,51,,60,structural
5604,U+49F2,䧲,51,,60,structural
5605,U+49F3,䧳,51,,60,structural
5606,U+49F4,䧴,51,,60,structural
5607,U+49F5,䧵,51,,60,structural
5608,U+49F6,䧶,58,,60,structural
5609,U+49F7,䧷,51,,60,structural
5610,U+49F8,䧸,1,,60,structural
5611,U+49F9,䧹,38,,60,structural
5612,U+49FA,䧺,1,,60,structural
5613,U+49FB,䧻,26,,60,structural
5614,U+49FC,䧼,1,,60,structural
5615,U+49FD,䧽,51,,60,structural
5616,U+49FE,䧾,46,,60,structural
5617,U+49FF,䧿,28,,60,structural
5618,U+4A00,䨀,51,,60,structural
5619,U+4A01,䨁,51,,60,structural
5620,U+4A02,䨂,42,,60,structural
5621,U+4A03,䨃,31,,60,structural
5622,U+4A04,䨄,13,,60,structural
5623,U+4A05,䨅,24,,60,structural
5624,U+4A06,䨆,53,,60,structural
5625,U+4A07,䨇,51,,60,structural
5626,U+4A08,䨈,41,,60,structural
5627,U+4A09,䨉,31,,60,structural
5628,U+4A0A,䨊,51,,60,structural
5629,U+4A0B,䨋,10,,60,structural
5630,U+4A0C,䨌,56,,60,structural
5631,U+4A0D,䨍,17,,60,structural
5632,U+4A0E,䨎,27,,60,structural
5633,U+4A0F,䨏,6,,60,structural
5634,U+4A10,䨐,26,,60,structural
5635,U+4A11,䨑,20,,60,structural
5636,U+4A12,䨒,27,,60,structural
5637,U+4A13,䨓,1,,60,structural
5638,U+4A14,䨔,56,,60,structural
5639,U+4A15,䨕,12,,60,structural
5640,U+4A16,䨖,27,,60,structural
5641,U+4A17,䨗,27,,60,structural
5642,U+4A18,䨘,27,,60,structural
5643,U+4A19,䨙,27,,60,structural
5644,U+4A1A,䨚,10,,60,structural
5645,U+4A1B,䨛,34,,60,structural
5646,U+4A1C,䨜,40,,60,structural
5647,U+4A1D,䨝,9,,60,structural
5648,U+4A1E,䨞,27,,60,structural
5649,U+4A1F,䨟,12,,60,structural
5650,U+4A20,䨠,24,,60,structural
5651,U+4A21,䨡,58,,60,structural
5652,U+4A22,䨢,27,,60,structural
5653,U+4A23,䨣,27,,60,structural
5654,U+4A24,䨤,11,,60,structural
5655,U+4A25,䨥,51,,60,structural
5656,U+4A26,䨦,58,,60,structural
5657,U+4A27,䨧,13,,60,structural
5658,U+4A28,䨨,27,,60,structural
5659,U+4A29,䨩,11,,60,structural
5660,U+4A2A,䨪,9,,60,structural
5661,U+4A2B,䨫,27,,60,structural
5662,U+4A2C,䨬,34,,60,structural
5663,U+4A2D,䨭,17,,60,structural
5664,U+4A2E,䨮,43,,60,structural
5665,U+4A2F,䨯,34,,60,structural
5666,U+4A30,䨰,12,,60,structural
5667,U+4A31,䨱,24,,60,structural
5668,U+4A32,䨲,13,,60,structural
5669,U+4A33,䨳,27,,60,structural
5670,U+4A34,䨴,56,,60,structural
5671,U+4A35,䨵,28,,60,structural
5672,U+4A36,䨶,27,,60,structural
5673,U+4A37,䨷,27,,60,structural
5674,U+4A38,䨸,27,,60,structural
5675,U+4A39,䨹,46,,60,structural
5676,U+4A3A,䨺,17,,60,structural
5677,U+4A3B,䨻,11,,60,structural
5678,U+4A3C,䨼,51,,60,structural
5679,U+4A3D,䨽,27,,60,structural
5680,U+4A3E,䨾,38,,60,structural
5681,U+4A3F,䨿,18,,60,structural
5682,U+4A40,䩀,32,,60,structural
5683,U+4A41,䩁,27,,60,structural
5684,U+4A42,䩂,13,,60,structural
5685,U+4A43,䩃,27,,60,structural
5686,U+4A44,䩄,27,,60,structural
5687,U+4A45,䩅,27,,60,structural
5688,U+4A46,䩆,10,,60,structural
5689,U+4A47,䩇,1,,60,structural
5690,U+4A48,䩈,27,,60,structural
5691,U+4A49,䩉,57,,60,structural
5692,U+4A4A,䩊,44,,60,structural
5693,U+4A4B,䩋,27,,60,structural
5694,U+4A4C,䩌,42,,60,structural
5695,U+4A4D,䩍,24,,60,structural
5696,U+4A4E,䩎,26,,60,structural
5697,U+4A4F,䩏,13,,60,structural
5698,U+4A50,䩐,27,,60,structural
5699,U+4A51,䩑,27,,60,structural
5700,U+4A52,䩒,17,,60,structural
5701,U+4A53,䩓,27,,60,structural
5702,U+4A54,䩔,27,,60,structural
5703,U+4A55,䩕,27,,60,structural
5704,U+4A56,䩖,10,,60,structural
5705,U+4A57,䩗,27,,60,structural
5706,U+4A58,䩘,27,,60,structural
5707,U+4A59,䩙,27,,60,structural
5708,U+4A5A,䩚,13,,60,structural
5709,U+4A5B,䩛,10,,60,structural
5710,U+4A5C,䩜,11,,60,structural
5711,U+4A5D,䩝,27,,60,structural
5712,U+4A5E,䩞,1,,60,structural
5713,U+4A5F,䩟,20,,60,structural
5714,U+4A60,䩠,10,,60,structural
5715,U+4A61,䩡,46,,60,structural
5716,U+4A62,䩢,3,,60,structural
5717,U+4A63,䩣,26,,60,structural
5718,U+4A64,䩤,27,,60,structural
5719,U+4A65,䩥,10,,60,structural
5720,U+4A66,䩦,46,,60,structural
5721,U+4A67,䩧,5,,60,structural
5722,U+4A68,䩨,27,,60,structural
5723,U+4A69,䩩,44,,60,structural
5724,U+4A6A,䩪,27,,60,structural
5725,U+4A6B,䩫,53,,60,structural
5726,U+4A6C,䩬,43,,60,structural
5727,U+4A6D,䩭,52,,60,structural
5728,U+4A6E,䩮,58,,60,structural
5729,U+4A6F,䩯,52,,60,structural
5730,U+4A70,䩰,1,,60,structural
5731,U+4A71,䩱,26,,60,structural
5732,U+4A72,䩲,38,,60,structural
5733,U+4A73,䩳,27,,60,structural
5734,U+4A74,䩴,57,,60,structural
5735,U+4A75,䩵,27,,60,structural
5736,U+4A76,䩶,30,,60,structural
5737,U+4A77,䩷,58,,60,structural
5738,U+4A78,䩸,36,,60,structural
5739,U+4A79,䩹,27,,60,structural
5740,U+4A7A,䩺,16,,60,structural
5741,U+4A7B,䩻,50,,60,structural
5742,U+4A7C,䩼,43,,60,structural
5743,U+4A7D,䩽,1,,60,structural
5744,U+4A7E,䩾,38,,60,structural
5745,U+4A7F,䩿,32,,60,structural
5746,U+4A80,䪀,27,,60,structural
5747,U+4A81,䪁,49,,60,structural
5748,U+4A82,䪂,34,,60,structural
5749,U+4A83,䪃,1,,60,structural
5750,U+4A84,䪄,27,,60,structural
5751,U+4A85,䪅,27,,60,structural
5752,U+4A86,䪆,27,,60,structural
5753,U+4A87,䪇,57,,60,structural
5754,U+4A88,䪈,27,,60,structural
5755,U+4A89,䪉,10,,60,structural
5756,U+4A8A,䪊,27,,60,structural
5757,U+4A8B,䪋,32,,60,structural
5758,U+4A8C,䪌,13,,60,structural
5759,U+4A8D,䪍,34,,60,structural
5760,U+4A8E,䪎,47,,60,structural
5761,U+4A8F,䪏,46,,60,structural
5762,U+4A90,䪐,10,,60,structural
5763,U+4A91,䪑,27,,60,structural
5764,U+4A92,䪒,9,,60,structural
5765,U+4A93,䪓,1,,60,structural
5766,U+4A94,䪔,57,,60,structural
5767,U+4A95,䪕,27,,60,structural
5768,U+4A96,䪖,24,,60,structural
5769,U+4A97,䪗,51,,60,structural
5770,U+4A98,䪘,24,,60,structural
5771,U+4A99,䪙,57,,60,structural
5772,U+4A9A,䪚,27,,60,structural
5773,U+4A9B,䪛,11,,60,structural
5774,U+4A9C,䪜,5,,60,structural
5775,U+4A9D,䪝,51,,60,structural
5776,U+4A9E,䪞,56,,60,structural
5777,U+4A9F,䪟,53,,60,structural
5778,U+4AA0,䪠,6,,60,structural
5779,U+4AA1,䪡,6,,60,structural
5780,U+4AA2,䪢,6,,60,structural
5781,U+4AA3,䪣,6,,60,structural
5782,U+4AA4,䪤,11,,60,structural
5783,U+4AA5,䪥,32,,60,structural
5784,U+4AA6,䪦,14,,60,structural
5785,U+4AA7,䪧,14,,60,structural
5786,U+4AA8,䪨,14,,60,structural
5787,U+4AA9,䪩,13,,60,structural
5788,U+4AAA,䪪,1,,60,structural
5789,U+4AAB,䪫,56,,60,structural
5790,U+4AAC,䪬,14,,60,structural
5791,U+4AAD,䪭,14,,60,structural
5792,U+4AAE,䪮,14,,60,structural
5793,U+4AAF,䪯,14,,60,structural
5794,U+4AB0,䪰,14,,60,structural
5795,U+4AB1,䪱,19,,60,structural
5796,U+4AB2,䪲,56,,60,structural
5797,U+4AB3,䪳,56,,60,structural
5798,U+4AB4,䪴,19,,60,structural
5799,U+4AB5,䪵,19,,60,structural
5800,U+4AB6,䪶,19,,60,structural
5801,U+4AB7,䪷,19,,60,structural
5802,U+4AB8,䪸,19,,60,structural
5803,U+4AB9,䪹,19,,60,structural
5804,U+4ABA,䪺,9,,60,structural
5805,U+4ABB,䪻,19,,60,structural
5806,U+4ABC,䪼,19,,60,structural
5807,U+4ABD,䪽,21,,60,structural
5808,U+4ABE,䪾,19,,60,structural
5809,U+4ABF,䪿,10,,60,structural
5810,U+4AC0,䫀,19,,60,structural
5811,U+4AC1,䫁,19,,60,structural
5812,U+4AC2,䫂,4,,60,structural
5813,U+4AC3,䫃,19,,60,structural
5814,U+4AC4,䫄,47,,60,structural
5815,U+4AC5,䫅,19,,60,structural
5816,U+4AC6,䫆,19,,60,structural
5817,U+4AC7,䫇,19,,60,structural
5818,U+4AC8,䫈,13,,60,structural
5819,U+4AC9,䫉,19,,60,structural
5820,U+4ACA,䫊,21,,60,structural
5821,U+4ACB,䫋,31,,60,structural
5822,U+4ACC,䫌,37,,60,structural
5823,U+4ACD,䫍,19,,60,structural
5824,U+4ACE,䫎,19,,60,structural
5825,U+4ACF,䫏,25,,60,structural
5826,U+4AD0,䫐,19,,60,structural
5827,U+4AD1,䫑,52,,60,structural
5828,U+4AD2,䫒,19,,60,structural
5829,U+4AD3,䫓,19,,60,structural
5830,U+4AD4,䫔,43,,60,structural
5831,U+4AD5,䫕,53,,60,structural
5832,U+4AD6,䫖,19,,60,structural
5833,U+4AD7,䫗,19,,60,structural
5834,U+4AD8,䫘,24,,60,structural
5835,U+4AD9,䫙,19,,60,structural
5836,U+4ADA,䫚,19,,60,structural
5837,U+4ADB,䫛,19,,60,structural
5838,U+4ADC,䫜,19,,60,structural
5839,U+4ADD,䫝,19,,60,structural
5840,U+4ADE,䫞,19,,60,structural
5841,U+4ADF,䫟,54,,60,structural
5842,U+4AE0,䫠,21,,60,structural
5843,U+4AE1,䫡,25,,60,structural
5844,U+4AE2,䫢,19,,60,structural
5845,U+4AE3,䫣,19,,60,structural
5846,U+4AE4,䫤,58,,60,structural
5847,U+4AE5,䫥,19,,60,structural
5848,U+4AE6,䫦,9,,60,structural
5849,U+4AE7,䫧,37,,60,structural
5850,U+4AE8,䫨,19,,60,structural
5851,U+4AE9,䫩,19,,60,structural
5852,U+4AEA,䫪,19,,60,structural
5853,U+4AEB,䫫,19,,60,structural
5854,U+4AEC,䫬,19,,60,structural
5855,U+4AED,䫭,19,,60,structural
5856,U+4AEE,䫮,19,,60,structural
5857,U+4AEF,䫯,52,,60,structural
5858,U+4AF0,䫰,19,,60,structural
5859,U+4AF1,䫱,19,,60,structural
5860,U+4AF2,䫲,21,,60,structural
5861,U+4AF3,䫳,19,,60,structural
5862,U+4AF4,䫴,19,,60,structural
5863,U+4AF5,䫵,19,,60,structural
5864,U+4AF6,䫶,19,,60,structural
5865,U+4AF7,䫷,21,,60,structural
5866,U+4AF8,䫸,27,,60,structural
5867,U+4AF9,䫹,27,,60,structural
5868,U+4AFA,䫺,27,,60,structural
5869,U+4AFB,䫻,24,,60,structural
5870,U+4AFC,䫼,20,,60,structural
5871,U+4AFD,䫽,27,,60,structural
5872,U+4AFE,䫾,10,,60,structural
5873,U+4AFF,䫿,1,,60,structural
5874,U+4B00,䬀,27,,60,structural
5875,U+4B01,䬁,27,,60,structural
5876,U+4B02,䬂,27,,60,structural
5877,U+4B03,䬃,27,,60,structural
5878,U+4B04,䬄,13,,60,structural
5879,U+4B05,䬅,27,,60,structural
5880,U+4B06,䬆,20,,60,structural
5881,U+4B07,䬇,47,,60,structural
5882,U+4B08,䬈,47,,60,structural
5883,U+4B09,䬉,27,,60,structural
5884,U+4B0A,䬊,46,,60,structural
5885,U+4B0B,䬋,16,,60,structural
5886,U+4B0C,䬌,27,,60,structural
5887,U+4B0D,䬍,10,,60,structural
5888,U+4B0E,䬎,21,,60,structural
5889,U+4B0F,䬏,1,,60,structural
5890,U+4B10,䬐,31,,60,structural
5891,U+4B11,䬑,11,,60,structural
5892,U+4B12,䬒,27,,60,structural
5893,U+4B13,䬓,14,,60,structural
5894,U+4B14,䬔,26,,60,structural
5895,U+4B15,䬕,27,,60,structural
5896,U+4B16,䬖,33,,60,structural
5897,U+4B17,䬗,56,,60,structural
5898,U+4B18,䬘,27,,60,structural
5899,U+4B19,䬙,27,,60,structural
5900,U+4B1A,䬚,50,,60,structural
5901,U+4B1B,䬛,56,,60,structural
5902,U+4B1C,䬜,10,,60,structural
5903,U+4B1D,䬝,27,,60,structural
5904,U+4B1E,䬞,45,,60,structural
5905,U+4B1F,䬟,29,,60,structural
5906,U+4B20,䬠,27,,60,structural
5907,U+4B21,䬡,24,,60,structural
5908,U+4B22,䬢,27,,60,structural
5909,U+4B23,䬣,27,,60,structural
5910,U+4B24,䬤,27,,60,structural
5911,U+4B25,䬥,27,,60,structural
5912,U+4B26,䬦,27,,60,structural
5913,U+4B27,䬧,56,,60,structural
5914,U+4B28,䬨,27,,60,structural
5915,U+4B29,䬩,56,,60,structural
5916,U+4B2A,䬪,56,,60,structural
5917,U+4B2B,䬫,13,,60,structural
5918,U+4B2C,䬬,20,,60,structural
5919,U+4B2D,䬭,1,,60,structural
5920,U+4B2E,䬮,46,,60,structural
5921,U+4B2F,䬯,1,,60,structural
5922,U+4B30,䬰,1,,60,structural
5923,U+4B31,䬱,34,,60,structural
5924,U+4B32,䬲,1,,60,structural
5925,U+4B33,䬳,43,,60,structural
5926,U+4B34,䬴,34,,60,structural
5927,U+4B35,䬵,46,,60,structural
5928,U+4B36,䬶,27,,60,structural
5929,U+4B37,䬷,4,,60,structural
5930,U+4B38,䬸,51,,60,structural
5931,U+4B39,䬹,27,,60,structural
5932,U+4B3A,䬺,27,,60,structural
5933,U+4B3B,䬻,17,,60,structural
5934,U+4B3C,䬼,1,,60,structural
5935,U+4B3D,䬽,47,,60,structural
5936,U+4B3E,䬾,58,,60,structural
5937,U+4B3F,䬿,27,,60,structural
5938,U+4B40,䭀,27,,60,structural
5939,U+4B41,䭁,3,,60,structural
5940,U+4B42,䭂,27,,60,structural
5941,U+4B43,䭃,13,,60,structural
5942,U+4B44,䭄,27,,60,structural
5943,U+4B45,䭅,1,,60,structural
5944,U+4B46,䭆,27,,60,structural
5945,U+4B47,䭇,1,,60,structural
5946,U+4B48,䭈,27,,60,structural
5947,U+4B49,䭉,27,,60,structural
5948,U+4B4A,䭊,36,,60,structural
5949,U+4B4B,䭋,34,,60,structural
5950,U+4B4C,䭌,57,,60,structural
5951,U+4B4D,䭍,9,,60,structural
5952,U+4B4E,䭎,2,,60,structural
5953,U+4B4F,䭏,13,,60,structural
5954,U+4B50,䭐,27,,60,structural
5955,U+4B51,䭑,25,,60,structural
5956,U+4B52,䭒,27,,60,structural
5957,U+4B53,䭓,11,,60,structural
5958,U+4B54,䭔,27,,60,structural
5959,U+4B55,䭕,27,,60,structural
5960,U+4B56,䭖,38,,60,structural
5961,U+4B57,䭗,14,,60,structural
5962,U+4B58,䭘,1,,60,structural
5963,U+4B59,䭙,24,,60,structural
5964,U+4B5A,䭚,27,,60,structural
5965,U+4B5B,䭛,0,,60,structural
5966,U+4B5C,䭜,24,,60,structural
5967,U+4B5D,䭝,26,,60,structural
5968,U+4B5E,䭞,9,,60,structural
5969,U+4B5F,䭟,2,,60,structural
5970,U+4B60,䭠,25,,60,structural
5971,U+4B61,䭡,27,,60,structural
5972,U+4B62,䭢,41,,60,structural
5973,U+4B63,䭣,27,,60,structural
5974,U+4B64,䭤,27,,60,structural
5975,U+4B65,䭥,27,,60,structural
5976,U+4B66,䭦,57,,60,structural
5977,U+4B67,䭧,15,,60,structural
5978,U+4B68,䭨,47,,60,structural
5979,U+4B69,䭩,27,,60,structural
5980,U+4B6A,䭪,56,,60,structural
5981,U+4B6B,䭫,24,,60,structural
5982,U+4B6C,䭬,24,,60,structural
5983,U+4B6D,䭭,19,,60,structural
5984,U+4B6E,䭮,27,,60,structural
5985,U+4B6F,䭯,27,,60,structural
5986,U+4B70,䭰,43,,60,structural
5987,U+4B71,䭱,53,,60,structural
5988,U+4B72,䭲,52,,60,structural
5989,U+4B73,䭳,31,,60,structural
5990,U+4B74,䭴,50,,60,structural
5991,U+4B75,䭵,50,,60,structural
5992,U+4B76,䭶,56,,60,structural
5993,U+4B77,䭷,50,,60,structural
5994,U+4B78,䭸,50,,60,structural
5995,U+4B79,䭹,50,,60,structural
5996,U+4B7A,䭺,50,,60,structural
5997,U+4B7B,䭻,58,,60,structural
5998,U+4B7C,䭼,56,,60,structural
5999,U+4B7D,䭽,50,,60,structural
6000,U+4B7E,䭾,50,,60,structural
6001,U+4B7F,䭿,49,,60,structural
6002,U+4B80,䮀,50,,60,structural
6003,U+4B81,䮁,50,,60,structural
6004,U+4B82,䮂,39,,60,structural
6005,U+4B83,䮃,9,,60,structural
6006,U+4B84,䮄,50,,60,structural
6007,U+4B85,䮅,50,,60,structural
6008,U+4B86,䮆,50,,60,structural
6009,U+4B87,䮇,50,,60,structural
6010,U+4B88,䮈,50,,60,structural
6011,U+4B89,䮉,50,,60,structural
6012,U+4B8A,䮊,50,,60,structural
6013,U+4B8B,䮋,50,,60,structural
6014,U+4B8C,䮌,50,,60,structural
6015,U+4B8D,䮍,35,,60,structural
6016,U+4B8E,䮎,50,,60,structural
6017,U+4B8F,䮏,21,,60,structural
6018,U+4B90,䮐,47,,60,structural
6019,U+4B91,䮑,50,,60,structural
6020,U+4B92,䮒,57,,60,structural
6021,U+4B93,䮓,24,,60,structural
6022,U+4B94,䮔,56,,60,structural
6023,U+4B95,䮕,50,,60,structural
6024,U+4B96,䮖,50,,60,structural
6025,U+4B97,䮗,50,,60,structural
6026,U+4B98,䮘,50,,60,structural
6027,U+4B99,䮙,21,,60,structural
6028,U+4B9A,䮚,16,,60,structural
6029,U+4B9B,䮛,50,,60,structural
6030,U+4B9C,䮜,2,,60,structural
6031,U+4B9D,䮝,50,,60,structural
6032,U+4B9E,䮞,50,,60,structural
6033,U+4B9F,䮟,50,,60,structural
6034,U+4BA0,䮠,50,,60,structural
6035,U+4BA1,䮡,50,,60,structural
6036,U+4BA2,䮢,37,,60,structural
6037,U+4BA3,䮣,50,,60,structural
6038,U+4BA4,䮤,50,,60,structural
6039,U+4BA5,䮥,50,,60,structural
6040,U+4BA6,䮦,50,,60,structural
6041,U+4BA7,䮧,50,,60,structural
6042,U+4BA8,䮨,50,,60,structural
6043,U+4BA9,䮩,50,,60,structural
6044,U+4BAA,䮪,50,,60,structural
6045,U+4BAB,䮫,50,,60,structural
6046,U+4BAC,䮬,24,,60,structural
6047,U+4BAD,䮭,50,,60,structural
6048,U+4BAE,䮮,50,,60,structural
6049,U+4BAF,䮯,50,,60,structural
6050,U+4BB0,䮰,47,,60,structural
6051,U+4BB1,䮱,50,,60,structural
6052,U+4BB2,䮲,50,,60,structural
6053,U+4BB3,䮳,50,,60,structural
6054,U+4BB4,䮴,50,,60,structural
6055,U+4BB5,䮵,50,,60,structural
6056,U+4BB6,䮶,50,,60,structural
6057,U+4BB7,䮷,50,,60,structural
6058,U+4BB8,䮸,50,,60,structural
6059,U+4BB9,䮹,50,,60,structural
6060,U+4BBA,䮺,50,,60,structural
6061,U+4BBB,䮻,45,,60,structural
6062,U+4BBC,䮼,50,,60,structural
6063,U+4BBD,䮽,42,,60,structural
6064,U+4BBE,䮾,50,,60,structural
6065,U+4BBF,䮿,50,,60,structural
6066,U+4BC0,䯀,50,,60,structural
6067,U+4BC1,䯁,57,,60,structural
6068,U+4BC2,䯂,50,,60,structural
6069,U+4BC3,䯃,31,,60,structural
6070,U+4BC4,䯄,50,,60,structural
6071,U+4BC5,䯅,0,,60,structural
6072,U+4BC6,䯆,27,,60,structural
6073,U+4BC7,䯇,27,,60,structural
6074,U+4BC8,䯈,56,,60,structural
6075,U+4BC9,䯉,6,,60,structural
6076,U+4BCA,䯊,52,,60,structural
6077,U+4BCB,䯋,39,,60,structural
6078,U+4BCC,䯌,27,,60,structural
6079,U+4BCD,䯍,13,,60,structural
6080,U+4BCE,䯎,58,,60,structural
6081,U+4BCF,䯏,27,,60,structural
6082,U+4BD0,䯐,40,,60,structural
6083,U+4BD1,䯑,56,,60,structural
6084,U+4BD2,䯒,27,,60,structural
6085,U+4BD3,䯓,9,,60,structural
6086,U+4BD4,䯔,10,,60,structural
6087,U+4BD5,䯕,10,,60,structural
6088,U+4BD6,䯖,13,,60,structural
6089,U+4BD7,䯗,9,,60,structural
6090,U+4BD8,䯘,41,,60,structural
6091,U+4BD9,䯙,57,,60,structural
6092,U+4BDA,䯚,27,,60,structural
6093,U+4BDB,䯛,44,,60,structural
6094,U+4BDC,䯜,24,,60,structural
6095,U+4BDD,䯝,27,,60,structural
6096,U+4BDE,䯞,1,,60,structural
6097,U+4BDF,䯟,58,,60,structural
6098,U+4BE0,䯠,24,,60,structural
6099,U+4BE1,䯡,25,,60,structural
6100,U+4BE2,䯢,27,,60,structural
6101,U+4BE3,䯣,32,,60,structural
6102,U+4BE4,䯤,26,,60,structural
6103,U+4BE5,䯥,24,,60,structural
6104,U+4BE6,䯦,13,,60,structural
6105,U+4BE7,䯧,1,,60,structural
6106,U+4BE8,䯨,20,,60,structural
6107,U+4BE9,䯩,27,,60,structural
6108,U+4BEA,䯪,19,,60,structural
6109,U+4BEB,䯫,1,,60,structural
6110,U+4BEC,䯬,21,,60,structural
6111,U+4BED,䯭,51,,60,structural
6112,U+4BEE,䯮,10,,60,structural
6113,U+4BEF,䯯,10,,60,structural
6114,U+4BF0,䯰,46,,60,structural
6115,U+4BF1,䯱,56,,60,structural
6116,U+4BF2,䯲,27,,60,structural
6117,U+4BF3,䯳,16,,60,structural
6118,U+4BF4,䯴,27,,60,structural
6119,U+4BF5,䯵,27,,60,structural
6120,U+4BF6,䯶,56,,60,structural
6121,U+4BF7,䯷,27,,60,structural
6122,U+4BF8,䯸,6,,60,structural
6123,U+4BF9,䯹,27,,60,structural
6124,U+4BFA,䯺,27,,60,structural
6125,U+4BFB,䯻,1,,60,structural
6126,U+4BFC,䯼,42,,60,structural
6127,U+4BFD,䯽,1,,60,structural
6128,U+4BFE,䯾,27,,60,structural
6129,U+4BFF,䯿,27,,60,structural
6130,U+4C00,䰀,31,,60,structural
6131,U+4C01,䰁,58,,60,structural
6132,U+4C02,䰂,34,,60,structural
6133,U+4C03,䰃,25,,60,structural
6134,U+4C04,䰄,11,,60,structural
6135,U+4C05,䰅,19,,60,structural
6136,U+4C06,䰆,34,,60,structural
6137,U+4C07,䰇,24,,60,structural
6138,U+4C08,䰈,27,,60,structural
6139,U+4C09,䰉,27,,60,structural
6140,U+4C0A,䰊,57,,60,structural
6141,U+4C0B,䰋,31,,60,structural
6142,U+4C0C,䰌,46,,60,structural
6143,U+4C0D,䰍,58,,60,structural
6144,U+4C0E,䰎,32,,60,structural
6145,U+4C0F,䰏,51,,60,structural
6146,U+4C10,䰐,13,,60,structural
6147,U+4C11,䰑,27,,60,structural
6148,U+4C12,䰒,36,,60,structural
6149,U+4C13,䰓,27,,60,structural
6150,U+4C14,䰔,27,,60,structural
6151,U+4C15,䰕,11,,60,structural
6152,U+4C16,䰖,32,,60,structural
6153,U+4C17,䰗,27,,60,structural
6154,U+4C18,䰘,46,,60,structural
6155,U+4C19,䰙,27,,60,structural
6156,U+4C1A,䰚,27,,60,structural
6157,U+4C1B,䰛,27,,60,structural
6158,U+4C1C,䰜,27,,60,structural
6159,U+4C1D,䰝,58,,60,structural
6160,U+4C1E,䰞,24,,60,structural
6161,U+4C1F,䰟,17,,60,structural
6162,U+4C20,䰠,11,,60,structural
6163,U+4C21,䰡,49,,60,structural
6164,U+4C22,䰢,27,,60,structural
6165,U+4C23,䰣,27,,60,structural
6166,U+4C24,䰤,34,,60,structural
6167,U+4C25,䰥,21,,60,structural
6168,U+4C26,䰦,37,,60,structural
6169,U+4C27,䰧,27,,60,structural
6170,U+4C28,䰨,27,,60,structural
6171,U+4C29,䰩,24,,60,structural
6172,U+4C2A,䰪,46,,60,structural
6173,U+4C2B,䰫,56,,60,structural
6174,U+4C2C,䰬,47,,60,structural
6175,U+4C2D,䰭,27,,60,structural
6176,U+4C2E,䰮,27,,60,structural
6177,U+4C2F,䰯,27,,60,structural
6178,U+4C30,䰰,27,,60,structural
6179,U+4C31,䰱,46,,60,structural
6180,U+4C32,䰲,55,,60,structural
6181,U+4C33,䰳,52,,60,structural
6182,U+4C34,䰴,55,,60,structural
6183,U+4C35,䰵,55,,60,structural
6184,U+4C36,䰶,55,,60,structural
6185,U+4C37,䰷,43,,60,structural
6186,U+4C38,䰸,16,,60,structural
6187,U+4C39,䰹,55,,60,structural
6188,U+4C3A,䰺,55,,60,structural
6189,U+4C3B,䰻,55,,60,structural
6190,U+4C3C,䰼,13,,60,structural
6191,U+4C3D,䰽,53,,60,structural
6192,U+4C3E,䰾,55,,60,structural
6193,U+4C3F,䰿,55,,60,structural
6194,U+4C40,䱀,55,,60,structural
6195,U+4C41,䱁,55,,60,structural
6196,U+4C42,䱂,55,,60,structural
6197,U+4C43,䱃,49,,60,structural
6198,U+4C44,䱄,55,,60,structural
6199,U+4C45,䱅,55,,60,structural
6200,U+4C46,䱆,55,,60,structural
6201,U+4C47,䱇,55,,60,structural
6202,U+4C48,䱈,55,,60,structural
6203,U+4C49,䱉,55,,60,structural
6204,U+4C4A,䱊,55,,60,structural
6205,U+4C4B,䱋,28,,60,structural
6206,U+4C4C,䱌,55,,60,structural
6207,U+4C4D,䱍,55,,60,structural
6208,U+4C4E,䱎,55,,60,structural
6209,U+4C4F,䱏,55,,60,structural
6210,U+4C50,䱐,55,,60,structural
6211,U+4C51,䱑,3,,60,structural
6212,U+4C52,䱒,55,,60,structural
6213,U+4C53,䱓,10,,60,structural
6214,U+4C54,䱔,46,,60,structural
6215,U+4C55,䱕,55,,60,structural
6216,U+4C56,䱖,55,,60,structural
6217,U+4C57,䱗,55,,60,structural
6218,U+4C58,䱘,55,,60,structural
6219,U+4C59,䱙,55,,60,structural
6220,U+4C5A,䱚,58,,60,structural
6221,U+4C5B,䱛,21,,60,structural
6222,U+4C5C,䱜,28,,60,structural
6223,U+4C5D,䱝,37,,60,structural
6224,U+4C5E,䱞,55,,60,structural
6225,U+4C5F,䱟,55,,60,structural
6226,U+4C60,䱠,55,,60,structural
6227,U+4C61,䱡,55,,60,structural
6228,U+4C62,䱢,52,,60,structural
6229,U+4C63,䱣,55,,60,structural
6230,U+4C64,䱤,55,,60,structural
6231,U+4C65,䱥,55,,60,structural
6232,U+4C66,䱦,55,,60,structural
6233,U+4C67,䱧,49,,60,structural
6234,U+4C68,䱨,55,,60,structural
6235,U+4C69,䱩,55,,60,structural
6236,U+4C6A,䱪,55,,60,structural
6237,U+4C6B,䱫,55,,60,structural
6238,U+4C6C,䱬,55,,60,structural
6239,U+4C6D,䱭,55,,60,structural
6240,U+4C6E,䱮,43,,60,structural
6241,U+4C6F,䱯,55,,60,structural
6242,U+4C70,䱰,55,,60,structural
6243,U+4C71,䱱,53,,60,structural
6244,U+4C72,䱲,55,,60,structural
6245,U+4C73,䱳,55,,60,structural
6246,U+4C74,䱴,56,,60,structural
6247,U+4C75,䱵,16,,60,structural
6248,U+4C76,䱶,55,,60,structural
6249,U+4C77,䱷,27,,60,structural
6250,U+4C78,䱸,55,,60,structural
6251,U+4C79,䱹,55,,60,structural
6252,U+4C7A,䱺,55,,60,structural
6253,U+4C7B,䱻,55,,60,structural
6254,U+4C7C,䱼,28,,60,structural
6255,U+4C7D,䱽,26,,60,structural
6256,U+4C7E,䱾,31,,60,structural
6257,U+4C7F,䱿,55,,60,structural
6258,U+4C80,䲀,13,,60,structural
6259,U+4C81,䲁,55,,60,structural
6260,U+4C82,䲂,55,,60,structural
6261,U+4C83,䲃,55,,60,structural
6262,U+4C84,䲄,55,,60,structural
6263,U+4C85,䲅,49,,60,structural
6264,U+4C86,䲆,55,,60,structural
6265,U+4C87,䲇,55,,60,structural
6266,U+4C88,䲈,55,,60,structural
6267,U+4C89,䲉,25,,60,structural
6268,U+4C8A,䲊,55,,60,structural
6269,U+4C8B,䲋,49,,60,structural
6270,U+4C8C,䲌,55,,60,structural
6271,U+4C8D,䲍,49,,60,structural
6272,U+4C8E,䲎,0,,60,structural
6273,U+4C8F,䲏,55,,60,structural
6274,U+4C90,䲐,55,,60,structural
6275,U+4C91,䲑,55,,60,structural
6276,U+4C92,䲒,55,,60,structural
6277,U+4C93,䲓,26,,60,structural
6278,U+4C94,䲔,55,,60,structural
6279,U+4C95,䲕,25,,60,structural
6280,U+4C96,䲖,45,,60,structural
6281,U+4C97,䲗,48,,60,structural
6282,U+4C98,䲘,55,,60,structural
6283,U+4C99,䲙,23,,60,structural
6284,U+4C9A,䲚,32,,60,structural
6285,U+4C9B,䲛,55,,60,structural
6286,U+4C9D,䲝,55,,60,structural
6287,U+4C9E,䲞,55,,60,structural
6288,U+4C9F,䲟,55,,60,structural
6289,U+4CA0,䲠,55,,60,structural
6290,U+4CA1,䲡,58,,60,structural
6291,U+4CA2,䲢,49,,60,structural
6292,U+4CA3,䲣,55,,60,structural
6293,U+4CA4,䲤,12,,60,structural
6294,U+4CA5,䲥,22,,60,structural
6295,U+4CA6,䲦,22,,60,structural
6296,U+4CA7,䲧,22,,60,structural
6297,U+4CA8,䲨,22,,60,structural
6298,U+4CA9,䲩,22,,60,structural
6299,U+4CAA,䲪,22,,60,structural
6300,U+4CAB,䲫,56,,60,structural
6301,U+4CAC,䲬,22,,60,structural
6302,U+4CAD,䲭,22,,60,structural
6303,U+4CAE,䲮,56,,60,structural
6304,U+4CAF,䲯,22,,60,structural
6305,U+4CB0,䲰,22,,60,structural
6306,U+4CB1,䲱,22,,60,structural
6307,U+4CB2,䲲,16,,60,structural
6308,U+4CB3,䲳,22,,60,structural
6309,U+4CB4,䲴,42,,60,structural
6310,U+4CB5,䲵,10,,60,structural
6311,U+4CB6,䲶,56,,60,structural
6312,U+4CB7,䲷,34,,60,structural
6313,U+4CB8,䲸,46,,60,structural
6314,U+4CB9,䲹,22,,60,structural
6315,U+4CBA,䲺,22,,60,structural
6316,U+4CBB,䲻,22,,60,structural
6317,U+4CBC,䲼,22,,60,structural
6318,U+4CBD,䲽,22,,60,structural
6319,U+4CBE,䲾,22,,60,structural
6320,U+4CBF,䲿,22,,60,structural
6321,U+4CC0,䳀,49,,60,structural
6322,U+4CC1,䳁,39,,60,structural
6323,U+4CC2,䳂,22,,60,structural
6324,U+4CC3,䳃,44,,60,structural
6325,U+4CC4,䳄,22,,60,structural
6326,U+4CC5,䳅,47,,60,structural
6327,U+4CC6,䳆,22,,60,structural
6328,U+4CC7,䳇,22,,60,structural
6329,U+4CC8,䳈,22,,60,structural
6330,U+4CC9,䳉,22,,60,structural
6331,U+4CCA,䳊,39,,60,structural
6332,U+4CCB,䳋,30,,60,structural
6333,U+4CCC,䳌,22,,60,structural
6334,U+4CCD,䳍,28,,60,structural
6335,U+4CCE,䳎,22,,60,structural
6336,U+4CCF,䳏,22,,60,structural
6337,U+4CD0,䳐,6,,60,structural
6338,U+4CD1,䳑,22,,60,structural
6339,U+4CD2,䳒,22,,60,structural
6340,U+4CD3,䳓,22,,60,structural
6341,U+4CD4,䳔,22,,60,structural
6342,U+4CD5,䳕,22,,60,structural
6343,U+4CD6,䳖,22,,60,structural
6344,U+4CD7,䳗,22,,60,structural
6345,U+4CD8,䳘,22,,60,structural
6346,U+4CD9,䳙,22,,60,structural
6347,U+4CDA,䳚,22,,60,structural
6348,U+4CDB,䳛,31,,60,structural
6349,U+4CDC,䳜,26,,60,structural
6350,U+4CDD,䳝,22,,60,structural
6351,U+4CDE,䳞,43,,60,structural
6352,U+4CDF,䳟,22,,60,structural
6353,U+4CE0,䳠,56,,60,structural
6354,U+4CE1,䳡,22,,60,structural
6355,U+4CE2,䳢,25,,60,structural
6356,U+4CE3,䳣,22,,60,structural
6357,U+4CE4,䳤,53,,60,structural
6358,U+4CE5,䳥,13,,60,structural
6359,U+4CE6,䳦,41,,60,structural
6360,U+4CE7,䳧,22,,60,structural
6361,U+4CE8,䳨,33,,60,structural
6362,U+4CE9,䳩,59,,60,structural
6363,U+4CEA,䳪,22,,60,structural
6364,U+4CEB,䳫,22,,60,structural
6365,U+4CEC,䳬,22,,60,structural
6366,U+4CED,䳭,22,,60,structural
6367,U+4CEE,䳮,40,,60,structural
6368,U+4CEF,䳯,22,,60,structural
6369,U+4CF0,䳰,34,,60,structural
6370,U+4CF1,䳱,22,,60,structural
6371,U+4CF2,䳲,3,,60,structural
6372,U+4CF3,䳳,22,,60,structural
6373,U+4CF4,䳴,22,,60,structural
6374,U+4CF5,䳵,34,,60,structural
6375,U+4CF6,䳶,22,,60,structural
6376,U+4CF7,䳷,46,,60,structural
6377,U+4CF8,䳸,22,,60,structural
6378,U+4CF9,䳹,41,,60,structural
6379,U+4CFA,䳺,13,,60,structural
6380,U+4CFB,䳻,22,,60,structural
6381,U+4CFC,䳼,22,,60,structural
6382,U+4CFD,䳽,22,,60,structural
6383,U+4CFE,䳾,22,,60,structural
6384,U+4CFF,䳿,42,,60,structural
6385,U+4D00,䴀,22,,60,structural
6386,U+4D01,䴁,22,,60,structural
6387,U+4D02,䴂,22,,60,structural
6388,U+4D03,䴃,56,,60,structural
6389,U+4D04,䴄,22,,60,structural
6390,U+4D05,䴅,32,,60,structural
6391,U+4D06,䴆,49,,60,structural
6392,U+4D07,䴇,13,,60,structural
6393,U+4D08,䴈,18,,60,structural
6394,U+4D09,䴉,22,,60,structural
6395,U+4D0A,䴊,22,,60,structural
6396,U+4D0B,䴋,22,,60,structural
6397,U+4D0C,䴌,36,,60,structural
6398,U+4D0D,䴍,22,,60,structural
6399,U+4D0E,䴎,22,,60,structural
6400,U+4D0F,䴏,42,,60,structural
6401,U+4D10,䴐,22,,60,structural
6402,U+4D11,䴑,22,,60,structural
6403,U+4D12,䴒,22,,60,structural
6404,U+4D13,䴓,53,,60,structural
6405,U+4D14,䴔,22,,60,structural
6406,U+4D15,䴕,22,,60,structural
6407,U+4D16,䴖,9,,60,structural
6408,U+4D17,䴗,22,,60,structural
6409,U+4D18,䴘,22,,60,structural
6410,U+4D19,䴙,22,,60,structural
6411,U+4D1A,䴚,27,,60,structural
6412,U+4D1B,䴛,27,,60,structural
6413,U+4D1C,䴜,27,,60,structural
6414,U+4D1D,䴝,0,,60,structural
6415,U+4D1E,䴞,51,,60,structural
6416,U+4D1F,䴟,13,,60,structural
6417,U+4D20,䴠,18,,60,structural
6418,U+4D21,䴡,56,,60,structural
6419,U+4D22,䴢,34,,60,structural
6420,U+4D23,䴣,10,,60,structural
6421,U+4D24,䴤,27,,60,structural
6422,U+4D25,䴥,1,,60,structural
6423,U+4D26,䴦,5,,60,structural
6424,U+4D27,䴧,31,,60,structural
6425,U+4D28,䴨,27,,60,structural
6426,U+4D29,䴩,59,,60,structural
6427,U+4D2A,䴪,58,,60,structural
6428,U+4D2B,䴫,13,,60,structural
6429,U+4D2C,䴬,27,,60,structural
6430,U+4D2D,䴭,3,,60,structural
6431,U+4D2E,䴮,11,,60,structural
6432,U+4D2F,䴯,10,,60,structural
6433,U+4D30,䴰,27,,60,structural
6434,U+4D31,䴱,27,,60,structural
6435,U+4D32,䴲,34,,60,structural
6436,U+4D33,䴳,27,,60,structural
6437,U+4D34,䴴,1,,60,structural
6438,U+4D35,䴵,25,,60,structural
6439,U+4D36,䴶,43,,60,structural
6440,U+4D37,䴷,41,,60,structural
6441,U+4D38,䴸,27,,60,structural
6442,U+4D39,䴹,24,,60,structural
6443,U+4D3A,䴺,1,,60,structural
6444,U+4D3B,䴻,27,,60,structural
6445,U+4D3C,䴼,27,,60,structural
6446,U+4D3D,䴽,37,,60,structural
6447,U+4D3E,䴾,27,,60,structural
6448,U+4D3F,䴿,56,,60,structural
6449,U+4D40,䵀,27,,60,structural
6450,U+4D41,䵁,6,,60,structural
6451,U+4D42,䵂,47,,60,structural
6452,U+4D43,䵃,27,,60,structural
6453,U+4D44,䵄,27,,60,structural
6454,U+4D45,䵅,27,,60,structural
6455,U+4D46,䵆,36,,60,structural
6456,U+4D47,䵇,27,,60,structural
6457,U+4D48,䵈,27,,60,structural
6458,U+4D49,䵉,26,,60,structural
6459,U+4D4A,䵊,13,,60,structural
6460,U+4D4B,䵋,27,,60,structural
6461,U+4D4C,䵌,46,,60,structural
6462,U+4D4D,䵍,1,,60,structural
6463,U+4D4E,䵎,11,,60,structural
6464,U+4D4F,䵏,46,,60,structural
6465,U+4D50,䵐,21,,60,structural
6466,U+4D51,䵑,10,,60,structural
6467,U+4D52,䵒,24,,60,structural
6468,U+4D53,䵓,27,,60,structural
6469,U+4D54,䵔,34,,60,structural
6470,U+4D55,䵕,1,,60,structural
6471,U+4D56,䵖,51,,60,structural
6472,U+4D57,䵗,11,,60,structural
6473,U+4D58,䵘,56,,60,structural
6474,U+4D59,䵙,4,,60,structural
6475,U+4D5A,䵚,27,,60,structural
6476,U+4D5B,䵛,9,,60,structural
6477,U+4D5C,䵜,27,,60,structural
6478,U+4D5D,䵝,27,,60,structural
6479,U+4D5E,䵞,27,,60,structural
6480,U+4D5F,䵟,27,,60,structural
6481,U+4D60,䵠,13,,60,structural
6482,U+4D61,䵡,56,,60,structural
6483,U+4D62,䵢,34,,60,structural
6484,U+4D63,䵣,56,,60,structural
6485,U+4D64,䵤,56,,60,structural
6486,U+4D65,䵥,27,,60,structural
6487,U+4D66,䵦,12,,60,structural
6488,U+4D67,䵧,27,,60,structural
6489,U+4D68,䵨,13,,60,structural
6490,U+4D69,䵩,20,,60,structural
6491,U+4D6A,䵪,24,,60,structural
6492,U+4D6B,䵫,44,,60,structural
6493,U+4D6C,䵬,8,,60,structural
6494,U+4D6D,䵭,24,,60,structural
6495,U+4D6E,䵮,56,,60,structural
6496,U+4D6F,䵯,27,,60,structural
6497,U+4D70,䵰,27,,60,structural
6498,U+4D71,䵱,1,,60,structural
6499,U+4D72,䵲,34,,60,structural
6500,U+4D73,䵳,26,,60,structural
6501,U+4D74,䵴,27,,60,structural
6502,U+4D75,䵵,27,,60,structural
6503,U+4D76,䵶,1,,60,structural
6504,U+4D77,䵷,9,,60,structural
6505,U+4D78,䵸,42,,60,structural
6506,U+4D79,䵹,27,,60,structural
6507,U+4D7A,䵺,9,,60,structural
6508,U+4D7B,䵻,43,,60,structural
6509,U+4D7C,䵼,6,,60,structural
6510,U+4D7D,䵽,9,,60,structural
6511,U+4D7E,䵾,46,,60,structural
6512,U+4D7F,䵿,1,,60,structural
6513,U+4D80,䶀,26,,60,structural
6514,U+4D81,䶁,8,,60,structural
6515,U+4D82,䶂,13,,60,structural
6516,U+4D83,䶃,13,,60,structural
6517,U+4D84,䶄,58,,60,structural
6518,U+4D85,䶅,1,,60,structural
6519,U+4D86,䶆,51,,60,structural
6520,U+4D87,䶇,11,,60,structural
6521,U+4D88,䶈,57,,60,structural
6522,U+4D89,䶉,11,,60,structural
6523,U+4D8A,䶊,56,,60,structural
6524,U+4D8B,䶋,51,,60,structural
6525,U+4D8C,䶌,27,,60,structural
6526,U+4D8D,䶍,27,,60,structural
6527,U+4D8E,䶎,26,,60,structural
6528,U+4D8F,䶏,58,,60,structural
6529,U+4D90,䶐,26,,60,structural
6530,U+4D91,䶑,27,,60,structural
6531,U+4D92,䶒,31,,60,structural
6532,U+4D93,䶓,53,,60,structural
6533,U+4D94,䶔,27,,60,structural
6534,U+4D95,䶕,27,,60,structural
6535,U+4D96,䶖,13,,60,structural
6536,U+4D97,䶗,52,,60,structural
6537,U+4D98,䶘,27,,60,structural
6538,U+4D99,䶙,27,,60,structural
6539,U+4D9A,䶚,30,,60,structural
6540,U+4D9B,䶛,27,,60,structural
6541,U+4D9C,䶜,1,,60,structural
6542,U+4D9D,䶝,46,,60,structural
6543,U+4D9E,䶞,25,,60,structural
6544,U+4D9F,䶟,27,,60,structural
6545,U+4DA0,䶠,21,,60,structural
6546,U+4DA1,䶡,32,,60,structural
6547,U+4DA2,䶢,21,,60,structural
6548,U+4DA3,䶣,11,,60,structural
6549,U+4DA4,䶤,27,,60,structural
6550,U+4DA5,䶥,56,,60,structural
6551,U+4DA6,䶦,32,,60,structural
6552,U+4DA7,䶧,56,,60,structural
6553,U+4DA8,䶨,26,,60,structural
6554,U+4DA9,䶩,27,,60,structural
6555,U+4DAA,䶪,51,,60,structural
6556,U+4DAB,䶫,1,,60,structural
6557,U+4DAC,䶬,27,,60,structural
6558,U+4DAD,䶭,33,,60,structural
6559,U+4DAE,䶮,56,,60,structural
6560,U+4DAF,䶯,31,,60,structural
6561,U+4DB0,䶰,27,,60,structural
6562,U+4DB1,䶱,27,,60,structural
6563,U+4DB2,䶲,27,,60,structural
6564,U+4DB3,䶳,27,,60,structural
6565,U+4DB4,䶴,42,,60,structural
6566,U+4DB5,䶵,27,,60,structural
6567,U+4E00,一,56,,60,structural
6568,U+4E01,丁,52,,60,structural
6569,U+4E02,丂,56,,60,structural
6570,U+4E03,七,27,,60,structural
6571,U+4E04,丄,56,,60,structural
6572,U+4E05,丅,56,,60,structural
6573,U+4E06,丆,56,,60,structural
6574,U+4E07,万,56,,60,structural
6575,U+4E09,三,56,,60,structural
6576,U+4E0A,上,56,,60,structural
6577,U+4E0B,下,56,,60,structural
6578,U+4E0C,丌,56,,60,structural
6579,U+4E0D,不,56,,60,structural
6580,U+4E0E,与,56,,60,structural
6581,U+4E12,丒,56,,60,structural
6582,U+4E15,丕,56,,60,structural
6583,U+4E17,丗,27,,60,structural
6584,U+4E19,丙,26,,60,structural
6585,U+4E1A,业,56,,60,structural
6586,U+4E1B,丛,26,,60,structural
6587,U+4E1D,丝,56,,60,structural
6588,U+4E1E,丞,12,,60,structural
6589,U+4E1F,丟,33,,60,structural
6590,U+4E20,丠,56,,60,structural
6591,U+4E21,両,56,,60,structural
6592,U+4E22,丢,9,,60,structural
6593,U+4E24,两,26,,60,structural
6594,U+4E25,严,56,,60,structural
6595,U+4E26,並,25,,60,structural
6596,U+4E27,丧,9,,60,structural
6597,U+4E28,丨,27,,60,structural
6598,U+4E2A,个,46,,60,structural
6599,U+4E2B,丫,58,,60,structural
6600,U+4E2D,中,59,,60,structural
6601,U+4E2E,丮,43,,60,structural
6602,U+4E2F,丯,27,,60,structural
6603,U+4E30,丰,43,,60,structural
6604,U+4E32,串,59,,60,structural
6605,U+4E33,丳,59,,60,structural
6606,U+4E34,临,13,,60,structural
6607,U+4E35,丵,56,,60,structural
6608,U+4E36,丶,13,,60,structural
6609,U+4E37,丷,58,,60,structural
6610,U+4E38,丸,13,,60,structural
6611,U+4E3B,主,9,,60,structural
6612,U+4E3C,丼,13,,60,structural
6613,U+4E3D,丽,56,,60,structural
6614,U+4E3E,举,43,,60,structural
6615,U+4E3F,丿,10,,60,structural
6616,U+4E42,乂,10,,60,structural
6617,U+4E43,乃,10,,60,structural
6618,U+4E46,乆,10,,60,structural
6619,U+4E47,乇,10,,60,structural
6620,U+4E48,么,10,,60,structural
6621,U+4E49,义,10,,60,structural
6622,U+4E4A,乊,10,,60,structural
6623,U+4E4B,之,13,,60,structural
6624,U+4E4C,乌,56,,60,structural
6625,U+4E4F,乏,10,,60,structural
6626,U+4E52,乒,56,,60,structural
6627,U+4E53,乓,56,,60,structural
6628,U+4E54,乔,18,,60,structural
6629,U+4E55,乕,43,,60,structural
6630,U+4E56,乖,37,,60,structural
6631,U+4E58,乘,20,,60,structural
6632,U+4E59,乙,27,,60,structural
6633,U+4E5E,乞,27,,60,structural
6634,U+4E60,习,6,,60,structural
6635,U+4E62,乢,11,,60,structural
6636,U+4E63,乣,27,,60,structural
6637,U+4E64,乤,56,,60,structural
6638,U+4E65,乥,10,,60,structural
6639,U+4E67,乧,27,,60,structural
6640,U+4E68,乨,1,,60,structural
6641,U+4E69,乩,1,,60,structural
6642,U+4E6A,乪,11,,60,structural
6643,U+4E6B,乫,1,,60,structural
6644,U+4E6C,乬,27,,60,structural
6645,U+4E6D,乭,27,,60,structural
6646,U+4E6E,乮,27,,60,structural
6647,U+4E6F,乯,10,,60,structural
6648,U+4E70,买,20,,60,structural
6649,U+4E71,乱,27,,60,structural
6650,U+4E72,乲,6,,60,structural
6651,U+4E73,乳,27,,60,structural
6652,U+4E74,乴,3,,60,structural
6653,U+4E75,乵,27,,60,structural
6654,U+4E76,乶,57,,60,structural
6655,U+4E77,乷,10,,60,structural
6656,U+4E78,乸,27,,60,structural
6657,U+4E79,乹,27,,60,structural
6658,U+4E7A,乺,27,,60,structural
6659,U+4E7B,乻,46,,60,structural
6660,U+4E7C,乼,12,,60,structural
6661,U+4E7D,乽,24,,60,structural
6662,U+4E7E,乾,27,,60,structural
6663,U+4E7F,乿,15,,60,structural
6664,U+4E80,亀,24,,60,structural
6665,U+4E81,亁,24,,60,structural
6666,U+4E82,亂,27,,60,structural
6667,U+4E83,亃,27,,60,structural
6668,U+4E84,亄,27,,60,structural
6669,U+4E85,亅,27,,60,structural
6670,U+4E86,了,27,,60,structural
6671,U+4E87,亇,27,,60,structural
6672,U+4E88,予,27,,60,structural
6673,U+4E89,争,52,,60,structural
6674,U+4E8C,二,56,,60,structural
6675,U+4E8D,亍,52,,60,structural
6676,U+4E8F,亏,56,,60,structural
6677,U+4E90,亐,56,,60,structural
6678,U+4E91,云,17,,60,structural
6679,U+4E92,互,56,,60,structural
6680,U+4E93,亓,56,,60,structural
6681,U+4E94,五,56,,60,structural
6682,U+4E96,亖,17,,60,structural
6683,U+4E97,亗,11,,60,structural
6684,U+4E98,亘,56,,60,structural
6685,U+4E99,亙,56,,60,structural
6686,U+4E9A,亚,56,,60,structural
6687,U+4E9B,些,17,,60,structural
6688,U+4E9D,亝,17,,60,structural
6689,U+4E9E,亞,56,,60,structural
6690,U+4E9F,亟,52,,60,structural
6691,U+4EA0,亠,56,,60,structural
6692,U+4EA1,亡,27,,60,structural
6693,U+4EA2,亢,27,,60,structural
6694,U+4EA3,亣,56,,60,structural
6695,U+4EA4,交,27,,60,structural
6696,U+4EA5,亥,46,,60,structural
6697,U+4EA6,亦,27,,60,structural
6698,U+4EA7,产,58,,60,structural
6699,U+4EA8,亨,1,,60,structural
6700,U+4EA9,亩,11,,60,structural
6701,U+4EAA,亪,10,,60,structural
6702,U+4EAB,享,1,,60,structural
6703,U+4EAC,京,1,,60,structural
6704,U+4EAD,亭,52,,60,structural
6705,U+4EAE,亮,1,,60,structural
6706,U+4EAF,亯,1,,60,structural
6707,U+4EB0,亰,24,,60,structural
6708,U+4EB1,亱,26,,60,structural
6709,U+4EB2,亲,34,,60,structural
6710,U+4EB3,亳,1,,60,structural
6711,U+4EB4,亴,1,,60,structural
6712,U+4EB5,亵,13,,60,structural
6713,U+4EB6,亶,21,,60,structural
6714,U+4EB7,亷,25,,60,structural
6715,U+4EB8,亸,21,,60,structural
6716,U+4EB9,亹,21,,60,structural
6717,U+4EBA,人,46,,60,structural
6718,U+4EBB,亻,46,,60,structural
6719,U+4EBC,亼,26,,60,structural
6720,U+4EBD,亽,13,,60,structural
6721,U+4EBE,亾,46,,60,structural
6722,U+4EBF,亿,46,,60,structural
6723,U+4EC0,什,46,,60,structural
6724,U+4EC1,仁,49,,60,structural
6725,U+4EC2,仂,46,,60,structural
6726,U+4EC3,仃,26,,60,structural
6727,U+4EC4,仄,46,,60,structural
6728,U+4EC5,仅,46,,60,structural
6729,U+4EC6,仆,46,,60,structural
6730,U+4EC7,仇,46,,60,structural
6731,U+4EC8,仈,46,,60,structural
6732,U+4EC9,仉,46,,60,structural
6733,U+4ECA,今,13,,60,structural
6734,U+4ECB,介,46,,60,structural
6735,U+4ECC,仌,46,,60,structural
6736,U+4ECD,仍,46,,60,structural
6737,U+4ECE,从,46,,60,structural
6738,U+4ECF,仏,46,,60,structural
6739,U+4ED0,仐,46,,60,structural
6740,U+4ED1,仑,46,,60,structural
6741,U+4ED2,仒,46,,60,structural
6742,U+4ED3,仓,46,,60,structural
6743,U+4ED4,仔,46,,60,structural
6744,U+4ED5,仕,46,,60,structural
6745,U+4ED6,他,46,,60,structural
6746,U+4ED7,仗,26,,60,structural
6747,U+4ED8,付,46,,60,structural
6748,U+4ED9,仙,46,,60,structural
6749,U+4EDA,仚,46,,60,structural
6750,U+4EDB,仛,46,,60,structural
6751,U+4EDC,仜,46,,60,structural
6752,U+4EDD,仝,46,,60,structural
6753,U+4EDE,仞,46,,60,structural
6754,U+4EDF,仟,37,,60,structural
6755,U+4EE0,仠,46,,60,structural
6756,U+4EE1,仡,46,,60,structural
6757,U+4EE2,仢,13,,60,structural
6758,U+4EE3,代,46,,60,structural
6759,U+4EE4,令,13,,60,structural
6760,U+4EE6,仦,46,,60,structural
6761,U+4EE7,仧,26,,60,structural
6762,U+4EE8,仨,49,,60,structural
6763,U+4EE9,仩,26,,60,structural
6764,U+4EEA,仪,13,,60,structural
6765,U+4EEB,仫,46,,60,structural
6766,U+4EEC,们,46,,60,structural
6767,U+4EED,仭,46,,60,structural
6768,U+4EEE,仮,46,,60,structural
6769,U+4EEF,仯,46,,60,structural
6770,U+4EF0,仰,46,,60,structural
6771,U+4EF1,仱,13,,60,structural
6772,U+4EF2,仲,59,,60,structural
6773,U+4EF3,仳,46,,60,structural
6774,U+4EF4,仴,46,,60,structural
6775,U+4EF5,仵,46,,60,structural
6776,U+4EF6,件,46,,60,structural
6777,U+4EF7,价,46,,60,structural
6778,U+4EF8,仸,18,,60,structural
6779,U+4EF9,仹,43,,60,structural
6780,U+4EFA,仺,26,,60,structural
6781,U+4EFB,任,46,,60,structural
6782,U+4EFC,仼,33,,60,structural
6783,U+4EFD,份,58,,60,structural
6784,U+4EFE,仾,26,,60,structural
6785,U+4EFF,仿,46,,60,structural
6786,U+4F00,伀,16,,60,structural
6787,U+4F01,企,46,,60,structural
6788,U+4F02,伂,26,,60,structural
6789,U+4F03,伃,46,,60,structural
6790,U+4F04,伄,46,,60,structural
6791,U+4F05,伅,46,,60,structural
6792,U+4F06,伆,46,,60,structural
6793,U+4F07,伇,46,,60,structural
6794,U+4F08,伈,46,,60,structural
6795,U+4F09,伉,46,,60,structural
6796,U+4F0A,伊,26,,60,structural
6797,U+4F0B,伋,46,,60,structural
6798,U+4F0C,伌,46,,60,structural
6799,U+4F0D,伍,26,,60,structural
6800,U+4F0E,伎,46,,60,structural
6801,U+4F0F,伏,46,,60,structural
6802,U+4F10,伐,46,,60,structural
6803,U+4F11,休,34,,60,structural
6804,U+4F12,伒,46,,60,structural
6805,U+4F13,伓,26,,60,structural
6806,U+4F14,伔,46,,60,structural
6807,U+4F15,伕,49,,60,structural
6808,U+4F16,伖,46,,60,structural
6809,U+4F17,众,46,,60,structural
6810,U+4F18,优,13,,60,structural
6811,U+4F19,伙,42,,60,structural
6812,U+4F1A,会,49,,60,structural
6813,U+4F1B,伛,46,,60,structural
6814,U+4F1C,伜,46,,60,structural
6815,U+4F1D,伝,49,,60,structural
6816,U+4F1E,伞,46,,60,structural
6817,U+4F1F,伟,46,,60,structural
6818,U+4F20,传,26,,60,structural
6819,U+4F21,伡,46,,60,structural
6820,U+4F22,伢,46,,60,structural
6821,U+4F23,伣,46,,60,structural
6822,U+4F24,伤,46,,60,structural
6823,U+4F25,伥,46,,60,structural
6824,U+4F26,伦,46,,60,structural
6825,U+4F27,伧,46,,60,structural
6826,U+4F28,伨,46,,60,structural
6827,U+4F29,伩,46,,60,structural
6828,U+4F2A,伪,13,,60,structural
6829,U+4F2B,伫,41,,60,structural
6830,U+4F2C,伬,46,,60,structural
6831,U+4F2D,伭,46,,60,structural
6832,U+4F2E,伮,31,,60,structural
6833,U+4F2F,伯,46,,60,structural
6834,U+4F30,估,46,,60,structural
6835,U+4F31,伱,46,,60,structural
6836,U+4F32,伲,46,,60,structural
6837,U+4F33,伳,26,,60,structural
6838,U+4F34,伴,49,,60,structural
6839,U+4F35,伵,46,,60,structural
6840,U+4F36,伶,13,,60,structural
6841,U+4F37,伷,46,,60,structural
6842,U+4F38,伸,46,,60,structural
6843,U+4F39,伹,26,,60,structural
6844,U+4F3A,伺,46,,60,structural
6845,U+4F3B,伻,46,,60,structural
6846,U+4F3C,似,46,,60,structural
6847,U+4F3D,伽,46,,60,structural
6848,U+4F3E,伾,26,,60,structural
6849,U+4F3F,伿,47,,60,structural
6850,U+4F40,佀,46,,60,structural
6851,U+4F41,佁,46,,60,structural
6852,U+4F42,佂,26,,60,structural
6853,U+4F43,佃,46,,60,structural
6854,U+4F44,佄,46,,60,structural
6855,U+4F45,佅,34,,60,structural
6856,U+4F46,但,26,,60,structural
6857,U+4F47,佇,41,,60,structural
6858,U+4F48,佈,46,,60,structural
6859,U+4F49,佉,9,,60,structural
6860,U+4F4A,佊,46,,60,structural
6861,U+4F4B,佋,46,,60,structural
6862,U+4F4C,佌,46,,60,structural
6863,U+4F4D,位,46,,60,structural
6864,U+4F4E,低,13,,60,structural
6865,U+4F4F,住,9,,60,structural
6866,U+4F50,佐,46,,60,structural
6867,U+4F51,佑,46,,60,structural
6868,U+4F52,佒,46,,60,structural
6869,U+4F53,体,34,,60,structural
6870,U+4F54,佔,46,,60,structural
6871,U+4F55,何,52,,60,structural
6872,U+4F56,佖,10,,60,structural
6873,U+4F57,佗,46,,60,structural
6874,U+4F58,佘,46,,60,structural
6875,U+4F59,余,26,,60,structural
6876,U+4F5A,佚,49,,60,structural
6877,U+4F5B,佛,46,,60,structural
6878,U+4F5C,作,46,,60,structural
6879,U+4F5D,佝,46,,60,structural
6880,U+4F5E,佞,46,,60,structural
6881,U+4F5F,佟,46,,60,structural
6882,U+4F60,你,46,,60,structural
6883,U+4F61,佡,46,,60,structural
6884,U+4F62,佢,46,,60,structural
6885,U+4F63,佣,46,,60,structural
6886,U+4F64,佤,46,,60,structural
6887,U+4F65,佥,26,,60,structural
6888,U+4F66,佦,46,,60,structural
6889,U+4F67,佧,26,,60,structural
6890,U+4F68,佨,46,,60,structural
6891,U+4F69,佩,46,,60,structural
6892,U+4F6A,佪,46,,60,structural
6893,U+4F6B,佫,46,,60,structural
6894,U+4F6C,佬,46,,60,structural
6895,U+4F6D,佭,46,,60,structural
6896,U+4F6E,佮,26,,60,structural
6897,U+4F6F,佯,46,,60,structural
6898,U+4F70,佰,26,,60,structural
6899,U+4F71,佱,26,,60,structural
6900,U+4F72,佲,4,,60,structural
6901,U+4F73,佳,9,,60,structural
6902,U+4F74,佴,46,,60,structural
6903,U+4F75,併,25,,60,structural
6904,U+4F76,佶,46,,60,structural
6905,U+4F77,佷,46,,60,structural
6906,U+4F78,佸,46,,60,structural
6907,U+4F79,佹,46,,60,structural
6908,U+4F7A,佺,33,,60,structural
6909,U+4F7B,佻,46,,60,structural
6910,U+4F7C,佼,46,,60,structural
6911,U+4F7D,佽,6,,60,structural
6912,U+4F7E,佾,46,,60,structural
6913,U+4F7F,使,26,,60,structural
6914,U+4F80,侀,26,,60,structural
6915,U+4F81,侁,46,,60,structural
6916,U+4F82,侂,38,,60,structural
6917,U+4F83,侃,46,,60,structural
6918,U+4F84,侄,46,,60,structural
6919,U+4F85,侅,46,,60,structural
6920,U+4F86,來,34,,60,structural
6921,U+4F87,侇,46,,60,structural
6922,U+4F88,侈,4,,60,structural
6923,U+4F89,侉,26,,60,structural
6924,U+4F8A,侊,26,,60,structural
6925,U+4F8B,例,46,,60,structural
6926,U+4F8C,侌,49,,60,structural
6927,U+4F8D,侍,9,,60,structural
6928,U+4F8E,侎,46,,60,structural
6929,U+4F8F,侏,34,,60,structural
6930,U+4F90,侐,46,,60,structural
6931,U+4F91,侑,46,,60,structural
6932,U+4F92,侒,31,,60,structural
6933,U+4F93,侓,46,,60,structural
6934,U+4F94,侔,46,,60,structural
6935,U+4F95,侕,46,,60,structural
6936,U+4F96,侖,26,,60,structural
6937,U+4F97,侗,46,,60,structural
6938,U+4F98,侘,46,,60,structural
6939,U+4F99,侙,46,,60,structural
6940,U+4F9A,侚,24,,60,structural
6941,U+4F9B,供,28,,60,structural
6942,U+4F9C,侜,46,,60,structural
6943,U+4F9D,依,35,,60,structural
6944,U+4F9E,侞,31,,60,structural
6945,U+4F9F,侟,46,,60,structural
6946,U+4FA0,侠,49,,60,structural
6947,U+4FA1,価,59,,60,structural
6948,U+4FA2,侢,26,,60,structural
6949,U+4FA3,侣,46,,60,structural
6950,U+4FA4,侤,26,,60,structural
6951,U+4FA5,侥,26,,60,structural
6952,U+4FA6,侦,32,,60,structural
6953,U+4FA7,侧,32,,60,structural
6954,U+4FA8,侨,18,,60,structural
6955,U+4FA9,侩,49,,60,structural
6956,U+4FAA,侪,46,,60,structural
6957,U+4FAB,侫,46,,60,structural
6958,U+4FAC,侬,46,,60,structural
6959,U+4FAD,侭,46,,60,structural
6960,U+4FAE,侮,46,,60,structural
6961,U+4FAF,侯,46,,60,structural
6962,U+4FB0,侰,26,,60,structural
6963,U+4FB1,侱,33,,60,structural
6964,U+4FB2,侲,46,,60,structural
6965,U+4FB3,侳,9,,60,structural
6966,U+4FB4,侴,26,,60,structural
6967,U+4FB5,侵,46,,60,structural
6968,U+4FB6,侶,46,,60,structural
6969,U+4FB7,侷,46,,60,structural
6970,U+4FB8,侸,46,,60,structural
6971,U+4FB9,侹,46,,60,structural
6972,U+4FBA,侺,13,,60,structural
6973,U+4FBB,侻,47,,60,structural
6974,U+4FBC,侼,46,,60,structural
6975,U+4FBD,侽,46,,60,structural
6976,U+4FBE,侾,46,,60,structural
6977,U+4FBF,便,26,,60,structural
6978,U+4FC0,俀,31,,60,structural
6979,U+4FC1,俁,46,,60,structural
6980,U+4FC2,係,46,,60,structural
6981,U+4FC3,促,46,,60,structural
6982,U+4FC4,俄,46,,60,structural
6983,U+4FC5,俅,25,,60,structural
6984,U+4FC6,俆,26,,60,structural
6985,U+4FC7,俇,33,,60,structural
6986,U+4FC8,俈,46,,60,structural
6987,U+4FC9,俉,26,,60,structural
6988,U+4FCA,俊,16,,60,structural
6989,U+4FCB,俋,46,,60,structural
6990,U+4FCC,俌,57,,60,structural
6991,U+4FCD,俍,13,,60,structural
6992,U+4FCE,俎,26,,60,structural
6993,U+4FCF,俏,46,,60,structural
6994,U+4FD0,俐,46,,60,structural
6995,U+4FD1,俑,46,,60,structural
6996,U+4FD2,俒,41,,60,structural
6997,U+4FD3,俓,26,,60,structural
6998,U+4FD4,俔,46,,60,structural
6999,U+4FD5,俕,34,,60,structural
7000,U+4FD6,俖,26,,60,structural
7001,U+4FD7,俗,46,,60,structural
7002,U+4FD8,俘,46,,60,structural
7003,U+4FD9,俙,46,,60,structural
7004,U+4FDA,俚,46,,60,structural
7005,U+4FDB,俛,46,,60,structural
7006,U+4FDC,俜,26,,60,structural
7007,U+4FDD,保,34,,60,structural
7008,U+4FDE,俞,26,,60,structural
7009,U+4FDF,俟,46,,60,structural
7010,U+4FE0,俠,46,,60,structural
7011,U+4FE1,信,5,,60,structural
7012,U+4FE2,俢,46,,60,structural
7013,U+4FE3,俣,26,,60,structural
7014,U+4FE4,俤,46,,60,structural
7015,U+4FE5,俥,46,,60,structural
7016,U+4FE6,俦,43,,60,structural
7017,U+4FE7,俧,46,,60,structural
7018,U+4FE8,俨,26,,60,structural
7019,U+4FE9,俩,26,,60,structural
7020,U+4FEA,俪,26,,60,structural
7021,U+4FEB,俫,34,,60,structural
7022,U+4FEC,俬,46,,60,structural
7023,U+4FED,俭,26,,60,structural
7024,U+4FEE,修,46,,60,structural
7025,U+4FEF,俯,38,,60,structural
7026,U+4FF0,俰,46,,60,structural
7027,U+4FF1,俱,25,,60,structural
7028,U+4FF2,俲,46,,60,structural
7029,U+4FF3,俳,46,,60,structural
7030,U+4FF4,俴,46,,60,structural
7031,U+4FF5,俵,9,,60,structural
7032,U+4FF6,俶,26,,60,structural
7033,U+4FF7,俷,40,,60,structural
7034,U+4FF8,俸,49,,60,structural
7035,U+4FF9,俹,26,,60,structural
7036,U+4FFA,俺,24,,60,structural
7037,U+4FFB,俻,46,,60,structural
7038,U+4FFC,俼,46,,60,structural
7039,U+4FFD,俽,46,,60,structural
7040,U+4FFE,俾,37,,60,structural
7041,U+4FFF,俿,46,,60,structural
7042,U+5000,倀,46,,60,structural
7043,U+5001,倁,46,,60,structural
7044,U+5002,倂,46,,60,structural
7045,U+5003,倃,46,,60,structural
7046,U+5004,倄,46,,60,structural
7047,U+5005,倅,46,,60,structural
7048,U+5006,倆,26,,60,structural
7049,U+5007,倇,44,,60,structural
7050,U+5008,倈,34,,60,structural
7051,U+5009,倉,26,,60,structural
7052,U+500A,倊,16,,60,structural
7053,U+500B,個,46,,60,structural
7054,U+500C,倌,46,,60,structural
7055,U+500D,倍,46,,60,structural
7056,U+500E,倎,46,,60,structural
7057,U+500F,倏,46,,60,structural
7058,U+5010,倐,46,,60,structural
7059,U+5011,們,46,,60,structural
7060,U+5012,倒,46,,60,structural
7061,U+5013,倓,42,,60,structural
7062,U+5014,倔,46,,60,structural
7063,U+5015,倕,26,,60,structural
7064,U+5016,倖,9,,60,structural
7065,U+5017,倗,40,,60,structural
7066,U+5018,倘,46,,60,structural
7067,U+5019,候,46,,60,structural
7068,U+501A,倚,52,,60,structural
7069,U+501B,倛,25,,60,structural
7070,U+501C,倜,46,,60,structural
7071,U+501D,倝,46,,60,structural
7072,U+501E,倞,1,,60,structural
7073,U+501F,借,28,,60,structural
7074,U+5020,倠,46,,60,structural
7075,U+5021,倡,24,,60,structural
7076,U+5022,倢,46,,60,structural
7077,U+5023,倣,46,,60,structural
7078,U+5024,値,26,,60,structural
7079,U+5025,倥,46,,60,structural
7080,U+5026,倦,49,,60,structural
7081,U+5027,倧,46,,60,structural
7082,U+5028,倨,46,,60,structural
7083,U+5029,倩,9,,60,structural
7084,U+502A,倪,46,,60,structural
7085,U+502B,倫,26,,60,structural
7086,U+502C,倬,24,,60,structural
7087,U+502D,倭,31,,60,structural
7088,U+502E,倮,24,,60,structural
7089,U+502F,倯,16,,60,structural
7090,U+5030,倰,16,,60,structural
7091,U+5031,倱,24,,60,structural
7092,U+5032,倲,34,,60,structural
7093,U+5033,倳,46,,60,structural
7094,U+5034,倴,46,,60,structural
7095,U+5035,倵,26,,60,structural
7096,U+5036,倶,25,,60,structural
7097,U+5037,倷,46,,60,structural
7098,U+5038,倸,34,,60,structural
7099,U+5039,倹,26,,60,structural
7100,U+503A,债,32,,60,structural
7101,U+503B,倻,46,,60,structural
7102,U+503C,值,26,,60,structural
7103,U+503D,倽,46,,60,structural
7104,U+503E,倾,19,,60,structural
7105,U+503F,倿,31,,60,structural
7106,U+5040,偀,36,,60,structural
7107,U+5041,偁,46,,60,structural
7108,U+5042,偂,26,,60,structural
7109,U+5043,偃,31,,60,structural
7110,U+5044,偄,46,,60,structural
7111,U+5045,偅,46,,60,structural
7112,U+5046,偆,24,,60,structural
7113,U+5047,假,46,,60,structural
7114,U+5048,偈,24,,60,structural
7115,U+5049,偉,46,,60,structural
7116,U+504A,偊,46,,60,structural
7117,U+504B,偋,25,,60,structural
7118,U+504C,偌,36,,60,structural
7119,U+504D,偍,24,,60,structural
7120,U+504E,偎,26,,60,structural
7121,U+504F,偏,13,,60,structural
7122,U+5050,偐,58,,60,structural
7123,U+5051,偑,46,,60,structural
7124,U+5052,偒,26,,60,structural
7125,U+5053,偓,46,,60,structural
7126,U+5054,偔,26,,60,structural
7127,U+5055,偕,46,,60,structural
7128,U+5056,偖,24,,60,structural
7129,U+5057,偗,46,,60,structural
7130,U+5058,偘,46,,60,structural
7131,U+5059,偙,53,,60,structural
7132,U+505A,做,46,,60,structural
7133,U+505B,偛,37,,60,structural
7134,U+505C,停,52,,60,structural
7135,U+505D,偝,46,,60,structural
7136,U+505E,偞,26,,60,structural
7137,U+505F,偟,33,,60,structural
7138,U+5060,偠,59,,60,structural
7139,U+5061,偡,46,,60,structural
7140,U+5062,偢,42,,60,structural
7141,U+5063,偣,46,,60,structural
7142,U+5064,偤,58,,60,structural
7143,U+5065,健,46,,60,structural
7144,U+5066,偦,46,,60,structural
7145,U+5067,偧,4,,60,structural
7146,U+5068,偨,34,,60,structural
7147,U+5069,偩,32,,60,structural
7148,U+506A,偪,46,,60,structural
7149,U+506B,偫,9,,60,structural
7150,U+506C,偬,13,,60,structural
7151,U+506D,偭,46,,60,structural
7152,U+506E,偮,46,,60,structural
7153,U+506F,偯,1,,60,structural
7154,U+5070,偰,43,,60,structural
7155,U+5071,偱,46,,60,structural
7156,U+5072,偲,46,,60,structural
7157,U+5073,偳,46,,60,structural
7158,U+5074,側,32,,60,structural
7159,U+5075,偵,32,,60,structural
7160,U+5076,偶,46,,60,structural
7161,U+5077,偷,26,,60,structural
7162,U+5078,偸,26,,60,structural
7163,U+5079,偹,46,,60,structural
7164,U+507A,偺,24,,60,structural
7165,U+507B,偻,31,,60,structural
7166,U+507C,偼,26,,60,structural
7167,U+507D,偽,42,,60,structural
7168,U+507E,偾,32,,60,structural
7169,U+507F,偿,49,,60,structural
7170,U+5080,傀,46,,60,structural
7171,U+5081,傁,46,,60,structural
7172,U+5082,傂,46,,60,structural
7173,U+5083,傃,9,,60,structural
7174,U+5084,傄,46,,60,structural
7175,U+5085,傅,57,,60,structural
7176,U+5086,傆,46,,60,structural
7177,U+5087,傇,36,,60,structural
7178,U+5088,傈,59,,60,structural
7179,U+5089,傉,46,,60,structural
7180,U+508A,傊,54,,60,structural
7181,U+508B,傋,46,,60,structural
7182,U+508C,傌,50,,60,structural
7183,U+508D,傍,58,,60,structural
7184,U+508E,傎,25,,60,structural
7185,U+508F,傏,59,,60,structural
7186,U+5090,傐,46,,60,structural
7187,U+5091,傑,34,,60,structural
7188,U+5092,傒,46,,60,structural
7189,U+5093,傓,13,,60,structural
7190,U+5094,傔,25,,60,structural
7191,U+5095,傕,46,,60,structural
7192,U+5096,傖,26,,60,structural
7193,U+5097,傗,46,,60,structural
7194,U+5098,傘,46,,60,structural
7195,U+5099,備,46,,60,structural
7196,U+509A,傚,46,,60,structural
7197,U+509B,傛,46,,60,structural
7198,U+509C,傜,46,,60,structural
7199,U+509D,傝,46,,60,structural
7200,U+509E,傞,46,,60,structural
7201,U+509F,傟,16,,60,structural
7202,U+50A0,傠,5,,60,structural
7203,U+50A1,傡,46,,60,structural
7204,U+50A2,傢,46,,60,structural
7205,U+50A3,傣,12,,60,structural
7206,U+50A4,傤,46,,60,structural
7207,U+50A5,傥,46,,60,structural
7208,U+50A6,傦,46,,60,structural
7209,U+50A7,傧,25,,60,structural
7210,U+50A8,储,24,,60,structural
7211,U+50A9,傩,51,,60,structural
7212,U+50AA,傪,46,,60,structural
7213,U+50AB,傫,15,,60,structural
7214,U+50AC,催,46,,60,structural
7215,U+50AD,傭,38,,60,structural
7216,U+50AE,傮,26,,60,structural
7217,U+50AF,傯,10,,60,structural
7218,U+50B0,傰,40,,60,structural
7219,U+50B1,傱,46,,60,structural
7220,U+50B2,傲,46,,60,structural
7221,U+50B3,傳,46,,60,structural
7222,U+50B4,傴,46,,60,structural
7223,U+50B5,債,32,,60,structural
7224,U+50B6,傶,26,,60,structural
7225,U+50B7,傷,46,,60,structural
7226,U+50B8,傸,46,,60,structural
7227,U+50B9,傹,14,,60,structural
7228,U+50BA,傺,46,,60,structural
7229,U+50BB,傻,46,,60,structural
7230,U+50BC,傼,49,,60,structural
7231,U+50BD,傽,24,,60,structural
7232,U+50BE,傾,19,,60,structural
7233,U+50BF,傿,26,,60,structural
7234,U+50C0,僀,53,,60,structural
7235,U+50C1,僁,46,,60,structural
7236,U+50C2,僂,31,,60,structural
7237,U+50C3,僃,36,,60,structural
7238,U+50C4,僄,59,,60,structural
7239,U+50C5,僅,9,,60,structural
7240,U+50C6,僆,46,,60,structural
7241,U+50C7,僇,46,,60,structural
7242,U+50C8,僈,24,,60,structural
7243,U+50C9,僉,26,,60,structural
7244,U+50CA,僊,59,,60,structural
7245,U+50CB,僋,13,,60,structural
7246,U+50CC,僌,46,,60,structural
7247,U+50CD,働,46,,60,structural
7248,U+50CE,僎,28,,60,structural
7249,U+50CF,像,46,,60,structural
7250,U+50D0,僐,26,,60,structural
7251,U+50D1,僑,18,,60,structural
7252,U+50D2,僒,26,,60,structural
7253,U+50D3,僓,32,,60,structural
7254,U+50D4,僔,58,,60,structural
7255,U+50D5,僕,49,,60,structural
7256,U+50D6,僖,46,,60,structural
7257,U+50D7,僗,46,,60,structural
7258,U+50D8,僘,46,,60,structural
7259,U+50D9,僙,46,,60,structural
7260,U+50DA,僚,24,,60,structural
7261,U+50DB,僛,25,,60,structural
7262,U+50DC,僜,46,,60,structural
7263,U+50DD,僝,46,,60,structural
7264,U+50DE,僞,46,,60,structural
7265,U+50DF,僟,46,,60,structural
7266,U+50E0,僠,46,,60,structural
7267,U+50E1,僡,46,,60,structural
7268,U+50E2,僢,46,,60,structural
7269,U+50E3,僣,49,,60,structural
7270,U+50E4,僤,26,,60,structural
7271,U+50E5,僥,26,,60,structural
7272,U+50E6,僦,13,,60,structural
7273,U+50E7,僧,46,,60,structural
7274,U+50E8,僨,32,,60,structural
7275,U+50E9,僩,46,,60,structural
7276,U+50EA,僪,47,,60,structural
7277,U+50EB,僫,26,,60,structural
7278,U+50EC,僬,42,,60,structural
7279,U+50ED,僭,24,,60,structural
7280,U+50EE,僮,46,,60,structural
7281,U+50EF,僯,46,,60,structural
7282,U+50F0,僰,34,,60,structural
7283,U+50F1,僱,13,,60,structural
7284,U+50F2,僲,59,,60,structural
7285,U+50F3,僳,59,,60,structural
7286,U+50F4,僴,24,,60,structural
7287,U+50F5,僵,26,,60,structural
7288,U+50F6,僶,46,,60,structural
7289,U+50F7,僷,26,,60,structural
7290,U+50F8,僸,34,,60,structural
7291,U+50F9,價,59,,60,structural
7292,U+50FA,僺,34,,60,structural
7293,U+50FB,僻,46,,60,structural
7294,U+50FC,僼,46,,60,structural
7295,U+50FD,僽,42,,60,structural
7296,U+50FE,僾,46,,60,structural
7297,U+50FF,僿,9,,60,structural
7298,U+5100,儀,46,,60,structural
7299,U+5101,儁,46,,60,structural
7300,U+5102,儂,46,,60,structural
7301,U+5103,儃,26,,60,structural
7302,U+5104,億,14,,60,structural
7303,U+5105,儅,46,,60,structural
7304,U+5106,儆,36,,60,structural
7305,U+5107,儇,46,,60,structural
7306,U+5108,儈,26,,60,structural
7307,U+5109,儉,26,,60,structural
7308,U+510A,儊,34,,60,structural
7309,U+510B,儋,5,,60,structural
7310,U+510C,儌,46,,60,structural
7311,U+510D,儍,46,,60,structural
7312,U+510E,儎,46,,60,structural
7313,U+510F,儏,46,,60,structural
7314,U+5110,儐,41,,60,structural
7315,U+5111,儑,24,,60,structural
7316,U+5112,儒,46,,60,structural
7317,U+5113,儓,46,,60,structural
7318,U+5114,儔,45,,60,structural
7319,U+5115,儕,46,,60,structural
7320,U+5116,儖,13,,60,structural
7321,U+5117,儗,46,,60,structural
7322,U+5118,儘,46,,60,structural
7323,U+5119,儙,46,,60,structural
7324,U+511A,儚,4,,60,structural
7325,U+511B,儛,26,,60,structural
7326,U+511C,儜,41,,60,structural
7327,U+511D,儝,34,,60,structural
7328,U+511E,儞,53,,60,structural
7329,U+511F,償,32,,60,structural
7330,U+5120,儠,46,,60,structural
7331,U+5121,儡,46,,60,structural
7332,U+5122,儢,46,,60,structural
7333,U+5123,儣,38,,60,structural
7334,U+5124,儤,28,,60,structural
7335,U+5125,儥,32,,60,structural
7336,U+5126,儦,42,,60,structural
7337,U+5127,儧,49,,60,structural
7338,U+5128,儨,7,,60,structural
7339,U+5129,儩,24,,60,structural
7340,U+512A,優,46,,60,structural
7341,U+512B,儫,1,,60,structural
7342,U+512C,儬,9,,60,structural
7343,U+512D,儭,34,,60,structural
7344,U+512E,儮,46,,60,structural
7345,U+512F,儯,49,,60,structural
7346,U+5130,儰,36,,60,structural
7347,U+5131,儱,46,,60,structural
7348,U+5132,儲,24,,60,structural
7349,U+5133,儳,13,,60,structural
7350,U+5134,儴,1,,60,structural
7351,U+5135,儵,46,,60,structural
7352,U+5136,儶,47,,60,structural
7353,U+5137,儷,46,,60,structural
7354,U+5138,儸,15,,60,structural
7355,U+5139,儹,32,,60,structural
7356,U+513A,儺,49,,60,structural
7357,U+513B,儻,46,,60,structural
7358,U+513C,儼,46,,60,structural
7359,U+513D,儽,15,,60,structural
7360,U+513E,儾,59,,60,structural
7361,U+513F,儿,10,,60,structural
7362,U+5140,兀,56,,60,structural
7363,U+5141,允,27,,60,structural
7364,U+5143,元,56,,60,structural
7365,U+5144,兄,1,,60,structural
7366,U+5145,充,27,,60,structural
7367,U+5147,兇,10,,60,structural
7368,U+5148,先,27,,60,structural
7369,U+5149,光,56,,60,structural
7370,U+514A,兊,16,,60,structural
7371,U+514B,克,1,,60,structural
7372,U+514C,兌,47,,60,structural
7373,U+514E,兎,10,,60,structural
7374,U+514F,兏,27,,60,structural
7375,U+5150,児,24,,60,structural
7376,U+5151,兑,47,,60,structural
7377,U+5152,兒,27,,60,structural
7378,U+5153,兓,27,,60,structural
7379,U+5154,兔,13,,60,structural
7380,U+5155,兕,27,,60,structural
7381,U+5156,兖,16,,60,structural
7382,U+5157,兗,47,,60,structural
7383,U+5158,兘,21,,60,structural
7384,U+5159,兙,1,,60,structural
7385,U+515A,党,1,,60,structural
7386,U+515B,兛,37,,60,structural
7387,U+515C,兜,27,,60,structural
7388,U+515D,兝,47,,60,structural
7389,U+515E,兞,1,,60,structural
7390,U+515F,兟,27,,60,structural
7391,U+5160,兠,27,,60,structural
7392,U+5161,兡,21,,60,structural
7393,U+5162,兢,1,,60,structural
7394,U+5163,兣,1,,60,structural
7395,U+5164,兤,56,,60,structural
7396,U+5165,入,27,,60,structural
7397,U+5166,兦,27,,60,structural
7398,U+5167,內,27,,60,structural
7399,U+5168,全,33,,60,structural
7400,U+5169,兩,53,,60,structural
7401,U+516A,兪,26,,60,structural
7402,U+516B,八,58,,60,structural
7403,U+516C,公,16,,60,structural
7404,U+516D,六,58,,60,structural
7405,U+516E,兮,25,,60,structural
7406,U+516F,兯,58,,60,structural
7407,U+5170,兰,25,,60,structural
7408,U+5171,共,28,,60,structural
7409,U+5172,兲,33,,60,structural
7410,U+5173,关,25,,60,structural
7411,U+5174,兴,25,,60,structural
7412,U+5175,兵,25,,60,structural
7413,U+5176,其,25,,60,structural
7414,U+5177,具,25,,60,structural
7415,U+5178,典,58,,60,structural
7416,U+5179,兹,25,,60,structural
7417,U+517A,兺,47,,60,structural
7418,U+517B,养,43,,60,structural
7419,U+517C,兼,25,,60,structural
7420,U+517D,兽,21,,60,structural
7421,U+517E,兾,28,,60,structural
7422,U+517F,兿,25,,60,structural
7423,U+5180,冀,28,,60,structural
7424,U+5181,冁,28,,60,structural
7425,U+5182,冂,27,,60,structural
7426,U+5183,冃,17,,60,structural
7427,U+5184,冄,17,,60,structural
7428,U+5185,内,46,,60,structural
7429,U+5187,冇,27,,60,structural
7430,U+5188,冈,10,,60,structural
7431,U+518A,冊,56,,60,structural
7432,U+518B,冋,1,,60,structural
7433,U+518D,再,56,,60,structural
7434,U+518E,冎,27,,60,structural
7435,U+518F,冏,47,,60,structural
7436,U+5190,冐,17,,60,structural
7437,U+5191,冑,17,,60,structural
7438,U+5192,冒,17,,60,structural
7439,U+5193,冓,27,,60,structural
7440,U+5194,冔,1,,60,structural
7441,U+5195,冕,17,,60,structural
7442,U+5196,冖,27,,60,structural
7443,U+5197,冗,27,,60,structural
7444,U+5199,写,56,,60,structural
7445,U+519A,冚,11,,60,structural
7446,U+519B,军,27,,60,structural
7447,U+519C,农,27,,60,structural
7448,U+519D,冝,56,,60,structural
7449,U+519E,冞,27,,60,structural
7450,U+519F,冟,27,,60,structural
7451,U+51A0,冠,56,,60,structural
7452,U+51A1,冡,56,,60,structural
7453,U+51A2,冢,13,,60,structural
7454,U+51A3,冣,0,,60,structural
7455,U+51A4,冤,13,,60,structural
7456,U+51A5,冥,58,,60,structural
7457,U+51A6,冦,56,,60,structural
7458,U+51A7,冧,34,,60,structural
7459,U+51A8,冨,11,,60,structural
7460,U+51A9,冩,42,,60,structural
7461,U+51AA,冪,24,,60,structural
7462,U+51AB,冫,6,,60,structural
7463,U+51AC,冬,27,,60,structural
7464,U+51AD,冭,20,,60,structural
7465,U+51AE,冮,6,,60,structural
7466,U+51AF,冯,50,,60,structural
7467,U+51B0,冰,12,,60,structural
7468,U+51B1,冱,56,,60,structural
7469,U+51B2,冲,59,,60,structural
7470,U+51B3,决,20,,60,structural
7471,U+51B4,冴,6,,60,structural
7472,U+51B5,况,1,,60,structural
7473,U+51B6,冶,1,,60,structural
7474,U+51B7,冷,13,,60,structural
7475,U+51B8,冸,43,,60,structural
7476,U+51B9,冹,39,,60,structural
7477,U+51BA,冺,6,,60,structural
7478,U+51BB,冻,56,,60,structural
7479,U+51BC,冼,6,,60,structural
7480,U+51BD,冽,6,,60,structural
7481,U+51BE,冾,26,,60,structural
7482,U+51BF,冿,6,,60,structural
7483,U+51C0,净,52,,60,structural
7484,U+51C1,凁,34,,60,structural
7485,U+51C2,凂,6,,60,structural
7486,U+51C3,凃,26,,60,structural
7487,U+51C4,凄,31,,60,structural
7488,U+51C5,凅,1,,60,structural
7489,U+51C6,准,6,,60,structural
7490,U+51C7,凇,16,,60,structural
7491,U+51C8,凈,52,,60,structural
7492,U+51C9,凉,1,,60,structural
7493,U+51CA,凊,9,,60,structural
7494,U+51CB,凋,6,,60,structural
7495,U+51CC,凌,16,,60,structural
7496,U+51CD,凍,34,,60,structural
7497,U+51CE,凎,29,,60,structural
7498,U+51CF,减,21,,60,structural
7499,U+51D0,凐,59,,60,structural
7500,U+51D1,凑,56,,60,structural
7501,U+51D2,凒,11,,60,structural
7502,U+51D3,凓,59,,60,structural
7503,U+51D4,凔,26,,60,structural
7504,U+51D5,凕,58,,60,structural
7505,U+51D6,凖,6,,60,structural
7506,U+51D7,凗,11,,60,structural
7507,U+51D8,凘,25,,60,structural
7508,U+51D9,凙,9,,60,structural
7509,U+51DA,凚,34,,60,structural
7510,U+51DB,凛,1,,60,structural
7511,U+51DC,凜,1,,60,structural
7512,U+51DD,凝,6,,60,structural
7513,U+51DE,凞,42,,60,structural
7514,U+51DF,凟,32,,60,structural
7515,U+51E0,几,27,,60,structural
7516,U+51E1,凡,13,,60,structural
7517,U+51E2,凢,10,,60,structural
7518,U+51E3,凣,27,,60,structural
7519,U+51E4,凤,51,,60,structural
7520,U+51E5,凥,27,,60,structural
7521,U+51E6,処,27,,60,structural
7522,U+51E7,凧,53,,60,structural
7523,U+51E8,凨,17,,60,structural
7524,U+51E9,凩,34,,60,structural
7525,U+51EA,凪,27,,60,structural
7526,U+51EB,凫,27,,60,structural
7527,U+51EC,凬,27,,60,structural
7528,U+51ED,凭,46,,60,structural
7529,U+51EE,凮,56,,60,structural
7530,U+51EF,凯,11,,60,structural
7531,U+51F0,凰,33,,60,structural
7532,U+51F1,凱,11,,60,structural
7533,U+51F2,凲,25,,60,structural
7534,U+51F3,凳,27,,60,structural
7535,U+51F4,凴,50,,60,structural
7536,U+51F5,凵,27,,60,structural
7537,U+51F6,凶,10,,60,structural
7538,U+51F7,凷,9,,60,structural
7539,U+51FA,出,27,,60,structural
7540,U+51FB,击,43,,60,structural
7541,U+51FC,凼,12,,60,structural
7542,U+51FD,函,58,,60,structural
7543,U+51FE,凾,21,,60,structural
7544,U+51FF,凿,56,,60,structural
7545,U+5200,刀,10,,60,structural
7546,U+5202,刂,27,,60,structural
7547,U+5203,刃,10,,60,structural
7548,U+5204,刄,10,,60,structural
7549,U+5205,刅,10,,60,structural
7550,U+5206,分,58,,60,structural
7551,U+5207,切,27,,60,structural
7552,U+5208,刈,10,,60,structural
7553,U+5209,刉,27,,60,structural
7554,U+520A,刊,27,,60,structural
7555,U+520B,刋,37,,60,structural
7556,U+520C,刌,27,,60,structural
7557,U+520D,刍,27,,60,structural
7558,U+520E,刎,10,,60,structural
7559,U+520F,刏,27,,60,structural
7560,U+5210,刐,13,,60,structural
7561,U+5211,刑,56,,60,structural
7562,U+5212,划,27,,60,structural
7563,U+5213,刓,56,,60,structural
7564,U+5214,刔,20,,60,structural
7565,U+5215,刕,27,,60,structural
7566,U+5216,刖,40,,60,structural
7567,U+5217,列,27,,60,structural
7568,U+5218,刘,27,,60,structural
7569,U+5219,则,32,,60,structural
7570,U+521A,刚,10,,60,structural
7571,U+521B,创,46,,60,structural
7572,U+521C,刜,10,,60,structural
7573,U+521D,初,35,,60,structural
7574,U+521E,刞,56,,60,structural
7575,U+521F,刟,1,,60,structural
7576,U+5220,删,27,,60,structural
7577,U+5221,刡,27,,60,structural
7578,U+5222,刢,13,,60,structural
7579,U+5223,刣,1,,60,structural
7580,U+5224,判,43,,60,structural
7581,U+5225,別,27,,60,structural
7582,U+5226,刦,9,,60,structural
7583,U+5227,刧,9,,60,structural
7584,U+5228,刨,27,,60,structural
7585,U+5229,利,20,,60,structural
7586,U+522A,刪,56,,60,structural
7587,U+522B,别,1,,60,structural
7588,U+522C,刬,56,,60,structural
7589,U+522D,刭,27,,60,structural
7590,U+522E,刮,27,,60,structural
7591,U+522F,刯,56,,60,structural
7592,U+5230,到,27,,60,structural
7593,U+5231,刱,10,,60,structural
7594,U+5232,刲,9,,60,structural
7595,U+5233,刳,56,,60,structural
7596,U+5234,刴,10,,60,structural
7597,U+5235,刵,0,,60,structural
7598,U+5236,制,27,,60,structural
7599,U+5237,刷,27,,60,structural
7600,U+5238,券,49,,60,structural
7601,U+5239,刹,10,,60,structural
7602,U+523A,刺,34,,60,structural
7603,U+523B,刻,46,,60,structural
7604,U+523C,刼,9,,60,structural
7605,U+523D,刽,49,,60,structural
7606,U+523E,刾,49,,60,structural
7607,U+523F,刿,4,,60,structural
7608,U+5240,剀,11,,60,structural
7609,U+5241,剁,34,,60,structural
7610,U+5242,剂,27,,60,structural
7611,U+5243,剃,58,,60,structural
7612,U+5244,剄,56,,60,structural
7613,U+5245,剅,27,,60,structural
7614,U+5246,剆,13,,60,structural
7615,U+5247,則,32,,60,structural
7616,U+5248,剈,1,,60,structural
7617,U+5249,剉,9,,60,structural
7618,U+524A,削,27,,60,structural
7619,U+524B,剋,1,,60,structural
7620,U+524C,剌,34,,60,structural
7621,U+524D,前,25,,60,structural
7622,U+524E,剎,27,,60,structural
7623,U+524F,剏,25,,60,structural
7624,U+5250,剐,46,,60,structural
7625,U+5251,剑,26,,60,structural
7626,U+5252,剒,28,,60,structural
7627,U+5253,剓,27,,60,structural
7628,U+5254,剔,24,,60,structural
7629,U+5255,剕,27,,60,structural
7630,U+5256,剖,1,,60,structural
7631,U+5257,剗,27,,60,structural
7632,U+5258,剘,25,,60,structural
7633,U+5259,剙,25,,60,structural
7634,U+525A,剚,27,,60,structural
7635,U+525B,剛,25,,60,structural
7636,U+525C,剜,44,,60,structural
7637,U+525D,剝,58,,60,structural
7638,U+525E,剞,52,,60,structural
7639,U+525F,剟,51,,60,structural
7640,U+5260,剠,1,,60,structural
7641,U+5261,剡,42,,60,structural
7642,U+5262,剢,13,,60,structural
7643,U+5263,剣,26,,60,structural
7644,U+5264,剤,43,,60,structural
7645,U+5265,剥,58,,60,structural
7646,U+5266,剦,24,,60,structural
7647,U+5267,剧,1,,60,structural
7648,U+5268,剨,43,,60,structural
7649,U+5269,剩,20,,60,structural
7650,U+526A,剪,25,,60,structural
7651,U+526B,剫,38,,60,structural
7652,U+526C,剬,11,,60,structural
7653,U+526D,剭,27,,60,structural
7654,U+526E,剮,1,,60,structural
7655,U+526F,副,11,,60,structural
7656,U+5270,剰,10,,60,structural
7657,U+5271,剱,26,,60,structural
7658,U+5272,割,1,,60,structural
7659,U+5273,剳,26,,60,structural
7660,U+5274,剴,11,,60,structural
7661,U+5275,創,26,,60,structural
7662,U+5276,剶,27,,60,structural
7663,U+5277,剷,58,,60,structural
7664,U+5278,剸,27,,60,structural
7665,U+5279,剹,46,,60,structural
7666,U+527A,剺,27,,60,structural
7667,U+527B,剻,40,,60,structural
7668,U+527C,剼,27,,60,structural
7669,U+527D,剽,59,,60,structural
7670,U+527E,剾,1,,60,structural
7671,U+527F,剿,24,,60,structural
7672,U+5280,劀,47,,60,structural
7673,U+5281,劁,42,,60,structural
7674,U+5282,劂,25,,60,structural
7675,U+5283,劃,56,,60,structural
7676,U+5284,劄,26,,60,structural
7677,U+5285,劅,27,,60,structural
7678,U+5286,劆,25,,60,structural
7679,U+5287,劇,27,,60,structural
7680,U+5288,劈,27,,60,structural
7681,U+5289,劉,29,,60,structural
7682,U+528A,劊,26,,60,structural
7683,U+528B,劋,34,,60,structural
7684,U+528C,劌,56,,60,structural
7685,U+528D,劍,26,,60,structural
7686,U+528E,劎,26,,60,structural
7687,U+528F,劏,11,,60,structural
7688,U+5290,劐,51,,60,structural
7689,U+5291,劑,27,,60,structural
7690,U+5292,劒,26,,60,structural
7691,U+5293,劓,27,,60,structural
7692,U+5294,劔,26,,60,structural
7693,U+5295,劕,7,,60,structural
7694,U+5296,劖,13,,60,structural
7695,U+5297,劗,32,,60,structural
7696,U+5298,劘,27,,60,structural
7697,U+5299,劙,30,,60,structural
7698,U+529A,劚,58,,60,structural
7699,U+529B,力,10,,60,structural
7700,U+529C,劜,27,,60,structural
7701,U+529D,劝,51,,60,structural
7702,U+529E,办,58,,60,structural
7703,U+529F,功,27,,60,structural
7704,U+52A0,加,1,,60,structural
7705,U+52A1,务,27,,60,structural
7706,U+52A2,劢,56,,60,structural
7707,U+52A3,劣,10,,60,structural
7708,U+52A4,劤,27,,60,structural
7709,U+52A5,劥,27,,60,structural
7710,U+52A6,劦,27,,60,structural
7711,U+52A7,劧,3,,60,structural
7712,U+52A8,动,17,,60,structural
7713,U+52A9,助,56,,60,structural
7714,U+52AA,努,31,,60,structural
7715,U+52AB,劫,9,,60,structural
7716,U+52AC,劬,1,,60,structural
7717,U+52AD,劭,1,,60,structural
7718,U+52AE,劮,49,,60,structural
7719,U+52AF,劯,27,,60,structural
7720,U+52B0,劰,27,,60,structural
7721,U+52B1,励,56,,60,structural
7722,U+52B2,劲,27,,60,structural
7723,U+52B3,劳,27,,60,structural
7724,U+52B4,労,27,,60,structural
7725,U+52B5,劵,49,,60,structural
7726,U+52B6,劶,1,,60,structural
7727,U+52B7,劷,27,,60,structural
7728,U+52B8,劸,9,,60,structural
7729,U+52B9,効,27,,60,structural
7730,U+52BA,劺,27,,60,structural
7731,U+52BB,劻,33,,60,structural
7732,U+52BC,劼,1,,60,structural
7733,U+52BD,劽,27,,60,structural
7734,U+52BE,劾,46,,60,structural
7735,U+52BF,势,13,,60,structural
7736,U+52C0,勀,1,,60,structural
7737,U+52C1,勁,56,,60,structural
7738,U+52C2,勂,1,,60,structural
7739,U+52C3,勃,27,,60,structural
7740,U+52C4,勄,27,,60,structural
7741,U+52C5,勅,34,,60,structural
7742,U+52C6,勆,13,,60,structural
7743,U+52C7,勇,27,,60,structural
7744,U+52C8,勈,27,,60,structural
7745,U+52C9,勉,27,,60,structural
7746,U+52CA,勊,1,,60,structural
7747,U+52CB,勋,54,,60,structural
7748,U+52CC,勌,49,,60,structural
7749,U+52CD,勍,1,,60,structural
7750,U+52CE,勎,9,,60,structural
7751,U+52CF,勏,1,,60,structural
7752,U+52D0,勐,27,,60,structural
7753,U+52D1,勑,34,,60,structural
7754,U+52D2,勒,27,,60,structural
7755,U+52D3,勓,27,,60,structural
7756,U+52D4,勔,27,,60,structural
7757,U+52D5,動,27,,60,structural
7758,U+52D6,勖,17,,60,structural
7759,U+52D7,勗,56,,60,structural
7760,U+52D8,勘,27,,60,structural
7761,U+52D9,務,27,,60,structural
7762,U+52DA,勚,32,,60,structural
7763,U+52DB,勛,54,,60,structural
7764,U+52DC,勜,16,,60,structural
7765,U+52DD,勝,49,,60,structural
7766,U+52DE,勞,27,,60,structural
7767,U+52DF,募,24,,60,structural
7768,U+52E0,勠,46,,60,structural
7769,U+52E1,勡,59,,60,structural
7770,U+52E2,勢,13,,60,structural
7771,U+52E3,勣,32,,60,structural
7772,U+52E4,勤,1,,60,structural
7773,U+52E5,勥,27,,60,structural
7774,U+52E6,勦,24,,60,structural
7775,U+52E7,勧,27,,60,structural
7776,U+52E8,勨,27,,60,structural
7777,U+52E9,勩,32,,60,structural
7778,U+52EA,勪,18,,60,structural
7779,U+52EB,勫,11,,60,structural
7780,U+52EC,勬,49,,60,structural
7781,U+52ED,勭,27,,60,structural
7782,U+52EE,勮,27,,60,structural
7783,U+52EF,勯,21,,60,structural
7784,U+52F0,勰,11,,60,structural
7785,U+52F1,勱,36,,60,structural
7786,U+52F2,勲,42,,60,structural
7787,U+52F3,勳,42,,60,structural
7788,U+52F4,勴,11,,60,structural
7789,U+52F5,勵,36,,60,structural
7790,U+52F6,勶,27,,60,structural
7791,U+52F7,勷,1,,60,structural
7792,U+52F8,勸,36,,60,structural
7793,U+52F9,勹,27,,60,structural
7794,U+52FA,勺,13,,60,structural
7795,U+52FB,勻,17,,60,structural
7796,U+52FC,勼,27,,60,structural
7797,U+52FD,勽,46,,60,structural
7798,U+52FE,勾,27,,60,structural
7799,U+52FF,勿,10,,60,structural
7800,U+5300,匀,6,,60,structural
7801,U+5301,匁,10,,60,structural
7802,U+5302,匂,27,,60,structural
7803,U+5303,匃,46,,60,structural
7804,U+5304,匄,27,,60,structural
7805,U+5305,包,27,,60,structural
7806,U+5306,匆,10,,60,structural
7807,U+5307,匇,4,,60,structural
7808,U+5308,匈,10,,60,structural
7809,U+5309,匉,58,,60,structural
7810,U+530A,匊,27,,60,structural
7811,U+530B,匋,27,,60,structural
7812,U+530C,匌,26,,60,structural
7813,U+530D,匍,57,,60,structural
7814,U+530E,匎,24,,60,structural
7815,U+530F,匏,56,,60,structural
7816,U+5310,匐,11,,60,structural
7817,U+5311,匑,27,,60,structural
7818,U+5312,匒,26,,60,structural
7819,U+5313,匓,27,,60,structural
7820,U+5314,匔,1,,60,structural
7821,U+5315,匕,10,,60,structural
7822,U+5316,化,46,,60,structural
7823,U+5317,北,27,,60,structural
7824,U+5318,匘,27,,60,structural
7825,U+5319,匙,24,,60,structural
7826,U+531A,匚,27,,60,structural
7827,U+531B,匛,10,,60,structural
7828,U+531C,匜,27,,60,structural
7829,U+531D,匝,53,,60,structural
7830,U+531E,匞,27,,60,structural
7831,U+531F,匟,27,,60,structural
7832,U+5320,匠,27,,60,structural
7833,U+5321,匡,33,,60,structural
7834,U+5322,匢,10,,60,structural
7835,U+5323,匣,11,,60,structural
7836,U+5324,匤,33,,60,structural
7837,U+5325,匥,27,,60,structural
7838,U+5326,匦,27,,60,structural
7839,U+5327,匧,46,,60,structural
7840,U+5328,匨,27,,60,structural
7841,U+5329,匩,27,,60,structural
7842,U+532A,匪,27,,60,structural
7843,U+532B,匫,10,,60,structural
7844,U+532C,匬,26,,60,structural
7845,U+532D,匭,27,,60,structural
7846,U+532E,匮,32,,60,structural
7847,U+532F,匯,12,,60,structural
7848,U+5330,匰,21,,60,structural
7849,U+5331,匱,32,,60,structural
7850,U+5332,匲,27,,60,structural
7851,U+5333,匳,26,,60,structural
7852,U+5334,匴,23,,60,structural
7853,U+5335,匵,32,,60,structural
7854,U+5336,匶,36,,60,structural
7855,U+5337,匷,51,,60,structural
7856,U+5338,匸,27,,60,structural
7857,U+5339,匹,27,,60,structural
7858,U+533A,区,10,,60,structural
7859,U+533B,医,27,,60,structural
7860,U+533C,匼,26,,60,structural
7861,U+533D,匽,31,,60,structural
7862,U+533E,匾,13,,60,structural
7863,U+533F,匿,36,,60,structural
7864,U+5340,區,1,,60,structural
7865,U+5341,十,27,,60,structural
7866,U+5342,卂,27,,60,structural
7867,U+5343,千,37,,60,structural
7868,U+5344,卄,28,,60,structural
7869,U+5345,卅,56,,60,structural
7870,U+5346,卆,27,,60,structural
7871,U+5347,升,10,,60,structural
7872,U+5348,午,27,,60,structural
7873,U+5349,卉,27,,60,structural
7874,U+534A,半,43,,60,structural
7875,U+534B,卋,27,,60,structural
7876,U+534E,华,46,,60,structural
7877,U+534F,协,58,,60,structural
7878,U+5351,卑,37,,60,structural
7879,U+5352,卒,27,,60,structural
7880,U+5353,卓,24,,60,structural
7881,U+5354,協,27,,60,structural
7882,U+5355,单,25,,60,structural
7883,U+5356,卖,20,,60,structural
7884,U+5357,南,27,,60,structural
7885,U+5358,単,56,,60,structural
7886,U+5359,卙,27,,60,structural
7887,U+535A,博,57,,60,structural
7888,U+535B,卛,5,,60,structural
7889,U+535C,卜,27,,60,structural
7890,U+535E,卞,56,,60,structural
7891,U+535F,卟,1,,60,structural
7892,U+5360,占,1,,60,structural
7893,U+5361,卡,56,,60,structural
7894,U+5362,卢,27,,60,structural
7895,U+5363,卣,27,,60,structural
7896,U+5364,卤,10,,60,structural
7897,U+5365,卥,10,,60,structural
7898,U+5366,卦,9,,60,structural
7899,U+5367,卧,27,,60,structural
7900,U+5368,卨,1,,60,structural
7901,U+5369,卩,27,,60,structural
7902,U+536A,卪,13,,60,structural
7903,U+536B,卫,56,,60,structural
7904,U+536C,卬,27,,60,structural
7905,U+536D,卭,27,,60,structural
7906,U+536E,卮,27,,60,structural
7907,U+536F,卯,27,,60,structural
7908,U+5370,印,27,,60,structural
7909,U+5371,危,27,,60,structural
7910,U+5372,卲,1,,60,structural
7911,U+5373,即,27,,60,structural
7912,U+5374,却,9,,60,structural
7913,U+5375,卵,13,,60,structural
7914,U+5376,卶,44,,60,structural
7915,U+5377,卷,49,,60,structural
7916,U+5378,卸,27,,60,structural
7917,U+5379,卹,27,,60,structural
7918,U+537A,卺,12,,60,structural
7919,U+537B,卻,27,,60,structural
7920,U+537C,卼,56,,60,structural
7921,U+537D,卽,27,,60,structural
7922,U+537E,卾,21,,60,structural
7923,U+537F,卿,27,,60,structural
7924,U+5380,厀,58,,60,structural
7925,U+5381,厁,26,,60,structural
7926,U+5382,厂,27,,60,structural
7927,U+5383,厃,27,,60,structural
7928,U+5384,厄,27,,60,structural
7929,U+5385,厅,52,,60,structural
7930,U+5386,历,27,,60,structural
7931,U+5387,厇,10,,60,structural
7932,U+5388,厈,27,,60,structural
7933,U+5389,厉,56,,60,structural
7934,U+538A,厊,27,,60,structural
7935,U+538B,压,9,,60,structural
7936,U+538C,厌,27,,60,structural
7937,U+538D,厍,27,,60,structural
7938,U+538E,厎,13,,60,structural
7939,U+538F,厏,10,,60,structural
7940,U+5390,厐,27,,60,structural
7941,U+5391,厑,1,,60,structural
7942,U+5392,厒,27,,60,structural
7943,U+5393,厓,9,,60,structural
7944,U+5394,厔,27,,60,structural
7945,U+5395,厕,32,,60,structural
7946,U+5396,厖,13,,60,structural
7947,U+5397,厗,27,,60,structural
7948,U+5398,厘,27,,60,structural
7949,U+5399,厙,27,,60,structural
7950,U+539A,厚,24,,60,structural
7951,U+539B,厛,1,,60,structural
7952,U+539C,厜,56,,60,structural
7953,U+539D,厝,28,,60,structural
7954,U+539E,厞,27,,60,structural
7955,U+539F,原,27,,60,structural
7956,U+53A0,厠,32,,60,structural
7957,U+53A1,厡,12,,60,structural
7958,U+53A2,厢,34,,60,structural
7959,U+53A3,厣,11,,60,structural
7960,U+53A4,厤,20,,60,structural
7961,U+53A5,厥,25,,60,structural
7962,U+53A6,厦,27,,60,structural
7963,U+53A7,厧,25,,60,structural
7964,U+53A8,厨,27,,60,structural
7965,U+53A9,厩,27,,60,structural
7966,U+53AA,厪,1,,60,structural
7967,U+53AB,厫,27,,60,structural
7968,U+53AC,厬,1,,60,structural
7969,U+53AD,厭,17,,60,structural
7970,U+53AE,厮,25,,60,structural
7971,U+53AF,厯,13,,60,structural
7972,U+53B0,厰,1,,60,structural
7973,U+53B1,厱,26,,60,structural
7974,U+53B2,厲,36,,60,structural
7975,U+53B4,厴,17,,60,structural
7976,U+53B5,厵,27,,60,structural
7977,U+53B6,厶,27,,60,structural
7978,U+53B7,厷,27,,60,structural
7979,U+53B8,厸,27,,60,structural
7980,U+53B9,厹,27,,60,structural
7981,U+53BA,厺,20,,60,structural
7982,U+53BB,去,9,,60,structural
7983,U+53BC,厼,27,,60,structural
7984,U+53BD,厽,27,,60,structural
7985,U+53BE,厾,9,,60,structural
7986,U+53BF,县,56,,60,structural
7987,U+53C0,叀,27,,60,structural
7988,U+53C1,叁,56,,60,structural
7989,U+53C2,参,20,,60,structural
7990,U+53C3,參,27,,60,structural
7991,U+53C4,叄,56,,60,structural
7992,U+53C5,叅,13,,60,structural
7993,U+53C6,叆,51,,60,structural
7994,U+53C7,叇,17,,60,structural
7995,U+53C8,又,51,,60,structural
7996,U+53C9,叉,39,,60,structural
7997,U+53CB,友,51,,60,structural
7998,U+53CC,双,51,,60,structural
7999,U+53CD,反,51,,60,structural
8000,U+53CE,収,51,,60,structural
8001,U+53CF,叏,51,,60,structural
8002,U+53D0,叐,10,,60,structural
8003,U+53D2,叒,51,,60,structural
8004,U+53D3,叓,59,,60,structural
8005,U+53D4,叔,56,,60,structural
8006,U+53D5,叕,51,,60,structural
8007,U+53D6,取,0,,60,structural
8008,U+53D7,受,51,,60,structural
8009,U+53D8,变,51,,60,structural
8010,U+53D9,叙,26,,60,structural
8011,U+53DA,叚,51,,60,structural
8012,U+53DB,叛,43,,60,structural
8013,U+53DC,叜,27,,60,structural
8014,U+53DD,叝,9,,60,structural
8015,U+53DE,叞,51,,60,structural
8016,U+53DF,叟,51,,60,structural
8017,U+53E0,叠,56,,60,structural
8018,U+53E1,叡,58,,60,structural
8019,U+53E2,叢,0,,60,structural
8020,U+53E3,口,1,,60,structural
8021,U+53E4,古,1,,60,structural
8022,U+53E5,句,1,,60,structural
8023,U+53E6,另,1,,60,structural
8024,U+53E7,叧,1,,60,structural
8025,U+53E8,叨,1,,60,structural
8026,U+53E9,叩,1,,60,structural
8027,U+53EA,只,47,,60,structural
8028,U+53EB,叫,59,,60,structural
8029,U+53EC,召,1,,60,structural
8030,U+53ED,叭,47,,60,structural
8031,U+53EE,叮,52,,60,structural
8032,U+53EF,可,52,,60,structural
8033,U+53F0,台,1,,60,structural
8034,U+53F1,叱,1,,60,structural
8035,U+53F3,右,1,,60,structural
8036,U+53F4,叴,1,,60,structural
8037,U+53F5,叵,1,,60,structural
8038,U+53F6,叶,1,,60,structural
8039,U+53F7,号,21,,60,structural
8040,U+53F9,叹,1,,60,structural
8041,U+53FA,叺,1,,60,structural
8042,U+53FB,叻,1,,60,structural
8043,U+53FC,叼,1,,60,structural
8044,U+53FD,叽,1,,60,structural
8045,U+53FE,叾,1,,60,structural
8046,U+53FF,叿,1,,60,structural
8047,U+5400,吀,37,,60,structural
8048,U+5401,吁,1,,60,structural
8049,U+5402,吂,1,,60,structural
8050,U+5403,吃,1,,60,structural
8051,U+5404,各,1,,60,structural
8052,U+5405,吅,1,,60,structural
8053,U+5406,吆,1,,60,structural
8054,U+5407,吇,1,,60,structural
8055,U+5408,合,26,,60,structural
8056,U+5409,吉,1,,60,structural
8057,U+540A,吊,1,,60,structural
8058,U+540B,吋,1,,60,structural
8059,U+540C,同,1,,60,structural
8060,U+540D,名,4,,60,structural
8061,U+540E,后,1,,60,structural
8062,U+540F,吏,21,,60,structural
8063,U+5410,吐,1,,60,structural
8064,U+5411,向,18,,60,structural
8065,U+5412,吒,1,,60,structural
8066,U+5413,吓,21,,60,structural
8067,U+5414,吔,1,,60,structural
8068,U+5415,吕,1,,60,structural
8069,U+5416,吖,47,,60,structural
8070,U+5417,吗,50,,60,structural
8071,U+5418,吘,1,,60,structural
8072,U+5419,吙,42,,60,structural
8073,U+541A,吚,21,,60,structural
8074,U+541B,君,21,,60,structural
8075,U+541C,吜,21,,60,structural
8076,U+541D,吝,1,,60,structural
8077,U+541E,吞,21,,60,structural
8078,U+541F,吟,13,,60,structural
8079,U+5420,吠,1,,60,structural
8080,U+5421,吡,1,,60,structural
8081,U+5422,吢,1,,60,structural
8082,U+5423,吣,1,,60,structural
8083,U+5424,吤,46,,60,structural
8084,U+5425,吥,21,,60,structural
8085,U+5426,否,21,,60,structural
8086,U+5427,吧,1,,60,structural
8087,U+5428,吨,1,,60,structural
8088,U+5429,吩,47,,60,structural
8089,U+542A,吪,46,,60,structural
8090,U+542B,含,13,,60,structural
8091,U+542C,听,1,,60,structural
8092,U+542D,吭,1,,60,structural
8093,U+542E,吮,1,,60,structural
8094,U+542F,启,13,,60,structural
8095,U+5430,吰,1,,60,structural
8096,U+5431,吱,1,,60,structural
8097,U+5432,吲,59,,60,structural
8098,U+5433,吳,1,,60,structural
8099,U+5434,吴,21,,60,structural
8100,U+5435,吵,10,,60,structural
8101,U+5436,吶,1,,60,structural
8102,U+5437,吷,1,,60,structural
8103,U+5438,吸,1,,60,structural
8104,U+5439,吹,1,,60,structural
8105,U+543A,吺,1,,60,structural
8106,U+543B,吻,10,,60,structural
8107,U+543C,吼,1,,60,structural
8108,U+543D,吽,1,,60,structural
8109,U+543E,吾,21,,60,structural
8110,U+543F,吿,1,,60,structural
8111,U+5440,呀,1,,60,structural
8112,U+5441,呁,1,,60,structural
8113,U+5442,呂,1,,60,structural
8114,U+5443,呃,1,,60,structural
8115,U+5444,呄,37,,60,structural
8116,U+5445,呅,1,,60,structural
8117,U+5446,呆,34,,60,structural
8118,U+5447,呇,12,,60,structural
8119,U+5448,呈,33,,60,structural
8120,U+5449,呉,25,,60,structural
8121,U+544A,告,1,,60,structural
8122,U+544B,呋,49,,60,structural
8123,U+544C,呌,1,,60,structural
8124,U+544D,呍,1,,60,structural
8125,U+544E,呎,1,,60,structural
8126,U+544F,呏,1,,60,structural
8127,U+5450,呐,46,,60,structural
8128,U+5451,呑,18,,60,structural
8129,U+5452,呒,1,,60,structural
8130,U+5453,呓,36,,60,structural
8131,U+5454,呔,1,,60,structural
8132,U+5455,呕,1,,60,structural
8133,U+5456,呖,1,,60,structural
8134,U+5457,呗,54,,60,structural
8135,U+5458,员,54,,60,structural
8136,U+5459,呙,46,,60,structural
8137,U+545A,呚,1,,60,structural
8138,U+545B,呛,46,,60,structural
8139,U+545C,呜,21,,60,structural
8140,U+545D,呝,13,,60,structural
8141,U+545E,呞,1,,60,structural
8142,U+545F,呟,1,,60,structural
8143,U+5460,呠,34,,60,structural
8144,U+5461,呡,1,,60,structural
8145,U+5462,呢,1,,60,structural
8146,U+5463,呣,1,,60,structural
8147,U+5464,呤,13,,60,structural
8148,U+5465,呥,1,,60,structural
8149,U+5466,呦,1,,60,structural
8150,U+5467,呧,1,,60,structural
8151,U+5469,呩,1,,60,structural
8152,U+546A,呪,1,,60,structural
8153,U+546B,呫,1,,60,structural
8154,U+546C,呬,1,,60,structural
8155,U+546D,呭,21,,60,structural
8156,U+546E,呮,47,,60,structural
8157,U+546F,呯,47,,60,structural
8158,U+5470,呰,1,,60,structural
8159,U+5471,呱,1,,60,structural
8160,U+5472,呲,1,,60,structural
8161,U+5473,味,34,,60,structural
8162,U+5474,呴,1,,60,structural
8163,U+5475,呵,52,,60,structural
8164,U+5476,呶,31,,60,structural
8165,U+5477,呷,1,,60,structural
8166,U+5478,呸,21,,60,structural
8167,U+5479,呹,49,,60,structural
8168,U+547A,呺,21,,60,structural
8169,U+547B,呻,1,,60,structural
8170,U+547C,呼,1,,60,structural
8171,U+547D,命,26,,60,structural
8172,U+547E,呾,21,,60,structural
8173,U+547F,呿,9,,60,structural
8174,U+5480,咀,21,,60,structural
8175,U+5481,咁,1,,60,structural
8176,U+5482,咂,1,,60,structural
8177,U+5483,咃,46,,60,structural
8178,U+5484,咄,1,,60,structural
8179,U+5485,咅,1,,60,structural
8180,U+5486,咆,1,,60,structural
8181,U+5487,咇,10,,60,structural
8182,U+5488,咈,59,,60,structural
8183,U+5489,咉,1,,60,structural
8184,U+548A,咊,1,,60,structural
8185,U+548B,咋,1,,60,structural
8186,U+548C,和,1,,60,structural
8187,U+548D,咍,1,,60,structural
8188,U+548E,咎,1,,60,structural
8189,U+548F,咏,12,,60,structural
8190,U+5490,咐,46,,60,structural
8191,U+5491,咑,52,,60,structural
8192,U+5492,咒,1,,60,structural
8193,U+5493,咓,1,,60,structural
8194,U+5494,咔,21,,60,structural
8195,U+5495,咕,1,,60,structural
8196,U+5496,咖,1,,60,structural
8197,U+5497,咗,1,,60,structural
8198,U+5498,咘,1,,60,structural
8199,U+5499,咙,1,,60,structural
8200,U+549A,咚,1,,60,structural
8201,U+549B,咛,52,,60,structural
8202,U+549C,咜,1,,60,structural
8203,U+549D,咝,21,,60,structural
8204,U+549E,咞,21,,60,structural
8205,U+549F,咟,21,,60,structural
8206,U+54A0,咠,1,,60,structural
8207,U+54A1,咡,1,,60,structural
8208,U+54A2,咢,21,,60,structural
8209,U+54A3,咣,21,,60,structural
8210,U+54A4,咤,1,,60,structural
8211,U+54A5,咥,1,,60,structural
8212,U+54A6,咦,1,,60,structural
8213,U+54A7,咧,1,,60,structural
8214,U+54A8,咨,6,,60,structural
8215,U+54A9,咩,1,,60,structural
8216,U+54AA,咪,1,,60,structural
8217,U+54AB,咫,47,,60,structural
8218,U+54AC,咬,1,,60,structural
8219,U+54AD,咭,1,,60,structural
8220,U+54AE,咮,34,,60,structural
8221,U+54AF,咯,1,,60,structural
8222,U+54B0,咰,24,,60,structural
8223,U+54B1,咱,1,,60,structural
8224,U+54B2,咲,25,,60,structural
8225,U+54B3,咳,1,,60,structural
8226,U+54B4,咴,42,,60,structural
8227,U+54B5,咵,21,,60,structural
8228,U+54B6,咶,1,,60,structural
8229,U+54B7,咷,1,,60,structural
8230,U+54B8,咸,21,,60,structural
8231,U+54B9,咹,31,,60,structural
8232,U+54BA,咺,21,,60,structural
8233,U+54BB,咻,34,,60,structural
8234,U+54BC,咼,1,,60,structural
8235,U+54BD,咽,1,,60,structural
8236,U+54BE,咾,1,,60,structural
8237,U+54BF,咿,26,,60,structural
8238,U+54C0,哀,1,,60,structural
8239,U+54C1,品,1,,60,structural
8240,U+54C2,哂,21,,60,structural
8241,U+54C3,哃,1,,60,structural
8242,U+54C4,哄,28,,60,structural
8243,U+54C5,哅,10,,60,structural
8244,U+54C6,哆,4,,60,structural
8245,U+54C7,哇,1,,60,structural
8246,U+54C8,哈,26,,60,structural
8247,U+54C9,哉,1,,60,structural
8248,U+54CA,哊,1,,60,structural
8249,U+54CB,哋,1,,60,structural
8250,U+54CC,哌,1,,60,structural
8251,U+54CD,响,18,,60,structural
8252,U+54CE,哎,36,,60,structural
8253,U+54CF,哏,1,,60,structural
8254,U+54D0,哐,33,,60,structural
8255,U+54D1,哑,21,,60,structural
8256,U+54D2,哒,1,,60,structural
8257,U+54D3,哓,21,,60,structural
8258,U+54D4,哔,1,,60,structural
8259,U+54D5,哕,4,,60,structural
8260,U+54D6,哖,1,,60,structural
8261,U+54D7,哗,46,,60,structural
8262,U+54D8,哘,1,,60,structural
8263,U+54D9,哙,49,,60,structural
8264,U+54DA,哚,34,,60,structural
8265,U+54DB,哛,47,,60,structural
8266,U+54DC,哜,1,,60,structural
8267,U+54DD,哝,1,,60,structural
8268,U+54DE,哞,1,,60,structural
8269,U+54DF,哟,15,,60,structural
8270,U+54E0,哠,1,,60,structural
8271,U+54E1,員,54,,60,structural
8272,U+54E2,哢,33,,60,structural
8273,U+54E3,哣,1,,60,structural
8274,U+54E4,哤,1,,60,structural
8275,U+54E5,哥,52,,60,structural
8276,U+54E6,哦,1,,60,structural
8277,U+54E7,哧,1,,60,structural
8278,U+54E8,哨,1,,60,structural
8279,U+54E9,哩,1,,60,structural
8280,U+54EA,哪,1,,60,structural
8281,U+54EB,哫,1,,60,structural
8282,U+54EC,哬,52,,60,structural
8283,U+54ED,哭,1,,60,structural
8284,U+54EE,哮,1,,60,structural
8285,U+54EF,哯,1,,60,structural
8286,U+54F0,哰,1,,60,structural
8287,U+54F1,哱,1,,60,structural
8288,U+54F2,哲,3,,60,structural
8289,U+54F3,哳,3,,60,structural
8290,U+54F4,哴,1,,60,structural
8291,U+54F5,哵,1,,60,structural
8292,U+54F6,哶,1,,60,structural
8293,U+54F7,哷,1,,60,structural
8294,U+54F8,哸,31,,60,structural
8295,U+54F9,哹,1,,60,structural
8296,U+54FA,哺,57,,60,structural
8297,U+54FB,哻,1,,60,structural
8298,U+54FC,哼,1,,60,structural
8299,U+54FD,哽,21,,60,structural
8300,U+54FE,哾,47,,60,structural
8301,U+54FF,哿,52,,60,structural
8302,U+5500,唀,1,,60,structural
8303,U+5501,唁,5,,60,structural
8304,U+5502,唂,1,,60,structural
8305,U+5503,唃,1,,60,structural
8306,U+5504,唄,54,,60,structural
8307,U+5505,唅,13,,60,structural
8308,U+5506,唆,16,,60,structural
8309,U+5507,唇,1,,60,structural
8310,U+5508,唈,1,,60,structural
8311,U+5509,唉,1,,60,structural
8312,U+550A,唊,46,,60,structural
8313,U+550B,唋,26,,60,structural
8314,U+550C,唌,10,,60,structural
8315,U+550D,唍,41,,60,structural
8316,U+550E,唎,1,,60,structural
8317,U+550F,唏,1,,60,structural
8318,U+5510,唐,59,,60,structural
8319,U+5511,唑,9,,60,structural
8320,U+5512,唒,1,,60,structural
8321,U+5513,唓,1,,60,structural
8322,U+5514,唔,21,,60,structural
8323,U+5515,唕,37,,60,structural
8324,U+5516,唖,1,,60,structural
8325,U+5517,唗,1,,60,structural
8326,U+5518,唘,1,,60,structural
8327,U+5519,唙,42,,60,structural
8328,U+551A,唚,1,,60,structural
8329,U+551B,唛,1,,60,structural
8330,U+551C,唜,34,,60,structural
8331,U+551D,唝,54,,60,structural
8332,U+551E,唞,3,,60,structural
8333,U+551F,唟,9,,60,structural
8334,U+5520,唠,1,,60,structural
8335,U+5521,唡,26,,60,structural
8336,U+5522,唢,1,,60,structural
8337,U+5523,唣,1,,60,structural
8338,U+5524,唤,18,,60,structural
8339,U+5525,唥,13,,60,structural
8340,U+5526,唦,10,,60,structural
8341,U+5527,唧,1,,60,structural
8342,U+5528,唨,21,,60,structural
8343,U+5529,唩,31,,60,structural
8344,U+552A,唪,43,,60,structural
8345,U+552B,唫,29,,60,structural
8346,U+552C,唬,1,,60,structural
8347,U+552D,唭,25,,60,structural
8348,U+552E,售,1,,60,structural
8349,U+552F,唯,1,,60,structural
8350,U+5530,唰,1,,60,structural
8351,U+5531,唱,1,,60,structural
8352,U+5532,唲,1,,60,structural
8353,U+5533,唳,13,,60,structural
8354,U+5534,唴,1,,60,structural
8355,U+5535,唵,24,,60,structural
8356,U+5536,唶,28,,60,structural
8357,U+5537,唷,1,,60,structural
8358,U+5538,唸,13,,60,structural
8359,U+5539,唹,46,,60,structural
8360,U+553A,唺,47,,60,structural
8361,U+553B,唻,34,,60,structural
8362,U+553C,唼,31,,60,structural
8363,U+553D,唽,34,,60,structural
8364,U+553E,唾,21,,60,structural
8365,U+553F,唿,10,,60,structural
8366,U+5540,啀,1,,60,structural
8367,U+5541,啁,1,,60,structural
8368,U+5542,啂,1,,60,structural
8369,U+5543,啃,1,,60,structural
8370,U+5544,啄,1,,60,structural
8371,U+5545,啅,1,,60,structural
8372,U+5546,商,47,,60,structural
8373,U+5547,啇,47,,60,structural
8374,U+5548,啈,1,,60,structural
8375,U+5549,啉,34,,60,structural
8376,U+554A,啊,52,,60,structural
8377,U+554B,啋,34,,60,structural
8378,U+554C,啌,1,,60,structural
8379,U+554D,啍,1,,60,structural
8380,U+554E,啎,21,,60,structural
8381,U+554F,問,1,,60,structural
8382,U+5550,啐,1,,60,structural
8383,U+5551,啑,1,,60,structural
8384,U+5552,啒,1,,60,structural
8385,U+5553,啓,1,,60,structural
8386,U+5554,啔,1,,60,structural
8387,U+5555,啕,1,,60,structural
8388,U+5556,啖,42,,60,structural
8389,U+5557,啗,1,,60,structural
8390,U+5558,啘,44,,60,structural
8391,U+5559,啙,1,,60,structural
8392,U+555A,啚,1,,60,structural
8393,U+555B,啛,21,,60,structural
8394,U+555C,啜,1,,60,structural
8395,U+555D,啝,1,,60,structural
8396,U+555E,啞,21,,60,structural
8397,U+555F,啟,1,,60,structural
8398,U+5560,啠,1,,60,structural
8399,U+5561,啡,1,,60,structural
8400,U+5562,啢,21,,60,structural
8401,U+5563,啣,1,,60,structural
8402,U+5564,啤,37,,60,structural
8403,U+5565,啥,46,,60,structural
8404,U+5566,啦,3,,60,structural
8405,U+5567,啧,54,,60,structural
8406,U+5568,啨,9,,60,structural
8407,U+5569,啩,1,,60,structural
8408,U+556A,啪,3,,60,structural
8409,U+556B,啫,24,,60,structural
8410,U+556C,啬,47,,60,structural
8411,U+556D,啭,21,,60,structural
8412,U+556E,啮,1,,60,structural
8413,U+556F,啯,33,,60,structural
8414,U+5570,啰,4,,60,structural
8415,U+5571,啱,1,,60,structural
8416,U+5572,啲,1,,60,structural
8417,U+5573,啳,49,,60,structural
8418,U+5574,啴,25,,60,structural
8419,U+5575,啵,12,,60,structural
8420,U+5576,啶,1,,60,structural
8421,U+5577,啷,1,,60,structural
8422,U+5578,啸,1,,60,structural
8423,U+5579,啹,1,,60,structural
8424,U+557A,啺,21,,60,structural
8425,U+557B,啻,47,,60,structural
8426,U+557C,啼,47,,60,structural
8427,U+557D,啽,26,,60,structural
8428,U+557E,啾,42,,60,structural
8429,U+557F,啿,1,,60,structural
8430,U+5580,喀,1,,60,structural
8431,U+5581,喁,1,,60,structural
8432,U+5582,喂,21,,60,structural
8433,U+5583,喃,1,,60,structural
8434,U+5584,善,25,,60,structural
8435,U+5585,喅,1,,60,structural
8436,U+5586,喆,1,,60,structural
8437,U+5587,喇,34,,60,structural
8438,U+5588,喈,1,,60,structural
8439,U+5589,喉,46,,60,structural
8440,U+558A,喊,21,,60,structural
8441,U+558B,喋,2,,60,structural
8442,U+558C,喌,1,,60,structural
8443,U+558D,喍,34,,60,structural
8444,U+558E,喎,1,,60,structural
8445,U+558F,喏,36,,60,structural
8446,U+5590,喐,1,,60,structural
8447,U+5591,喑,1,,60,structural
8448,U+5592,喒,1,,60,structural
8449,U+5593,喓,59,,60,structural
8450,U+5594,喔,1,,60,structural
8451,U+5595,喕,1,,60,structural
8452,U+5596,喖,34,,60,structural
8453,U+5597,喗,1,,60,structural
8454,U+5598,喘,1,,60,structural
8455,U+5599,喙,1,,60,structural
8456,U+559A,喚,47,,60,structural
8457,U+559B,喛,21,,60,structural
8458,U+559C,喜,1,,60,structural
8459,U+559D,喝,24,,60,structural
8460,U+559E,喞,1,,60,structural
8461,U+559F,喟,1,,60,structural
8462,U+55A0,喠,1,,60,structural
8463,U+55A1,喡,1,,60,structural
8464,U+55A2,喢,37,,60,structural
8465,U+55A3,喣,42,,60,structural
8466,U+55A4,喤,33,,60,structural
8467,U+55A5,喥,38,,60,structural
8468,U+55A6,喦,1,,60,structural
8469,U+55A7,喧,41,,60,structural
8470,U+55A8,喨,1,,60,structural
8471,U+55A9,喩,26,,60,structural
8472,U+55AA,喪,1,,60,structural
8473,U+55AB,喫,43,,60,structural
8474,U+55AC,喬,18,,60,structural
8475,U+55AD,喭,47,,60,structural
8476,U+55AE,單,21,,60,structural
8477,U+55AF,喯,1,,60,structural
8478,U+55B0,喰,1,,60,structural
8479,U+55B1,喱,1,,60,structural
8480,U+55B2,喲,15,,60,structural
8481,U+55B3,喳,2,,60,structural
8482,U+55B4,喴,21,,60,structural
8483,U+55B5,喵,36,,60,structural
8484,U+55B6,営,1,,60,structural
8485,U+55B7,喷,54,,60,structural
8486,U+55B8,喸,57,,60,structural
8487,U+55B9,喹,1,,60,structural
8488,U+55BA,喺,46,,60,structural
8489,U+55BB,喻,26,,60,structural
8490,U+55BC,喼,1,,60,structural
8491,U+55BD,喽,31,,60,structural
8492,U+55BE,喾,1,,60,structural
8493,U+55BF,喿,34,,60,structural
8494,U+55C0,嗀,27,,60,structural
8495,U+55C1,嗁,1,,60,structural
8496,U+55C2,嗂,1,,60,structural
8497,U+55C3,嗃,1,,60,structural
8498,U+55C4,嗄,1,,60,structural
8499,U+55C5,嗅,1,,60,structural
8500,U+55C6,嗆,26,,60,structural
8501,U+55C7,嗇,9,,60,structural
8502,U+55C8,嗈,1,,60,structural
8503,U+55C9,嗉,15,,60,structural
8504,U+55CA,嗊,54,,60,structural
8505,U+55CB,嗋,1,,60,structural
8506,U+55CC,嗌,25,,60,structural
8507,U+55CD,嗍,25,,60,structural
8508,U+55CE,嗎,50,,60,structural
8509,U+55CF,嗏,34,,60,structural
8510,U+55D0,嗐,1,,60,structural
8511,U+55D1,嗑,9,,60,structural
8512,U+55D2,嗒,26,,60,structural
8513,U+55D3,嗓,34,,60,structural
8514,U+55D4,嗔,25,,60,structural
8515,U+55D5,嗕,1,,60,structural
8516,U+55D6,嗖,59,,60,structural
8517,U+55D7,嗗,1,,60,structural
8518,U+55D8,嗘,1,,60,structural
8519,U+55D9,嗙,47,,60,structural
8520,U+55DA,嗚,42,,60,structural
8521,U+55DB,嗛,25,,60,structural
8522,U+55DC,嗜,24,,60,structural
8523,U+55DD,嗝,1,,60,structural
8524,U+55DE,嗞,25,,60,structural
8525,U+55DF,嗟,1,,60,structural
8526,U+55E0,嗠,1,,60,structural
8527,U+55E1,嗡,16,,60,structural
8528,U+55E2,嗢,1,,60,structural
8529,U+55E3,嗣,1,,60,structural
8530,U+55E4,嗤,21,,60,structural
8531,U+55E5,嗥,37,,60,structural
8532,U+55E6,嗦,15,,60,structural
8533,U+55E7,嗧,26,,60,structural
8534,U+55E8,嗨,12,,60,structural
8535,U+55E9,嗩,1,,60,structural
8536,U+55EA,嗪,1,,60,structural
8537,U+55EB,嗫,0,,60,structural
8538,U+55EC,嗬,52,,60,structural
8539,U+55ED,嗭,21,,60,structural
8540,U+55EE,嗮,21,,60,structural
8541,U+55EF,嗯,1,,60,structural
8542,U+55F0,嗰,46,,60,structural
8543,U+55F1,嗱,26,,60,structural
8544,U+55F2,嗲,4,,60,structural
8545,U+55F3,嗳,1,,60,structural
8546,U+55F4,嗴,1,,60,structural
8547,U+55F5,嗵,1,,60,structural
8548,U+55F6,嗶,21,,60,structural
8549,U+55F7,嗷,1,,60,structural
8550,U+55F8,嗸,1,,60,structural
8551,U+55F9,嗹,1,,60,structural
8552,U+55FA,嗺,1,,60,structural
8553,U+55FB,嗻,38,,60,structural
8554,U+55FC,嗼,24,,60,structural
8555,U+55FD,嗽,34,,60,structural
8556,U+55FE,嗾,1,,60,structural
8557,U+55FF,嗿,54,,60,structural
8558,U+5600,嘀,47,,60,structural
8559,U+5601,嘁,21,,60,structural
8560,U+5602,嘂,59,,60,structural
8561,U+5603,嘃,38,,60,structural
8562,U+5604,嘄,34,,60,structural
8563,U+5605,嘅,1,,60,structural
8564,U+5606,嘆,49,,60,structural
8565,U+5607,嘇,1,,60,structural
8566,U+5608,嘈,21,,60,structural
8567,U+5609,嘉,1,,60,structural
8568,U+560A,嘊,1,,60,structural
8569,U+560B,嘋,1,,60,structural
8570,U+560C,嘌,59,,60,structural
8571,U+560D,嘍,31,,60,structural
8572,U+560E,嘎,1,,60,structural
8573,U+560F,嘏,1,,60,structural
8574,U+5610,嘐,46,,60,structural
8575,U+5611,嘑,1,,60,structural
8576,U+5612,嘒,43,,60,structural
8577,U+5613,嘓,21,,60,structural
8578,U+5614,嘔,1,,60,structural
8579,U+5615,嘕,21,,60,structural
8580,U+5616,嘖,54,,60,structural
8581,U+5617,嘗,24,,60,structural
8582,U+5618,嘘,21,,60,structural
8583,U+5619,嘙,31,,60,structural
8584,U+561A,嘚,21,,60,structural
8585,U+561B,嘛,1,,60,structural
8586,U+561C,嘜,1,,60,structural
8587,U+561D,嘝,1,,60,structural
8588,U+561E,嘞,1,,60,structural
8589,U+561F,嘟,24,,60,structural
8590,U+5620,嘠,1,,60,structural
8591,U+5621,嘡,1,,60,structural
8592,U+5622,嘢,1,,60,structural
8593,U+5623,嘣,40,,60,structural
8594,U+5624,嘤,54,,60,structural
8595,U+5625,嘥,1,,60,structural
8596,U+5626,嘦,59,,60,structural
8597,U+5627,嘧,10,,60,structural
8598,U+5628,嘨,1,,60,structural
8599,U+5629,嘩,36,,60,structural
8600,U+562A,嘪,54,,60,structural
8601,U+562B,嘫,42,,60,structural
8602,U+562C,嘬,0,,60,structural
8603,U+562D,嘭,1,,60,structural
8604,U+562E,嘮,1,,60,structural
8605,U+562F,嘯,1,,60,structural
8606,U+5630,嘰,46,,60,structural
8607,U+5631,嘱,1,,60,structural
8608,U+5632,嘲,1,,60,structural
8609,U+5633,嘳,54,,60,structural
8610,U+5634,嘴,1,,60,structural
8611,U+5635,嘵,21,,60,structural
8612,U+5636,嘶,25,,60,structural
8613,U+5637,嘷,1,,60,structural
8614,U+5638,嘸,21,,60,structural
8615,U+5639,嘹,1,,60,structural
8616,U+563A,嘺,18,,60,structural
8617,U+563B,嘻,1,,60,structural
8618,U+563C,嘼,21,,60,structural
8619,U+563D,嘽,21,,60,structural
8620,U+563E,嘾,28,,60,structural
8621,U+563F,嘿,1,,60,structural
8622,U+5640,噀,28,,60,structural
8623,U+5641,噁,21,,60,structural
8624,U+5642,噂,47,,60,structural
8625,U+5643,噃,1,,60,structural
8626,U+5644,噄,43,,60,structural
8627,U+5645,噅,1,,60,structural
8628,U+5646,噆,1,,60,structural
8629,U+5647,噇,1,,60,structural
8630,U+5648,噈,1,,60,structural
8631,U+5649,噉,0,,60,structural
8632,U+564A,噊,47,,60,structural
8633,U+564B,噋,1,,60,structural
8634,U+564C,噌,47,,60,structural
8635,U+564D,噍,42,,60,structural
8636,U+564E,噎,1,,60,structural
8637,U+564F,噏,26,,60,structural
8638,U+5650,噐,1,,60,structural
8639,U+5651,噑,1,,60,structural
8640,U+5652,噒,1,,60,structural
8641,U+5653,噓,1,,60,structural
8642,U+5654,噔,1,,60,structural
8643,U+5655,噕,1,,60,structural
8644,U+5656,噖,13,,60,structural
8645,U+5657,噗,49,,60,structural
8646,U+5658,噘,25,,60,structural
8647,U+5659,噙,46,,60,structural
8648,U+565A,噚,1,,60,structural
8649,U+565B,噛,1,,60,structural
8650,U+565C,噜,55,,60,structural
8651,U+565D,噝,15,,60,structural
8652,U+565E,噞,26,,60,structural
8653,U+565F,噟,38,,60,structural
8654,U+5660,噠,1,,60,structural
8655,U+5661,噡,5,,60,structural
8656,U+5662,噢,18,,60,structural
8657,U+5663,噣,1,,60,structural
8658,U+5664,噤,34,,60,structural
8659,U+5665,噥,1,,60,structural
8660,U+5666,噦,21,,60,structural
8661,U+5667,噧,36,,60,structural
8662,U+5668,器,1,,60,structural
8663,U+5669,噩,21,,60,structural
8664,U+566A,噪,34,,60,structural
8665,U+566B,噫,14,,60,structural
8666,U+566C,噬,23,,60,structural
8667,U+566D,噭,1,,60,structural
8668,U+566E,噮,1,,60,structural
8669,U+566F,噯,1,,60,structural
8670,U+5670,噰,1,,60,structural
8671,U+5671,噱,1,,60,structural
8672,U+5672,噲,26,,60,structural
8673,U+5673,噳,21,,60,structural
8674,U+5674,噴,54,,60,structural
8675,U+5675,噵,1,,60,structural
8676,U+5676,噶,24,,60,structural
8677,U+5677,噷,14,,60,structural
8678,U+5678,噸,19,,60,structural
8679,U+5679,噹,1,,60,structural
8680,U+567A,噺,34,,60,structural
8681,U+567B,噻,1,,60,structural
8682,U+567C,噼,1,,60,structural
8683,U+567D,噽,21,,60,structural
8684,U+567E,噾,14,,60,structural
8685,U+567F,噿,1,,60,structural
8686,U+5680,嚀,52,,60,structural
8687,U+5681,嚁,1,,60,structural
8688,U+5682,嚂,1,,60,structural
8689,U+5683,嚃,1,,60,structural
8690,U+5684,嚄,51,,60,structural
8691,U+5685,嚅,1,,60,structural
8692,U+5686,嚆,36,,60,structural
8693,U+5687,嚇,1,,60,structural
8694,U+5688,嚈,1,,60,structural
8695,U+5689,嚉,21,,60,structural
8696,U+568A,嚊,1,,60,structural
8697,U+568B,嚋,45,,60,structural
8698,U+568C,嚌,1,,60,structural
8699,U+568D,嚍,1,,60,structural
8700,U+568E,嚎,1,,60,structural
8701,U+568F,嚏,1,,60,structural
8702,U+5690,嚐,1,,60,structural
8703,U+5691,嚑,42,,60,structural
8704,U+5692,嚒,1,,60,structural
8705,U+5693,嚓,1,,60,structural
8706,U+5694,嚔,1,,60,structural
8707,U+5695,嚕,55,,60,structural
8708,U+5696,嚖,43,,60,structural
8709,U+5697,嚗,28,,60,structural
8710,U+5698,嚘,1,,60,structural
8711,U+5699,嚙,1,,60,structural
8712,U+569A,嚚,1,,60,structural
8713,U+569B,嚛,34,,60,structural
8714,U+569C,嚜,1,,60,structural
8715,U+569D,嚝,38,,60,structural
8716,U+569E,嚞,1,,60,structural
8717,U+569F,嚟,47,,60,structural
8718,U+56A0,嚠,29,,60,structural
8719,U+56A1,嚡,1,,60,structural
8720,U+56A2,嚢,59,,60,structural
8721,U+56A3,嚣,19,,60,structural
8722,U+56A4,嚤,3,,60,structural
8723,U+56A5,嚥,42,,60,structural
8724,U+56A6,嚦,1,,60,structural
8725,U+56A7,嚧,1,,60,structural
8726,U+56A8,嚨,1,,60,structural
8727,U+56A9,嚩,57,,60,structural
8728,U+56AA,嚪,1,,60,structural
8729,U+56AB,嚫,34,,60,structural
8730,U+56AC,嚬,19,,60,structural
8731,U+56AD,嚭,21,,60,structural
8732,U+56AE,嚮,18,,60,structural
8733,U+56AF,嚯,1,,60,structural
8734,U+56B0,嚰,1,,60,structural
8735,U+56B1,嚱,1,,60,structural
8736,U+56B2,嚲,21,,60,structural
8737,U+56B3,嚳,1,,60,structural
8738,U+56B4,嚴,1,,60,structural
8739,U+56B5,嚵,1,,60,structural
8740,U+56B6,嚶,54,,60,structural
8741,U+56B7,嚷,1,,60,structural
8742,U+56B8,嚸,1,,60,structural
8743,U+56B9,嚹,1,,60,structural
8744,U+56BA,嚺,47,,60,structural
8745,U+56BB,嚻,19,,60,structural
8746,U+56BC,嚼,1,,60,structural
8747,U+56BD,嚽,54,,60,structural
8748,U+56BE,嚾,36,,60,structural
8749,U+56BF,嚿,36,,60,structural
8750,U+56C0,囀,1,,60,structural
8751,U+56C1,囁,1,,60,structural
8752,U+56C2,囂,19,,60,structural
8753,U+56C3,囃,34,,60,structural
8754,U+56C4,囄,1,,60,structural
8755,U+56C5,囅,28,,60,structural
8756,U+56C6,囆,36,,60,structural
8757,U+56C7,囇,1,,60,structural
8758,U+56C8,囈,9,,60,structural
8759,U+56C9,囉,15,,60,structural
8760,U+56CA,囊,59,,60,structural
8761,U+56CB,囋,54,,60,structural
8762,U+56CC,囌,36,,60,structural
8763,U+56CD,囍,1,,60,structural
8764,U+56CE,囎,54,,60,structural
8765,U+56CF,囏,49,,60,structural
8766,U+56D0,囐,1,,60,structural
8767,U+56D1,囑,47,,60,structural
8768,U+56D2,囒,34,,60,structural
8769,U+56D3,囓,43,,60,structural
8770,U+56D4,囔,59,,60,structural
8771,U+56D5,囕,21,,60,structural
8772,U+56D6,囖,15,,60,structural
8773,U+56D7,囗,27,,60,structural
8774,U+56D8,囘,27,,60,structural
8775,U+56D9,囙,27,,60,structural
8776,U+56DA,囚,46,,60,structural
8777,U+56DB,四,27,,60,structural
8778,U+56DC,囜,27,,60,structural
8779,U+56DD,囝,27,,60,structural
8780,U+56DE,回,1,,60,structural
8781,U+56DF,囟,10,,60,structural
8782,U+56E0,因,20,,60,structural
8783,U+56E1,囡,31,,60,structural
8784,U+56E2,团,3,,60,structural
8785,U+56E3,団,27,,60,structural
8786,U+56E4,囤,10,,60,structural
8787,U+56E5,囥,27,,60,structural
8788,U+56E6,囦,12,,60,structural
8789,U+56E7,囧,27,,60,structural
8790,U+56E8,囨,56,,60,structural
8791,U+56E9,囩,17,,60,structural
8792,U+56EA,囪,10,,60,structural
8793,U+56EB,囫,10,,60,structural
8794,U+56EC,囬,27,,60,structural
8795,U+56ED,园,56,,60,structural
8796,U+56EE,囮,46,,60,structural
8797,U+56EF,囯,33,,60,structural
8798,U+56F0,困,34,,60,structural
8799,U+56F1,囱,10,,60,structural
8800,U+56F2,囲,17,,60,structural
8801,U+56F3,図,10,,60,structural
8802,U+56F4,围,27,,60,structural
8803,U+56F5,囵,46,,60,structural
8804,U+56F6,囶,27,,60,structural
8805,U+56F7,囷,20,,60,structural
8806,U+56F8,囸,56,,60,structural
8807,U+56F9,囹,13,,60,structural
8808,U+56FA,固,1,,60,structural
8809,U+56FB,囻,27,,60,structural
8810,U+56FC,囼,1,,60,structural
8811,U+56FD,国,33,,60,structural
8812,U+56FE,图,27,,60,structural
8813,U+56FF,囿,27,,60,structural
8814,U+5700,圀,58,,60,structural
8815,U+5701,圁,5,,60,structural
8816,U+5702,圂,27,,60,structural
8817,U+5703,圃,57,,60,structural
8818,U+5704,圄,21,,60,structural
8819,U+5705,圅,27,,60,structural
8820,U+5706,圆,54,,60,structural
8821,U+5707,圇,26,,60,structural
8822,U+5708,圈,49,,60,structural
8823,U+5709,圉,9,,60,structural
8824,U+570A,圊,9,,60,structural
8825,U+570B,國,21,,60,structural
8826,U+570C,圌,11,,60,structural
8827,U+570D,圍,27,,60,structural
8828,U+570E,圎,32,,60,structural
8829,U+570F,圏,49,,60,structural
8830,U+5710,圐,27,,60,structural
8831,U+5711,圑,57,,60,structural
8832,U+5712,園,27,,60,structural
8833,U+5713,圓,54,,60,structural
8834,U+5714,圔,9,,60,structural
8835,U+5715,圕,56,,60,structural
8836,U+5716,圖,1,,60,structural
8837,U+5717,圗,27,,60,structural
8838,U+5718,團,27,,60,structural
8839,U+5719,圙,58,,60,structural
8840,U+571A,圚,32,,60,structural
8841,U+571B,圛,9,,60,structural
8842,U+571C,圜,27,,60,structural
8843,U+571D,圝,5,,60,structural
8844,U+571E,圞,5,,60,structural
8845,U+571F,土,56,,60,structural
8846,U+5720,圠,9,,60,structural
8847,U+5721,圡,9,,60,structural
8848,U+5722,圢,52,,60,structural
8849,U+5723,圣,9,,60,structural
8850,U+5724,圤,9,,60,structural
8851,U+5725,圥,9,,60,structural
8852,U+5726,圦,9,,60,structural
8853,U+5727,圧,9,,60,structural
8854,U+5728,在,9,,60,structural
8855,U+5729,圩,9,,60,structural
8856,U+572A,圪,9,,60,structural
8857,U+572B,圫,9,,60,structural
8858,U+572C,圬,56,,60,structural
8859,U+572D,圭,9,,60,structural
8860,U+572E,圮,9,,60,structural
8861,U+572F,圯,9,,60,structural
8862,U+5730,地,9,,60,structural
8863,U+5731,圱,37,,60,structural
8864,U+5732,圲,37,,60,structural
8865,U+5733,圳,9,,60,structural
8866,U+5734,圴,9,,60,structural
8867,U+5735,圵,56,,60,structural
8868,U+5736,圶,9,,60,structural
8869,U+5737,圷,56,,60,structural
8870,U+5738,圸,9,,60,structural
8871,U+5739,圹,38,,60,structural
8872,U+573A,场,9,,60,structural
8873,U+573B,圻,9,,60,structural
8874,U+573C,圼,9,,60,structural
8875,U+573D,圽,10,,60,structural
8876,U+573E,圾,9,,60,structural
8877,U+573F,圿,46,,60,structural
8878,U+5740,址,9,,60,structural
8879,U+5741,坁,9,,60,structural
8880,U+5742,坂,9,,60,structural
8881,U+5743,坃,56,,60,structural
8882,U+5744,坄,9,,60,structural
8883,U+5745,坅,13,,60,structural
8884,U+5746,坆,9,,60,structural
8885,U+5747,均,9,,60,structural
8886,U+5748,坈,9,,60,structural
8887,U+5749,坉,9,,60,structural
8888,U+574A,坊,9,,60,structural
8889,U+574B,坋,58,,60,structural
8890,U+574C,坌,58,,60,structural
8891,U+574D,坍,9,,60,structural
8892,U+574E,坎,9,,60,structural
8893,U+574F,坏,56,,60,structural
8894,U+5750,坐,9,,60,structural
8895,U+5751,坑,9,,60,structural
8896,U+5752,坒,9,,60,structural
8897,U+5753,坓,9,,60,structural
8898,U+5754,坔,12,,60,structural
8899,U+5755,坕,9,,60,structural
8900,U+5756,坖,56,,60,structural
8901,U+5757,块,9,,60,structural
8902,U+5758,坘,56,,60,structural
8903,U+5759,坙,56,,60,structural
8904,U+575A,坚,9,,60,structural
8905,U+575B,坛,9,,60,structural
8906,U+575C,坜,9,,60,structural
8907,U+575D,坝,32,,60,structural
8908,U+575E,坞,56,,60,structural
8909,U+575F,坟,9,,60,structural
8910,U+5760,坠,9,,60,structural
8911,U+5761,坡,9,,60,structural
8912,U+5762,坢,43,,60,structural
8913,U+5763,坣,9,,60,structural
8914,U+5764,坤,9,,60,structural
8915,U+5765,坥,56,,60,structural
8916,U+5766,坦,56,,60,structural
8917,U+5767,坧,9,,60,structural
8918,U+5768,坨,9,,60,structural
8919,U+5769,坩,9,,60,structural
8920,U+576A,坪,9,,60,structural
8921,U+576B,坫,1,,60,structural
8922,U+576C,坬,9,,60,structural
8923,U+576D,坭,9,,60,structural
8924,U+576E,坮,9,,60,structural
8925,U+576F,坯,56,,60,structural
8926,U+5770,坰,1,,60,structural
8927,U+5771,坱,9,,60,structural
8928,U+5772,坲,10,,60,structural
8929,U+5773,坳,9,,60,structural
8930,U+5774,坴,9,,60,structural
8931,U+5775,坵,56,,60,structural
8932,U+5776,坶,9,,60,structural
8933,U+5777,坷,52,,60,structural
8934,U+5778,坸,1,,60,structural
8935,U+5779,坹,9,,60,structural
8936,U+577A,坺,39,,60,structural
8937,U+577B,坻,9,,60,structural
8938,U+577C,坼,9,,60,structural
8939,U+577D,坽,13,,60,structural
8940,U+577E,坾,41,,60,structural
8941,U+577F,坿,9,,60,structural
8942,U+5780,垀,9,,60,structural
8943,U+5781,垁,9,,60,structural
8944,U+5782,垂,56,,60,structural
8945,U+5783,垃,9,,60,structural
8946,U+5784,垄,9,,60,structural
8947,U+5785,垅,9,,60,structural
8948,U+5786,垆,9,,60,structural
8949,U+5787,垇,9,,60,structural
8950,U+5788,垈,9,,60,structural
8951,U+5789,垉,9,,60,structural
8952,U+578A,垊,9,,60,structural
8953,U+578B,型,56,,60,structural
8954,U+578C,垌,1,,60,structural
8955,U+578D,垍,9,,60,structural
8956,U+578E,垎,1,,60,structural
8957,U+578F,垏,9,,60,structural
8958,U+5790,垐,6,,60,structural
8959,U+5791,垑,4,,60,structural
8960,U+5792,垒,9,,60,structural
8961,U+5793,垓,9,,60,structural
8962,U+5794,垔,59,,60,structural
8963,U+5795,垕,1,,60,structural
8964,U+5796,垖,9,,60,structural
8965,U+5797,垗,9,,60,structural
8966,U+5798,垘,9,,60,structural
8967,U+5799,垙,56,,60,structural
8968,U+579A,垚,9,,60,structural
8969,U+579B,垛,34,,60,structural
8970,U+579C,垜,34,,60,structural
8971,U+579D,垝,9,,60,structural
8972,U+579E,垞,9,,60,structural
8973,U+579F,垟,9,,60,structural
8974,U+57A0,垠,9,,60,structural
8975,U+57A1,垡,9,,60,structural
8976,U+57A2,垢,1,,60,structural
8977,U+57A3,垣,56,,60,structural
8978,U+57A4,垤,9,,60,structural
8979,U+57A5,垥,26,,60,structural
8980,U+57A6,垦,9,,60,structural
8981,U+57A7,垧,18,,60,structural
8982,U+57A8,垨,9,,60,structural
8983,U+57A9,垩,56,,60,structural
8984,U+57AA,垪,25,,60,structural
8985,U+57AB,垫,13,,60,structural
8986,U+57AC,垬,28,,60,structural
8987,U+57AD,垭,56,,60,structural
8988,U+57AE,垮,56,,60,structural
8989,U+57AF,垯,9,,60,structural
8990,U+57B0,垰,9,,60,structural
8991,U+57B1,垱,9,,60,structural
8992,U+57B2,垲,9,,60,structural
8993,U+57B3,垳,9,,60,structural
8994,U+57B4,垴,10,,60,structural
8995,U+57B5,垵,31,,60,structural
8996,U+57B6,垶,9,,60,structural
8997,U+57B7,垷,9,,60,structural
8998,U+57B8,垸,41,,60,structural
8999,U+57B9,垹,43,,60,structural
9000,U+57BA,垺,9,,60,structural
9001,U+57BB,垻,32,,60,structural
9002,U+57BC,垼,9,,60,structural
9003,U+57BD,垽,12,,60,structural
9004,U+57BE,垾,9,,60,structural
9005,U+57BF,垿,38,,60,structural
9006,U+57C0,埀,43,,60,structural
9007,U+57C1,埁,13,,60,structural
9008,U+57C2,埂,56,,60,structural
9009,U+57C3,埃,9,,60,structural
9010,U+57C4,埄,43,,60,structural
9011,U+57C5,埅,9,,60,structural
9012,U+57C6,埆,9,,60,structural
9013,U+57C7,埇,9,,60,structural
9014,U+57C8,埈,16,,60,structural
9015,U+57C9,埉,9,,60,structural
9016,U+57CA,埊,12,,60,structural
9017,U+57CB,埋,9,,60,structural
9018,U+57CC,埌,9,,60,structural
9019,U+57CD,埍,9,,60,structural
9020,U+57CE,城,9,,60,structural
9021,U+57CF,埏,10,,60,structural
9022,U+57D0,埐,9,,60,structural
9023,U+57D1,埑,3,,60,structural
9024,U+57D2,埒,9,,60,structural
9025,U+57D3,埓,9,,60,structural
9026,U+57D4,埔,57,,60,structural
9027,U+57D5,埕,33,,60,structural
9028,U+57D6,埖,9,,60,structural
9029,U+57D7,埗,9,,60,structural
9030,U+57D8,埘,9,,60,structural
9031,U+57D9,埙,54,,60,structural
9032,U+57DA,埚,9,,60,structural
9033,U+57DB,埛,47,,60,structural
9034,U+57DC,埜,34,,60,structural
9035,U+57DD,埝,13,,60,structural
9036,U+57DE,埞,9,,60,structural
9037,U+57DF,域,21,,60,structural
9038,U+57E0,埠,9,,60,structural
9039,U+57E1,埡,56,,60,structural
9040,U+57E2,埢,49,,60,structural
9041,U+57E3,埣,9,,60,structural
9042,U+57E4,埤,37,,60,structural
9043,U+57E5,埥,9,,60,structural
9044,U+57E6,埦,44,,60,structural
9045,U+57E7,埧,25,,60,structural
9046,U+57E8,埨,26,,60,structural
9047,U+57E9,埩,52,,60,structural
9048,U+57EA,埪,9,,60,structural
9049,U+57EB,埫,1,,60,structural
9050,U+57EC,埬,34,,60,structural
9051,U+57ED,埭,9,,60,structural
9052,U+57EE,埮,42,,60,structural
9053,U+57EF,埯,24,,60,structural
9054,U+57F0,埰,34,,60,structural
9055,U+57F1,埱,56,,60,structural
9056,U+57F2,埲,43,,60,structural
9057,U+57F3,埳,9,,60,structural
9058,U+57F4,埴,56,,60,structural
9059,U+57F5,埵,56,,60,structural
9060,U+57F6,埶,13,,60,structural
9061,U+57F7,執,13,,60,structural
9062,U+57F8,埸,24,,60,structural
9063,U+57F9,培,1,,60,structural
9064,U+57FA,基,25,,60,structural
9065,U+57FB,埻,1,,60,structural
9066,U+57FC,埼,52,,60,structural
9067,U+57FD,埽,53,,60,structural
9068,U+57FE,埾,0,,60,structural
9069,U+57FF,埿,12,,60,structural
9070,U+5800,堀,9,,60,structural
9071,U+5801,堁,24,,60,structural
9072,U+5802,堂,9,,60,structural
9073,U+5803,堃,9,,60,structural
9074,U+5804,堄,9,,60,structural
9075,U+5805,堅,9,,60,structural
9076,U+5806,堆,9,,60,structural
9077,U+5807,堇,1,,60,structural
9078,U+5808,堈,25,,60,structural
9079,U+5809,堉,9,,60,structural
9080,U+580A,堊,56,,60,structural
9081,U+580B,堋,40,,60,structural
9082,U+580C,堌,1,,60,structural
9083,U+580D,堍,9,,60,structural
9084,U+580E,堎,16,,60,structural
9085,U+580F,堏,34,,60,structural
9086,U+5810,堐,9,,60,structural
9087,U+5811,堑,9,,60,structural
9088,U+5812,堒,9,,60,structural
9089,U+5813,堓,9,,60,structural
9090,U+5814,堔,34,,60,structural
9091,U+5815,堕,9,,60,structural
9092,U+5816,堖,9,,60,structural
9093,U+5817,堗,9,,60,structural
9094,U+5818,堘,49,,60,structural
9095,U+5819,堙,59,,60,structural
9096,U+581A,堚,9,,60,structural
9097,U+581B,堛,9,,60,structural
9098,U+581C,堜,34,,60,structural
9099,U+581D,堝,1,,60,structural
9100,U+581E,堞,2,,60,structural
9101,U+581F,堟,9,,60,structural
9102,U+5820,堠,9,,60,structural
9103,U+5821,堡,34,,60,structural
9104,U+5822,堢,34,,60,structural
9105,U+5823,堣,9,,60,structural
9106,U+5824,堤,9,,60,structural
9107,U+5825,堥,9,,60,structural
9108,U+5826,堦,9,,60,structural
9109,U+5827,堧,9,,60,structural
9110,U+5828,堨,24,,60,structural
9111,U+5829,堩,56,,60,structural
9112,U+582A,堪,9,,60,structural
9113,U+582B,堫,16,,60,structural
9114,U+582C,堬,26,,60,structural
9115,U+582D,堭,33,,60,structural
9116,U+582E,堮,21,,60,structural
9117,U+582F,堯,56,,60,structural
9118,U+5830,堰,31,,60,structural
9119,U+5831,報,9,,60,structural
9120,U+5832,堲,9,,60,structural
9121,U+5833,堳,9,,60,structural
9122,U+5834,場,56,,60,structural
9123,U+5835,堵,24,,60,structural
9124,U+5836,堶,9,,60,structural
9125,U+5837,堷,9,,60,structural
9126,U+5838,堸,9,,60,structural
9127,U+5839,堹,9,,60,structural
9128,U+583A,堺,46,,60,structural
9129,U+583B,堻,12,,60,structural
9130,U+583C,堼,9,,60,structural
9131,U+583D,堽,56,,60,structural
9132,U+583E,堾,9,,60,structural
9133,U+583F,堿,21,,60,structural
9134,U+5840,塀,25,,60,structural
9135,U+5841,塁,9,,60,structural
9136,U+5842,塂,28,,60,structural
9137,U+5843,塃,9,,60,structural
9138,U+5844,塄,9,,60,structural
9139,U+5845,塅,9,,60,structural
9140,U+5846,塆,9,,60,structural
9141,U+5847,塇,41,,60,structural
9142,U+5848,塈,9,,60,structural
9143,U+5849,塉,9,,60,structural
9144,U+584A,塊,9,,60,structural
9145,U+584B,塋,9,,60,structural
9146,U+584C,塌,9,,60,structural
9147,U+584D,塍,49,,60,structural
9148,U+584E,塎,9,,60,structural
9149,U+584F,塏,9,,60,structural
9150,U+5850,塐,15,,60,structural
9151,U+5851,塑,25,,60,structural
9152,U+5852,塒,9,,60,structural
9153,U+5853,塓,58,,60,structural
9154,U+5854,塔,26,,60,structural
9155,U+5855,塕,16,,60,structural
9156,U+5856,塖,9,,60,structural
9157,U+5857,塗,26,,60,structural
9158,U+5858,塘,59,,60,structural
9159,U+5859,塙,9,,60,structural
9160,U+585A,塚,9,,60,structural
9161,U+585B,塛,59,,60,structural
9162,U+585C,塜,56,,60,structural
9163,U+585D,塝,58,,60,structural
9164,U+585E,塞,9,,60,structural
9165,U+585F,塟,9,,60,structural
9166,U+5860,塠,9,,60,structural
9167,U+5861,塡,9,,60,structural
9168,U+5862,塢,42,,60,structural
9169,U+5863,塣,33,,60,structural
9170,U+5864,塤,54,,60,structural
9171,U+5865,塥,9,,60,structural
9172,U+5866,塦,9,,60,structural
9173,U+5867,塧,25,,60,structural
9174,U+5868,塨,28,,60,structural
9175,U+5869,塩,9,,60,structural
9176,U+586A,塪,9,,60,structural
9177,U+586B,填,25,,60,structural
9178,U+586C,塬,9,,60,structural
9179,U+586D,塭,9,,60,structural
9180,U+586E,塮,9,,60,structural
9181,U+586F,塯,9,,60,structural
9182,U+5870,塰,12,,60,structural
9183,U+5871,塱,9,,60,structural
9184,U+5872,塲,9,,60,structural
9185,U+5873,塳,43,,60,structural
9186,U+5874,塴,40,,60,structural
9187,U+5875,塵,9,,60,structural
9188,U+5876,塶,9,,60,structural
9189,U+5877,塷,9,,60,structural
9190,U+5878,塸,1,,60,structural
9191,U+5879,塹,9,,60,structural
9192,U+587A,塺,9,,60,structural
9193,U+587B,塻,24,,60,structural
9194,U+587C,塼,9,,60,structural
9195,U+587D,塽,9,,60,structural
9196,U+587E,塾,1,,60,structural
9197,U+587F,塿,31,,60,structural
9198,U+5880,墀,58,,60,structural
9199,U+5881,墁,9,,60,structural
9200,U+5882,墂,59,,60,structural
9201,U+5883,境,14,,60,structural
9202,U+5884,墄,56,,60,structural
9203,U+5885,墅,9,,60,structural
9204,U+5886,墆,53,,60,structural
9205,U+5887,墇,24,,60,structural
9206,U+5888,墈,9,,60,structural
9207,U+5889,墉,38,,60,structural
9208,U+588A,墊,13,,60,structural
9209,U+588B,墋,9,,60,structural
9210,U+588C,墌,38,,60,structural
9211,U+588D,墍,9,,60,structural
9212,U+588E,墎,1,,60,structural
9213,U+588F,墏,9,,60,structural
9214,U+5890,墐,1,,60,structural
9215,U+5891,墑,47,,60,structural
9216,U+5892,墒,47,,60,structural
9217,U+5893,墓,24,,60,structural
9218,U+5894,墔,9,,60,structural
9219,U+5895,墕,42,,60,structural
9220,U+5896,墖,26,,60,structural
9221,U+5897,増,9,,60,structural
9222,U+5898,墘,9,,60,structural
9223,U+5899,墙,47,,60,structural
9224,U+589A,墚,10,,60,structural
9225,U+589B,墛,9,,60,structural
9226,U+589C,墜,9,,60,structural
9227,U+589D,墝,56,,60,structural
9228,U+589E,增,9,,60,structural
9229,U+589F,墟,56,,60,structural
9230,U+58A0,墠,21,,60,structural
9231,U+58A1,墡,25,,60,structural
9232,U+58A2,墢,9,,60,structural
9233,U+58A3,墣,49,,60,structural
9234,U+58A4,墤,32,,60,structural
9235,U+58A5,墥,9,,60,structural
9236,U+58A6,墦,9,,60,structural
9237,U+58A7,墧,18,,60,structural
9238,U+58A8,墨,9,,60,structural
9239,U+58A9,墩,1,,60,structural
9240,U+58AA,墪,1,,60,structural
9241,U+58AB,墫,58,,60,structural
9242,U+58AC,墬,9,,60,structural
9243,U+58AD,墭,9,,60,structural
9244,U+58AE,墮,9,,60,structural
9245,U+58AF,墯,9,,60,structural
9246,U+58B0,墰,28,,60,structural
9247,U+58B1,墱,9,,60,structural
9248,U+58B2,墲,42,,60,structural
9249,U+58B3,墳,32,,60,structural
9250,U+58B4,墴,9,,60,structural
9251,U+58B5,墵,9,,60,structural
9252,U+58B6,墶,9,,60,structural
9253,U+58B7,墷,9,,60,structural
9254,U+58B8,墸,24,,60,structural
9255,U+58B9,墹,9,,60,structural
9256,U+58BA,墺,18,,60,structural
9257,U+58BB,墻,9,,60,structural
9258,U+58BC,墼,9,,60,structural
9259,U+58BD,墽,9,,60,structural
9260,U+58BE,墾,9,,60,structural
9261,U+58BF,墿,9,,60,structural
9262,U+58C0,壀,9,,60,structural
9263,U+58C1,壁,9,,60,structural
9264,U+58C2,壂,9,,60,structural
9265,U+58C3,壃,56,,60,structural
9266,U+58C4,壄,34,,60,structural
9267,U+58C5,壅,9,,60,structural
9268,U+58C6,壆,9,,60,structural
9269,U+58C7,壇,21,,60,structural
9270,U+58C8,壈,1,,60,structural
9271,U+58C9,壉,9,,60,structural
9272,U+58CA,壊,9,,60,structural
9273,U+58CB,壋,9,,60,structural
9274,U+58CC,壌,58,,60,structural
9275,U+58CD,壍,12,,60,structural
9276,U+58CE,壎,42,,60,structural
9277,U+58CF,壏,9,,60,structural
9278,U+58D0,壐,53,,60,structural
9279,U+58D1,壑,9,,60,structural
9280,U+58D2,壒,9,,60,structural
9281,U+58D3,壓,9,,60,structural
9282,U+58D4,壔,45,,60,structural
9283,U+58D5,壕,1,,60,structural
9284,U+58D6,壖,9,,60,structural
9285,U+58D7,壗,9,,60,structural
9286,U+58D8,壘,9,,60,structural
9287,U+58D9,壙,38,,60,structural
9288,U+58DA,壚,9,,60,structural
9289,U+58DB,壛,9,,60,structural
9290,U+58DC,壜,9,,60,structural
9291,U+58DD,壝,32,,60,structural
9292,U+58DE,壞,9,,60,structural
9293,U+58DF,壟,9,,60,structural
9294,U+58E0,壠,9,,60,structural
9295,U+58E1,壡,9,,60,structural
9296,U+58E2,壢,9,,60,structural
9297,U+58E3,壣,9,,60,structural
9298,U+58E4,壤,1,,60,structural
9299,U+58E5,壥,9,,60,structural
9300,U+58E6,壦,9,,60,structural
9301,U+58E7,壧,1,,60,structural
9302,U+58E8,壨,9,,60,structural
9303,U+58E9,壩,9,,60,structural
9304,U+58EA,壪,5,,60,structural
9305,U+58EB,士,56,,60,structural
9306,U+58EC,壬,10,,60,structural
9307,U+58ED,壭,27,,60,structural
9308,U+58EE,壮,27,,60,structural
9309,U+58EF,壯,27,,60,structural
9310,U+58F0,声,27,,60,structural
9311,U+58F1,壱,27,,60,structural
9312,U+58F2,売,27,,60,structural
9313,U+58F3,壳,27,,60,structural
9314,U+58F4,壴,27,,60,structural
9315,U+58F5,壵,27,,60,structural
9316,U+58F6,壶,56,,60,structural
9317,U+58F7,壷,27,,60,structural
9318,U+58F8,壸,56,,60,structural
9319,U+58F9,壹,27,,60,structural
9320,U+58FA,壺,56,,60,structural
9321,U+58FB,壻,27,,60,structural
9322,U+58FC,壼,56,,60,structural
9323,U+58FD,壽,45,,60,structural
9324,U+58FE,壾,27,,60,structural
9325,U+58FF,壿,58,,60,structural
9326,U+5900,夀,1,,60,structural
9327,U+5901,夁,1,,60,structural
9328,U+5902,夂,27,,60,structural
9329,U+5903,夃,10,,60,structural
9330,U+5904,处,27,,60,structural
9331,U+5905,夅,27,,60,structural
9332,U+5906,夆,43,,60,structural
9333,U+5907,备,11,,60,structural
9334,U+5908,夈,27,,60,structural
9335,U+5909,変,27,,60,structural
9336,U+590A,夊,27,,60,structural
9337,U+590B,夋,16,,60,structural
9338,U+590C,夌,16,,60,structural
9339,U+590D,复,24,,60,structural
9340,U+590E,夎,9,,60,structural
9341,U+590F,夏,27,,60,structural
9342,U+5910,夐,27,,60,structural
9343,U+5911,夑,42,,60,structural
9344,U+5912,夒,25,,60,structural
9345,U+5913,夓,16,,60,structural
9346,U+5914,夔,25,,60,structural
9347,U+5915,夕,13,,60,structural
9348,U+5916,外,4,,60,structural
9349,U+5917,夗,44,,60,structural
9350,U+5918,夘,44,,60,structural
9351,U+5919,夙,27,,60,structural
9352,U+591A,多,4,,60,structural
9353,U+591B,夛,4,,60,structural
9354,U+591C,夜,13,,60,structural
9355,U+591D,夝,4,,60,structural
9356,U+591E,夞,4,,60,structural
9357,U+591F,够,4,,60,structural
9358,U+5920,夠,4,,60,structural
9359,U+5921,夡,4,,60,structural
9360,U+5922,夢,4,,60,structural
9361,U+5923,夣,4,,60,structural
9362,U+5924,夤,25,,60,structural
9363,U+5925,夥,24,,60,structural
9364,U+5926,夦,4,,60,structural
9365,U+5927,大,26,,60,structural
9366,U+5928,夨,20,,60,structural
9367,U+5929,天,56,,60,structural
9368,U+592A,太,13,,60,structural
9369,U+592B,夫,49,,60,structural
9370,U+592C,夬,20,,60,structural
9371,U+592D,夭,18,,60,structural
9372,U+592F,夯,20,,60,structural
9373,U+5930,夰,18,,60,structural
9374,U+5931,失,49,,60,structural
9375,U+5932,夲,20,,60,structural
9376,U+5933,夳,20,,60,structural
9377,U+5935,夵,20,,60,structural
9378,U+5936,夶,20,,60,structural
9379,U+5937,夷,20,,60,structural
9380,U+5938,夸,56,,60,structural
9381,U+5939,夹,49,,60,structural
9382,U+593A,夺,20,,60,structural
9383,U+593B,夻,1,,60,structural
9384,U+593C,夼,20,,60,structural
9385,U+593D,夽,20,,60,structural
9386,U+593E,夾,46,,60,structural
9387,U+593F,夿,20,,60,structural
9388,U+5940,奀,56,,60,structural
9389,U+5941,奁,18,,60,structural
9390,U+5942,奂,18,,60,structural
9391,U+5943,奃,13,,60,structural
9392,U+5944,奄,24,,60,structural
9393,U+5945,奅,20,,60,structural
9394,U+5946,奆,20,,60,structural
9395,U+5947,奇,52,,60,structural
9396,U+5948,奈,20,,60,structural
9397,U+5949,奉,43,,60,structural
9398,U+594A,奊,9,,60,structural
9399,U+594B,奋,20,,60,structural
9400,U+594C,奌,1,,60,structural
9401,U+594D,奍,49,,60,structural
9402,U+594E,奎,9,,60,structural
9403,U+594F,奏,56,,60,structural
9404,U+5950,奐,58,,60,structural
9405,U+5951,契,43,,60,structural
9406,U+5952,奒,46,,60,structural
9407,U+5953,奓,4,,60,structural
9408,U+5954,奔,20,,60,structural
9409,U+5955,奕,20,,60,structural
9410,U+5956,奖,4,,60,structural
9411,U+5957,套,20,,60,structural
9412,U+5958,奘,20,,60,structural
9413,U+5959,奙,24,,60,structural
9414,U+595A,奚,27,,60,structural
9415,U+595B,奛,24,,60,structural
9416,U+595C,奜,20,,60,structural
9417,U+595D,奝,20,,60,structural
9418,U+595E,奞,20,,60,structural
9419,U+595F,奟,40,,60,structural
9420,U+5960,奠,58,,60,structural
9421,U+5961,奡,18,,60,structural
9422,U+5962,奢,24,,60,structural
9423,U+5963,奣,56,,60,structural
9424,U+5964,奤,20,,60,structural
9425,U+5965,奥,18,,60,structural
9426,U+5966,奦,20,,60,structural
9427,U+5967,奧,18,,60,structural
9428,U+5968,奨,20,,60,structural
9429,U+5969,奩,1,,60,structural
9430,U+596A,奪,20,,60,structural
9431,U+596B,奫,12,,60,structural
9432,U+596C,奬,6,,60,structural
9433,U+596D,奭,56,,60,structural
9434,U+596E,奮,20,,60,structural
9435,U+596F,奯,56,,60,structural
9436,U+5970,奰,20,,60,structural
9437,U+5971,奱,5,,60,structural
9438,U+5972,奲,21,,60,structural
9439,U+5973,女,31,,60,structural
9440,U+5974,奴,31,,60,structural
9441,U+5975,奵,52,,60,structural
9442,U+5976,奶,31,,60,structural
9443,U+5977,奷,37,,60,structural
9444,U+5978,奸,31,,60,structural
9445,U+5979,她,31,,60,structural
9446,U+597A,奺,31,,60,structural
9447,U+597B,奻,31,,60,structural
9448,U+597C,奼,31,,60,structural
9449,U+597D,好,31,,60,structural
9450,U+597E,奾,31,,60,structural
9451,U+597F,奿,13,,60,structural
9452,U+5980,妀,31,,60,structural
9453,U+5981,妁,31,,60,structural
9454,U+5982,如,31,,60,structural
9455,U+5983,妃,31,,60,structural
9456,U+5984,妄,31,,60,structural
9457,U+5985,妅,31,,60,structural
9458,U+5986,妆,31,,60,structural
9459,U+5987,妇,31,,60,structural
9460,U+5988,妈,50,,60,structural
9461,U+5989,妉,31,,60,structural
9462,U+598A,妊,31,,60,structural
9463,U+598B,妋,49,,60,structural
9464,U+598C,妌,31,,60,structural
9465,U+598D,妍,31,,60,structural
9466,U+598E,妎,46,,60,structural
9467,U+598F,妏,31,,60,structural
9468,U+5990,妐,16,,60,structural
9469,U+5991,妑,31,,60,structural
9470,U+5992,妒,31,,60,structural
9471,U+5993,妓,31,,60,structural
9472,U+5994,妔,31,,60,structural
9473,U+5995,妕,59,,60,structural
9474,U+5996,妖,18,,60,structural
9475,U+5997,妗,13,,60,structural
9476,U+5998,妘,31,,60,structural
9477,U+5999,妙,10,,60,structural
9478,U+599A,妚,31,,60,structural
9479,U+599B,妛,31,,60,structural
9480,U+599C,妜,31,,60,structural
9481,U+599D,妝,31,,60,structural
9482,U+599E,妞,31,,60,structural
9483,U+599F,妟,31,,60,structural
9484,U+59A0,妠,31,,60,structural
9485,U+59A1,妡,31,,60,structural
9486,U+59A2,妢,58,,60,structural
9487,U+59A3,妣,31,,60,structural
9488,U+59A4,妤,31,,60,structural
9489,U+59A5,妥,31,,60,structural
9490,U+59A6,妦,43,,60,structural
9491,U+59A7,妧,56,,60,structural
9492,U+59A8,妨,31,,60,structural
9493,U+59A9,妩,31,,60,structural
9494,U+59AA,妪,31,,60,structural
9495,U+59AB,妫,31,,60,structural
9496,U+59AC,妬,31,,60,structural
9497,U+59AD,妭,39,,60,structural
9498,U+59AE,妮,31,,60,structural
9499,U+59AF,妯,31,,60,structural
9500,U+59B0,妰,31,,60,structural
9501,U+59B1,妱,31,,60,structural
9502,U+59B2,妲,56,,60,structural
9503,U+59B3,妳,31,,60,structural
9504,U+59B4,妴,44,,60,structural
9505,U+59B5,妵,9,,60,structural
9506,U+59B6,妶,31,,60,structural
9507,U+59B7,妷,49,,60,structural
9508,U+59B8,妸,52,,60,structural
9509,U+59B9,妹,34,,60,structural
9510,U+59BA,妺,34,,60,structural
9511,U+59BB,妻,31,,60,structural
9512,U+59BC,妼,10,,60,structural
9513,U+59BD,妽,31,,60,structural
9514,U+59BE,妾,31,,60,structural
9515,U+59BF,妿,31,,60,structural
9516,U+59C0,姀,31,,60,structural
9517,U+59C1,姁,31,,60,structural
9518,U+59C2,姂,31,,60,structural
9519,U+59C3,姃,31,,60,structural
9520,U+59C4,姄,31,,60,structural
9521,U+59C5,姅,43,,60,structural
9522,U+59C6,姆,31,,60,structural
9523,U+59C7,姇,31,,60,structural
9524,U+59C8,姈,13,,60,structural
9525,U+59C9,姉,53,,60,structural
9526,U+59CA,姊,31,,60,structural
9527,U+59CB,始,31,,60,structural
9528,U+59CC,姌,31,,60,structural
9529,U+59CD,姍,31,,60,structural
9530,U+59CE,姎,31,,60,structural
9531,U+59CF,姏,31,,60,structural
9532,U+59D0,姐,31,,60,structural
9533,U+59D1,姑,31,,60,structural
9534,U+59D2,姒,31,,60,structural
9535,U+59D3,姓,31,,60,structural
9536,U+59D4,委,31,,60,structural
9537,U+59D5,姕,31,,60,structural
9538,U+59D6,姖,31,,60,structural
9539,U+59D7,姗,31,,60,structural
9540,U+59D8,姘,25,,60,structural
9541,U+59D9,姙,46,,60,structural
9542,U+59DA,姚,31,,60,structural
9543,U+59DB,姛,31,,60,structural
9544,U+59DC,姜,31,,60,structural
9545,U+59DD,姝,34,,60,structural
9546,U+59DE,姞,31,,60,structural
9547,U+59DF,姟,46,,60,structural
9548,U+59E0,姠,18,,60,structural
9549,U+59E1,姡,31,,60,structural
9550,U+59E2,姢,31,,60,structural
9551,U+59E3,姣,31,,60,structural
9552,U+59E4,姤,31,,60,structural
9553,U+59E5,姥,31,,60,structural
9554,U+59E6,姦,31,,60,structural
9555,U+59E7,姧,31,,60,structural
9556,U+59E8,姨,31,,60,structural
9557,U+59E9,姩,31,,60,structural
9558,U+59EA,姪,31,,60,structural
9559,U+59EB,姫,31,,60,structural
9560,U+59EC,姬,31,,60,structural
9561,U+59ED,姭,31,,60,structural
9562,U+59EE,姮,56,,60,structural
9563,U+59EF,姯,56,,60,structural
9564,U+59F0,姰,24,,60,structural
9565,U+59F1,姱,31,,60,structural
9566,U+59F2,姲,31,,60,structural
9567,U+59F3,姳,4,,60,structural
9568,U+59F4,姴,31,,60,structural
9569,U+59F5,姵,31,,60,structural
9570,U+59F6,姶,26,,60,structural
9571,U+59F7,姷,31,,60,structural
9572,U+59F8,姸,31,,60,structural
9573,U+59F9,姹,31,,60,structural
9574,U+59FA,姺,31,,60,structural
9575,U+59FB,姻,31,,60,structural
9576,U+59FC,姼,4,,60,structural
9577,U+59FD,姽,31,,60,structural
9578,U+59FE,姾,33,,60,structural
9579,U+59FF,姿,6,,60,structural
9580,U+5A00,娀,31,,60,structural
9581,U+5A01,威,31,,60,structural
9582,U+5A02,娂,28,,60,structural
9583,U+5A03,娃,31,,60,structural
9584,U+5A04,娄,31,,60,structural
9585,U+5A05,娅,31,,60,structural
9586,U+5A06,娆,56,,60,structural
9587,U+5A07,娇,18,,60,structural
9588,U+5A08,娈,31,,60,structural
9589,U+5A09,娉,31,,60,structural
9590,U+5A0A,娊,31,,60,structural
9591,U+5A0B,娋,31,,60,structural
9592,U+5A0C,娌,31,,60,structural
9593,U+5A0D,娍,31,,60,structural
9594,U+5A0E,娎,3,,60,structural
9595,U+5A0F,娏,31,,60,structural
9596,U+5A10,娐,31,,60,structural
9597,U+5A11,娑,10,,60,structural
9598,U+5A12,娒,31,,60,structural
9599,U+5A13,娓,31,,60,structural
9600,U+5A14,娔,31,,60,structural
9601,U+5A15,娕,34,,60,structural
9602,U+5A16,娖,31,,60,structural
9603,U+5A17,娗,10,,60,structural
9604,U+5A18,娘,31,,60,structural
9605,U+5A19,娙,31,,60,structural
9606,U+5A1A,娚,31,,60,structural
9607,U+5A1B,娛,31,,60,structural
9608,U+5A1C,娜,31,,60,structural
9609,U+5A1D,娝,21,,60,structural
9610,U+5A1E,娞,31,,60,structural
9611,U+5A1F,娟,31,,60,structural
9612,U+5A20,娠,31,,60,structural
9613,U+5A21,娡,31,,60,structural
9614,U+5A22,娢,13,,60,structural
9615,U+5A23,娣,31,,60,structural
9616,U+5A24,娤,31,,60,structural
9617,U+5A25,娥,31,,60,structural
9618,U+5A26,娦,25,,60,structural
9619,U+5A27,娧,47,,60,structural
9620,U+5A28,娨,31,,60,structural
9621,U+5A29,娩,31,,60,structural
9622,U+5A2A,娪,21,,60,structural
9623,U+5A2B,娫,10,,60,structural
9624,U+5A2C,娬,31,,60,structural
9625,U+5A2D,娭,31,,60,structural
9626,U+5A2E,娮,5,,60,structural
9627,U+5A2F,娯,25,,60,structural
9628,U+5A30,娰,31,,60,structural
9629,U+5A31,娱,21,,60,structural
9630,U+5A32,娲,31,,60,structural
9631,U+5A33,娳,31,,60,structural
9632,U+5A34,娴,34,,60,structural
9633,U+5A35,娵,0,,60,structural
9634,U+5A36,娶,0,,60,structural
9635,U+5A37,娷,56,,60,structural
9636,U+5A38,娸,25,,60,structural
9637,U+5A39,娹,31,,60,structural
9638,U+5A3A,娺,31,,60,structural
9639,U+5A3B,娻,34,,60,structural
9640,U+5A3C,娼,31,,60,structural
9641,U+5A3D,娽,58,,60,structural
9642,U+5A3E,娾,31,,60,structural
9643,U+5A3F,娿,52,,60,structural
9644,U+5A40,婀,52,,60,structural
9645,U+5A41,婁,31,,60,structural
9646,U+5A42,婂,31,,60,structural
9647,U+5A43,婃,31,,60,structural
9648,U+5A44,婄,31,,60,structural
9649,U+5A45,婅,31,,60,structural
9650,U+5A46,婆,31,,60,structural
9651,U+5A47,婇,31,,60,structural
9652,U+5A48,婈,16,,60,structural
9653,U+5A49,婉,44,,60,structural
9654,U+5A4A,婊,31,,60,structural
9655,U+5A4B,婋,31,,60,structural
9656,U+5A4C,婌,31,,60,structural
9657,U+5A4D,婍,52,,60,structural
9658,U+5A4E,婎,31,,60,structural
9659,U+5A4F,婏,31,,60,structural
9660,U+5A50,婐,24,,60,structural
9661,U+5A51,婑,31,,60,structural
9662,U+5A52,婒,42,,60,structural
9663,U+5A53,婓,31,,60,structural
9664,U+5A54,婔,31,,60,structural
9665,U+5A55,婕,31,,60,structural
9666,U+5A56,婖,31,,60,structural
9667,U+5A57,婗,31,,60,structural
9668,U+5A58,婘,49,,60,structural
9669,U+5A59,婙,52,,60,structural
9670,U+5A5A,婚,31,,60,structural
9671,U+5A5B,婛,1,,60,structural
9672,U+5A5C,婜,31,,60,structural
9673,U+5A5D,婝,31,,60,structural
9674,U+5A5E,婞,31,,60,structural
9675,U+5A5F,婟,31,,60,structural
9676,U+5A60,婠,31,,60,structural
9677,U+5A61,婡,34,,60,structural
9678,U+5A62,婢,37,,60,structural
9679,U+5A63,婣,31,,60,structural
9680,U+5A64,婤,31,,60,structural
9681,U+5A65,婥,31,,60,structural
9682,U+5A66,婦,53,,60,structural
9683,U+5A67,婧,9,,60,structural
9684,U+5A68,婨,26,,60,structural
9685,U+5A69,婩,31,,60,structural
9686,U+5A6A,婪,34,,60,structural
9687,U+5A6B,婫,31,,60,structural
9688,U+5A6C,婬,31,,60,structural
9689,U+5A6D,婭,31,,60,structural
9690,U+5A6E,婮,31,,60,structural
9691,U+5A6F,婯,31,,60,structural
9692,U+5A70,婰,31,,60,structural
9693,U+5A71,婱,31,,60,structural
9694,U+5A72,婲,31,,60,structural
9695,U+5A73,婳,31,,60,structural
9696,U+5A74,婴,31,,60,structural
9697,U+5A75,婵,25,,60,structural
9698,U+5A76,婶,31,,60,structural
9699,U+5A77,婷,52,,60,structural
9700,U+5A78,婸,56,,60,structural
9701,U+5A79,婹,59,,60,structural
9702,U+5A7A,婺,31,,60,structural
9703,U+5A7B,婻,31,,60,structural
9704,U+5A7C,婼,31,,60,structural
9705,U+5A7D,婽,31,,60,structural
9706,U+5A7E,婾,26,,60,structural
9707,U+5A7F,婿,31,,60,structural
9708,U+5A80,媀,31,,60,structural
9709,U+5A81,媁,31,,60,structural
9710,U+5A82,媂,53,,60,structural
9711,U+5A83,媃,34,,60,structural
9712,U+5A84,媄,31,,60,structural
9713,U+5A85,媅,31,,60,structural
9714,U+5A86,媆,31,,60,structural
9715,U+5A87,媇,34,,60,structural
9716,U+5A88,媈,31,,60,structural
9717,U+5A89,媉,31,,60,structural
9718,U+5A8A,媊,25,,60,structural
9719,U+5A8B,媋,31,,60,structural
9720,U+5A8C,媌,31,,60,structural
9721,U+5A8D,媍,31,,60,structural
9722,U+5A8E,媎,24,,60,structural
9723,U+5A8F,媏,31,,60,structural
9724,U+5A90,媐,31,,60,structural
9725,U+5A91,媑,31,,60,structural
9726,U+5A92,媒,34,,60,structural
9727,U+5A93,媓,33,,60,structural
9728,U+5A94,媔,31,,60,structural
9729,U+5A95,媕,26,,60,structural
9730,U+5A96,媖,31,,60,structural
9731,U+5A97,媗,41,,60,structural
9732,U+5A98,媘,31,,60,structural
9733,U+5A99,媙,31,,60,structural
9734,U+5A9A,媚,31,,60,structural
9735,U+5A9B,媛,31,,60,structural
9736,U+5A9C,媜,32,,60,structural
9737,U+5A9D,媝,42,,60,structural
9738,U+5A9E,媞,31,,60,structural
9739,U+5A9F,媟,2,,60,structural
9740,U+5AA0,媠,31,,60,structural
9741,U+5AA1,媡,34,,60,structural
9742,U+5AA2,媢,31,,60,structural
9743,U+5AA3,媣,34,,60,structural
9744,U+5AA4,媤,31,,60,structural
9745,U+5AA5,媥,31,,60,structural
9746,U+5AA6,媦,31,,60,structural
9747,U+5AA7,媧,31,,60,structural
9748,U+5AA8,媨,58,,60,structural
9749,U+5AA9,媩,57,,60,structural
9750,U+5AAA,媪,31,,60,structural
9751,U+5AAB,媫,31,,60,structural
9752,U+5AAC,媬,34,,60,structural
9753,U+5AAD,媭,19,,60,structural
9754,U+5AAE,媮,26,,60,structural
9755,U+5AAF,媯,42,,60,structural
9756,U+5AB0,媰,31,,60,structural
9757,U+5AB1,媱,31,,60,structural
9758,U+5AB2,媲,31,,60,structural
9759,U+5AB3,媳,31,,60,structural
9760,U+5AB4,媴,31,,60,structural
9761,U+5AB5,媵,49,,60,structural
9762,U+5AB6,媶,31,,60,structural
9763,U+5AB7,媷,31,,60,structural
9764,U+5AB8,媸,31,,60,structural
9765,U+5AB9,媹,31,,60,structural
9766,U+5ABA,媺,31,,60,structural
9767,U+5ABB,媻,31,,60,structural
9768,U+5ABC,媼,31,,60,structural
9769,U+5ABD,媽,50,,60,structural
9770,U+5ABE,媾,31,,60,structural
9771,U+5ABF,媿,31,,60,structural
9772,U+5AC0,嫀,31,,60,structural
9773,U+5AC1,嫁,31,,60,structural
9774,U+5AC2,嫂,31,,60,structural
9775,U+5AC3,嫃,25,,60,structural
9776,U+5AC4,嫄,31,,60,structural
9777,U+5AC5,嫅,31,,60,structural
9778,U+5AC6,嫆,31,,60,structural
9779,U+5AC7,嫇,58,,60,structural
9780,U+5AC8,嫈,31,,60,structural
9781,U+5AC9,嫉,31,,60,structural
9782,U+5ACA,嫊,31,,60,structural
9783,U+5ACB,嫋,31,,60,structural
9784,U+5ACC,嫌,25,,60,structural
9785,U+5ACD,嫍,31,,60,structural
9786,U+5ACE,嫎,58,,60,structural
9787,U+5ACF,嫏,31,,60,structural
9788,U+5AD0,嫐,31,,60,structural
9789,U+5AD1,嫑,59,,60,structural
9790,U+5AD2,嫒,31,,60,structural
9791,U+5AD3,嫓,31,,60,structural
9792,U+5AD4,嫔,25,,60,structural
9793,U+5AD5,嫕,31,,60,structural
9794,U+5AD6,嫖,59,,60,structural
9795,U+5AD7,嫗,31,,60,structural
9796,U+5AD8,嫘,15,,60,structural
9797,U+5AD9,嫙,31,,60,structural
9798,U+5ADA,嫚,31,,60,structural
9799,U+5ADB,嫛,31,,60,structural
9800,U+5ADC,嫜,31,,60,structural
9801,U+5ADD,嫝,38,,60,structural
9802,U+5ADE,嫞,31,,60,structural
9803,U+5ADF,嫟,31,,60,structural
9804,U+5AE0,嫠,31,,60,structural
9805,U+5AE1,嫡,47,,60,structural
9806,U+5AE2,嫢,49,,60,structural
9807,U+5AE3,嫣,42,,60,structural
9808,U+5AE4,嫤,31,,60,structural
9809,U+5AE5,嫥,31,,60,structural
9810,U+5AE6,嫦,31,,60,structural
9811,U+5AE7,嫧,32,,60,structural
9812,U+5AE8,嫨,49,,60,structural
9813,U+5AE9,嫩,34,,60,structural
9814,U+5AEA,嫪,46,,60,structural
9815,U+5AEB,嫫,24,,60,structural
9816,U+5AEC,嫬,38,,60,structural
9817,U+5AED,嫭,31,,60,structural
9818,U+5AEE,嫮,31,,60,structural
9819,U+5AEF,嫯,31,,60,structural
9820,U+5AF0,嫰,34,,60,structural
9821,U+5AF1,嫱,47,,60,structural
9822,U+5AF2,嫲,31,,60,structural
9823,U+5AF3,嫳,53,,60,structural
9824,U+5AF4,嫴,31,,60,structural
9825,U+5AF5,嫵,42,,60,structural
9826,U+5AF6,嫶,42,,60,structural
9827,U+5AF7,嫷,31,,60,structural
9828,U+5AF8,嫸,25,,60,structural
9829,U+5AF9,嫹,31,,60,structural
9830,U+5AFA,嫺,31,,60,structural
9831,U+5AFB,嫻,34,,60,structural
9832,U+5AFC,嫼,31,,60,structural
9833,U+5AFD,嫽,31,,60,structural
9834,U+5AFE,嫾,31,,60,structural
9835,U+5AFF,嫿,31,,60,structural
9836,U+5B00,嬀,31,,60,structural
9837,U+5B01,嬁,31,,60,structural
9838,U+5B02,嬂,58,,60,structural
9839,U+5B03,嬃,19,,60,structural
9840,U+5B04,嬄,31,,60,structural
9841,U+5B05,嬅,31,,60,structural
9842,U+5B06,嬆,26,,60,structural
9843,U+5B07,嬇,31,,60,structural
9844,U+5B08,嬈,56,,60,structural
9845,U+5B09,嬉,31,,60,structural
9846,U+5B0A,嬊,31,,60,structural
9847,U+5B0B,嬋,21,,60,structural
9848,U+5B0C,嬌,18,,60,structural
9849,U+5B0D,嬍,31,,60,structural
9850,U+5B0E,嬎,31,,60,structural
9851,U+5B0F,嬏,31,,60,structural
9852,U+5B10,嬐,26,,60,structural
9853,U+5B11,嬑,14,,60,structural
9854,U+5B12,嬒,26,,60,structural
9855,U+5B13,嬓,31,,60,structural
9856,U+5B14,嬔,31,,60,structural
9857,U+5B15,嬕,9,,60,structural
9858,U+5B16,嬖,31,,60,structural
9859,U+5B17,嬗,21,,60,structural
9860,U+5B18,嬘,31,,60,structural
9861,U+5B19,嬙,31,,60,structural
9862,U+5B1A,嬚,25,,60,structural
9863,U+5B1B,嬛,31,,60,structural
9864,U+5B1C,嬜,14,,60,structural
9865,U+5B1D,嬝,35,,60,structural
9866,U+5B1E,嬞,31,,60,structural
9867,U+5B1F,嬟,31,,60,structural
9868,U+5B20,嬠,34,,60,structural
9869,U+5B21,嬡,31,,60,structural
9870,U+5B22,嬢,58,,60,structural
9871,U+5B23,嬣,41,,60,structural
9872,U+5B24,嬤,31,,60,structural
9873,U+5B25,嬥,31,,60,structural
9874,U+5B26,嬦,45,,60,structural
9875,U+5B27,嬧,31,,60,structural
9876,U+5B28,嬨,25,,60,structural
9877,U+5B29,嬩,25,,60,structural
9878,U+5B2A,嬪,41,,60,structural
9879,U+5B2B,嬫,34,,60,structural
9880,U+5B2C,嬬,31,,60,structural
9881,U+5B2D,嬭,53,,60,structural
9882,U+5B2E,嬮,31,,60,structural
9883,U+5B2F,嬯,31,,60,structural
9884,U+5B30,嬰,31,,60,structural
9885,U+5B31,嬱,12,,60,structural
9886,U+5B32,嬲,31,,60,structural
9887,U+5B33,嬳,51,,60,structural
9888,U+5B34,嬴,57,,60,structural
9889,U+5B35,嬵,31,,60,structural
9890,U+5B36,嬶,31,,60,structural
9891,U+5B37,嬷,31,,60,structural
9892,U+5B38,嬸,31,,60,structural
9893,U+5B39,嬹,25,,60,structural
9894,U+5B3A,嬺,31,,60,structural
9895,U+5B3B,嬻,32,,60,structural
9896,U+5B3C,嬼,29,,60,structural
9897,U+5B3D,嬽,31,,60,structural
9898,U+5B3E,嬾,19,,60,structural
9899,U+5B3F,嬿,42,,60,structural
9900,U+5B40,孀,34,,60,structural
9901,U+5B41,孁,31,,60,structural
9902,U+5B42,孂,23,,60,structural
9903,U+5B43,孃,1,,60,structural
9904,U+5B44,孄,34,,60,structural
9905,U+5B45,孅,46,,60,structural
9906,U+5B46,孆,31,,60,structural
9907,U+5B47,孇,51,,60,structural
9908,U+5B48,孈,47,,60,structural
9909,U+5B49,孉,31,,60,structural
9910,U+5B4A,孊,31,,60,structural
9911,U+5B4B,孋,31,,60,structural
9912,U+5B4C,孌,5,,60,structural
9913,U+5B4D,孍,31,,60,structural
9914,U+5B4E,孎,58,,60,structural
9915,U+5B4F,孏,34,,60,structural
9916,U+5B50,子,27,,60,structural
9917,U+5B54,孔,27,,60,structural
9918,U+5B55,孕,10,,60,structural
9919,U+5B56,孖,27,,60,structural
9920,U+5B57,字,27,,60,structural
9921,U+5B58,存,27,,60,structural
9922,U+5B59,孙,27,,60,structural
9923,U+5B5A,孚,27,,60,structural
9924,U+5B5B,孛,27,,60,structural
9925,U+5B5C,孜,27,,60,structural
9926,U+5B5D,孝,27,,60,structural
9927,U+5B5E,孞,27,,60,structural
9928,U+5B5F,孟,27,,60,structural
9929,U+5B60,孠,27,,60,structural
9930,U+5B61,孡,1,,60,structural
9931,U+5B62,孢,27,,60,structural
9932,U+5B63,季,20,,60,structural
9933,U+5B64,孤,27,,60,structural
9934,U+5B65,孥,31,,60,structural
9935,U+5B66,学,27,,60,structural
9936,U+5B67,孧,27,,60,structural
9937,U+5B68,孨,27,,60,structural
9938,U+5B69,孩,46,,60,structural
9939,U+5B6A,孪,27,,60,structural
9940,U+5B6B,孫,15,,60,structural
9941,U+5B6C,孬,31,,60,structural
9942,U+5B6D,孭,32,,60,structural
9943,U+5B6E,孮,27,,60,structural
9944,U+5B6F,孯,51,,60,structural
9945,U+5B70,孰,1,,60,structural
9946,U+5B71,孱,27,,60,structural
9947,U+5B72,孲,56,,60,structural
9948,U+5B73,孳,25,,60,structural
9949,U+5B74,孴,24,,60,structural
9950,U+5B75,孵,13,,60,structural
9951,U+5B76,孶,36,,60,structural
9952,U+5B77,孷,27,,60,structural
9953,U+5B78,學,27,,60,structural
9954,U+5B79,孹,27,,60,structural
9955,U+5B7A,孺,27,,60,structural
9956,U+5B7B,孻,27,,60,structural
9957,U+5B7C,孼,27,,60,structural
9958,U+5B7D,孽,36,,60,structural
9959,U+5B7E,孾,31,,60,structural
9960,U+5B7F,孿,5,,60,structural
9961,U+5B80,宀,27,,60,structural
9962,U+5B81,宁,41,,60,structural
9963,U+5B82,宂,27,,60,structural
9964,U+5B83,它,27,,60,structural
9965,U+5B84,宄,27,,60,structural
9966,U+5B85,宅,10,,60,structural
9967,U+5B86,宆,27,,60,structural
9968,U+5B87,宇,17,,60,structural
9969,U+5B88,守,27,,60,structural
9970,U+5B89,安,31,,60,structural
9971,U+5B8A,宊,27,,60,structural
9972,U+5B8B,宋,34,,60,structural
9973,U+5B8C,完,41,,60,structural
9974,U+5B8D,宍,58,,60,structural
9975,U+5B8E,宎,18,,60,structural
9976,U+5B8F,宏,27,,60,structural
9977,U+5B90,宐,27,,60,structural
9978,U+5B91,宑,17,,60,structural
9979,U+5B92,宒,27,,60,structural
9980,U+5B93,宓,10,,60,structural
9981,U+5B94,宔,9,,60,structural
9982,U+5B95,宕,27,,60,structural
9983,U+5B96,宖,27,,60,structural
9984,U+5B97,宗,27,,60,structural
9985,U+5B98,官,27,,60,structural
9986,U+5B99,宙,11,,60,structural
9987,U+5B9A,定,27,,60,structural
9988,U+5B9B,宛,44,,60,structural
9989,U+5B9C,宜,41,,60,structural
9990,U+5B9D,宝,33,,60,structural
9991,U+5B9E,实,20,,60,structural
9992,U+5B9F,実,27,,60,structural
9993,U+5BA0,宠,27,,60,structural
9994,U+5BA1,审,11,,60,structural
9995,U+5BA2,客,1,,60,structural
9996,U+5BA3,宣,41,,60,structural
9997,U+5BA4,室,27,,60,structural
9998,U+5BA5,宥,27,,60,structural
9999,U+5BA6,宦,27,,60,structural
10000,U+5BA7,宧,27,,60,structural
10001,U+5BA8,宨,41,,60,structural
10002,U+5BA9,宩,27,,60,structural
10003,U+5BAA,宪,41,,60,structural
10004,U+5BAB,宫,1,,60,structural
10005,U+5BAC,宬,27,,60,structural
10006,U+5BAD,宭,21,,60,structural
10007,U+5BAE,宮,1,,60,structural
10008,U+5BAF,宯,27,,60,structural
10009,U+5BB0,宰,27,,60,structural
10010,U+5BB1,宱,46,,60,structural
10011,U+5BB2,宲,34,,60,structural
10012,U+5BB3,害,1,,60,structural
10013,U+5BB4,宴,31,,60,structural
10014,U+5BB5,宵,27,,60,structural
10015,U+5BB6,家,27,,60,structural
10016,U+5BB7,宷,27,,60,structural
10017,U+5BB8,宸,27,,60,structural
10018,U+5BB9,容,27,,60,structural
10019,U+5BBA,宺,27,,60,structural
10020,U+5BBB,宻,58,,60,structural
10021,U+5BBC,宼,41,,60,structural
10022,U+5BBD,宽,36,,60,structural
10023,U+5BBE,宾,25,,60,structural
10024,U+5BBF,宿,41,,60,structural
10025,U+5BC0,寀,34,,60,structural
10026,U+5BC1,寁,27,,60,structural
10027,U+5BC2,寂,41,,60,structural
10028,U+5BC3,寃,13,,60,structural
10029,U+5BC4,寄,52,,60,structural
10030,U+5BC5,寅,25,,60,structural
10031,U+5BC6,密,10,,60,structural
10032,U+5BC7,寇,41,,60,structural
10033,U+5BC8,寈,9,,60,structural
10034,U+5BC9,寉,51,,60,structural
10035,U+5BCA,寊,32,,60,structural
10036,U+5BCB,寋,27,,60,structural
10037,U+5BCC,富,11,,60,structural
10038,U+5BCD,寍,27,,60,structural
10039,U+5BCE,寎,41,,60,structural
10040,U+5BCF,寏,58,,60,structural
10041,U+5BD0,寐,34,,60,structural
10042,U+5BD1,寑,46,,60,structural
10043,U+5BD3,寓,27,,60,structural
10044,U+5BD4,寔,24,,60,structural
10045,U+5BD5,寕,41,,60,structural
10046,U+5BD6,寖,12,,60,structural
10047,U+5BD7,寗,10,,60,structural
10048,U+5BD8,寘,25,,60,structural
10049,U+5BD9,寙,27,,60,structural
10050,U+5BDA,寚,33,,60,structural
10051,U+5BDB,寛,36,,60,structural
10052,U+5BDC,寜,41,,60,structural
10053,U+5BDD,寝,27,,60,structural
10054,U+5BDE,寞,24,,60,structural
10055,U+5BDF,察,6,,60,structural
10056,U+5BE0,寠,31,,60,structural
10057,U+5BE1,寡,25,,60,structural
10058,U+5BE2,寢,27,,60,structural
10059,U+5BE3,寣,27,,60,structural
10060,U+5BE4,寤,27,,60,structural
10061,U+5BE5,寥,46,,60,structural
10062,U+5BE6,實,32,,60,structural
10063,U+5BE7,寧,41,,60,structural
10064,U+5BE8,寨,34,,60,structural
10065,U+5BE9,審,11,,60,structural
10066,U+5BEA,寪,27,,60,structural
10067,U+5BEB,寫,42,,60,structural
10068,U+5BEC,寬,36,,60,structural
10069,U+5BED,寭,27,,60,structural
10070,U+5BEE,寮,24,,60,structural
10071,U+5BEF,寯,51,,60,structural
10072,U+5BF0,寰,27,,60,structural
10073,U+5BF1,寱,34,,60,structural
10074,U+5BF2,寲,27,,60,structural
10075,U+5BF3,寳,33,,60,structural
10076,U+5BF4,寴,34,,60,structural
10077,U+5BF5,寵,27,,60,structural
10078,U+5BF6,寶,32,,60,structural
10079,U+5BF7,寷,27,,60,structural
10080,U+5BF8,寸,27,,60,structural
10081,U+5BF9,对,51,,60,structural
10082,U+5BFA,寺,9,,60,structural
10083,U+5BFB,寻,27,,60,structural
10084,U+5BFC,导,27,,60,structural
10085,U+5BFD,寽,27,,60,structural
10086,U+5BFE,対,27,,60,structural
10087,U+5BFF,寿,43,,60,structural
10088,U+5C00,尀,1,,60,structural
10089,U+5C01,封,9,,60,structural
10090,U+5C02,専,27,,60,structural
10091,U+5C03,尃,57,,60,structural
10092,U+5C04,射,27,,60,structural
10093,U+5C05,尅,1,,60,structural
10094,U+5C06,将,27,,60,structural
10095,U+5C07,將,6,,60,structural
10096,U+5C08,專,27,,60,structural
10097,U+5C09,尉,27,,60,structural
10098,U+5C0A,尊,58,,60,structural
10099,U+5C0B,尋,1,,60,structural
10100,U+5C0C,尌,27,,60,structural
10101,U+5C0D,對,56,,60,structural
10102,U+5C0E,導,27,,60,structural
10103,U+5C0F,小,27,,60,structural
10104,U+5C10,尐,10,,60,structural
10105,U+5C11,少,10,,60,structural
10106,U+5C12,尒,46,,60,structural
10107,U+5C13,尓,27,,60,structural
10108,U+5C14,尔,27,,60,structural
10109,U+5C15,尕,10,,60,structural
10110,U+5C16,尖,20,,60,structural
10111,U+5C17,尗,56,,60,structural
10112,U+5C18,尘,9,,60,structural
10113,U+5C19,尙,1,,60,structural
10114,U+5C1A,尚,1,,60,structural
10115,U+5C1B,尛,27,,60,structural
10116,U+5C1C,尜,20,,60,structural
10117,U+5C1D,尝,17,,60,structural
10118,U+5C1E,尞,24,,60,structural
10119,U+5C1F,尟,10,,60,structural
10120,U+5C20,尠,10,,60,structural
10121,U+5C21,尡,56,,60,structural
10122,U+5C22,尢,27,,60,structural
10123,U+5C23,尣,58,,60,structural
10124,U+5C24,尤,13,,60,structural
10125,U+5C25,尥,13,,60,structural
10126,U+5C26,尦,13,,60,structural
10127,U+5C27,尧,56,,60,structural
10128,U+5C28,尨,13,,60,structural
10129,U+5C29,尩,33,,60,structural
10130,U+5C2A,尪,33,,60,structural
10131,U+5C2B,尫,56,,60,structural
10132,U+5C2C,尬,46,,60,structural
10133,U+5C2D,尭,56,,60,structural
10134,U+5C2E,尮,34,,60,structural
10135,U+5C2F,尯,27,,60,structural
10136,U+5C30,尰,27,,60,structural
10137,U+5C31,就,1,,60,structural
10138,U+5C32,尲,25,,60,structural
10139,U+5C33,尳,27,,60,structural
10140,U+5C34,尴,13,,60,structural
10141,U+5C35,尵,32,,60,structural
10142,U+5C36,尶,56,,60,structural
10143,U+5C37,尷,13,,60,structural
10144,U+5C38,尸,27,,60,structural
10145,U+5C39,尹,56,,60,structural
10146,U+5C3B,尻,27,,60,structural
10147,U+5C3C,尼,27,,60,structural
10148,U+5C3D,尽,27,,60,structural
10149,U+5C3E,尾,27,,60,structural
10150,U+5C3F,尿,12,,60,structural
10151,U+5C40,局,1,,60,structural
10152,U+5C41,屁,27,,60,structural
10153,U+5C42,层,17,,60,structural
10154,U+5C43,屃,32,,60,structural
10155,U+5C44,屄,27,,60,structural
10156,U+5C45,居,1,,60,structural
10157,U+5C46,屆,9,,60,structural
10158,U+5C47,屇,11,,60,structural
10159,U+5C48,屈,27,,60,structural
10160,U+5C49,屉,56,,60,structural
10161,U+5C4A,届,11,,60,structural
10162,U+5C4B,屋,27,,60,structural
10163,U+5C4C,屌,1,,60,structural
10164,U+5C4D,屍,27,,60,structural
10165,U+5C4E,屎,27,,60,structural
10166,U+5C4F,屏,25,,60,structural
10167,U+5C50,屐,27,,60,structural
10168,U+5C51,屑,27,,60,structural
10169,U+5C52,屒,27,,60,structural
10170,U+5C53,屓,32,,60,structural
10171,U+5C54,屔,56,,60,structural
10172,U+5C55,展,28,,60,structural
10173,U+5C56,屖,27,,60,structural
10174,U+5C57,屗,27,,60,structural
10175,U+5C58,屘,27,,60,structural
10176,U+5C59,屙,52,,60,structural
10177,U+5C5A,屚,27,,60,structural
10178,U+5C5B,屛,10,,60,structural
10179,U+5C5C,屜,56,,60,structural
10180,U+5C5D,屝,27,,60,structural
10181,U+5C5E,属,27,,60,structural
10182,U+5C5F,屟,2,,60,structural
10183,U+5C60,屠,24,,60,structural
10184,U+5C61,屡,31,,60,structural
10185,U+5C62,屢,31,,60,structural
10186,U+5C63,屣,27,,60,structural
10187,U+5C64,層,58,,60,structural
10188,U+5C65,履,24,,60,structural
10189,U+5C66,屦,31,,60,structural
10190,U+5C67,屧,2,,60,structural
10191,U+5C68,屨,31,,60,structural
10192,U+5C69,屩,27,,60,structural
10193,U+5C6A,屪,24,,60,structural
10194,U+5C6B,屫,18,,60,structural
10195,U+5C6C,屬,58,,60,structural
10196,U+5C6D,屭,32,,60,structural
10197,U+5C6E,屮,27,,60,structural
10198,U+5C6F,屯,10,,60,structural
10199,U+5C70,屰,25,,60,structural
10200,U+5C71,山,11,,60,structural
10201,U+5C72,屲,10,,60,structural
10202,U+5C73,屳,11,,60,structural
10203,U+5C74,屴,11,,60,structural
10204,U+5C75,屵,11,,60,structural
10205,U+5C76,屶,11,,60,structural
10206,U+5C77,屷,10,,60,structural
10207,U+5C78,屸,11,,60,structural
10208,U+5C79,屹,11,,60,structural
10209,U+5C7A,屺,11,,60,structural
10210,U+5C7B,屻,10,,60,structural
10211,U+5C7C,屼,56,,60,structural
10212,U+5C7D,屽,11,,60,structural
10213,U+5C7E,屾,11,,60,structural
10214,U+5C7F,屿,56,,60,structural
10215,U+5C80,岀,11,,60,structural
10216,U+5C81,岁,4,,60,structural
10217,U+5C82,岂,11,,60,structural
10218,U+5C83,岃,10,,60,structural
10219,U+5C84,岄,11,,60,structural
10220,U+5C85,岅,51,,60,structural
10221,U+5C86,岆,18,,60,structural
10222,U+5C87,岇,11,,60,structural
10223,U+5C88,岈,11,,60,structural
10224,U+5C89,岉,10,,60,structural
10225,U+5C8A,岊,11,,60,structural
10226,U+5C8B,岋,51,,60,structural
10227,U+5C8C,岌,51,,60,structural
10228,U+5C8D,岍,56,,60,structural
10229,U+5C8E,岎,58,,60,structural
10230,U+5C8F,岏,56,,60,structural
10231,U+5C90,岐,11,,60,structural
10232,U+5C91,岑,13,,60,structural
10233,U+5C92,岒,13,,60,structural
10234,U+5C93,岓,11,,60,structural
10235,U+5C94,岔,58,,60,structural
10236,U+5C95,岕,46,,60,structural
10237,U+5C96,岖,10,,60,structural
10238,U+5C97,岗,10,,60,structural
10239,U+5C98,岘,11,,60,structural
10240,U+5C99,岙,18,,60,structural
10241,U+5C9A,岚,11,,60,structural
10242,U+5C9B,岛,11,,60,structural
10243,U+5C9C,岜,11,,60,structural
10244,U+5C9D,岝,10,,60,structural
10245,U+5C9E,岞,10,,60,structural
10246,U+5C9F,岟,11,,60,structural
10247,U+5CA0,岠,11,,60,structural
10248,U+5CA1,岡,25,,60,structural
10249,U+5CA2,岢,52,,60,structural
10250,U+5CA3,岣,1,,60,structural
10251,U+5CA4,岤,11,,60,structural
10252,U+5CA5,岥,11,,60,structural
10253,U+5CA6,岦,11,,60,structural
10254,U+5CA7,岧,1,,60,structural
10255,U+5CA8,岨,56,,60,structural
10256,U+5CA9,岩,11,,60,structural
10257,U+5CAA,岪,10,,60,structural
10258,U+5CAB,岫,11,,60,structural
10259,U+5CAC,岬,11,,60,structural
10260,U+5CAD,岭,13,,60,structural
10261,U+5CAE,岮,11,,60,structural
10262,U+5CAF,岯,56,,60,structural
10263,U+5CB0,岰,11,,60,structural
10264,U+5CB1,岱,46,,60,structural
10265,U+5CB2,岲,1,,60,structural
10266,U+5CB3,岳,56,,60,structural
10267,U+5CB4,岴,56,,60,structural
10268,U+5CB5,岵,1,,60,structural
10269,U+5CB6,岶,11,,60,structural
10270,U+5CB7,岷,11,,60,structural
10271,U+5CB8,岸,11,,60,structural
10272,U+5CB9,岹,1,,60,structural
10273,U+5CBA,岺,13,,60,structural
10274,U+5CBB,岻,13,,60,structural
10275,U+5CBC,岼,58,,60,structural
10276,U+5CBD,岽,56,,60,structural
10277,U+5CBE,岾,1,,60,structural
10278,U+5CBF,岿,10,,60,structural
10279,U+5CC0,峀,11,,60,structural
10280,U+5CC1,峁,11,,60,structural
10281,U+5CC2,峂,11,,60,structural
10282,U+5CC3,峃,11,,60,structural
10283,U+5CC4,峄,11,,60,structural
10284,U+5CC5,峅,11,,60,structural
10285,U+5CC6,峆,26,,60,structural
10286,U+5CC7,峇,26,,60,structural
10287,U+5CC8,峈,1,,60,structural
10288,U+5CC9,峉,1,,60,structural
10289,U+5CCA,峊,11,,60,structural
10290,U+5CCB,峋,24,,60,structural
10291,U+5CCC,峌,11,,60,structural
10292,U+5CCD,峍,11,,60,structural
10293,U+5CCE,峎,11,,60,structural
10294,U+5CCF,峏,11,,60,structural
10295,U+5CD0,峐,46,,60,structural
10296,U+5CD1,峑,33,,60,structural
10297,U+5CD2,峒,1,,60,structural
10298,U+5CD3,峓,20,,60,structural
10299,U+5CD4,峔,11,,60,structural
10300,U+5CD5,峕,11,,60,structural
10301,U+5CD6,峖,31,,60,structural
10302,U+5CD7,峗,11,,60,structural
10303,U+5CD8,峘,56,,60,structural
10304,U+5CD9,峙,9,,60,structural
10305,U+5CDA,峚,9,,60,structural
10306,U+5CDB,峛,11,,60,structural
10307,U+5CDC,峜,46,,60,structural
10308,U+5CDD,峝,1,,60,structural
10309,U+5CDE,峞,11,,60,structural
10310,U+5CDF,峟,11,,60,structural
10311,U+5CE0,峠,11,,60,structural
10312,U+5CE1,峡,49,,60,structural
10313,U+5CE2,峢,11,,60,structural
10314,U+5CE3,峣,56,,60,structural
10315,U+5CE4,峤,18,,60,structural
10316,U+5CE5,峥,52,,60,structural
10317,U+5CE6,峦,11,,60,structural
10318,U+5CE7,峧,11,,60,structural
10319,U+5CE8,峨,11,,60,structural
10320,U+5CE9,峩,11,,60,structural
10321,U+5CEA,峪,11,,60,structural
10322,U+5CEB,峫,11,,60,structural
10323,U+5CEC,峬,57,,60,structural
10324,U+5CED,峭,11,,60,structural
10325,U+5CEE,峮,21,,60,structural
10326,U+5CEF,峯,43,,60,structural
10327,U+5CF0,峰,43,,60,structural
10328,U+5CF1,峱,56,,60,structural
10329,U+5CF2,峲,11,,60,structural
10330,U+5CF3,峳,46,,60,structural
10331,U+5CF4,峴,11,,60,structural
10332,U+5CF5,峵,11,,60,structural
10333,U+5CF6,島,11,,60,structural
10334,U+5CF7,峷,11,,60,structural
10335,U+5CF8,峸,11,,60,structural
10336,U+5CF9,峹,26,,60,structural
10337,U+5CFA,峺,56,,60,structural
10338,U+5CFB,峻,16,,60,structural
10339,U+5CFC,峼,1,,60,structural
10340,U+5CFD,峽,46,,60,structural
10341,U+5CFE,峾,12,,60,structural
10342,U+5CFF,峿,21,,60,structural
10343,U+5D00,崀,13,,60,structural
10344,U+5D01,崁,9,,60,structural
10345,U+5D02,崂,11,,60,structural
10346,U+5D03,崃,34,,60,structural
10347,U+5D04,崄,26,,60,structural
10348,U+5D05,崅,11,,60,structural
10349,U+5D06,崆,11,,60,structural
10350,U+5D07,崇,11,,60,structural
10351,U+5D08,崈,11,,60,structural
10352,U+5D09,崉,8,,60,structural
10353,U+5D0A,崊,34,,60,structural
10354,U+5D0B,崋,11,,60,structural
10355,U+5D0C,崌,1,,60,structural
10356,U+5D0D,崍,34,,60,structural
10357,U+5D0E,崎,52,,60,structural
10358,U+5D0F,崏,24,,60,structural
10359,U+5D10,崐,24,,60,structural
10360,U+5D11,崑,24,,60,structural
10361,U+5D12,崒,11,,60,structural
10362,U+5D13,崓,1,,60,structural
10363,U+5D14,崔,11,,60,structural
10364,U+5D15,崕,9,,60,structural
10365,U+5D16,崖,9,,60,structural
10366,U+5D17,崗,25,,60,structural
10367,U+5D18,崘,26,,60,structural
10368,U+5D19,崙,26,,60,structural
10369,U+5D1A,崚,16,,60,structural
10370,U+5D1B,崛,11,,60,structural
10371,U+5D1C,崜,56,,60,structural
10372,U+5D1D,崝,9,,60,structural
10373,U+5D1E,崞,1,,60,structural
10374,U+5D1F,崟,29,,60,structural
10375,U+5D20,崠,34,,60,structural
10376,U+5D21,崡,58,,60,structural
10377,U+5D22,崢,52,,60,structural
10378,U+5D23,崣,31,,60,structural
10379,U+5D24,崤,10,,60,structural
10380,U+5D25,崥,37,,60,structural
10381,U+5D26,崦,24,,60,structural
10382,U+5D27,崧,16,,60,structural
10383,U+5D28,崨,11,,60,structural
10384,U+5D29,崩,40,,60,structural
10385,U+5D2A,崪,11,,60,structural
10386,U+5D2B,崫,11,,60,structural
10387,U+5D2C,崬,34,,60,structural
10388,U+5D2D,崭,11,,60,structural
10389,U+5D2E,崮,1,,60,structural
10390,U+5D2F,崯,29,,60,structural
10391,U+5D30,崰,11,,60,structural
10392,U+5D31,崱,32,,60,structural
10393,U+5D32,崲,33,,60,structural
10394,U+5D33,崳,26,,60,structural
10395,U+5D34,崴,31,,60,structural
10396,U+5D35,崵,56,,60,structural
10397,U+5D36,崶,9,,60,structural
10398,U+5D37,崷,58,,60,structural
10399,U+5D38,崸,19,,60,structural
10400,U+5D39,崹,53,,60,structural
10401,U+5D3A,崺,11,,60,structural
10402,U+5D3B,崻,9,,60,structural
10403,U+5D3C,崼,24,,60,structural
10404,U+5D3D,崽,11,,60,structural
10405,U+5D3E,崾,59,,60,structural
10406,U+5D3F,崿,21,,60,structural
10407,U+5D40,嵀,9,,60,structural
10408,U+5D41,嵁,11,,60,structural
10409,U+5D42,嵂,11,,60,structural
10410,U+5D43,嵃,58,,60,structural
10411,U+5D44,嵄,11,,60,structural
10412,U+5D45,嵅,21,,60,structural
10413,U+5D46,嵆,11,,60,structural
10414,U+5D47,嵇,13,,60,structural
10415,U+5D48,嵈,56,,60,structural
10416,U+5D49,嵉,52,,60,structural
10417,U+5D4A,嵊,11,,60,structural
10418,U+5D4B,嵋,11,,60,structural
10419,U+5D4C,嵌,11,,60,structural
10420,U+5D4D,嵍,11,,60,structural
10421,U+5D4E,嵎,11,,60,structural
10422,U+5D4F,嵏,16,,60,structural
10423,U+5D50,嵐,11,,60,structural
10424,U+5D51,嵑,24,,60,structural
10425,U+5D52,嵒,1,,60,structural
10426,U+5D53,嵓,1,,60,structural
10427,U+5D54,嵔,11,,60,structural
10428,U+5D55,嵕,16,,60,structural
10429,U+5D56,嵖,2,,60,structural
10430,U+5D57,嵗,56,,60,structural
10431,U+5D58,嵘,36,,60,structural
10432,U+5D59,嵙,11,,60,structural
10433,U+5D5A,嵚,29,,60,structural
10434,U+5D5B,嵛,26,,60,structural
10435,U+5D5C,嵜,52,,60,structural
10436,U+5D5D,嵝,31,,60,structural
10437,U+5D5E,嵞,26,,60,structural
10438,U+5D5F,嵟,11,,60,structural
10439,U+5D60,嵠,11,,60,structural
10440,U+5D61,嵡,16,,60,structural
10441,U+5D62,嵢,26,,60,structural
10442,U+5D63,嵣,59,,60,structural
10443,U+5D64,嵤,11,,60,structural
10444,U+5D65,嵥,34,,60,structural
10445,U+5D66,嵦,11,,60,structural
10446,U+5D67,嵧,11,,60,structural
10447,U+5D68,嵨,42,,60,structural
10448,U+5D69,嵩,11,,60,structural
10449,U+5D6A,嵪,11,,60,structural
10450,U+5D6B,嵫,25,,60,structural
10451,U+5D6C,嵬,11,,60,structural
10452,U+5D6D,嵭,58,,60,structural
10453,U+5D6E,嵮,25,,60,structural
10454,U+5D6F,嵯,11,,60,structural
10455,U+5D70,嵰,25,,60,structural
10456,U+5D71,嵱,11,,60,structural
10457,U+5D72,嵲,34,,60,structural
10458,U+5D73,嵳,11,,60,structural
10459,U+5D74,嵴,46,,60,structural
10460,U+5D75,嵵,9,,60,structural
10461,U+5D76,嵶,11,,60,structural
10462,U+5D77,嵷,46,,60,structural
10463,U+5D78,嵸,46,,60,structural
10464,U+5D79,嵹,30,,60,structural
10465,U+5D7A,嵺,46,,60,structural
10466,U+5D7B,嵻,38,,60,structural
10467,U+5D7C,嵼,58,,60,structural
10468,U+5D7D,嵽,53,,60,structural
10469,U+5D7E,嵾,11,,60,structural
10470,U+5D7F,嵿,52,,60,structural
10471,U+5D80,嶀,56,,60,structural
10472,U+5D81,嶁,31,,60,structural
10473,U+5D82,嶂,24,,60,structural
10474,U+5D83,嶃,11,,60,structural
10475,U+5D84,嶄,11,,60,structural
10476,U+5D85,嶅,11,,60,structural
10477,U+5D86,嶆,56,,60,structural
10478,U+5D87,嶇,1,,60,structural
10479,U+5D88,嶈,6,,60,structural
10480,U+5D89,嶉,1,,60,structural
10481,U+5D8A,嶊,3,,60,structural
10482,U+5D8B,嶋,22,,60,structural
10483,U+5D8C,嶌,22,,60,structural
10484,U+5D8D,嶍,11,,60,structural
10485,U+5D8E,嶎,11,,60,structural
10486,U+5D8F,嶏,11,,60,structural
10487,U+5D90,嶐,11,,60,structural
10488,U+5D91,嶑,11,,60,structural
10489,U+5D92,嶒,58,,60,structural
10490,U+5D93,嶓,11,,60,structural
10491,U+5D94,嶔,29,,60,structural
10492,U+5D95,嶕,42,,60,structural
10493,U+5D96,嶖,26,,60,structural
10494,U+5D97,嶗,11,,60,structural
10495,U+5D98,嶘,34,,60,structural
10496,U+5D99,嶙,11,,60,structural
10497,U+5D9A,嶚,24,,60,structural
10498,U+5D9B,嶛,24,,60,structural
10499,U+5D9C,嶜,24,,60,structural
10500,U+5D9D,嶝,11,,60,structural
10501,U+5D9E,嶞,11,,60,structural
10502,U+5D9F,嶟,58,,60,structural
10503,U+5DA0,嶠,18,,60,structural
10504,U+5DA1,嶡,25,,60,structural
10505,U+5DA2,嶢,56,,60,structural
10506,U+5DA3,嶣,42,,60,structural
10507,U+5DA4,嶤,56,,60,structural
10508,U+5DA5,嶥,25,,60,structural
10509,U+5DA6,嶦,5,,60,structural
10510,U+5DA7,嶧,9,,60,structural
10511,U+5DA8,嶨,11,,60,structural
10512,U+5DA9,嶩,11,,60,structural
10513,U+5DAA,嶪,56,,60,structural
10514,U+5DAB,嶫,56,,60,structural
10515,U+5DAC,嶬,11,,60,structural
10516,U+5DAD,嶭,11,,60,structural
10517,U+5DAE,嶮,26,,60,structural
10518,U+5DAF,嶯,1,,60,structural
10519,U+5DB0,嶰,11,,60,structural
10520,U+5DB1,嶱,24,,60,structural
10521,U+5DB2,嶲,11,,60,structural
10522,U+5DB3,嶳,11,,60,structural
10523,U+5DB4,嶴,18,,60,structural
10524,U+5DB5,嶵,11,,60,structural
10525,U+5DB6,嶶,11,,60,structural
10526,U+5DB7,嶷,11,,60,structural
10527,U+5DB8,嶸,34,,60,structural
10528,U+5DB9,嶹,45,,60,structural
10529,U+5DBA,嶺,13,,60,structural
10530,U+5DBB,嶻,11,,60,structural
10531,U+5DBC,嶼,25,,60,structural
10532,U+5DBD,嶽,5,,60,structural
10533,U+5DBE,嶾,11,,60,structural
10534,U+5DBF,嶿,11,,60,structural
10535,U+5DC0,巀,11,,60,structural
10536,U+5DC1,巁,36,,60,structural
10537,U+5DC2,巂,47,,60,structural
10538,U+5DC3,巃,11,,60,structural
10539,U+5DC4,巄,11,,60,structural
10540,U+5DC5,巅,25,,60,structural
10541,U+5DC6,巆,1,,60,structural
10542,U+5DC7,巇,11,,60,structural
10543,U+5DC8,巈,11,,60,structural
10544,U+5DC9,巉,13,,60,structural
10545,U+5DCA,巊,31,,60,structural
10546,U+5DCB,巋,53,,60,structural
10547,U+5DCC,巌,11,,60,structural
10548,U+5DCD,巍,31,,60,structural
10549,U+5DCE,巎,25,,60,structural
10550,U+5DCF,巏,36,,60,structural
10551,U+5DD0,巐,24,,60,structural
10552,U+5DD1,巑,32,,60,structural
10553,U+5DD2,巒,5,,60,structural
10554,U+5DD3,巓,19,,60,structural
10555,U+5DD4,巔,25,,60,structural
10556,U+5DD5,巕,31,,60,structural
10557,U+5DD6,巖,1,,60,structural
10558,U+5DD7,巗,1,,60,structural
10559,U+5DD8,巘,11,,60,structural
10560,U+5DD9,巙,25,,60,structural
10561,U+5DDA,巚,11,,60,structural
10562,U+5DDF,巟,27,,60,structural
10563,U+5DE0,巠,56,,60,structural
10564,U+5DE1,巡,27,,60,structural
10565,U+5DE2,巢,24,,60,structural
10566,U+5DE3,巣,24,,60,structural
10567,U+5DE4,巤,10,,60,structural
10568,U+5DE5,工,27,,60,structural
10569,U+5DE6,左,27,,60,structural
10570,U+5DE7,巧,56,,60,structural
10571,U+5DE9,巩,13,,60,structural
10572,U+5DEA,巪,27,,60,structural
10573,U+5DEB,巫,46,,60,structural
10574,U+5DEC,巬,49,,60,structural
10575,U+5DED,巭,49,,60,structural
10576,U+5DEE,差,27,,60,structural
10577,U+5DF0,巰,56,,60,structural
10578,U+5DF1,己,27,,60,structural
10579,U+5DF5,巵,27,,60,structural
10580,U+5DF6,巶,1,,60,structural
10581,U+5DF7,巷,28,,60,structural
10582,U+5DF8,巸,27,,60,structural
10583,U+5DF9,巹,12,,60,structural
10584,U+5DFA,巺,25,,60,structural
10585,U+5DFB,巻,49,,60,structural
10586,U+5DFC,巼,1,,60,structural
10587,U+5DFD,巽,28,,60,structural
10588,U+5DFE,巾,53,,60,structural
10589,U+5DFF,巿,53,,60,structural
10590,U+5E00,帀,53,,60,structural
10591,U+5E01,币,10,,60,structural
10592,U+5E02,市,53,,60,structural
10593,U+5E03,布,53,,60,structural
10594,U+5E04,帄,52,,60,structural
10595,U+5E05,帅,10,,60,structural
10596,U+5E06,帆,13,,60,structural
10597,U+5E07,帇,53,,60,structural
10598,U+5E08,师,53,,60,structural
10599,U+5E09,帉,53,,60,structural
10600,U+5E0A,帊,53,,60,structural
10601,U+5E0B,帋,53,,60,structural
10602,U+5E0C,希,10,,60,structural
10603,U+5E0D,帍,13,,60,structural
10604,U+5E0E,帎,53,,60,structural
10605,U+5E0F,帏,53,,60,structural
10606,U+5E10,帐,53,,60,structural
10607,U+5E11,帑,31,,60,structural
10608,U+5E12,帒,46,,60,structural
10609,U+5E13,帓,34,,60,structural
10610,U+5E14,帔,53,,60,structural
10611,U+5E15,帕,53,,60,structural
10612,U+5E16,帖,1,,60,structural
10613,U+5E17,帗,39,,60,structural
10614,U+5E18,帘,53,,60,structural
10615,U+5E19,帙,49,,60,structural
10616,U+5E1A,帚,53,,60,structural
10617,U+5E1B,帛,53,,60,structural
10618,U+5E1C,帜,47,,60,structural
10619,U+5E1D,帝,53,,60,structural
10620,U+5E1E,帞,53,,60,structural
10621,U+5E1F,帟,53,,60,structural
10622,U+5E20,帠,53,,60,structural
10623,U+5E21,帡,53,,60,structural
10624,U+5E22,帢,26,,60,structural
10625,U+5E23,帣,49,,60,structural
10626,U+5E24,帤,31,,60,structural
10627,U+5E25,帥,53,,60,structural
10628,U+5E26,带,53,,60,structural
10629,U+5E27,帧,32,,60,structural
10630,U+5E28,帨,47,,60,structural
10631,U+5E29,帩,53,,60,structural
10632,U+5E2A,帪,53,,60,structural
10633,U+5E2B,師,53,,60,structural
10634,U+5E2C,帬,21,,60,structural
10635,U+5E2D,席,38,,60,structural
10636,U+5E2E,帮,43,,60,structural
10637,U+5E2F,帯,53,,60,structural
10638,U+5E30,帰,53,,60,structural
10639,U+5E31,帱,43,,60,structural
10640,U+5E32,帲,10,,60,structural
10641,U+5E33,帳,53,,60,structural
10642,U+5E34,帴,53,,60,structural
10643,U+5E35,帵,44,,60,structural
10644,U+5E36,帶,53,,60,structural
10645,U+5E37,帷,53,,60,structural
10646,U+5E38,常,53,,60,structural
10647,U+5E39,帹,31,,60,structural
10648,U+5E3A,帺,53,,60,structural
10649,U+5E3B,帻,32,,60,structural
10650,U+5E3C,帼,33,,60,structural
10651,U+5E3D,帽,53,,60,structural
10652,U+5E3E,帾,24,,60,structural
10653,U+5E3F,帿,46,,60,structural
10654,U+5E40,幀,32,,60,structural
10655,U+5E41,幁,19,,60,structural
10656,U+5E42,幂,53,,60,structural
10657,U+5E43,幃,53,,60,structural
10658,U+5E44,幄,53,,60,structural
10659,U+5E45,幅,53,,60,structural
10660,U+5E46,幆,24,,60,structural
10661,U+5E47,幇,9,,60,structural
10662,U+5E48,幈,53,,60,structural
10663,U+5E49,幉,2,,60,structural
10664,U+5E4A,幊,32,,60,structural
10665,U+5E4B,幋,53,,60,structural
10666,U+5E4C,幌,56,,60,structural
10667,U+5E4D,幍,53,,60,structural
10668,U+5E4E,幎,53,,60,structural
10669,U+5E4F,幏,53,,60,structural
10670,U+5E50,幐,49,,60,structural
10671,U+5E51,幑,53,,60,structural
10672,U+5E52,幒,10,,60,structural
10673,U+5E53,幓,53,,60,structural
10674,U+5E54,幔,24,,60,structural
10675,U+5E55,幕,24,,60,structural
10676,U+5E56,幖,59,,60,structural
10677,U+5E57,幗,21,,60,structural
10678,U+5E58,幘,32,,60,structural
10679,U+5E59,幙,24,,60,structural
10680,U+5E5A,幚,43,,60,structural
10681,U+5E5B,幛,24,,60,structural
10682,U+5E5C,幜,1,,60,structural
10683,U+5E5D,幝,21,,60,structural
10684,U+5E5E,幞,49,,60,structural
10685,U+5E5F,幟,53,,60,structural
10686,U+5E60,幠,53,,60,structural
10687,U+5E61,幡,53,,60,structural
10688,U+5E62,幢,53,,60,structural
10689,U+5E63,幣,53,,60,structural
10690,U+5E64,幤,1,,60,structural
10691,U+5E65,幥,3,,60,structural
10692,U+5E66,幦,53,,60,structural
10693,U+5E67,幧,34,,60,structural
10694,U+5E68,幨,5,,60,structural
10695,U+5E69,幩,32,,60,structural
10696,U+5E6A,幪,53,,60,structural
10697,U+5E6B,幫,9,,60,structural
10698,U+5E6C,幬,45,,60,structural
10699,U+5E6D,幭,13,,60,structural
10700,U+5E6E,幮,38,,60,structural
10701,U+5E6F,幯,23,,60,structural
10702,U+5E70,幰,53,,60,structural
10703,U+5E71,幱,34,,60,structural
10704,U+5E72,干,27,,60,structural
10705,U+5E73,平,58,,60,structural
10706,U+5E75,幵,27,,60,structural
10707,U+5E76,并,25,,60,structural
10708,U+5E77,幷,10,,60,structural
10709,U+5E78,幸,9,,60,structural
10710,U+5E7A,幺,13,,60,structural
10711,U+5E7B,幻,27,,60,structural
10712,U+5E7C,幼,27,,60,structural
10713,U+5E7D,幽,11,,60,structural
10714,U+5E7E,幾,46,,60,structural
10715,U+5E7F,广,38,,60,structural
10716,U+5E80,庀,38,,60,structural
10717,U+5E81,庁,52,,60,structural
10718,U+5E82,庂,38,,60,structural
10719,U+5E83,広,38,,60,structural
10720,U+5E84,庄,38,,60,structural
10721,U+5E85,庅,38,,60,structural
10722,U+5E86,庆,38,,60,structural
10723,U+5E87,庇,38,,60,structural
10724,U+5E88,庈,13,,60,structural
10725,U+5E89,庉,38,,60,structural
10726,U+5E8A,床,38,,60,structural
10727,U+5E8B,庋,38,,60,structural
10728,U+5E8C,庌,38,,60,structural
10729,U+5E8D,庍,38,,60,structural
10730,U+5E8E,庎,46,,60,structural
10731,U+5E8F,序,38,,60,structural
10732,U+5E90,庐,38,,60,structural
10733,U+5E91,庑,38,,60,structural
10734,U+5E92,庒,38,,60,structural
10735,U+5E93,库,38,,60,structural
10736,U+5E94,应,38,,60,structural
10737,U+5E95,底,38,,60,structural
10738,U+5E96,庖,38,,60,structural
10739,U+5E97,店,1,,60,structural
10740,U+5E98,庘,38,,60,structural
10741,U+5E99,庙,38,,60,structural
10742,U+5E9A,庚,26,,60,structural
10743,U+5E9B,庛,38,,60,structural
10744,U+5E9C,府,38,,60,structural
10745,U+5E9D,庝,38,,60,structural
10746,U+5E9E,庞,38,,60,structural
10747,U+5E9F,废,38,,60,structural
10748,U+5EA0,庠,38,,60,structural
10749,U+5EA1,庡,35,,60,structural
10750,U+5EA2,庢,38,,60,structural
10751,U+5EA3,庣,38,,60,structural
10752,U+5EA4,庤,38,,60,structural
10753,U+5EA5,庥,38,,60,structural
10754,U+5EA6,度,38,,60,structural
10755,U+5EA7,座,38,,60,structural
10756,U+5EA8,庨,38,,60,structural
10757,U+5EA9,庩,26,,60,structural
10758,U+5EAA,庪,3,,60,structural
10759,U+5EAB,庫,38,,60,structural
10760,U+5EAC,庬,38,,60,structural
10761,U+5EAD,庭,10,,60,structural
10762,U+5EAE,庮,38,,60,structural
10763,U+5EAF,庯,57,,60,structural
10764,U+5EB0,庰,25,,60,structural
10765,U+5EB1,庱,16,,60,structural
10766,U+5EB2,庲,38,,60,structural
10767,U+5EB3,庳,37,,60,structural
10768,U+5EB4,庴,28,,60,structural
10769,U+5EB5,庵,24,,60,structural
10770,U+5EB6,庶,38,,60,structural
10771,U+5EB7,康,38,,60,structural
10772,U+5EB8,庸,38,,60,structural
10773,U+5EB9,庹,38,,60,structural
10774,U+5EBA,庺,16,,60,structural
10775,U+5EBB,庻,38,,60,structural
10776,U+5EBC,庼,19,,60,structural
10777,U+5EBD,庽,38,,60,structural
10778,U+5EBE,庾,38,,60,structural
10779,U+5EBF,庿,38,,60,structural
10780,U+5EC0,廀,38,,60,structural
10781,U+5EC1,廁,32,,60,structural
10782,U+5EC2,廂,38,,60,structural
10783,U+5EC3,廃,38,,60,structural
10784,U+5EC4,廄,38,,60,structural
10785,U+5EC5,廅,9,,60,structural
10786,U+5EC6,廆,38,,60,structural
10787,U+5EC7,廇,38,,60,structural
10788,U+5EC8,廈,38,,60,structural
10789,U+5EC9,廉,25,,60,structural
10790,U+5ECA,廊,38,,60,structural
10791,U+5ECB,廋,38,,60,structural
10792,U+5ECC,廌,38,,60,structural
10793,U+5ECD,廍,1,,60,structural
10794,U+5ECE,廎,19,,60,structural
10795,U+5ECF,廏,38,,60,structural
10796,U+5ED0,廐,38,,60,structural
10797,U+5ED1,廑,38,,60,structural
10798,U+5ED2,廒,38,,60,structural
10799,U+5ED3,廓,1,,60,structural
10800,U+5ED4,廔,31,,60,structural
10801,U+5ED5,廕,49,,60,structural
10802,U+5ED6,廖,46,,60,structural
10803,U+5ED7,廗,53,,60,structural
10804,U+5ED8,廘,38,,60,structural
10805,U+5ED9,廙,28,,60,structural
10806,U+5EDA,廚,38,,60,structural
10807,U+5EDB,廛,38,,60,structural
10808,U+5EDC,廜,24,,60,structural
10809,U+5EDD,廝,25,,60,structural
10810,U+5EDE,廞,29,,60,structural
10811,U+5EDF,廟,38,,60,structural
10812,U+5EE0,廠,1,,60,structural
10813,U+5EE1,廡,42,,60,structural
10814,U+5EE2,廢,38,,60,structural
10815,U+5EE3,廣,38,,60,structural
10816,U+5EE4,廤,38,,60,structural
10817,U+5EE5,廥,26,,60,structural
10818,U+5EE6,廦,38,,60,structural
10819,U+5EE7,廧,38,,60,structural
10820,U+5EE8,廨,38,,60,structural
10821,U+5EE9,廩,1,,60,structural
10822,U+5EEA,廪,1,,60,structural
10823,U+5EEB,廫,46,,60,structural
10824,U+5EEC,廬,38,,60,structural
10825,U+5EED,廭,32,,60,structural
10826,U+5EEE,廮,31,,60,structural
10827,U+5EEF,廯,55,,60,structural
10828,U+5EF0,廰,38,,60,structural
10829,U+5EF1,廱,38,,60,structural
10830,U+5EF2,廲,38,,60,structural
10831,U+5EF3,廳,10,,60,structural
10832,U+5EF4,廴,27,,60,structural
10833,U+5EF5,廵,27,,60,structural
10834,U+5EF6,延,10,,60,structural
10835,U+5EF7,廷,10,,60,structural
10836,U+5EF8,廸,11,,60,structural
10837,U+5EF9,廹,27,,60,structural
10838,U+5EFA,建,27,,60,structural
10839,U+5EFB,廻,1,,60,structural
10840,U+5EFC,廼,56,,60,structural
10841,U+5EFD,廽,27,,60,structural
10842,U+5EFE,廾,56,,60,structural
10843,U+5F00,开,56,,60,structural
10844,U+5F01,弁,27,,60,structural
10845,U+5F02,异,27,,60,structural
10846,U+5F03,弃,27,,60,structural
10847,U+5F04,弄,33,,60,structural
10848,U+5F05,弅,58,,60,structural
10849,U+5F06,弆,9,,60,structural
10850,U+5F07,弇,26,,60,structural
10851,U+5F08,弈,27,,60,structural
10852,U+5F09,弉,27,,60,structural
10853,U+5F0A,弊,53,,60,structural
10854,U+5F0B,弋,13,,60,structural
10855,U+5F0C,弌,56,,60,structural
10856,U+5F0D,弍,17,,60,structural
10857,U+5F0E,弎,56,,60,structural
10858,U+5F0F,式,27,,60,structural
10859,U+5F10,弐,56,,60,structural
10860,U+5F11,弑,34,,60,structural
10861,U+5F12,弒,27,,60,structural
10862,U+5F13,弓,27,,60,structural
10863,U+5F14,弔,27,,60,structural
10864,U+5F15,引,27,,60,structural
10865,U+5F16,弖,56,,60,structural
10866,U+5F17,弗,10,,60,structural
10867,U+5F18,弘,27,,60,structural
10868,U+5F19,弙,17,,60,structural
10869,U+5F1A,弚,58,,60,structural
10870,U+5F1B,弛,27,,60,structural
10871,U+5F1C,弜,27,,60,structural
10872,U+5F1D,弝,27,,60,structural
10873,U+5F1E,弞,6,,60,structural
10874,U+5F1F,弟,58,,60,structural
10875,U+5F20,张,27,,60,structural
10876,U+5F21,弡,27,,60,structural
10877,U+5F22,弢,27,,60,structural
10878,U+5F23,弣,46,,60,structural
10879,U+5F24,弤,13,,60,structural
10880,U+5F25,弥,27,,60,structural
10881,U+5F26,弦,27,,60,structural
10882,U+5F27,弧,27,,60,structural
10883,U+5F28,弨,1,,60,structural
10884,U+5F29,弩,31,,60,structural
10885,U+5F2A,弪,27,,60,structural
10886,U+5F2B,弫,27,,60,structural
10887,U+5F2C,弬,27,,60,structural
10888,U+5F2D,弭,0,,60,structural
10889,U+5F2E,弮,49,,60,structural
10890,U+5F2F,弯,27,,60,structural
10891,U+5F30,弰,27,,60,structural
10892,U+5F31,弱,6,,60,structural
10893,U+5F32,弲,1,,60,structural
10894,U+5F33,弳,56,,60,structural
10895,U+5F34,弴,1,,60,structural
10896,U+5F35,張,27,,60,structural
10897,U+5F36,弶,1,,60,structural
10898,U+5F37,強,27,,60,structural
10899,U+5F38,弸,40,,60,structural
10900,U+5F39,弹,25,,60,structural
10901,U+5F3A,强,30,,60,structural
10902,U+5F3B,弻,56,,60,structural
10903,U+5F3C,弼,56,,60,structural
10904,U+5F3D,弽,2,,60,structural
10905,U+5F3E,弾,56,,60,structural
10906,U+5F3F,弿,27,,60,structural
10907,U+5F40,彀,56,,60,structural
10908,U+5F41,彁,52,,60,structural
10909,U+5F42,彂,56,,60,structural
10910,U+5F43,彃,56,,60,structural
10911,U+5F44,彄,1,,60,structural
10912,U+5F45,彅,25,,60,structural
10913,U+5F46,彆,53,,60,structural
10914,U+5F47,彇,27,,60,structural
10915,U+5F48,彈,21,,60,structural
10916,U+5F49,彉,27,,60,structural
10917,U+5F4A,彊,56,,60,structural
10918,U+5F4B,彋,27,,60,structural
10919,U+5F4C,彌,53,,60,structural
10920,U+5F4D,彍,38,,60,structural
10921,U+5F4E,彎,5,,60,structural
10922,U+5F4F,彏,51,,60,structural
10923,U+5F50,彐,27,,60,structural
10924,U+5F52,归,10,,60,structural
10925,U+5F53,当,27,,60,structural
10926,U+5F54,彔,58,,60,structural
10927,U+5F55,录,58,,60,structural
10928,U+5F56,彖,27,,60,structural
10929,U+5F57,彗,43,,60,structural
10930,U+5F58,彘,27,,60,structural
10931,U+5F59,彙,24,,60,structural
10932,U+5F5A,彚,24,,60,structural
10933,U+5F5B,彛,27,,60,structural
10934,U+5F5C,彜,27,,60,structural
10935,U+5F5D,彝,15,,60,structural
10936,U+5F5E,彞,15,,60,structural
10937,U+5F5F,彟,51,,60,structural
10938,U+5F60,彠,51,,60,structural
10939,U+5F61,彡,27,,60,structural
10940,U+5F62,形,56,,60,structural
10941,U+5F63,彣,27,,60,structural
10942,U+5F64,彤,13,,60,structural
10943,U+5F65,彥,27,,60,structural
10944,U+5F66,彦,58,,60,structural
10945,U+5F67,彧,21,,60,structural
10946,U+5F68,彨,56,,60,structural
10947,U+5F69,彩,34,,60,structural
10948,U+5F6A,彪,27,,60,structural
10949,U+5F6B,彫,27,,60,structural
10950,U+5F6C,彬,34,,60,structural
10951,U+5F6D,彭,27,,60,structural
10952,U+5F6E,彮,27,,60,structural
10953,U+5F6F,彯,59,,60,structural
10954,U+5F70,彰,24,,60,structural
10955,U+5F71,影,1,,60,structural
10956,U+5F72,彲,27,,60,structural
10957,U+5F73,彳,27,,60,structural
10958,U+5F74,彴,13,,60,structural
10959,U+5F75,彵,27,,60,structural
10960,U+5F76,彶,51,,60,structural
10961,U+5F77,彷,27,,60,structural
10962,U+5F78,彸,16,,60,structural
10963,U+5F79,役,27,,60,structural
10964,U+5F7A,彺,33,,60,structural
10965,U+5F7B,彻,27,,60,structural
10966,U+5F7C,彼,27,,60,structural
10967,U+5F7D,彽,13,,60,structural
10968,U+5F7E,彾,13,,60,structural
10969,U+5F7F,彿,10,,60,structural
10970,U+5F80,往,9,,60,structural
10971,U+5F81,征,56,,60,structural
10972,U+5F82,徂,56,,60,structural
10973,U+5F83,徃,27,,60,structural
10974,U+5F84,径,27,,60,structural
10975,U+5F85,待,9,,60,structural
10976,U+5F86,徆,56,,60,structural
10977,U+5F87,徇,24,,60,structural
10978,U+5F88,很,27,,60,structural
10979,U+5F89,徉,27,,60,structural
10980,U+5F8A,徊,1,,60,structural
10981,U+5F8B,律,27,,60,structural
10982,U+5F8C,後,27,,60,structural
10983,U+5F8D,徍,9,,60,structural
10984,U+5F8E,徎,33,,60,structural
10985,U+5F8F,徏,27,,60,structural
10986,U+5F90,徐,26,,60,structural
10987,U+5F91,徑,56,,60,structural
10988,U+5F92,徒,27,,60,structural
10989,U+5F93,従,58,,60,structural
10990,U+5F94,徔,36,,60,structural
10991,U+5F95,徕,34,,60,structural
10992,U+5F96,徖,27,,60,structural
10993,U+5F97,得,56,,60,structural
10994,U+5F98,徘,27,,60,structural
10995,U+5F99,徙,27,,60,structural
10996,U+5F9A,徚,34,,60,structural
10997,U+5F9B,徛,52,,60,structural
10998,U+5F9C,徜,1,,60,structural
10999,U+5F9D,徝,56,,60,structural
11000,U+5F9E,從,46,,60,structural
11001,U+5F9F,徟,27,,60,structural
11002,U+5FA0,徠,34,,60,structural
11003,U+5FA1,御,27,,60,structural
11004,U+5FA2,徢,27,,60,structural
11005,U+5FA3,徣,28,,60,structural
11006,U+5FA4,徤,27,,60,structural
11007,U+5FA5,徥,24,,60,structural
11008,U+5FA6,徦,51,,60,structural
11009,U+5FA7,徧,13,,60,structural
11010,U+5FA8,徨,33,,60,structural
11011,U+5FA9,復,24,,60,structural
11012,U+5FAA,循,27,,60,structural
11013,U+5FAB,徫,27,,60,structural
11014,U+5FAC,徬,58,,60,structural
11015,U+5FAD,徭,27,,60,structural
11016,U+5FAE,微,27,,60,structural
11017,U+5FAF,徯,27,,60,structural
11018,U+5FB0,徰,56,,60,structural
11019,U+5FB1,徱,59,,60,structural
11020,U+5FB2,徲,58,,60,structural
11021,U+5FB3,徳,27,,60,structural
11022,U+5FB4,徴,33,,60,structural
11023,U+5FB5,徵,27,,60,structural
11024,U+5FB6,徶,53,,60,structural
11025,U+5FB7,德,27,,60,structural
11026,U+5FB8,徸,27,,60,structural
11027,U+5FB9,徹,27,,60,structural
11028,U+5FBA,徺,56,,60,structural
11029,U+5FBB,徻,26,,60,structural
11030,U+5FBC,徼,27,,60,structural
11031,U+5FBD,徽,27,,60,structural
11032,U+5FBE,徾,5,,60,structural
11033,U+5FBF,徿,27,,60,structural
11034,U+5FC0,忀,1,,60,structural
11035,U+5FC1,忁,58,,60,structural
11036,U+5FC2,忂,51,,60,structural
11037,U+5FC3,心,27,,60,structural
11038,U+5FC4,忄,27,,60,structural
11039,U+5FC5,必,10,,60,structural
11040,U+5FC6,忆,27,,60,structural
11041,U+5FC7,忇,27,,60,structural
11042,U+5FC8,忈,17,,60,structural
11043,U+5FC9,忉,27,,60,structural
11044,U+5FCA,忊,52,,60,structural
11045,U+5FCB,忋,27,,60,structural
11046,U+5FCC,忌,27,,60,structural
11047,U+5FCD,忍,10,,60,structural
11048,U+5FCE,忎,37,,60,structural
11049,U+5FCF,忏,37,,60,structural
11050,U+5FD0,忐,56,,60,structural
11051,U+5FD1,忑,56,,60,structural
11052,U+5FD2,忒,27,,60,structural
11053,U+5FD3,忓,27,,60,structural
11054,U+5FD4,忔,27,,60,structural
11055,U+5FD5,忕,20,,60,structural
11056,U+5FD6,忖,27,,60,structural
11057,U+5FD7,志,27,,60,structural
11058,U+5FD8,忘,27,,60,structural
11059,U+5FD9,忙,27,,60,structural
11060,U+5FDA,忚,27,,60,structural
11061,U+5FDB,忛,13,,60,structural
11062,U+5FDC,応,38,,60,structural
11063,U+5FDD,忝,56,,60,structural
11064,U+5FDE,忞,27,,60,structural
11065,U+5FDF,忟,27,,60,structural
11066,U+5FE0,忠,59,,60,structural
11067,U+5FE1,忡,59,,60,structural
11068,U+5FE2,忢,56,,60,structural
11069,U+5FE3,忣,51,,60,structural
11070,U+5FE4,忤,27,,60,structural
11071,U+5FE5,忥,27,,60,structural
11072,U+5FE6,忦,46,,60,structural
11073,U+5FE7,忧,13,,60,structural
11074,U+5FE8,忨,56,,60,structural
11075,U+5FE9,忩,16,,60,structural
11076,U+5FEA,忪,16,,60,structural
11077,U+5FEB,快,20,,60,structural
11078,U+5FEC,忬,27,,60,structural
11079,U+5FED,忭,56,,60,structural
11080,U+5FEE,忮,27,,60,structural
11081,U+5FEF,忯,27,,60,structural
11082,U+5FF0,忰,27,,60,structural
11083,U+5FF1,忱,27,,60,structural
11084,U+5FF2,忲,13,,60,structural
11085,U+5FF3,忳,10,,60,structural
11086,U+5FF4,忴,13,,60,structural
11087,U+5FF5,念,13,,60,structural
11088,U+5FF6,忶,17,,60,structural
11089,U+5FF7,忷,10,,60,structural
11090,U+5FF8,忸,56,,60,structural
11091,U+5FF9,忹,33,,60,structural
11092,U+5FFA,忺,6,,60,structural
11093,U+5FFB,忻,27,,60,structural
11094,U+5FFC,忼,27,,60,structural
11095,U+5FFD,忽,10,,60,structural
11096,U+5FFE,忾,27,,60,structural
11097,U+5FFF,忿,58,,60,structural
11098,U+6000,怀,56,,60,structural
11099,U+6001,态,13,,60,structural
11100,U+6002,怂,46,,60,structural
11101,U+6003,怃,27,,60,structural
11102,U+6004,怄,10,,60,structural
11103,U+6005,怅,27,,60,structural
11104,U+6006,怆,46,,60,structural
11105,U+6007,怇,27,,60,structural
11106,U+6008,怈,56,,60,structural
11107,U+6009,怉,27,,60,structural
11108,U+600A,怊,1,,60,structural
11109,U+600B,怋,27,,60,structural
11110,U+600C,怌,56,,60,structural
11111,U+600D,怍,10,,60,structural
11112,U+600E,怎,10,,60,structural
11113,U+600F,怏,20,,60,structural
11114,U+6010,怐,1,,60,structural
11115,U+6011,怑,43,,60,structural
11116,U+6012,怒,31,,60,structural
11117,U+6013,怓,31,,60,structural
11118,U+6014,怔,56,,60,structural
11119,U+6015,怕,27,,60,structural
11120,U+6016,怖,53,,60,structural
11121,U+6017,怗,1,,60,structural
11122,U+6018,怘,1,,60,structural
11123,U+6019,怙,1,,60,structural
11124,U+601A,怚,56,,60,structural
11125,U+601B,怛,56,,60,structural
11126,U+601C,怜,13,,60,structural
11127,U+601D,思,11,,60,structural
11128,U+601E,怞,11,,60,structural
11129,U+601F,怟,13,,60,structural
11130,U+6020,怠,1,,60,structural
11131,U+6021,怡,1,,60,structural
11132,U+6022,怢,49,,60,structural
11133,U+6023,怣,49,,60,structural
11134,U+6024,怤,46,,60,structural
11135,U+6025,急,27,,60,structural
11136,U+6026,怦,58,,60,structural
11137,U+6027,性,27,,60,structural
11138,U+6028,怨,44,,60,structural
11139,U+6029,怩,27,,60,structural
11140,U+602A,怪,9,,60,structural
11141,U+602B,怫,10,,60,structural
11142,U+602C,怬,27,,60,structural
11143,U+602D,怭,10,,60,structural
11144,U+602E,怮,27,,60,structural
11145,U+602F,怯,9,,60,structural
11146,U+6030,怰,27,,60,structural
11147,U+6031,怱,10,,60,structural
11148,U+6032,怲,26,,60,structural
11149,U+6033,怳,1,,60,structural
11150,U+6034,怴,27,,60,structural
11151,U+6035,怵,34,,60,structural
11152,U+6036,怶,27,,60,structural
11153,U+6037,怷,13,,60,structural
11154,U+6038,怸,34,,60,structural
11155,U+6039,怹,46,,60,structural
11156,U+603A,怺,12,,60,structural
11157,U+603B,总,27,,60,structural
11158,U+603C,怼,51,,60,structural
11159,U+603D,怽,34,,60,structural
11160,U+603E,怾,47,,60,structural
11161,U+603F,怿,27,,60,structural
11162,U+6040,恀,4,,60,structural
11163,U+6041,恁,10,,60,structural
11164,U+6042,恂,24,,60,structural
11165,U+6043,恃,9,,60,structural
11166,U+6044,恄,1,,60,structural
11167,U+6045,恅,27,,60,structural
11168,U+6046,恆,56,,60,structural
11169,U+6047,恇,33,,60,structural
11170,U+6048,恈,27,,60,structural
11171,U+6049,恉,24,,60,structural
11172,U+604A,恊,27,,60,structural
11173,U+604B,恋,27,,60,structural
11174,U+604C,恌,27,,60,structural
11175,U+604D,恍,56,,60,structural
11176,U+604E,恎,27,,60,structural
11177,U+604F,恏,31,,60,structural
11178,U+6050,恐,13,,60,structural
11179,U+6051,恑,27,,60,structural
11180,U+6052,恒,56,,60,structural
11181,U+6053,恓,56,,60,structural
11182,U+6054,恔,27,,60,structural
11183,U+6055,恕,31,,60,structural
11184,U+6056,恖,10,,60,structural
11185,U+6057,恗,56,,60,structural
11186,U+6058,恘,34,,60,structural
11187,U+6059,恙,27,,60,structural
11188,U+605A,恚,9,,60,structural
11189,U+605B,恛,1,,60,structural
11190,U+605C,恜,27,,60,structural
11191,U+605D,恝,43,,60,structural
11192,U+605E,恞,20,,60,structural
11193,U+605F,恟,10,,60,structural
11194,U+6060,恠,9,,60,structural
11195,U+6061,恡,27,,60,structural
11196,U+6062,恢,42,,60,structural
11197,U+6063,恣,6,,60,structural
11198,U+6064,恤,27,,60,structural
11199,U+6065,恥,0,,60,structural
11200,U+6066,恦,18,,60,structural
11201,U+6067,恧,27,,60,structural
11202,U+6068,恨,27,,60,structural
11203,U+6069,恩,20,,60,structural
11204,U+606A,恪,1,,60,structural
11205,U+606B,恫,1,,60,structural
11206,U+606C,恬,27,,60,structural
11207,U+606D,恭,28,,60,structural
11208,U+606E,恮,33,,60,structural
11209,U+606F,息,27,,60,structural
11210,U+6070,恰,26,,60,structural
11211,U+6071,恱,16,,60,structural
11212,U+6072,恲,25,,60,structural
11213,U+6073,恳,27,,60,structural
11214,U+6074,恴,27,,60,structural
11215,U+6075,恵,27,,60,structural
11216,U+6076,恶,56,,60,structural
11217,U+6077,恷,34,,60,structural
11218,U+6078,恸,17,,60,structural
11219,U+6079,恹,27,,60,structural
11220,U+607A,恺,11,,60,structural
11221,U+607B,恻,32,,60,structural
11222,U+607C,恼,10,,60,structural
11223,U+607D,恽,27,,60,structural
11224,U+607E,恾,36,,60,structural
11225,U+607F,恿,27,,60,structural
11226,U+6080,悀,27,,60,structural
11227,U+6081,悁,1,,60,structural
11228,U+6082,悂,9,,60,structural
11229,U+6083,悃,34,,60,structural
11230,U+6084,悄,27,,60,structural
11231,U+6085,悅,47,,60,structural
11232,U+6086,悆,26,,60,structural
11233,U+6087,悇,26,,60,structural
11234,U+6088,悈,27,,60,structural
11235,U+6089,悉,27,,60,structural
11236,U+608A,悊,3,,60,structural
11237,U+608B,悋,1,,60,structural
11238,U+608C,悌,58,,60,structural
11239,U+608D,悍,24,,60,structural
11240,U+608E,悎,1,,60,structural
11241,U+608F,悏,46,,60,structural
11242,U+6090,悐,42,,60,structural
11243,U+6091,悑,57,,60,structural
11244,U+6092,悒,27,,60,structural
11245,U+6093,悓,27,,60,structural
11246,U+6094,悔,27,,60,structural
11247,U+6095,悕,10,,60,structural
11248,U+6096,悖,27,,60,structural
11249,U+6097,悗,27,,60,structural
11250,U+6098,悘,27,,60,structural
11251,U+6099,悙,1,,60,structural
11252,U+609A,悚,34,,60,structural
11253,U+609B,悛,16,,60,structural
11254,U+609C,悜,33,,60,structural
11255,U+609D,悝,27,,60,structural
11256,U+609E,悞,1,,60,structural
11257,U+609F,悟,21,,60,structural
11258,U+60A0,悠,46,,60,structural
11259,U+60A1,悡,20,,60,structural
11260,U+60A2,悢,13,,60,structural
11261,U+60A3,患,59,,60,structural
11262,U+60A4,悤,10,,60,structural
11263,U+60A5,悥,5,,60,structural
11264,U+60A6,悦,47,,60,structural
11265,U+60A7,悧,20,,60,structural
11266,U+60A8,您,46,,60,structural
11267,U+60A9,悩,10,,60,structural
11268,U+60AA,悪,17,,60,structural
11269,U+60AB,悫,27,,60,structural
11270,U+60AC,悬,56,,60,structural
11271,U+60AD,悭,9,,60,structural
11272,U+60AE,悮,21,,60,structural
11273,U+60AF,悯,27,,60,structural
11274,U+60B0,悰,27,,60,structural
11275,U+60B1,悱,27,,60,structural
11276,U+60B2,悲,27,,60,structural
11277,U+60B3,悳,56,,60,structural
11278,U+60B4,悴,27,,60,structural
11279,U+60B5,悵,27,,60,structural
11280,U+60B6,悶,27,,60,structural
11281,U+60B7,悷,13,,60,structural
11282,U+60B8,悸,20,,60,structural
11283,U+60B9,悹,27,,60,structural
11284,U+60BA,悺,27,,60,structural
11285,U+60BB,悻,9,,60,structural
11286,U+60BC,悼,24,,60,structural
11287,U+60BD,悽,31,,60,structural
11288,U+60BE,悾,27,,60,structural
11289,U+60BF,悿,56,,60,structural
11290,U+60C0,惀,26,,60,structural
11291,U+60C1,惁,34,,60,structural
11292,U+60C2,惂,27,,60,structural
11293,U+60C3,惃,24,,60,structural
11294,U+60C4,惄,56,,60,structural
11295,U+60C5,情,9,,60,structural
11296,U+60C6,惆,27,,60,structural
11297,U+60C7,惇,1,,60,structural
11298,U+60C8,惈,24,,60,structural
11299,U+60C9,惉,12,,60,structural
11300,U+60CA,惊,1,,60,structural
11301,U+60CB,惋,44,,60,structural
11302,U+60CC,惌,44,,60,structural
11303,U+60CD,惍,29,,60,structural
11304,U+60CE,惎,25,,60,structural
11305,U+60CF,惏,34,,60,structural
11306,U+60D0,惐,21,,60,structural
11307,U+60D1,惑,21,,60,structural
11308,U+60D2,惒,1,,60,structural
11309,U+60D3,惓,49,,60,structural
11310,U+60D4,惔,42,,60,structural
11311,U+60D5,惕,10,,60,structural
11312,U+60D6,惖,10,,60,structural
11313,U+60D7,惗,13,,60,structural
11314,U+60D8,惘,27,,60,structural
11315,U+60D9,惙,51,,60,structural
11316,U+60DA,惚,10,,60,structural
11317,U+60DB,惛,24,,60,structural
11318,U+60DC,惜,28,,60,structural
11319,U+60DD,惝,1,,60,structural
11320,U+60DE,惞,6,,60,structural
11321,U+60DF,惟,51,,60,structural
11322,U+60E0,惠,27,,60,structural
11323,U+60E1,惡,56,,60,structural
11324,U+60E2,惢,27,,60,structural
11325,U+60E3,惣,10,,60,structural
11326,U+60E4,惤,27,,60,structural
11327,U+60E5,惥,46,,60,structural
11328,U+60E6,惦,1,,60,structural
11329,U+60E7,惧,25,,60,structural
11330,U+60E8,惨,20,,60,structural
11331,U+60E9,惩,56,,60,structural
11332,U+60EA,惪,56,,60,structural
11333,U+60EB,惫,11,,60,structural
11334,U+60EC,惬,49,,60,structural
11335,U+60ED,惭,27,,60,structural
11336,U+60EE,惮,25,,60,structural
11337,U+60EF,惯,32,,60,structural
11338,U+60F0,惰,27,,60,structural
11339,U+60F1,惱,27,,60,structural
11340,U+60F2,惲,27,,60,structural
11341,U+60F3,想,34,,60,structural
11342,U+60F4,惴,11,,60,structural
11343,U+60F5,惵,2,,60,structural
11344,U+60F6,惶,33,,60,structural
11345,U+60F7,惷,24,,60,structural
11346,U+60F8,惸,24,,60,structural
11347,U+60F9,惹,36,,60,structural
11348,U+60FA,惺,24,,60,structural
11349,U+60FB,惻,32,,60,structural
11350,U+60FC,惼,13,,60,structural
11351,U+60FD,惽,24,,60,structural
11352,U+60FE,惾,16,,60,structural
11353,U+60FF,惿,24,,60,structural
11354,U+6100,愀,42,,60,structural
11355,U+6101,愁,42,,60,structural
11356,U+6102,愂,27,,60,structural
11357,U+6103,愃,41,,60,structural
11358,U+6104,愄,56,,60,structural
11359,U+6105,愅,27,,60,structural
11360,U+6106,愆,52,,60,structural
11361,U+6107,愇,27,,60,structural
11362,U+6108,愈,26,,60,structural
11363,U+6109,愉,26,,60,structural
11364,U+610A,愊,11,,60,structural
11365,U+610B,愋,56,,60,structural
11366,U+610C,愌,58,,60,structural
11367,U+610D,愍,27,,60,structural
11368,U+610E,愎,24,,60,structural
11369,U+610F,意,14,,60,structural
11370,U+6110,愐,27,,60,structural
11371,U+6111,愑,27,,60,structural
11372,U+6112,愒,24,,60,structural
11373,U+6113,愓,56,,60,structural
11374,U+6114,愔,14,,60,structural
11375,U+6115,愕,21,,60,structural
11376,U+6116,愖,27,,60,structural
11377,U+6117,愗,27,,60,structural
11378,U+6118,愘,1,,60,structural
11379,U+6119,愙,1,,60,structural
11380,U+611A,愚,27,,60,structural
11381,U+611B,愛,27,,60,structural
11382,U+611C,愜,46,,60,structural
11383,U+611D,愝,31,,60,structural
11384,U+611E,愞,20,,60,structural
11385,U+611F,感,21,,60,structural
11386,U+6120,愠,24,,60,structural
11387,U+6121,愡,10,,60,structural
11388,U+6122,愢,11,,60,structural
11389,U+6123,愣,27,,60,structural
11390,U+6124,愤,32,,60,structural
11391,U+6125,愥,36,,60,structural
11392,U+6126,愦,32,,60,structural
11393,U+6127,愧,27,,60,structural
11394,U+6128,愨,27,,60,structural
11395,U+6129,愩,32,,60,structural
11396,U+612A,愪,54,,60,structural
11397,U+612B,愫,15,,60,structural
11398,U+612C,愬,25,,60,structural
11399,U+612D,愭,24,,60,structural
11400,U+612E,愮,27,,60,structural
11401,U+612F,愯,51,,60,structural
11402,U+6130,愰,56,,60,structural
11403,U+6131,愱,27,,60,structural
11404,U+6132,愲,27,,60,structural
11405,U+6133,愳,27,,60,structural
11406,U+6134,愴,26,,60,structural
11407,U+6135,愵,6,,60,structural
11408,U+6136,愶,27,,60,structural
11409,U+6137,愷,11,,60,structural
11410,U+6138,愸,34,,60,structural
11411,U+6139,愹,27,,60,structural
11412,U+613A,愺,24,,60,structural
11413,U+613B,愻,10,,60,structural
11414,U+613C,愼,58,,60,structural
11415,U+613D,愽,57,,60,structural
11416,U+613E,愾,27,,60,structural
11417,U+613F,愿,27,,60,structural
11418,U+6140,慀,27,,60,structural
11419,U+6141,慁,27,,60,structural
11420,U+6142,慂,12,,60,structural
11421,U+6143,慃,16,,60,structural
11422,U+6144,慄,59,,60,structural
11423,U+6145,慅,39,,60,structural
11424,U+6146,慆,27,,60,structural
11425,U+6147,慇,10,,60,structural
11426,U+6148,慈,25,,60,structural
11427,U+6149,慉,11,,60,structural
11428,U+614A,慊,25,,60,structural
11429,U+614B,態,27,,60,structural
11430,U+614C,慌,36,,60,structural
11431,U+614D,慍,27,,60,structural
11432,U+614E,慎,25,,60,structural
11433,U+614F,慏,58,,60,structural
11434,U+6150,慐,32,,60,structural
11435,U+6151,慑,0,,60,structural
11436,U+6152,慒,56,,60,structural
11437,U+6153,慓,59,,60,structural
11438,U+6154,慔,24,,60,structural
11439,U+6155,慕,24,,60,structural
11440,U+6156,慖,21,,60,structural
11441,U+6157,慗,34,,60,structural
11442,U+6158,慘,27,,60,structural
11443,U+6159,慙,27,,60,structural
11444,U+615A,慚,27,,60,structural
11445,U+615B,慛,11,,60,structural
11446,U+615C,慜,27,,60,structural
11447,U+615D,慝,36,,60,structural
11448,U+615E,慞,24,,60,structural
11449,U+615F,慟,27,,60,structural
11450,U+6160,慠,27,,60,structural
11451,U+6161,慡,20,,60,structural
11452,U+6162,慢,24,,60,structural
11453,U+6163,慣,32,,60,structural
11454,U+6164,慤,27,,60,structural
11455,U+6165,慥,1,,60,structural
11456,U+6166,慦,25,,60,structural
11457,U+6167,慧,43,,60,structural
11458,U+6168,慨,27,,60,structural
11459,U+6169,慩,27,,60,structural
11460,U+616A,慪,1,,60,structural
11461,U+616B,慫,46,,60,structural
11462,U+616C,慬,1,,60,structural
11463,U+616D,慭,27,,60,structural
11464,U+616E,慮,11,,60,structural
11465,U+616F,慯,27,,60,structural
11466,U+6170,慰,27,,60,structural
11467,U+6171,慱,27,,60,structural
11468,U+6172,慲,53,,60,structural
11469,U+6173,慳,9,,60,structural
11470,U+6174,慴,27,,60,structural
11471,U+6175,慵,38,,60,structural
11472,U+6176,慶,38,,60,structural
11473,U+6177,慷,38,,60,structural
11474,U+6178,慸,53,,60,structural
11475,U+6179,慹,13,,60,structural
11476,U+617A,慺,31,,60,structural
11477,U+617B,慻,49,,60,structural
11478,U+617C,慼,56,,60,structural
11479,U+617D,慽,56,,60,structural
11480,U+617E,慾,6,,60,structural
11481,U+617F,慿,27,,60,structural
11482,U+6180,憀,46,,60,structural
11483,U+6181,憁,10,,60,structural
11484,U+6182,憂,27,,60,structural
11485,U+6183,憃,27,,60,structural
11486,U+6184,憄,56,,60,structural
11487,U+6185,憅,27,,60,structural
11488,U+6186,憆,9,,60,structural
11489,U+6187,憇,27,,60,structural
11490,U+6188,憈,56,,60,structural
11491,U+6189,憉,27,,60,structural
11492,U+618A,憊,46,,60,structural
11493,U+618B,憋,53,,60,structural
11494,U+618C,憌,29,,60,structural
11495,U+618D,憍,18,,60,structural
11496,U+618E,憎,58,,60,structural
11497,U+618F,憏,6,,60,structural
11498,U+6190,憐,27,,60,structural
11499,U+6191,憑,50,,60,structural
11500,U+6192,憒,32,,60,structural
11501,U+6193,憓,27,,60,structural
11502,U+6194,憔,42,,60,structural
11503,U+6195,憕,27,,60,structural
11504,U+6196,憖,34,,60,structural
11505,U+6197,憗,27,,60,structural
11506,U+6198,憘,1,,60,structural
11507,U+6199,憙,1,,60,structural
11508,U+619A,憚,21,,60,structural
11509,U+619B,憛,28,,60,structural
11510,U+619C,憜,27,,60,structural
11511,U+619D,憝,1,,60,structural
11512,U+619E,憞,1,,60,structural
11513,U+619F,憟,59,,60,structural
11514,U+61A0,憠,25,,60,structural
11515,U+61A1,憡,23,,60,structural
11516,U+61A2,憢,56,,60,structural
11517,U+61A3,憣,11,,60,structural
11518,U+61A4,憤,32,,60,structural
11519,U+61A5,憥,27,,60,structural
11520,U+61A6,憦,27,,60,structural
11521,U+61A7,憧,27,,60,structural
11522,U+61A8,憨,0,,60,structural
11523,U+61A9,憩,27,,60,structural
11524,U+61AA,憪,27,,60,structural
11525,U+61AB,憫,27,,60,structural
11526,U+61AC,憬,1,,60,structural
11527,U+61AD,憭,24,,60,structural
11528,U+61AE,憮,42,,60,structural
11529,U+61AF,憯,24,,60,structural
11530,U+61B0,憰,47,,60,structural
11531,U+61B1,憱,1,,60,structural
11532,U+61B2,憲,27,,60,structural
11533,U+61B3,憳,1,,60,structural
11534,U+61B4,憴,27,,60,structural
11535,U+61B5,憵,27,,60,structural
11536,U+61B6,憶,14,,60,structural
11537,U+61B7,憷,34,,60,structural
11538,U+61B8,憸,26,,60,structural
11539,U+61B9,憹,27,,60,structural
11540,U+61BA,憺,5,,60,structural
11541,U+61BB,憻,21,,60,structural
11542,U+61BC,憼,36,,60,structural
11543,U+61BD,憽,10,,60,structural
11544,U+61BE,憾,21,,60,structural
11545,U+61BF,憿,27,,60,structural
11546,U+61C0,懀,26,,60,structural
11547,U+61C1,懁,27,,60,structural
11548,U+61C2,懂,36,,60,structural
11549,U+61C3,懃,1,,60,structural
11550,U+61C4,懄,1,,60,structural
11551,U+61C5,懅,27,,60,structural
11552,U+61C6,懆,34,,60,structural
11553,U+61C7,懇,27,,60,structural
11554,U+61C8,懈,27,,60,structural
11555,U+61C9,應,38,,60,structural
11556,U+61CA,懊,18,,60,structural
11557,U+61CB,懋,34,,60,structural
11558,U+61CC,懌,9,,60,structural
11559,U+61CD,懍,1,,60,structural
11560,U+61CE,懎,9,,60,structural
11561,U+61CF,懏,51,,60,structural
11562,U+61D0,懐,27,,60,structural
11563,U+61D1,懑,12,,60,structural
11564,U+61D2,懒,32,,60,structural
11565,U+61D3,懓,27,,60,structural
11566,U+61D4,懔,1,,60,structural
11567,U+61D5,懕,17,,60,structural
11568,U+61D6,懖,29,,60,structural
11569,U+61D7,懗,27,,60,structural
11570,U+61D8,懘,53,,60,structural
11571,U+61D9,懙,25,,60,structural
11572,U+61DA,懚,27,,60,structural
11573,U+61DB,懛,1,,60,structural
11574,U+61DC,懜,4,,60,structural
11575,U+61DD,懝,27,,60,structural
11576,U+61DE,懞,36,,60,structural
11577,U+61DF,懟,56,,60,structural
11578,U+61E0,懠,27,,60,structural
11579,U+61E1,懡,10,,60,structural
11580,U+61E2,懢,13,,60,structural
11581,U+61E3,懣,12,,60,structural
11582,U+61E4,懤,45,,60,structural
11583,U+61E5,懥,11,,60,structural
11584,U+61E6,懦,27,,60,structural
11585,U+61E7,懧,41,,60,structural
11586,U+61E8,懨,17,,60,structural
11587,U+61E9,懩,27,,60,structural
11588,U+61EA,懪,28,,60,structural
11589,U+61EB,懫,7,,60,structural
11590,U+61EC,懬,38,,60,structural
11591,U+61ED,懭,38,,60,structural
11592,U+61EE,懮,27,,60,structural
11593,U+61EF,懯,57,,60,structural
11594,U+61F0,懰,29,,60,structural
11595,U+61F1,懱,13,,60,structural
11596,U+61F2,懲,27,,60,structural
11597,U+61F3,懳,43,,60,structural
11598,U+61F4,懴,27,,60,structural
11599,U+61F5,懵,27,,60,structural
11600,U+61F6,懶,32,,60,structural
11601,U+61F7,懷,27,,60,structural
11602,U+61F8,懸,10,,60,structural
11603,U+61F9,懹,1,,60,structural
11604,U+61FA,懺,46,,60,structural
11605,U+61FB,懻,28,,60,structural
11606,U+61FC,懼,51,,60,structural
11607,U+61FD,懽,36,,60,structural
11608,U+61FE,懾,0,,60,structural
11609,U+61FF,懿,6,,60,structural
11610,U+6200,戀,5,,60,structural
11611,U+6201,戁,49,,60,structural
11612,U+6202,戂,27,,60,structural
11613,U+6203,戃,27,,60,structural
11614,U+6204,戄,51,,60,structural
11615,U+6205,戅,32,,60,structural
11616,U+6206,戆,32,,60,structural
11617,U+6207,戇,32,,60,structural
11618,U+6208,戈,10,,60,structural
11619,U+620B,戋,56,,60,structural
11620,U+620C,戌,56,,60,structural
11621,U+620D,戍,13,,60,structural
11622,U+620E,戎,27,,60,structural
11623,U+620F,戏,51,,60,structural
11624,U+6210,成,27,,60,structural
11625,U+6212,戒,27,,60,structural
11626,U+6213,戓,1,,60,structural
11627,U+6214,戔,27,,60,structural
11628,U+6215,戕,27,,60,structural
11629,U+6216,或,21,,60,structural
11630,U+6217,戗,46,,60,structural
11631,U+6218,战,1,,60,structural
11632,U+6219,戙,1,,60,structural
11633,U+621A,戚,56,,60,structural
11634,U+621B,戛,27,,60,structural
11635,U+621C,戜,33,,60,structural
11636,U+621D,戝,32,,60,structural
11637,U+621E,戞,27,,60,structural
11638,U+621F,戟,27,,60,structural
11639,U+6220,戠,58,,60,structural
11640,U+6221,戡,27,,60,structural
11641,U+6222,戢,1,,60,structural
11642,U+6223,戣,56,,60,structural
11643,U+6224,戤,10,,60,structural
11644,U+6225,戥,24,,60,structural
11645,U+6226,戦,56,,60,structural
11646,U+6227,戧,26,,60,structural
11647,U+6228,戨,52,,60,structural
11648,U+6229,戩,56,,60,structural
11649,U+622A,截,51,,60,structural
11650,U+622B,戫,21,,60,structural
11651,U+622C,戬,56,,60,structural
11652,U+622D,戭,25,,60,structural
11653,U+622E,戮,46,,60,structural
11654,U+622F,戯,56,,60,structural
11655,U+6230,戰,21,,60,structural
11656,U+6231,戱,27,,60,structural
11657,U+6232,戲,27,,60,structural
11658,U+6233,戳,51,,60,structural
11659,U+6234,戴,28,,60,structural
11660,U+6235,戵,51,,60,structural
11661,U+6236,戶,10,,60,structural
11662,U+6237,户,13,,60,structural
11663,U+6238,戸,56,,60,structural
11664,U+6239,戹,13,,60,structural
11665,U+623A,戺,13,,60,structural
11666,U+623B,戻,13,,60,structural
11667,U+623D,戽,13,,60,structural
11668,U+623E,戾,13,,60,structural
11669,U+623F,房,13,,60,structural
11670,U+6240,所,27,,60,structural
11671,U+6241,扁,13,,60,structural
11672,U+6242,扂,1,,60,structural
11673,U+6243,扃,1,,60,structural
11674,U+6244,扄,18,,60,structural
11675,U+6245,扅,4,,60,structural
11676,U+6246,扆,35,,60,structural
11677,U+6247,扇,13,,60,structural
11678,U+6248,扈,13,,60,structural
11679,U+6249,扉,13,,60,structural
11680,U+624A,扊,42,,60,structural
11681,U+624B,手,3,,60,structural
11682,U+624C,扌,3,,60,structural
11683,U+624E,扎,3,,60,structural
11684,U+624F,扏,3,,60,structural
11685,U+6250,扐,3,,60,structural
11686,U+6251,扑,3,,60,structural
11687,U+6252,扒,3,,60,structural
11688,U+6253,打,52,,60,structural
11689,U+6254,扔,3,,60,structural
11690,U+6255,払,3,,60,structural
11691,U+6256,扖,3,,60,structural
11692,U+6257,扗,3,,60,structural
11693,U+6258,托,3,,60,structural
11694,U+6259,扙,3,,60,structural
11695,U+625A,扚,3,,60,structural
11696,U+625B,扛,3,,60,structural
11697,U+625C,扜,3,,60,structural
11698,U+625D,扝,3,,60,structural
11699,U+625E,扞,3,,60,structural
11700,U+625F,扟,3,,60,structural
11701,U+6260,扠,39,,60,structural
11702,U+6261,扡,3,,60,structural
11703,U+6262,扢,3,,60,structural
11704,U+6263,扣,3,,60,structural
11705,U+6264,扤,56,,60,structural
11706,U+6265,扥,3,,60,structural
11707,U+6266,扦,37,,60,structural
11708,U+6267,执,13,,60,structural
11709,U+6268,扨,10,,60,structural
11710,U+6269,扩,3,,60,structural
11711,U+626A,扪,3,,60,structural
11712,U+626B,扫,3,,60,structural
11713,U+626C,扬,3,,60,structural
11714,U+626D,扭,3,,60,structural
11715,U+626E,扮,58,,60,structural
11716,U+626F,扯,3,,60,structural
11717,U+6270,扰,3,,60,structural
11718,U+6271,扱,3,,60,structural
11719,U+6272,扲,13,,60,structural
11720,U+6273,扳,3,,60,structural
11721,U+6274,扴,46,,60,structural
11722,U+6275,扵,3,,60,structural
11723,U+6276,扶,49,,60,structural
11724,U+6277,扷,18,,60,structural
11725,U+6278,扸,3,,60,structural
11726,U+6279,批,3,,60,structural
11727,U+627A,扺,3,,60,structural
11728,U+627B,扻,3,,60,structural
11729,U+627C,扼,3,,60,structural
11730,U+627D,扽,3,,60,structural
11731,U+627E,找,3,,60,structural
11732,U+6280,技,3,,60,structural
11733,U+6281,抁,3,,60,structural
11734,U+6282,抂,33,,60,structural
11735,U+6283,抃,3,,60,structural
11736,U+6284,抄,10,,60,structural
11737,U+6285,抅,3,,60,structural
11738,U+6286,抆,3,,60,structural
11739,U+6287,抇,3,,60,structural
11740,U+6288,抈,3,,60,structural
11741,U+6289,抉,3,,60,structural
11742,U+628A,把,3,,60,structural
11743,U+628B,抋,3,,60,structural
11744,U+628C,抌,3,,60,structural
11745,U+628D,抍,3,,60,structural
11746,U+628E,抎,3,,60,structural
11747,U+628F,抏,56,,60,structural
11748,U+6290,抐,3,,60,structural
11749,U+6291,抑,3,,60,structural
11750,U+6292,抒,3,,60,structural
11751,U+6293,抓,3,,60,structural
11752,U+6294,抔,3,,60,structural
11753,U+6295,投,3,,60,structural
11754,U+6296,抖,3,,60,structural
11755,U+6297,抗,3,,60,structural
11756,U+6298,折,3,,60,structural
11757,U+6299,抙,3,,60,structural
11758,U+629A,抚,3,,60,structural
11759,U+629B,抛,3,,60,structural
11760,U+629C,抜,3,,60,structural
11761,U+629D,抝,3,,60,structural
11762,U+629E,択,3,,60,structural
11763,U+629F,抟,3,,60,structural
11764,U+62A0,抠,3,,60,structural
11765,U+62A1,抡,3,,60,structural
11766,U+62A2,抢,3,,60,structural
11767,U+62A3,抣,3,,60,structural
11768,U+62A4,护,3,,60,structural
11769,U+62A5,报,3,,60,structural
11770,U+62A6,抦,26,,60,structural
11771,U+62A7,抧,47,,60,structural
11772,U+62A8,抨,3,,60,structural
11773,U+62A9,抩,3,,60,structural
11774,U+62AA,抪,3,,60,structural
11775,U+62AB,披,3,,60,structural
11776,U+62AC,抬,3,,60,structural
11777,U+62AD,抭,3,,60,structural
11778,U+62AE,抮,46,,60,structural
11779,U+62AF,抯,3,,60,structural
11780,U+62B0,抰,3,,60,structural
11781,U+62B1,抱,3,,60,structural
11782,U+62B2,抲,52,,60,structural
11783,U+62B3,抳,3,,60,structural
11784,U+62B4,抴,3,,60,structural
11785,U+62B5,抵,3,,60,structural
11786,U+62B6,抶,49,,60,structural
11787,U+62B7,抷,3,,60,structural
11788,U+62B8,抸,3,,60,structural
11789,U+62B9,抹,34,,60,structural
11790,U+62BA,抺,34,,60,structural
11791,U+62BB,抻,3,,60,structural
11792,U+62BC,押,3,,60,structural
11793,U+62BD,抽,3,,60,structural
11794,U+62BE,抾,9,,60,structural
11795,U+62BF,抿,3,,60,structural
11796,U+62C0,拀,3,,60,structural
11797,U+62C1,拁,3,,60,structural
11798,U+62C2,拂,10,,60,structural
11799,U+62C3,拃,3,,60,structural
11800,U+62C4,拄,9,,60,structural
11801,U+62C5,担,56,,60,structural
11802,U+62C6,拆,3,,60,structural
11803,U+62C7,拇,3,,60,structural
11804,U+62C8,拈,3,,60,structural
11805,U+62C9,拉,3,,60,structural
11806,U+62CA,拊,3,,60,structural
11807,U+62CB,拋,3,,60,structural
11808,U+62CC,拌,43,,60,structural
11809,U+62CD,拍,3,,60,structural
11810,U+62CE,拎,13,,60,structural
11811,U+62CF,拏,31,,60,structural
11812,U+62D0,拐,3,,60,structural
11813,U+62D1,拑,3,,60,structural
11814,U+62D2,拒,3,,60,structural
11815,U+62D3,拓,3,,60,structural
11816,U+62D4,拔,39,,60,structural
11817,U+62D5,拕,3,,60,structural
11818,U+62D6,拖,3,,60,structural
11819,U+62D7,拗,3,,60,structural
11820,U+62D8,拘,3,,60,structural
11821,U+62D9,拙,3,,60,structural
11822,U+62DA,拚,3,,60,structural
11823,U+62DB,招,3,,60,structural
11824,U+62DC,拜,43,,60,structural
11825,U+62DD,拝,43,,60,structural
11826,U+62DE,拞,3,,60,structural
11827,U+62DF,拟,3,,60,structural
11828,U+62E0,拠,3,,60,structural
11829,U+62E1,拡,3,,60,structural
11830,U+62E2,拢,3,,60,structural
11831,U+62E3,拣,3,,60,structural
11832,U+62E4,拤,3,,60,structural
11833,U+62E5,拥,3,,60,structural
11834,U+62E6,拦,25,,60,structural
11835,U+62E7,拧,41,,60,structural
11836,U+62E8,拨,3,,60,structural
11837,U+62E9,择,3,,60,structural
11838,U+62EA,拪,3,,60,structural
11839,U+62EB,拫,3,,60,structural
11840,U+62EC,括,3,,60,structural
11841,U+62ED,拭,3,,60,structural
11842,U+62EE,拮,3,,60,structural
11843,U+62EF,拯,12,,60,structural
11844,U+62F0,拰,46,,60,structural
11845,U+62F1,拱,28,,60,structural
11846,U+62F2,拲,28,,60,structural
11847,U+62F3,拳,49,,60,structural
11848,U+62F4,拴,33,,60,structural
11849,U+62F5,拵,3,,60,structural
11850,U+62F6,拶,3,,60,structural
11851,U+62F7,拷,3,,60,structural
11852,U+62F8,拸,3,,60,structural
11853,U+62F9,拹,3,,60,structural
11854,U+62FA,拺,34,,60,structural
11855,U+62FB,拻,42,,60,structural
11856,U+62FC,拼,25,,60,structural
11857,U+62FD,拽,3,,60,structural
11858,U+62FE,拾,26,,60,structural
11859,U+62FF,拿,26,,60,structural
11860,U+6300,挀,3,,60,structural
11861,U+6301,持,9,,60,structural
11862,U+6302,挂,3,,60,structural
11863,U+6303,挃,3,,60,structural
11864,U+6304,挄,56,,60,structural
11865,U+6305,挅,34,,60,structural
11866,U+6306,挆,34,,60,structural
11867,U+6307,指,3,,60,structural
11868,U+6308,挈,43,,60,structural
11869,U+6309,按,31,,60,structural
11870,U+630A,挊,3,,60,structural
11871,U+630B,挋,3,,60,structural
11872,U+630C,挌,3,,60,structural
11873,U+630D,挍,3,,60,structural
11874,U+630E,挎,3,,60,structural
11875,U+630F,挏,3,,60,structural
11876,U+6310,挐,31,,60,structural
11877,U+6311,挑,3,,60,structural
11878,U+6312,挒,3,,60,structural
11879,U+6313,挓,3,,60,structural
11880,U+6314,挔,35,,60,structural
11881,U+6315,挕,3,,60,structural
11882,U+6316,挖,3,,60,structural
11883,U+6317,挗,3,,60,structural
11884,U+6318,挘,10,,60,structural
11885,U+6319,挙,25,,60,structural
11886,U+631A,挚,13,,60,structural
11887,U+631B,挛,3,,60,structural
11888,U+631C,挜,3,,60,structural
11889,U+631D,挝,3,,60,structural
11890,U+631E,挞,3,,60,structural
11891,U+631F,挟,49,,60,structural
11892,U+6320,挠,56,,60,structural
11893,U+6321,挡,3,,60,structural
11894,U+6322,挢,18,,60,structural
11895,U+6323,挣,52,,60,structural
11896,U+6324,挤,3,,60,structural
11897,U+6325,挥,3,,60,structural
11898,U+6326,挦,3,,60,structural
11899,U+6327,挧,3,,60,structural
11900,U+6328,挨,3,,60,structural
11901,U+6329,挩,47,,60,structural
11902,U+632A,挪,3,,60,structural
11903,U+632B,挫,9,,60,structural
11904,U+632C,挬,3,,60,structural
11905,U+632D,挭,56,,60,structural
11906,U+632E,挮,3,,60,structural
11907,U+632F,振,3,,60,structural
11908,U+6330,挰,33,,60,structural
11909,U+6331,挱,10,,60,structural
11910,U+6332,挲,10,,60,structural
11911,U+6333,挳,3,,60,structural
11912,U+6334,挴,3,,60,structural
11913,U+6335,挵,33,,60,structural
11914,U+6336,挶,3,,60,structural
11915,U+6337,挷,43,,60,structural
11916,U+6338,挸,3,,60,structural
11917,U+6339,挹,3,,60,structural
11918,U+633A,挺,10,,60,structural
11919,U+633B,挻,10,,60,structural
11920,U+633C,挼,31,,60,structural
11921,U+633D,挽,3,,60,structural
11922,U+633E,挾,3,,60,structural
11923,U+633F,挿,3,,60,structural
11924,U+6340,捀,43,,60,structural
11925,U+6341,捁,3,,60,structural
11926,U+6342,捂,21,,60,structural
11927,U+6343,捃,21,,60,structural
11928,U+6344,捄,25,,60,structural
11929,U+6345,捅,3,,60,structural
11930,U+6346,捆,34,,60,structural
11931,U+6347,捇,3,,60,structural
11932,U+6348,捈,26,,60,structural
11933,U+6349,捉,3,,60,structural
11934,U+634A,捊,3,,60,structural
11935,U+634B,捋,3,,60,structural
11936,U+634C,捌,3,,60,structural
11937,U+634D,捍,3,,60,structural
11938,U+634E,捎,3,,60,structural
11939,U+634F,捏,3,,60,structural
11940,U+6350,捐,3,,60,structural
11941,U+6351,捑,3,,60,structural
11942,U+6352,捒,34,,60,structural
11943,U+6353,捓,3,,60,structural
11944,U+6354,捔,3,,60,structural
11945,U+6355,捕,57,,60,structural
11946,U+6356,捖,41,,60,structural
11947,U+6357,捗,3,,60,structural
11948,U+6358,捘,16,,60,structural
11949,U+6359,捙,3,,60,structural
11950,U+635A,捚,3,,60,structural
11951,U+635B,捛,3,,60,structural
11952,U+635C,捜,3,,60,structural
11953,U+635D,捝,47,,60,structural
11954,U+635E,捞,3,,60,structural
11955,U+635F,损,54,,60,structural
11956,U+6360,捠,25,,60,structural
11957,U+6361,捡,26,,60,structural
11958,U+6362,换,3,,60,structural
11959,U+6363,捣,3,,60,structural
11960,U+6364,捤,3,,60,structural
11961,U+6365,捥,44,,60,structural
11962,U+6366,捦,3,,60,structural
11963,U+6367,捧,43,,60,structural
11964,U+6368,捨,3,,60,structural
11965,U+6369,捩,3,,60,structural
11966,U+636A,捪,3,,60,structural
11967,U+636B,捫,3,,60,structural
11968,U+636C,捬,38,,60,structural
11969,U+636D,捭,37,,60,structural
11970,U+636E,据,3,,60,structural
11971,U+636F,捯,3,,60,structural
11972,U+6370,捰,24,,60,structural
11973,U+6371,捱,3,,60,structural
11974,U+6372,捲,49,,60,structural
11975,U+6373,捳,3,,60,structural
11976,U+6374,捴,16,,60,structural
11977,U+6375,捵,3,,60,structural
11978,U+6376,捶,56,,60,structural
11979,U+6377,捷,3,,60,structural
11980,U+6378,捸,3,,60,structural
11981,U+6379,捹,3,,60,structural
11982,U+637A,捺,3,,60,structural
11983,U+637B,捻,13,,60,structural
11984,U+637C,捼,31,,60,structural
11985,U+637D,捽,3,,60,structural
11986,U+637E,捾,3,,60,structural
11987,U+637F,捿,31,,60,structural
11988,U+6380,掀,3,,60,structural
11989,U+6381,掁,3,,60,structural
11990,U+6382,掂,3,,60,structural
11991,U+6383,掃,53,,60,structural
11992,U+6384,掄,26,,60,structural
11993,U+6385,掅,9,,60,structural
11994,U+6386,掆,25,,60,structural
11995,U+6387,掇,3,,60,structural
11996,U+6388,授,3,,60,structural
11997,U+6389,掉,24,,60,structural
11998,U+638A,掊,3,,60,structural
11999,U+638B,掋,3,,60,structural
12000,U+638C,掌,3,,60,structural
12001,U+638D,掍,3,,60,structural
12002,U+638E,掎,52,,60,structural
12003,U+638F,掏,3,,60,structural
12004,U+6390,掐,3,,60,structural
12005,U+6391,掑,25,,60,structural
12006,U+6392,排,3,,60,structural
12007,U+6393,掓,3,,60,structural
12008,U+6394,掔,3,,60,structural
12009,U+6395,掕,16,,60,structural
12010,U+6396,掖,13,,60,structural
12011,U+6397,掗,3,,60,structural
12012,U+6398,掘,3,,60,structural
12013,U+6399,掙,52,,60,structural
12014,U+639A,掚,53,,60,structural
12015,U+639B,掛,3,,60,structural
12016,U+639C,掜,3,,60,structural
12017,U+639D,掝,21,,60,structural
12018,U+639E,掞,42,,60,structural
12019,U+639F,掟,3,,60,structural
12020,U+63A0,掠,1,,60,structural
12021,U+63A1,採,34,,60,structural
12022,U+63A2,探,34,,60,structural
12023,U+63A3,掣,3,,60,structural
12024,U+63A4,掤,40,,60,structural
12025,U+63A5,接,31,,60,structural
12026,U+63A6,掦,24,,60,structural
12027,U+63A7,控,3,,60,structural
12028,U+63A8,推,3,,60,structural
12029,U+63A9,掩,24,,60,structural
12030,U+63AA,措,28,,60,structural
12031,U+63AB,掫,0,,60,structural
12032,U+63AC,掬,3,,60,structural
12033,U+63AD,掭,3,,60,structural
12034,U+63AE,掮,57,,60,structural
12035,U+63AF,掯,3,,60,structural
12036,U+63B0,掰,58,,60,structural
12037,U+63B1,掱,3,,60,structural
12038,U+63B2,掲,24,,60,structural
12039,U+63B3,掳,3,,60,structural
12040,U+63B4,掴,33,,60,structural
12041,U+63B5,掵,26,,60,structural
12042,U+63B6,掶,26,,60,structural
12043,U+63B7,掷,25,,60,structural
12044,U+63B8,掸,25,,60,structural
12045,U+63B9,掹,3,,60,structural
12046,U+63BA,掺,3,,60,structural
12047,U+63BB,掻,3,,60,structural
12048,U+63BC,掼,32,,60,structural
12049,U+63BD,掽,25,,60,structural
12050,U+63BE,掾,3,,60,structural
12051,U+63BF,掿,36,,60,structural
12052,U+63C0,揀,34,,60,structural
12053,U+63C1,揁,32,,60,structural
12054,U+63C2,揂,58,,60,structural
12055,U+63C3,揃,25,,60,structural
12056,U+63C4,揄,26,,60,structural
12057,U+63C5,揅,3,,60,structural
12058,U+63C6,揆,3,,60,structural
12059,U+63C7,揇,3,,60,structural
12060,U+63C8,揈,5,,60,structural
12061,U+63C9,揉,34,,60,structural
12062,U+63CA,揊,3,,60,structural
12063,U+63CB,揋,56,,60,structural
12064,U+63CC,揌,3,,60,structural
12065,U+63CD,揍,3,,60,structural
12066,U+63CE,揎,41,,60,structural
12067,U+63CF,描,3,,60,structural
12068,U+63D0,提,3,,60,structural
12069,U+63D1,揑,3,,60,structural
12070,U+63D2,插,37,,60,structural
12071,U+63D3,揓,3,,60,structural
12072,U+63D4,揔,10,,60,structural
12073,U+63D5,揕,3,,60,structural
12074,U+63D6,揖,3,,60,structural
12075,U+63D7,揗,3,,60,structural
12076,U+63D8,揘,33,,60,structural
12077,U+63D9,揙,3,,60,structural
12078,U+63DA,揚,56,,60,structural
12079,U+63DB,換,3,,60,structural
12080,U+63DC,揜,26,,60,structural
12081,U+63DD,揝,3,,60,structural
12082,U+63DE,揞,3,,60,structural
12083,U+63DF,揟,3,,60,structural
12084,U+63E0,揠,31,,60,structural
12085,U+63E1,握,3,,60,structural
12086,U+63E2,揢,3,,60,structural
12087,U+63E3,揣,3,,60,structural
12088,U+63E4,揤,3,,60,structural
12089,U+63E5,揥,53,,60,structural
12090,U+63E6,揦,34,,60,structural
12091,U+63E7,揧,34,,60,structural
12092,U+63E8,揨,52,,60,structural
12093,U+63E9,揩,3,,60,structural
12094,U+63EA,揪,42,,60,structural
12095,U+63EB,揫,42,,60,structural
12096,U+63EC,揬,3,,60,structural
12097,U+63ED,揭,24,,60,structural
12098,U+63EE,揮,3,,60,structural
12099,U+63EF,揯,3,,60,structural
12100,U+63F0,揰,3,,60,structural
12101,U+63F1,揱,3,,60,structural
12102,U+63F2,揲,2,,60,structural
12103,U+63F3,揳,43,,60,structural
12104,U+63F4,援,3,,60,structural
12105,U+63F5,揵,3,,60,structural
12106,U+63F6,揶,3,,60,structural
12107,U+63F7,揷,3,,60,structural
12108,U+63F8,揸,2,,60,structural
12109,U+63F9,揹,3,,60,structural
12110,U+63FA,揺,3,,60,structural
12111,U+63FB,揻,31,,60,structural
12112,U+63FC,揼,3,,60,structural
12113,U+63FD,揽,3,,60,structural
12114,U+63FE,揾,3,,60,structural
12115,U+63FF,揿,29,,60,structural
12116,U+6400,搀,3,,60,structural
12117,U+6401,搁,3,,60,structural
12118,U+6402,搂,31,,60,structural
12119,U+6403,搃,3,,60,structural
12120,U+6404,搄,56,,60,structural
12121,U+6405,搅,3,,60,structural
12122,U+6406,搆,3,,60,structural
12123,U+6407,搇,13,,60,structural
12124,U+6408,搈,3,,60,structural
12125,U+6409,搉,3,,60,structural
12126,U+640A,搊,3,,60,structural
12127,U+640B,搋,3,,60,structural
12128,U+640C,搌,28,,60,structural
12129,U+640D,損,54,,60,structural
12130,U+640E,搎,15,,60,structural
12131,U+640F,搏,57,,60,structural
12132,U+6410,搐,3,,60,structural
12133,U+6411,搑,3,,60,structural
12134,U+6412,搒,58,,60,structural
12135,U+6413,搓,3,,60,structural
12136,U+6414,搔,39,,60,structural
12137,U+6415,搕,9,,60,structural
12138,U+6416,搖,3,,60,structural
12139,U+6417,搗,3,,60,structural
12140,U+6418,搘,24,,60,structural
12141,U+6419,搙,3,,60,structural
12142,U+641A,搚,3,,60,structural
12143,U+641B,搛,25,,60,structural
12144,U+641C,搜,3,,60,structural
12145,U+641D,搝,3,,60,structural
12146,U+641E,搞,3,,60,structural
12147,U+641F,搟,3,,60,structural
12148,U+6420,搠,25,,60,structural
12149,U+6421,搡,34,,60,structural
12150,U+6422,搢,56,,60,structural
12151,U+6423,搣,42,,60,structural
12152,U+6424,搤,25,,60,structural
12153,U+6425,搥,3,,60,structural
12154,U+6426,搦,3,,60,structural
12155,U+6427,搧,3,,60,structural
12156,U+6428,搨,3,,60,structural
12157,U+6429,搩,34,,60,structural
12158,U+642A,搪,59,,60,structural
12159,U+642B,搫,3,,60,structural
12160,U+642C,搬,3,,60,structural
12161,U+642D,搭,26,,60,structural
12162,U+642E,搮,59,,60,structural
12163,U+642F,搯,3,,60,structural
12164,U+6430,搰,3,,60,structural
12165,U+6431,搱,3,,60,structural
12166,U+6432,搲,3,,60,structural
12167,U+6433,搳,3,,60,structural
12168,U+6434,搴,3,,60,structural
12169,U+6435,搵,3,,60,structural
12170,U+6436,搶,26,,60,structural
12171,U+6437,搷,25,,60,structural
12172,U+6438,搸,3,,60,structural
12173,U+6439,搹,3,,60,structural
12174,U+643A,携,3,,60,structural
12175,U+643B,搻,26,,60,structural
12176,U+643C,搼,49,,60,structural
12177,U+643D,搽,34,,60,structural
12178,U+643E,搾,3,,60,structural
12179,U+643F,搿,26,,60,structural
12180,U+6440,摀,42,,60,structural
12181,U+6441,摁,3,,60,structural
12182,U+6442,摂,3,,60,structural
12183,U+6443,摃,32,,60,structural
12184,U+6444,摄,0,,60,structural
12185,U+6445,摅,3,,60,structural
12186,U+6446,摆,9,,60,structural
12187,U+6447,摇,3,,60,structural
12188,U+6448,摈,25,,60,structural
12189,U+6449,摉,3,,60,structural
12190,U+644A,摊,51,,60,structural
12191,U+644B,摋,34,,60,structural
12192,U+644C,摌,58,,60,structural
12193,U+644D,摍,41,,60,structural
12194,U+644E,摎,46,,60,structural
12195,U+644F,摏,3,,60,structural
12196,U+6450,摐,46,,60,structural
12197,U+6451,摑,21,,60,structural
12198,U+6452,摒,25,,60,structural
12199,U+6453,摓,43,,60,structural
12200,U+6454,摔,3,,60,structural
12201,U+6455,摕,53,,60,structural
12202,U+6456,摖,3,,60,structural
12203,U+6457,摗,34,,60,structural
12204,U+6458,摘,47,,60,structural
12205,U+6459,摙,3,,60,structural
12206,U+645A,摚,3,,60,structural
12207,U+645B,摛,10,,60,structural
12208,U+645C,摜,32,,60,structural
12209,U+645D,摝,3,,60,structural
12210,U+645E,摞,15,,60,structural
12211,U+645F,摟,31,,60,structural
12212,U+6460,摠,10,,60,structural
12213,U+6461,摡,3,,60,structural
12214,U+6462,摢,3,,60,structural
12215,U+6463,摣,3,,60,structural
12216,U+6464,摤,3,,60,structural
12217,U+6465,摥,3,,60,structural
12218,U+6466,摦,3,,60,structural
12219,U+6467,摧,3,,60,structural
12220,U+6468,摨,58,,60,structural
12221,U+6469,摩,3,,60,structural
12222,U+646A,摪,3,,60,structural
12223,U+646B,摫,49,,60,structural
12224,U+646C,摬,14,,60,structural
12225,U+646D,摭,38,,60,structural
12226,U+646E,摮,3,,60,structural
12227,U+646F,摯,13,,60,structural
12228,U+6470,摰,13,,60,structural
12229,U+6471,摱,3,,60,structural
12230,U+6472,摲,3,,60,structural
12231,U+6473,摳,3,,60,structural
12232,U+6474,摴,3,,60,structural
12233,U+6475,摵,3,,60,structural
12234,U+6476,摶,3,,60,structural
12235,U+6477,摷,24,,60,structural
12236,U+6478,摸,24,,60,structural
12237,U+6479,摹,24,,60,structural
12238,U+647A,摺,3,,60,structural
12239,U+647B,摻,3,,60,structural
12240,U+647C,摼,3,,60,structural
12241,U+647D,摽,59,,60,structural
12242,U+647E,摾,30,,60,structural
12243,U+647F,摿,3,,60,structural
12244,U+6480,撀,3,,60,structural
12245,U+6481,撁,3,,60,structural
12246,U+6482,撂,3,,60,structural
12247,U+6483,撃,3,,60,structural
12248,U+6484,撄,31,,60,structural
12249,U+6485,撅,25,,60,structural
12250,U+6486,撆,53,,60,structural
12251,U+6487,撇,53,,60,structural
12252,U+6488,撈,3,,60,structural
12253,U+6489,撉,1,,60,structural
12254,U+648A,撊,3,,60,structural
12255,U+648B,撋,33,,60,structural
12256,U+648C,撌,3,,60,structural
12257,U+648D,撍,3,,60,structural
12258,U+648E,撎,3,,60,structural
12259,U+648F,撏,3,,60,structural
12260,U+6490,撐,3,,60,structural
12261,U+6491,撑,3,,60,structural
12262,U+6492,撒,28,,60,structural
12263,U+6493,撓,56,,60,structural
12264,U+6494,撔,1,,60,structural
12265,U+6495,撕,25,,60,structural
12266,U+6496,撖,0,,60,structural
12267,U+6497,撗,3,,60,structural
12268,U+6498,撘,26,,60,structural
12269,U+6499,撙,58,,60,structural
12270,U+649A,撚,42,,60,structural
12271,U+649B,撛,3,,60,structural
12272,U+649C,撜,3,,60,structural
12273,U+649D,撝,3,,60,structural
12274,U+649E,撞,3,,60,structural
12275,U+649F,撟,18,,60,structural
12276,U+64A0,撠,3,,60,structural
12277,U+64A1,撡,3,,60,structural
12278,U+64A2,撢,28,,60,structural
12279,U+64A3,撣,21,,60,structural
12280,U+64A4,撤,3,,60,structural
12281,U+64A5,撥,3,,60,structural
12282,U+64A6,撦,24,,60,structural
12283,U+64A7,撧,3,,60,structural
12284,U+64A8,撨,42,,60,structural
12285,U+64A9,撩,3,,60,structural
12286,U+64AA,撪,3,,60,structural
12287,U+64AB,撫,42,,60,structural
12288,U+64AC,撬,3,,60,structural
12289,U+64AD,播,3,,60,structural
12290,U+64AE,撮,0,,60,structural
12291,U+64AF,撯,3,,60,structural
12292,U+64B0,撰,28,,60,structural
12293,U+64B1,撱,3,,60,structural
12294,U+64B2,撲,49,,60,structural
12295,U+64B3,撳,29,,60,structural
12296,U+64B4,撴,1,,60,structural
12297,U+64B5,撵,49,,60,structural
12298,U+64B6,撶,3,,60,structural
12299,U+64B7,撷,19,,60,structural
12300,U+64B8,撸,55,,60,structural
12301,U+64B9,撹,3,,60,structural
12302,U+64BA,撺,59,,60,structural
12303,U+64BB,撻,3,,60,structural
12304,U+64BC,撼,21,,60,structural
12305,U+64BD,撽,3,,60,structural
12306,U+64BE,撾,3,,60,structural
12307,U+64BF,撿,26,,60,structural
12308,U+64C0,擀,3,,60,structural
12309,U+64C1,擁,3,,60,structural
12310,U+64C2,擂,3,,60,structural
12311,U+64C3,擃,3,,60,structural
12312,U+64C4,擄,3,,60,structural
12313,U+64C5,擅,21,,60,structural
12314,U+64C6,擆,24,,60,structural
12315,U+64C7,擇,9,,60,structural
12316,U+64C8,擈,3,,60,structural
12317,U+64C9,擉,3,,60,structural
12318,U+64CA,擊,3,,60,structural
12319,U+64CB,擋,3,,60,structural
12320,U+64CC,擌,23,,60,structural
12321,U+64CD,操,34,,60,structural
12322,U+64CE,擎,36,,60,structural
12323,U+64CF,擏,36,,60,structural
12324,U+64D0,擐,3,,60,structural
12325,U+64D1,擑,3,,60,structural
12326,U+64D2,擒,46,,60,structural
12327,U+64D3,擓,3,,60,structural
12328,U+64D4,擔,5,,60,structural
12329,U+64D5,擕,3,,60,structural
12330,U+64D6,擖,24,,60,structural
12331,U+64D7,擗,3,,60,structural
12332,U+64D8,擘,3,,60,structural
12333,U+64D9,擙,18,,60,structural
12334,U+64DA,據,3,,60,structural
12335,U+64DB,擛,2,,60,structural
12336,U+64DC,擜,3,,60,structural
12337,U+64DD,擝,3,,60,structural
12338,U+64DE,擞,31,,60,structural
12339,U+64DF,擟,53,,60,structural
12340,U+64E0,擠,3,,60,structural
12341,U+64E1,擡,3,,60,structural
12342,U+64E2,擢,3,,60,structural
12343,U+64E3,擣,45,,60,structural
12344,U+64E4,擤,3,,60,structural
12345,U+64E5,擥,3,,60,structural
12346,U+64E6,擦,3,,60,structural
12347,U+64E7,擧,25,,60,structural
12348,U+64E8,擨,3,,60,structural
12349,U+64E9,擩,3,,60,structural
12350,U+64EA,擪,3,,60,structural
12351,U+64EB,擫,3,,60,structural
12352,U+64EC,擬,3,,60,structural
12353,U+64ED,擭,51,,60,structural
12354,U+64EE,擮,3,,60,structural
12355,U+64EF,擯,41,,60,structural
12356,U+64F0,擰,41,,60,structural
12357,U+64F1,擱,3,,60,structural
12358,U+64F2,擲,58,,60,structural
12359,U+64F3,擳,23,,60,structural
12360,U+64F4,擴,38,,60,structural
12361,U+64F5,擵,3,,60,structural
12362,U+64F6,擶,25,,60,structural
12363,U+64F7,擷,19,,60,structural
12364,U+64F8,擸,10,,60,structural
12365,U+64F9,擹,49,,60,structural
12366,U+64FA,擺,3,,60,structural
12367,U+64FB,擻,31,,60,structural
12368,U+64FC,擼,55,,60,structural
12369,U+64FD,擽,34,,60,structural
12370,U+64FE,擾,3,,60,structural
12371,U+64FF,擿,47,,60,structural
12372,U+6500,攀,34,,60,structural
12373,U+6501,攁,3,,60,structural
12374,U+6502,攂,3,,60,structural
12375,U+6503,攃,3,,60,structural
12376,U+6504,攄,3,,60,structural
12377,U+6505,攅,49,,60,structural
12378,U+6506,攆,49,,60,structural
12379,U+6507,攇,3,,60,structural
12380,U+6508,攈,3,,60,structural
12381,U+6509,攉,3,,60,structural
12382,U+650A,攊,3,,60,structural
12383,U+650B,攋,32,,60,structural
12384,U+650C,攌,3,,60,structural
12385,U+650D,攍,57,,60,structural
12386,U+650E,攎,3,,60,structural
12387,U+650F,攏,3,,60,structural
12388,U+6510,攐,35,,60,structural
12389,U+6511,攑,43,,60,structural
12390,U+6512,攒,32,,60,structural
12391,U+6513,攓,3,,60,structural
12392,U+6514,攔,34,,60,structural
12393,U+6515,攕,46,,60,structural
12394,U+6516,攖,31,,60,structural
12395,U+6517,攗,3,,60,structural
12396,U+6518,攘,1,,60,structural
12397,U+6519,攙,3,,60,structural
12398,U+651A,攚,3,,60,structural
12399,U+651B,攛,3,,60,structural
12400,U+651C,攜,47,,60,structural
12401,U+651D,攝,3,,60,structural
12402,U+651E,攞,15,,60,structural
12403,U+651F,攟,3,,60,structural
12404,U+6520,攠,3,,60,structural
12405,U+6521,攡,10,,60,structural
12406,U+6522,攢,32,,60,structural
12407,U+6523,攣,5,,60,structural
12408,U+6524,攤,49,,60,structural
12409,U+6525,攥,3,,60,structural
12410,U+6526,攦,3,,60,structural
12411,U+6527,攧,25,,60,structural
12412,U+6528,攨,3,,60,structural
12413,U+6529,攩,3,,60,structural
12414,U+652A,攪,3,,60,structural
12415,U+652B,攫,51,,60,structural
12416,U+652C,攬,3,,60,structural
12417,U+652D,攭,30,,60,structural
12418,U+652E,攮,59,,60,structural
12419,U+652F,支,51,,60,structural
12420,U+6530,攰,27,,60,structural
12421,U+6531,攱,27,,60,structural
12422,U+6532,攲,52,,60,structural
12423,U+6533,攳,1,,60,structural
12424,U+6534,攴,51,,60,structural
12425,U+6535,攵,27,,60,structural
12426,U+6536,收,27,,60,structural
12427,U+6537,攷,56,,60,structural
12428,U+6538,攸,46,,60,structural
12429,U+6539,改,27,,60,structural
12430,U+653A,攺,27,,60,structural
12431,U+653B,攻,27,,60,structural
12432,U+653C,攼,27,,60,structural
12433,U+653D,攽,58,,60,structural
12434,U+653E,放,27,,60,structural
12435,U+653F,政,56,,60,structural
12436,U+6540,敀,27,,60,structural
12437,U+6541,敁,1,,60,structural
12438,U+6542,敂,1,,60,structural
12439,U+6543,敃,27,,60,structural
12440,U+6544,敄,27,,60,structural
12441,U+6545,故,1,,60,structural
12442,U+6546,敆,26,,60,structural
12443,U+6547,敇,34,,60,structural
12444,U+6548,效,27,,60,structural
12445,U+6549,敉,27,,60,structural
12446,U+654A,敊,56,,60,structural
12447,U+654B,敋,1,,60,structural
12448,U+654C,敌,27,,60,structural
12449,U+654D,敍,26,,60,structural
12450,U+654E,敎,27,,60,structural
12451,U+654F,敏,27,,60,structural
12452,U+6550,敐,27,,60,structural
12453,U+6551,救,25,,60,structural
12454,U+6552,敒,46,,60,structural
12455,U+6553,敓,47,,60,structural
12456,U+6554,敔,21,,60,structural
12457,U+6555,敕,34,,60,structural
12458,U+6556,敖,27,,60,structural
12459,U+6557,敗,32,,60,structural
12460,U+6558,敘,26,,60,structural
12461,U+6559,教,27,,60,structural
12462,U+655A,敚,47,,60,structural
12463,U+655B,敛,26,,60,structural
12464,U+655C,敜,13,,60,structural
12465,U+655D,敝,53,,60,structural
12466,U+655E,敞,1,,60,structural
12467,U+655F,敟,58,,60,structural
12468,U+6560,敠,51,,60,structural
12469,U+6561,敡,24,,60,structural
12470,U+6562,敢,0,,60,structural
12471,U+6563,散,28,,60,structural
12472,U+6564,敤,24,,60,structural
12473,U+6565,敥,42,,60,structural
12474,U+6566,敦,1,,60,structural
12475,U+6567,敧,52,,60,structural
12476,U+6568,敨,1,,60,structural
12477,U+6569,敩,27,,60,structural
12478,U+656A,敪,51,,60,structural
12479,U+656B,敫,27,,60,structural
12480,U+656C,敬,36,,60,structural
12481,U+656D,敭,56,,60,structural
12482,U+656E,敮,37,,60,structural
12483,U+656F,敯,24,,60,structural
12484,U+6570,数,31,,60,structural
12485,U+6571,敱,11,,60,structural
12486,U+6572,敲,27,,60,structural
12487,U+6573,敳,11,,60,structural
12488,U+6574,整,2,,60,structural
12489,U+6575,敵,47,,60,structural
12490,U+6576,敶,34,,60,structural
12491,U+6577,敷,57,,60,structural
12492,U+6578,數,31,,60,structural
12493,U+6579,敹,27,,60,structural
12494,U+657A,敺,1,,60,structural
12495,U+657B,敻,27,,60,structural
12496,U+657C,敼,1,,60,structural
12497,U+657D,敽,18,,60,structural
12498,U+657E,敾,25,,60,structural
12499,U+657F,敿,18,,60,structural
12500,U+6580,斀,27,,60,structural
12501,U+6581,斁,9,,60,structural
12502,U+6582,斂,26,,60,structural
12503,U+6583,斃,53,,60,structural
12504,U+6584,斄,34,,60,structural
12505,U+6585,斅,27,,60,structural
12506,U+6586,斆,27,,60,structural
12507,U+6587,文,10,,60,structural
12508,U+6588,斈,27,,60,structural
12509,U+6589,斉,43,,60,structural
12510,U+658A,斊,0,,60,structural
12511,U+658B,斋,27,,60,structural
12512,U+658C,斌,56,,60,structural
12513,U+658D,斍,27,,60,structural
12514,U+658E,斎,27,,60,structural
12515,U+658F,斏,13,,60,structural
12516,U+6590,斐,27,,60,structural
12517,U+6591,斑,33,,60,structural
12518,U+6592,斒,13,,60,structural
12519,U+6593,斓,34,,60,structural
12520,U+6594,斔,30,,60,structural
12521,U+6595,斕,34,,60,structural
12522,U+6596,斖,21,,60,structural
12523,U+6597,斗,27,,60,structural
12524,U+6598,斘,4,,60,structural
12525,U+6599,料,27,,60,structural
12526,U+659A,斚,27,,60,structural
12527,U+659B,斛,27,,60,structural
12528,U+659C,斜,26,,60,structural
12529,U+659D,斝,1,,60,structural
12530,U+659E,斞,46,,60,structural
12531,U+659F,斟,27,,60,structural
12532,U+65A0,斠,27,,60,structural
12533,U+65A1,斡,46,,60,structural
12534,U+65A2,斢,27,,60,structural
12535,U+65A3,斣,27,,60,structural
12536,U+65A4,斤,56,,60,structural
12537,U+65A5,斥,13,,60,structural
12538,U+65A6,斦,27,,60,structural
12539,U+65A7,斧,27,,60,structural
12540,U+65A8,斨,27,,60,structural
12541,U+65A9,斩,27,,60,structural
12542,U+65AA,斪,1,,60,structural
12543,U+65AB,斫,27,,60,structural
12544,U+65AC,斬,27,,60,structural
12545,U+65AD,断,27,,60,structural
12546,U+65AE,斮,28,,60,structural
12547,U+65AF,斯,25,,60,structural
12548,U+65B0,新,34,,60,structural
12549,U+65B1,斱,24,,60,structural
12550,U+65B2,斲,27,,60,structural
12551,U+65B3,斳,1,,60,structural
12552,U+65B4,斴,27,,60,structural
12553,U+65B5,斵,56,,60,structural
12554,U+65B6,斶,27,,60,structural
12555,U+65B7,斷,27,,60,structural
12556,U+65B8,斸,58,,60,structural
12557,U+65B9,方,10,,60,structural
12558,U+65BA,斺,46,,60,structural
12559,U+65BB,斻,27,,60,structural
12560,U+65BC,於,46,,60,structural
12561,U+65BD,施,27,,60,structural
12562,U+65BE,斾,53,,60,structural
12563,U+65BF,斿,27,,60,structural
12564,U+65C0,旀,27,,60,structural
12565,U+65C1,旁,58,,60,structural
12566,U+65C2,旂,27,,60,structural
12567,U+65C3,旃,13,,60,structural
12568,U+65C4,旄,27,,60,structural
12569,U+65C5,旅,27,,60,structural
12570,U+65C6,旆,53,,60,structural
12571,U+65C7,旇,27,,60,structural
12572,U+65C8,旈,27,,60,structural
12573,U+65C9,旉,57,,60,structural
12574,U+65CA,旊,27,,60,structural
12575,U+65CB,旋,27,,60,structural
12576,U+65CC,旌,27,,60,structural
12577,U+65CD,旍,13,,60,structural
12578,U+65CE,旎,27,,60,structural
12579,U+65CF,族,27,,60,structural
12580,U+65D0,旐,27,,60,structural
12581,U+65D1,旑,52,,60,structural
12582,U+65D2,旒,27,,60,structural
12583,U+65D3,旓,27,,60,structural
12584,U+65D4,旔,27,,60,structural
12585,U+65D5,旕,46,,60,structural
12586,U+65D6,旖,52,,60,structural
12587,U+65D7,旗,25,,60,structural
12588,U+65D8,旘,58,,60,structural
12589,U+65D9,旙,11,,60,structural
12590,U+65DA,旚,59,,60,structural
12591,U+65DB,旛,11,,60,structural
12592,U+65DC,旜,21,,60,structural
12593,U+65DD,旝,26,,60,structural
12594,U+65DE,旞,58,,60,structural
12595,U+65DF,旟,25,,60,structural
12596,U+65E0,无,56,,60,structural
12597,U+65E2,既,27,,60,structural
12598,U+65E3,旣,27,,60,structural
12599,U+65E4,旤,1,,60,structural
12600,U+65E5,日,24,,60,structural
12601,U+65E6,旦,56,,60,structural
12602,U+65E7,旧,24,,60,structural
12603,U+65E8,旨,24,,60,structural
12604,U+65E9,早,24,,60,structural
12605,U+65EA,旪,24,,60,structural
12606,U+65EB,旫,24,,60,structural
12607,U+65EC,旬,24,,60,structural
12608,U+65ED,旭,24,,60,structural
12609,U+65EE,旮,24,,60,structural
12610,U+65EF,旯,24,,60,structural
12611,U+65F0,旰,24,,60,structural
12612,U+65F1,旱,24,,60,structural
12613,U+65F2,旲,24,,60,structural
12614,U+65F3,旳,24,,60,structural
12615,U+65F4,旴,24,,60,structural
12616,U+65F5,旵,24,,60,structural
12617,U+65F6,时,24,,60,structural
12618,U+65F7,旷,38,,60,structural
12619,U+65F8,旸,24,,60,structural
12620,U+65F9,旹,56,,60,structural
12621,U+65FA,旺,33,,60,structural
12622,U+65FB,旻,24,,60,structural
12623,U+65FC,旼,24,,60,structural
12624,U+65FD,旽,24,,60,structural
12625,U+65FE,旾,24,,60,structural
12626,U+65FF,旿,24,,60,structural
12627,U+6600,昀,24,,60,structural
12628,U+6601,昁,53,,60,structural
12629,U+6602,昂,24,,60,structural
12630,U+6603,昃,24,,60,structural
12631,U+6604,昄,24,,60,structural
12632,U+6605,昅,24,,60,structural
12633,U+6606,昆,24,,60,structural
12634,U+6607,昇,24,,60,structural
12635,U+6608,昈,24,,60,structural
12636,U+6609,昉,24,,60,structural
12637,U+660A,昊,56,,60,structural
12638,U+660B,昋,56,,60,structural
12639,U+660C,昌,24,,60,structural
12640,U+660D,昍,24,,60,structural
12641,U+660E,明,24,,60,structural
12642,U+660F,昏,24,,60,structural
12643,U+6610,昐,58,,60,structural
12644,U+6611,昑,13,,60,structural
12645,U+6612,昒,24,,60,structural
12646,U+6613,易,24,,60,structural
12647,U+6614,昔,28,,60,structural
12648,U+6615,昕,24,,60,structural
12649,U+6616,昖,16,,60,structural
12650,U+6617,昗,58,,60,structural
12651,U+6618,昘,24,,60,structural
12652,U+6619,昙,24,,60,structural
12653,U+661A,昚,24,,60,structural
12654,U+661B,昛,24,,60,structural
12655,U+661C,昜,56,,60,structural
12656,U+661D,昝,24,,60,structural
12657,U+661E,昞,26,,60,structural
12658,U+661F,星,24,,60,structural
12659,U+6620,映,24,,60,structural
12660,U+6621,昡,24,,60,structural
12661,U+6622,昢,24,,60,structural
12662,U+6623,昣,46,,60,structural
12663,U+6624,昤,13,,60,structural
12664,U+6625,春,24,,60,structural
12665,U+6626,昦,18,,60,structural
12666,U+6627,昧,24,,60,structural
12667,U+6628,昨,24,,60,structural
12668,U+6629,昩,24,,60,structural
12669,U+662A,昪,24,,60,structural
12670,U+662B,昫,24,,60,structural
12671,U+662C,昬,24,,60,structural
12672,U+662D,昭,1,,60,structural
12673,U+662E,昮,24,,60,structural
12674,U+662F,是,24,,60,structural
12675,U+6630,昰,56,,60,structural
12676,U+6631,昱,24,,60,structural
12677,U+6632,昲,10,,60,structural
12678,U+6633,昳,49,,60,structural
12679,U+6634,昴,24,,60,structural
12680,U+6635,昵,24,,60,structural
12681,U+6636,昶,8,,60,structural
12682,U+6637,昷,24,,60,structural
12683,U+6638,昸,24,,60,structural
12684,U+6639,昹,8,,60,structural
12685,U+663A,昺,26,,60,structural
12686,U+663B,昻,24,,60,structural
12687,U+663C,昼,56,,60,structural
12688,U+663D,昽,24,,60,structural
12689,U+663E,显,56,,60,structural
12690,U+663F,昿,38,,60,structural
12691,U+6640,晀,24,,60,structural
12692,U+6641,晁,24,,60,structural
12693,U+6642,時,9,,60,structural
12694,U+6643,晃,56,,60,structural
12695,U+6644,晄,56,,60,structural
12696,U+6645,晅,56,,60,structural
12697,U+6646,晆,9,,60,structural
12698,U+6647,晇,56,,60,structural
12699,U+6648,晈,24,,60,structural
12700,U+6649,晉,56,,60,structural
12701,U+664A,晊,24,,60,structural
12702,U+664B,晋,56,,60,structural
12703,U+664C,晌,18,,60,structural
12704,U+664D,晍,1,,60,structural
12705,U+664E,晎,28,,60,structural
12706,U+664F,晏,31,,60,structural
12707,U+6650,晐,24,,60,structural
12708,U+6651,晑,18,,60,structural
12709,U+6652,晒,56,,60,structural
12710,U+6653,晓,56,,60,structural
12711,U+6654,晔,24,,60,structural
12712,U+6655,晕,24,,60,structural
12713,U+6656,晖,24,,60,structural
12714,U+6657,晗,13,,60,structural
12715,U+6658,晘,24,,60,structural
12716,U+6659,晙,16,,60,structural
12717,U+665A,晚,24,,60,structural
12718,U+665B,晛,24,,60,structural
12719,U+665C,晜,58,,60,structural
12720,U+665D,晝,56,,60,structural
12721,U+665E,晞,24,,60,structural
12722,U+665F,晟,24,,60,structural
12723,U+6660,晠,24,,60,structural
12724,U+6661,晡,57,,60,structural
12725,U+6662,晢,3,,60,structural
12726,U+6663,晣,3,,60,structural
12727,U+6664,晤,21,,60,structural
12728,U+6665,晥,41,,60,structural
12729,U+6666,晦,24,,60,structural
12730,U+6667,晧,1,,60,structural
12731,U+6668,晨,24,,60,structural
12732,U+6669,晩,24,,60,structural
12733,U+666A,晪,58,,60,structural
12734,U+666B,晫,24,,60,structural
12735,U+666C,晬,24,,60,structural
12736,U+666D,晭,24,,60,structural
12737,U+666E,普,25,,60,structural
12738,U+666F,景,1,,60,structural
12739,U+6670,晰,24,,60,structural
12740,U+6671,晱,42,,60,structural
12741,U+6672,晲,24,,60,structural
12742,U+6673,晳,24,,60,structural
12743,U+6674,晴,9,,60,structural
12744,U+6675,晵,24,,60,structural
12745,U+6676,晶,24,,60,structural
12746,U+6677,晷,1,,60,structural
12747,U+6678,晸,56,,60,structural
12748,U+6679,晹,24,,60,structural
12749,U+667A,智,1,,60,structural
12750,U+667B,晻,24,,60,structural
12751,U+667C,晼,44,,60,structural
12752,U+667D,晽,24,,60,structural
12753,U+667E,晾,1,,60,structural
12754,U+667F,晿,24,,60,structural
12755,U+6680,暀,9,,60,structural
12756,U+6681,暁,56,,60,structural
12757,U+6682,暂,24,,60,structural
12758,U+6683,暃,24,,60,structural
12759,U+6684,暄,41,,60,structural
12760,U+6685,暅,56,,60,structural
12761,U+6686,暆,24,,60,structural
12762,U+6687,暇,24,,60,structural
12763,U+6688,暈,24,,60,structural
12764,U+6689,暉,24,,60,structural
12765,U+668A,暊,19,,60,structural
12766,U+668B,暋,24,,60,structural
12767,U+668C,暌,56,,60,structural
12768,U+668D,暍,24,,60,structural
12769,U+668E,暎,24,,60,structural
12770,U+668F,暏,24,,60,structural
12771,U+6690,暐,24,,60,structural
12772,U+6691,暑,24,,60,structural
12773,U+6692,暒,24,,60,structural
12774,U+6693,暓,24,,60,structural
12775,U+6694,暔,24,,60,structural
12776,U+6695,暕,24,,60,structural
12777,U+6696,暖,56,,60,structural
12778,U+6697,暗,24,,60,structural
12779,U+6698,暘,56,,60,structural
12780,U+6699,暙,24,,60,structural
12781,U+669A,暚,24,,60,structural
12782,U+669B,暛,24,,60,structural
12783,U+669C,暜,24,,60,structural
12784,U+669D,暝,58,,60,structural
12785,U+669E,暞,24,,60,structural
12786,U+669F,暟,24,,60,structural
12787,U+66A0,暠,24,,60,structural
12788,U+66A1,暡,16,,60,structural
12789,U+66A2,暢,56,,60,structural
12790,U+66A3,暣,24,,60,structural
12791,U+66A4,暤,37,,60,structural
12792,U+66A5,暥,31,,60,structural
12793,U+66A6,暦,24,,60,structural
12794,U+66A7,暧,24,,60,structural
12795,U+66A8,暨,56,,60,structural
12796,U+66A9,暩,24,,60,structural
12797,U+66AA,暪,24,,60,structural
12798,U+66AB,暫,24,,60,structural
12799,U+66AC,暬,13,,60,structural
12800,U+66AD,暭,24,,60,structural
12801,U+66AE,暮,24,,60,structural
12802,U+66AF,暯,24,,60,structural
12803,U+66B0,暰,24,,60,structural
12804,U+66B1,暱,36,,60,structural
12805,U+66B2,暲,24,,60,structural
12806,U+66B3,暳,43,,60,structural
12807,U+66B4,暴,28,,60,structural
12808,U+66B5,暵,49,,60,structural
12809,U+66B6,暶,24,,60,structural
12810,U+66B7,暷,24,,60,structural
12811,U+66B8,暸,24,,60,structural
12812,U+66B9,暹,24,,60,structural
12813,U+66BA,暺,21,,60,structural
12814,U+66BB,暻,1,,60,structural
12815,U+66BC,暼,53,,60,structural
12816,U+66BD,暽,24,,60,structural
12817,U+66BE,暾,1,,60,structural
12818,U+66BF,暿,1,,60,structural
12819,U+66C0,曀,24,,60,structural
12820,U+66C1,曁,56,,60,structural
12821,U+66C2,曂,24,,60,structural
12822,U+66C3,曃,24,,60,structural
12823,U+66C4,曄,24,,60,structural
12824,U+66C5,曅,24,,60,structural
12825,U+66C6,曆,24,,60,structural
12826,U+66C7,曇,24,,60,structural
12827,U+66C8,曈,24,,60,structural
12828,U+66C9,曉,56,,60,structural
12829,U+66CA,曊,10,,60,structural
12830,U+66CB,曋,28,,60,structural
12831,U+66CC,曌,24,,60,structural
12832,U+66CD,曍,24,,60,structural
12833,U+66CE,曎,9,,60,structural
12834,U+66CF,曏,24,,60,structural
12835,U+66D0,曐,24,,60,structural
12836,U+66D1,曑,46,,60,structural
12837,U+66D2,曒,24,,60,structural
12838,U+66D3,曓,20,,60,structural
12839,U+66D4,曔,24,,60,structural
12840,U+66D5,曕,5,,60,structural
12841,U+66D6,曖,24,,60,structural
12842,U+66D7,曗,56,,60,structural
12843,U+66D8,曘,24,,60,structural
12844,U+66D9,曙,24,,60,structural
12845,U+66DA,曚,56,,60,structural
12846,U+66DB,曛,42,,60,structural
12847,U+66DC,曜,24,,60,structural
12848,U+66DD,曝,28,,60,structural
12849,U+66DE,曞,24,,60,structural
12850,U+66DF,曟,24,,60,structural
12851,U+66E0,曠,38,,60,structural
12852,U+66E1,曡,56,,60,structural
12853,U+66E2,曢,24,,60,structural
12854,U+66E3,曣,42,,60,structural
12855,U+66E4,曤,24,,60,structural
12856,U+66E5,曥,24,,60,structural
12857,U+66E6,曦,56,,60,structural
12858,U+66E7,曧,30,,60,structural
12859,U+66E8,曨,24,,60,structural
12860,U+66E9,曩,1,,60,structural
12861,U+66EA,曪,15,,60,structural
12862,U+66EB,曫,5,,60,structural
12863,U+66EC,曬,24,,60,structural
12864,U+66ED,曭,24,,60,structural
12865,U+66EE,曮,1,,60,structural
12866,U+66EF,曯,58,,60,structural
12867,U+66F0,曰,27,,60,structural
12868,U+66F4,更,56,,60,structural
12869,U+66F5,曵,13,,60,structural
12870,U+66F6,曶,10,,60,structural
12871,U+66F7,曷,24,,60,structural
12872,U+66F8,書,56,,60,structural
12873,U+66F9,曹,56,,60,structural
12874,U+66FA,曺,24,,60,structural
12875,U+66FB,曻,27,,60,structural
12876,U+66FC,曼,24,,60,structural
12877,U+66FD,曽,24,,60,structural
12878,U+66FE,曾,58,,60,structural
12879,U+66FF,替,49,,60,structural
12880,U+6700,最,0,,60,structural
12881,U+6701,朁,24,,60,structural
12882,U+6702,朂,0,,60,structural
12883,U+6703,會,26,,60,structural
12884,U+6704,朄,34,,60,structural
12885,U+6705,朅,9,,60,structural
12886,U+6706,朆,10,,60,structural
12887,U+6707,朇,37,,60,structural
12888,U+6708,月,27,,60,structural
12889,U+6709,有,27,,60,structural
12890,U+670A,朊,56,,60,structural
12891,U+670B,朋,40,,60,structural
12892,U+670C,朌,58,,60,structural
12893,U+670D,服,40,,60,structural
12894,U+670E,朎,13,,60,structural
12895,U+670F,朏,40,,60,structural
12896,U+6710,朐,40,,60,structural
12897,U+6711,朑,40,,60,structural
12898,U+6712,朒,40,,60,structural
12899,U+6713,朓,40,,60,structural
12900,U+6714,朔,25,,60,structural
12901,U+6715,朕,25,,60,structural
12902,U+6716,朖,40,,60,structural
12903,U+6717,朗,57,,60,structural
12904,U+6718,朘,16,,60,structural
12905,U+6719,朙,27,,60,structural
12906,U+671A,朚,24,,60,structural
12907,U+671B,望,33,,60,structural
12908,U+671C,朜,1,,60,structural
12909,U+671D,朝,27,,60,structural
12910,U+671E,朞,25,,60,structural
12911,U+671F,期,25,,60,structural
12912,U+6720,朠,36,,60,structural
12913,U+6721,朡,16,,60,structural
12914,U+6722,朢,33,,60,structural
12915,U+6723,朣,40,,60,structural
12916,U+6724,朤,40,,60,structural
12917,U+6725,朥,40,,60,structural
12918,U+6726,朦,36,,60,structural
12919,U+6727,朧,40,,60,structural
12920,U+6728,木,34,,60,structural
12921,U+672D,札,34,,60,structural
12922,U+672E,朮,13,,60,structural
12923,U+672F,术,34,,60,structural
12924,U+6730,朰,34,,60,structural
12925,U+6732,朲,34,,60,structural
12926,U+6733,朳,34,,60,structural
12927,U+6734,朴,34,,60,structural
12928,U+6735,朵,34,,60,structural
12929,U+6736,朶,34,,60,structural
12930,U+6737,朷,34,,60,structural
12931,U+6738,朸,34,,60,structural
12932,U+6739,朹,34,,60,structural
12933,U+673A,机,34,,60,structural
12934,U+673B,朻,34,,60,structural
12935,U+673C,朼,34,,60,structural
12936,U+673D,朽,2,,60,structural
12937,U+673E,朾,2,,60,structural
12938,U+6740,杀,34,,60,structural
12939,U+6741,杁,34,,60,structural
12940,U+6742,杂,34,,60,structural
12941,U+6743,权,34,,60,structural
12942,U+6744,杄,37,,60,structural
12943,U+6745,杅,34,,60,structural
12944,U+6746,杆,34,,60,structural
12945,U+6747,杇,2,,60,structural
12946,U+6748,杈,39,,60,structural
12947,U+6749,杉,34,,60,structural
12948,U+674A,杊,34,,60,structural
12949,U+674B,杋,34,,60,structural
12950,U+674C,杌,2,,60,structural
12951,U+674D,杍,34,,60,structural
12952,U+674E,李,34,,60,structural
12953,U+674F,杏,34,,60,structural
12954,U+6750,材,34,,60,structural
12955,U+6751,村,34,,60,structural
12956,U+6752,杒,10,,60,structural
12957,U+6753,杓,34,,60,structural
12958,U+6754,杔,34,,60,structural
12959,U+6755,杕,34,,60,structural
12960,U+6756,杖,2,,60,structural
12961,U+6757,杗,34,,60,structural
12962,U+6758,杘,34,,60,structural
12963,U+6759,杙,34,,60,structural
12964,U+675A,杚,34,,60,structural
12965,U+675B,杛,34,,60,structural
12966,U+675C,杜,34,,60,structural
12967,U+675D,杝,34,,60,structural
12968,U+675E,杞,34,,60,structural
12969,U+6760,杠,34,,60,structural
12970,U+6761,条,34,,60,structural
12971,U+6762,杢,34,,60,structural
12972,U+6763,杣,34,,60,structural
12973,U+6764,杤,2,,60,structural
12974,U+6766,杦,34,,60,structural
12975,U+6767,杧,34,,60,structural
12976,U+6768,杨,34,,60,structural
12977,U+6769,杩,50,,60,structural
12978,U+676A,杪,10,,60,structural
12979,U+676B,杫,34,,60,structural
12980,U+676C,杬,2,,60,structural
12981,U+676D,杭,34,,60,structural
12982,U+676E,杮,2,,60,structural
12983,U+676F,杯,2,,60,structural
12984,U+6770,杰,34,,60,structural
12985,U+6772,杲,24,,60,structural
12986,U+6773,杳,24,,60,structural
12987,U+6774,杴,34,,60,structural
12988,U+6775,杵,34,,60,structural
12989,U+6776,杶,34,,60,structural
12990,U+6777,杷,34,,60,structural
12991,U+6778,杸,34,,60,structural
12992,U+6779,杹,34,,60,structural
12993,U+677A,杺,34,,60,structural
12994,U+677B,杻,2,,60,structural
12995,U+677C,杼,34,,60,structural
12996,U+677D,杽,34,,60,structural
12997,U+677E,松,16,,60,structural
12998,U+677F,板,34,,60,structural
12999,U+6780,枀,16,,60,structural
13000,U+6781,极,34,,60,structural
13001,U+6782,枂,34,,60,structural
13002,U+6783,枃,34,,60,structural
13003,U+6784,构,34,,60,structural
13004,U+6785,枅,2,,60,structural
13005,U+6786,枆,34,,60,structural
13006,U+6787,枇,34,,60,structural
13007,U+6788,枈,34,,60,structural
13008,U+6789,枉,33,,60,structural
13009,U+678A,枊,34,,60,structural
13010,U+678B,枋,34,,60,structural
13011,U+678C,枌,58,,60,structural
13012,U+678D,枍,25,,60,structural
13013,U+678E,枎,49,,60,structural
13014,U+678F,枏,34,,60,structural
13015,U+6790,析,34,,60,structural
13016,U+6791,枑,2,,60,structural
13017,U+6792,枒,34,,60,structural
13018,U+6793,枓,34,,60,structural
13019,U+6794,枔,13,,60,structural
13020,U+6795,枕,34,,60,structural
13021,U+6796,枖,18,,60,structural
13022,U+6797,林,34,,60,structural
13023,U+6798,枘,34,,60,structural
13024,U+6799,枙,34,,60,structural
13025,U+679A,枚,34,,60,structural
13026,U+679B,枛,34,,60,structural
13027,U+679C,果,24,,60,structural
13028,U+679D,枝,34,,60,structural
13029,U+679E,枞,34,,60,structural
13030,U+679F,枟,34,,60,structural
13031,U+67A0,枠,34,,60,structural
13032,U+67A1,枡,34,,60,structural
13033,U+67A2,枢,34,,60,structural
13034,U+67A3,枣,34,,60,structural
13035,U+67A4,枤,34,,60,structural
13036,U+67A5,枥,34,,60,structural
13037,U+67A6,枦,34,,60,structural
13038,U+67A7,枧,34,,60,structural
13039,U+67A8,枨,34,,60,structural
13040,U+67A9,枩,16,,60,structural
13041,U+67AA,枪,34,,60,structural
13042,U+67AB,枫,34,,60,structural
13043,U+67AC,枬,34,,60,structural
13044,U+67AD,枭,34,,60,structural
13045,U+67AE,枮,34,,60,structural
13046,U+67AF,枯,34,,60,structural
13047,U+67B0,枰,34,,60,structural
13048,U+67B1,枱,34,,60,structural
13049,U+67B2,枲,1,,60,structural
13050,U+67B3,枳,47,,60,structural
13051,U+67B4,枴,34,,60,structural
13052,U+67B5,枵,2,,60,structural
13053,U+67B6,架,34,,60,structural
13054,U+67B7,枷,34,,60,structural
13055,U+67B8,枸,34,,60,structural
13056,U+67B9,枹,34,,60,structural
13057,U+67BA,枺,34,,60,structural
13058,U+67BB,枻,2,,60,structural
13059,U+67BC,枼,2,,60,structural
13060,U+67BD,枽,34,,60,structural
13061,U+67BE,枾,34,,60,structural
13062,U+67BF,枿,34,,60,structural
13063,U+67C0,柀,34,,60,structural
13064,U+67C1,柁,34,,60,structural
13065,U+67C2,柂,34,,60,structural
13066,U+67C3,柃,13,,60,structural
13067,U+67C4,柄,26,,60,structural
13068,U+67C5,柅,34,,60,structural
13069,U+67C6,柆,34,,60,structural
13070,U+67C7,柇,34,,60,structural
13071,U+67C8,柈,43,,60,structural
13072,U+67C9,柉,10,,60,structural
13073,U+67CA,柊,34,,60,structural
13074,U+67CB,柋,34,,60,structural
13075,U+67CC,柌,34,,60,structural
13076,U+67CD,柍,34,,60,structural
13077,U+67CE,柎,34,,60,structural
13078,U+67CF,柏,34,,60,structural
13079,U+67D0,某,34,,60,structural
13080,U+67D1,柑,34,,60,structural
13081,U+67D2,柒,34,,60,structural
13082,U+67D3,染,34,,60,structural
13083,U+67D4,柔,34,,60,structural
13084,U+67D5,柕,34,,60,structural
13085,U+67D6,柖,34,,60,structural
13086,U+67D7,柗,47,,60,structural
13087,U+67D8,柘,34,,60,structural
13088,U+67D9,柙,34,,60,structural
13089,U+67DA,柚,34,,60,structural
13090,U+67DB,柛,34,,60,structural
13091,U+67DC,柜,34,,60,structural
13092,U+67DD,柝,34,,60,structural
13093,U+67DE,柞,34,,60,structural
13094,U+67DF,柟,34,,60,structural
13095,U+67E0,柠,41,,60,structural
13096,U+67E1,柡,34,,60,structural
13097,U+67E2,柢,34,,60,structural
13098,U+67E3,柣,49,,60,structural
13099,U+67E4,柤,2,,60,structural
13100,U+67E5,查,2,,60,structural
13101,U+67E6,柦,2,,60,structural
13102,U+67E7,柧,34,,60,structural
13103,U+67E8,柨,34,,60,structural
13104,U+67E9,柩,34,,60,structural
13105,U+67EA,柪,34,,60,structural
13106,U+67EB,柫,10,,60,structural
13107,U+67ED,柭,39,,60,structural
13108,U+67EE,柮,34,,60,structural
13109,U+67EF,柯,52,,60,structural
13110,U+67F0,柰,34,,60,structural
13111,U+67F1,柱,9,,60,structural
13112,U+67F2,柲,10,,60,structural
13113,U+67F3,柳,34,,60,structural
13114,U+67F4,柴,34,,60,structural
13115,U+67F5,柵,2,,60,structural
13116,U+67F6,柶,34,,60,structural
13117,U+67F7,柷,34,,60,structural
13118,U+67F8,柸,2,,60,structural
13119,U+67F9,柹,34,,60,structural
13120,U+67FA,柺,34,,60,structural
13121,U+67FB,査,2,,60,structural
13122,U+67FC,柼,34,,60,structural
13123,U+67FD,柽,34,,60,structural
13124,U+67FE,柾,2,,60,structural
13125,U+67FF,柿,34,,60,structural
13126,U+6800,栀,34,,60,structural
13127,U+6801,栁,44,,60,structural
13128,U+6802,栂,34,,60,structural
13129,U+6803,栃,2,,60,structural
13130,U+6804,栄,34,,60,structural
13131,U+6805,栅,34,,60,structural
13132,U+6806,栆,1,,60,structural
13133,U+6807,标,34,,60,structural
13134,U+6808,栈,2,,60,structural
13135,U+6809,栉,34,,60,structural
13136,U+680A,栊,34,,60,structural
13137,U+680B,栋,2,,60,structural
13138,U+680C,栌,34,,60,structural
13139,U+680D,栍,34,,60,structural
13140,U+680E,栎,34,,60,structural
13141,U+680F,栏,25,,60,structural
13142,U+6810,栐,34,,60,structural
13143,U+6811,树,34,,60,structural
13144,U+6812,栒,24,,60,structural
13145,U+6813,栓,33,,60,structural
13146,U+6814,栔,43,,60,structural
13147,U+6815,栕,34,,60,structural
13148,U+6816,栖,2,,60,structural
13149,U+6817,栗,59,,60,structural
13150,U+6818,栘,4,,60,structural
13151,U+6819,栙,34,,60,structural
13152,U+681A,栚,25,,60,structural
13153,U+681B,栛,34,,60,structural
13154,U+681C,栜,34,,60,structural
13155,U+681D,栝,34,,60,structural
13156,U+681E,栞,34,,60,structural
13157,U+681F,栟,25,,60,structural
13158,U+6820,栠,46,,60,structural
13159,U+6821,校,34,,60,structural
13160,U+6822,栢,2,,60,structural
13161,U+6823,栣,46,,60,structural
13162,U+6824,栤,34,,60,structural
13163,U+6825,栥,6,,60,structural
13164,U+6826,栦,34,,60,structural
13165,U+6827,栧,34,,60,structural
13166,U+6828,栨,6,,60,structural
13167,U+6829,栩,34,,60,structural
13168,U+682A,株,34,,60,structural
13169,U+682B,栫,34,,60,structural
13170,U+682C,栬,34,,60,structural
13171,U+682D,栭,34,,60,structural
13172,U+682E,栮,34,,60,structural
13173,U+682F,栯,34,,60,structural
13174,U+6830,栰,34,,60,structural
13175,U+6831,栱,28,,60,structural
13176,U+6832,栲,2,,60,structural
13177,U+6833,栳,34,,60,structural
13178,U+6834,栴,34,,60,structural
13179,U+6835,栵,34,,60,structural
13180,U+6836,栶,34,,60,structural
13181,U+6837,样,34,,60,structural
13182,U+6838,核,34,,60,structural
13183,U+6839,根,34,,60,structural
13184,U+683A,栺,24,,60,structural
13185,U+683B,栻,34,,60,structural
13186,U+683C,格,34,,60,structural
13187,U+683D,栽,34,,60,structural
13188,U+683E,栾,34,,60,structural
13189,U+683F,栿,34,,60,structural
13190,U+6840,桀,34,,60,structural
13191,U+6841,桁,34,,60,structural
13192,U+6842,桂,34,,60,structural
13193,U+6843,桃,34,,60,structural
13194,U+6844,桄,2,,60,structural
13195,U+6845,桅,34,,60,structural
13196,U+6846,框,33,,60,structural
13197,U+6847,桇,34,,60,structural
13198,U+6848,案,31,,60,structural
13199,U+6849,桉,31,,60,structural
13200,U+684A,桊,34,,60,structural
13201,U+684B,桋,34,,60,structural
13202,U+684C,桌,24,,60,structural
13203,U+684D,桍,2,,60,structural
13204,U+684E,桎,34,,60,structural
13205,U+684F,桏,34,,60,structural
13206,U+6850,桐,34,,60,structural
13207,U+6851,桑,34,,60,structural
13208,U+6852,桒,34,,60,structural
13209,U+6853,桓,2,,60,structural
13210,U+6854,桔,34,,60,structural
13211,U+6855,桕,34,,60,structural
13212,U+6856,桖,34,,60,structural
13213,U+6857,桗,34,,60,structural
13214,U+6858,桘,34,,60,structural
13215,U+6859,桙,34,,60,structural
13216,U+685A,桚,34,,60,structural
13217,U+685B,桛,34,,60,structural
13218,U+685C,桜,34,,60,structural
13219,U+685D,桝,34,,60,structural
13220,U+685E,桞,4,,60,structural
13221,U+685F,桟,34,,60,structural
13222,U+6860,桠,2,,60,structural
13223,U+6861,桡,2,,60,structural
13224,U+6862,桢,32,,60,structural
13225,U+6863,档,34,,60,structural
13226,U+6864,桤,34,,60,structural
13227,U+6865,桥,18,,60,structural
13228,U+6866,桦,34,,60,structural
13229,U+6867,桧,49,,60,structural
13230,U+6868,桨,4,,60,structural
13231,U+6869,桩,38,,60,structural
13232,U+686A,桪,34,,60,structural
13233,U+686B,桫,10,,60,structural
13234,U+686C,桬,10,,60,structural
13235,U+686D,桭,34,,60,structural
13236,U+686E,桮,2,,60,structural
13237,U+686F,桯,33,,60,structural
13238,U+6870,桰,34,,60,structural
13239,U+6871,桱,2,,60,structural
13240,U+6872,桲,34,,60,structural
13241,U+6873,桳,34,,60,structural
13242,U+6874,桴,34,,60,structural
13243,U+6875,桵,31,,60,structural
13244,U+6876,桶,34,,60,structural
13245,U+6877,桷,34,,60,structural
13246,U+6878,桸,34,,60,structural
13247,U+6879,桹,34,,60,structural
13248,U+687A,桺,2,,60,structural
13249,U+687B,桻,43,,60,structural
13250,U+687C,桼,58,,60,structural
13251,U+687D,桽,34,,60,structural
13252,U+687E,桾,2,,60,structural
13253,U+687F,桿,24,,60,structural
13254,U+6880,梀,34,,60,structural
13255,U+6881,梁,10,,60,structural
13256,U+6882,梂,25,,60,structural
13257,U+6883,梃,10,,60,structural
13258,U+6884,梄,34,,60,structural
13259,U+6885,梅,34,,60,structural
13260,U+6886,梆,43,,60,structural
13261,U+6887,梇,33,,60,structural
13262,U+6888,梈,1,,60,structural
13263,U+6889,梉,34,,60,structural
13264,U+688A,梊,3,,60,structural
13265,U+688B,梋,34,,60,structural
13266,U+688C,梌,26,,60,structural
13267,U+688D,梍,34,,60,structural
13268,U+688E,梎,34,,60,structural
13269,U+688F,梏,34,,60,structural
13270,U+6890,梐,34,,60,structural
13271,U+6891,梑,42,,60,structural
13272,U+6892,梒,13,,60,structural
13273,U+6893,梓,34,,60,structural
13274,U+6894,梔,34,,60,structural
13275,U+6895,梕,10,,60,structural
13276,U+6896,梖,32,,60,structural
13277,U+6897,梗,2,,60,structural
13278,U+6898,梘,34,,60,structural
13279,U+6899,梙,59,,60,structural
13280,U+689A,梚,34,,60,structural
13281,U+689B,梛,34,,60,structural
13282,U+689C,梜,34,,60,structural
13283,U+689D,條,46,,60,structural
13284,U+689E,梞,34,,60,structural
13285,U+689F,梟,34,,60,structural
13286,U+68A0,梠,34,,60,structural
13287,U+68A1,梡,41,,60,structural
13288,U+68A2,梢,34,,60,structural
13289,U+68A3,梣,13,,60,structural
13290,U+68A4,梤,34,,60,structural
13291,U+68A5,梥,16,,60,structural
13292,U+68A6,梦,4,,60,structural
13293,U+68A7,梧,2,,60,structural
13294,U+68A8,梨,34,,60,structural
13295,U+68A9,梩,34,,60,structural
13296,U+68AA,梪,34,,60,structural
13297,U+68AB,梫,34,,60,structural
13298,U+68AC,梬,2,,60,structural
13299,U+68AD,梭,16,,60,structural
13300,U+68AE,梮,34,,60,structural
13301,U+68AF,梯,34,,60,structural
13302,U+68B0,械,34,,60,structural
13303,U+68B1,梱,34,,60,structural
13304,U+68B2,梲,47,,60,structural
13305,U+68B3,梳,34,,60,structural
13306,U+68B4,梴,10,,60,structural
13307,U+68B5,梵,34,,60,structural
13308,U+68B6,梶,34,,60,structural
13309,U+68B7,梷,34,,60,structural
13310,U+68B8,梸,34,,60,structural
13311,U+68B9,梹,25,,60,structural
13312,U+68BA,梺,2,,60,structural
13313,U+68BB,梻,46,,60,structural
13314,U+68BC,梼,43,,60,structural
13315,U+68BD,梽,34,,60,structural
13316,U+68BE,梾,34,,60,structural
13317,U+68BF,梿,34,,60,structural
13318,U+68C0,检,26,,60,structural
13319,U+68C1,棁,47,,60,structural
13320,U+68C2,棂,34,,60,structural
13321,U+68C3,棃,34,,60,structural
13322,U+68C4,棄,34,,60,structural
13323,U+68C5,棅,2,,60,structural
13324,U+68C6,棆,26,,60,structural
13325,U+68C7,棇,16,,60,structural
13326,U+68C8,棈,9,,60,structural
13327,U+68C9,棉,34,,60,structural
13328,U+68CA,棊,25,,60,structural
13329,U+68CB,棋,25,,60,structural
13330,U+68CC,棌,34,,60,structural
13331,U+68CD,棍,24,,60,structural
13332,U+68CE,棎,34,,60,structural
13333,U+68CF,棏,2,,60,structural
13334,U+68D0,棐,34,,60,structural
13335,U+68D1,棑,34,,60,structural
13336,U+68D2,棒,43,,60,structural
13337,U+68D3,棓,34,,60,structural
13338,U+68D4,棔,24,,60,structural
13339,U+68D5,棕,34,,60,structural
13340,U+68D6,棖,34,,60,structural
13341,U+68D7,棗,34,,60,structural
13342,U+68D8,棘,34,,60,structural
13343,U+68D9,棙,34,,60,structural
13344,U+68DA,棚,40,,60,structural
13345,U+68DB,棛,34,,60,structural
13346,U+68DC,棜,34,,60,structural
13347,U+68DD,棝,34,,60,structural
13348,U+68DE,棞,34,,60,structural
13349,U+68DF,棟,34,,60,structural
13350,U+68E0,棠,34,,60,structural
13351,U+68E1,棡,25,,60,structural
13352,U+68E2,棢,34,,60,structural
13353,U+68E3,棣,34,,60,structural
13354,U+68E4,棤,28,,60,structural
13355,U+68E5,棥,34,,60,structural
13356,U+68E6,棦,2,,60,structural
13357,U+68E7,棧,34,,60,structural
13358,U+68E8,棨,34,,60,structural
13359,U+68E9,棩,34,,60,structural
13360,U+68EA,棪,34,,60,structural
13361,U+68EB,棫,21,,60,structural
13362,U+68EC,棬,49,,60,structural
13363,U+68ED,棭,13,,60,structural
13364,U+68EE,森,34,,60,structural
13365,U+68EF,棯,13,,60,structural
13366,U+68F0,棰,2,,60,structural
13367,U+68F1,棱,16,,60,structural
13368,U+68F2,棲,2,,60,structural
13369,U+68F3,棳,34,,60,structural
13370,U+68F4,棴,34,,60,structural
13371,U+68F5,棵,24,,60,structural
13372,U+68F6,棶,34,,60,structural
13373,U+68F7,棷,0,,60,structural
13374,U+68F8,棸,0,,60,structural
13375,U+68F9,棹,24,,60,structural
13376,U+68FA,棺,34,,60,structural
13377,U+68FB,棻,58,,60,structural
13378,U+68FC,棼,58,,60,structural
13379,U+68FD,棽,13,,60,structural
13380,U+68FE,棾,34,,60,structural
13381,U+68FF,棿,34,,60,structural
13382,U+6900,椀,44,,60,structural
13383,U+6901,椁,1,,60,structural
13384,U+6902,椂,58,,60,structural
13385,U+6903,椃,34,,60,structural
13386,U+6904,椄,34,,60,structural
13387,U+6905,椅,52,,60,structural
13388,U+6906,椆,34,,60,structural
13389,U+6907,椇,25,,60,structural
13390,U+6908,椈,34,,60,structural
13391,U+6909,椉,34,,60,structural
13392,U+690A,椊,34,,60,structural
13393,U+690B,椋,1,,60,structural
13394,U+690C,椌,34,,60,structural
13395,U+690D,植,2,,60,structural
13396,U+690E,椎,34,,60,structural
13397,U+690F,椏,2,,60,structural
13398,U+6910,椐,34,,60,structural
13399,U+6911,椑,37,,60,structural
13400,U+6912,椒,2,,60,structural
13401,U+6913,椓,34,,60,structural
13402,U+6914,椔,34,,60,structural
13403,U+6915,椕,58,,60,structural
13404,U+6916,椖,34,,60,structural
13405,U+6917,椗,34,,60,structural
13406,U+6918,椘,34,,60,structural
13407,U+6919,椙,24,,60,structural
13408,U+691A,椚,34,,60,structural
13409,U+691B,椛,34,,60,structural
13410,U+691C,検,26,,60,structural
13411,U+691D,椝,49,,60,structural
13412,U+691E,椞,34,,60,structural
13413,U+691F,椟,34,,60,structural
13414,U+6920,椠,34,,60,structural
13415,U+6921,椡,34,,60,structural
13416,U+6922,椢,33,,60,structural
13417,U+6923,椣,34,,60,structural
13418,U+6924,椤,4,,60,structural
13419,U+6925,椥,34,,60,structural
13420,U+6926,椦,49,,60,structural
13421,U+6927,椧,26,,60,structural
13422,U+6928,椨,38,,60,structural
13423,U+6929,椩,26,,60,structural
13424,U+692A,椪,25,,60,structural
13425,U+692B,椫,25,,60,structural
13426,U+692C,椬,2,,60,structural
13427,U+692D,椭,34,,60,structural
13428,U+692E,椮,34,,60,structural
13429,U+692F,椯,34,,60,structural
13430,U+6930,椰,34,,60,structural
13431,U+6931,椱,24,,60,structural
13432,U+6932,椲,34,,60,structural
13433,U+6933,椳,2,,60,structural
13434,U+6934,椴,34,,60,structural
13435,U+6935,椵,34,,60,structural
13436,U+6936,椶,16,,60,structural
13437,U+6937,椷,21,,60,structural
13438,U+6938,椸,34,,60,structural
13439,U+6939,椹,34,,60,structural
13440,U+693A,椺,34,,60,structural
13441,U+693B,椻,31,,60,structural
13442,U+693C,椼,2,,60,structural
13443,U+693D,椽,34,,60,structural
13444,U+693E,椾,25,,60,structural
13445,U+693F,椿,24,,60,structural
13446,U+6940,楀,34,,60,structural
13447,U+6941,楁,34,,60,structural
13448,U+6942,楂,2,,60,structural
13449,U+6943,楃,34,,60,structural
13450,U+6944,楄,34,,60,structural
13451,U+6945,楅,34,,60,structural
13452,U+6946,楆,59,,60,structural
13453,U+6947,楇,34,,60,structural
13454,U+6948,楈,34,,60,structural
13455,U+6949,楉,34,,60,structural
13456,U+694A,楊,2,,60,structural
13457,U+694B,楋,34,,60,structural
13458,U+694C,楌,58,,60,structural
13459,U+694D,楍,34,,60,structural
13460,U+694E,楎,34,,60,structural
13461,U+694F,楏,34,,60,structural
13462,U+6950,楐,46,,60,structural
13463,U+6951,楑,2,,60,structural
13464,U+6952,楒,34,,60,structural
13465,U+6953,楓,34,,60,structural
13466,U+6954,楔,43,,60,structural
13467,U+6955,楕,34,,60,structural
13468,U+6956,楖,34,,60,structural
13469,U+6957,楗,34,,60,structural
13470,U+6958,楘,34,,60,structural
13471,U+6959,楙,34,,60,structural
13472,U+695A,楚,34,,60,structural
13473,U+695B,楛,34,,60,structural
13474,U+695C,楜,57,,60,structural
13475,U+695D,楝,34,,60,structural
13476,U+695E,楞,34,,60,structural
13477,U+695F,楟,52,,60,structural
13478,U+6960,楠,34,,60,structural
13479,U+6961,楡,26,,60,structural
13480,U+6962,楢,58,,60,structural
13481,U+6963,楣,34,,60,structural
13482,U+6964,楤,10,,60,structural
13483,U+6965,楥,2,,60,structural
13484,U+6966,楦,2,,60,structural
13485,U+6967,楧,34,,60,structural
13486,U+6968,楨,32,,60,structural
13487,U+6969,楩,2,,60,structural
13488,U+696A,楪,2,,60,structural
13489,U+696B,楫,34,,60,structural
13490,U+696C,楬,24,,60,structural
13491,U+696D,業,56,,60,structural
13492,U+696E,楮,24,,60,structural
13493,U+696F,楯,34,,60,structural
13494,U+6970,楰,34,,60,structural
13495,U+6971,楱,2,,60,structural
13496,U+6972,楲,2,,60,structural
13497,U+6973,楳,34,,60,structural
13498,U+6974,楴,53,,60,structural
13499,U+6975,極,52,,60,structural
13500,U+6976,楶,6,,60,structural
13501,U+6977,楷,34,,60,structural
13502,U+6978,楸,42,,60,structural
13503,U+6979,楹,34,,60,structural
13504,U+697A,楺,34,,60,structural
13505,U+697B,楻,33,,60,structural
13506,U+697C,楼,31,,60,structural
13507,U+697D,楽,34,,60,structural
13508,U+697E,楾,34,,60,structural
13509,U+697F,楿,34,,60,structural
13510,U+6980,榀,34,,60,structural
13511,U+6981,榁,34,,60,structural
13512,U+6982,概,34,,60,structural
13513,U+6983,榃,34,,60,structural
13514,U+6984,榄,34,,60,structural
13515,U+6985,榅,24,,60,structural
13516,U+6986,榆,26,,60,structural
13517,U+6987,榇,34,,60,structural
13518,U+6988,榈,34,,60,structural
13519,U+6989,榉,43,,60,structural
13520,U+698A,榊,34,,60,structural
13521,U+698B,榋,34,,60,structural
13522,U+698C,榌,34,,60,structural
13523,U+698D,榍,34,,60,structural
13524,U+698E,榎,34,,60,structural
13525,U+698F,榏,25,,60,structural
13526,U+6990,榐,28,,60,structural
13527,U+6991,榑,57,,60,structural
13528,U+6992,榒,34,,60,structural
13529,U+6993,榓,34,,60,structural
13530,U+6994,榔,34,,60,structural
13531,U+6995,榕,34,,60,structural
13532,U+6996,榖,2,,60,structural
13533,U+6997,榗,2,,60,structural
13534,U+6998,榘,34,,60,structural
13535,U+6999,榙,26,,60,structural
13536,U+699A,榚,34,,60,structural
13537,U+699B,榛,34,,60,structural
13538,U+699C,榜,58,,60,structural
13539,U+699D,榝,34,,60,structural
13540,U+699E,榞,34,,60,structural
13541,U+699F,榟,34,,60,structural
13542,U+69A0,榠,58,,60,structural
13543,U+69A1,榡,15,,60,structural
13544,U+69A2,榢,34,,60,structural
13545,U+69A3,榣,34,,60,structural
13546,U+69A4,榤,34,,60,structural
13547,U+69A5,榥,2,,60,structural
13548,U+69A6,榦,34,,60,structural
13549,U+69A7,榧,34,,60,structural
13550,U+69A8,榨,34,,60,structural
13551,U+69A9,榩,34,,60,structural
13552,U+69AA,榪,50,,60,structural
13553,U+69AB,榫,34,,60,structural
13554,U+69AC,榬,34,,60,structural
13555,U+69AD,榭,34,,60,structural
13556,U+69AE,榮,34,,60,structural
13557,U+69AF,榯,9,,60,structural
13558,U+69B0,榰,24,,60,structural
13559,U+69B1,榱,21,,60,structural
13560,U+69B2,榲,34,,60,structural
13561,U+69B3,榳,10,,60,structural
13562,U+69B4,榴,34,,60,structural
13563,U+69B5,榵,34,,60,structural
13564,U+69B6,榶,59,,60,structural
13565,U+69B7,榷,34,,60,structural
13566,U+69B8,榸,34,,60,structural
13567,U+69B9,榹,34,,60,structural
13568,U+69BA,榺,34,,60,structural
13569,U+69BB,榻,34,,60,structural
13570,U+69BC,榼,9,,60,structural
13571,U+69BD,榽,34,,60,structural
13572,U+69BE,榾,34,,60,structural
13573,U+69BF,榿,34,,60,structural
13574,U+69C0,槀,34,,60,structural
13575,U+69C1,槁,34,,60,structural
13576,U+69C2,槂,15,,60,structural
13577,U+69C3,槃,34,,60,structural
13578,U+69C4,槄,34,,60,structural
13579,U+69C5,槅,34,,60,structural
13580,U+69C6,槆,24,,60,structural
13581,U+69C7,槇,34,,60,structural
13582,U+69C8,槈,34,,60,structural
13583,U+69C9,槉,34,,60,structural
13584,U+69CA,槊,25,,60,structural
13585,U+69CB,構,34,,60,structural
13586,U+69CC,槌,34,,60,structural
13587,U+69CD,槍,26,,60,structural
13588,U+69CE,槎,34,,60,structural
13589,U+69CF,槏,25,,60,structural
13590,U+69D0,槐,34,,60,structural
13591,U+69D1,槑,34,,60,structural
13592,U+69D2,槒,34,,60,structural
13593,U+69D3,槓,32,,60,structural
13594,U+69D4,槔,37,,60,structural
13595,U+69D5,槕,24,,60,structural
13596,U+69D6,槖,34,,60,structural
13597,U+69D7,槗,34,,60,structural
13598,U+69D8,様,34,,60,structural
13599,U+69D9,槙,25,,60,structural
13600,U+69DA,槚,59,,60,structural
13601,U+69DB,槛,34,,60,structural
13602,U+69DC,槜,34,,60,structural
13603,U+69DD,槝,34,,60,structural
13604,U+69DE,槞,24,,60,structural
13605,U+69DF,槟,25,,60,structural
13606,U+69E0,槠,24,,60,structural
13607,U+69E1,槡,34,,60,structural
13608,U+69E2,槢,34,,60,structural
13609,U+69E3,槣,52,,60,structural
13610,U+69E4,槤,34,,60,structural
13611,U+69E5,槥,43,,60,structural
13612,U+69E6,槦,38,,60,structural
13613,U+69E7,槧,34,,60,structural
13614,U+69E8,槨,1,,60,structural
13615,U+69E9,槩,34,,60,structural
13616,U+69EA,槪,34,,60,structural
13617,U+69EB,槫,34,,60,structural
13618,U+69EC,槬,2,,60,structural
13619,U+69ED,槭,2,,60,structural
13620,U+69EE,槮,34,,60,structural
13621,U+69EF,槯,34,,60,structural
13622,U+69F0,槰,43,,60,structural
13623,U+69F1,槱,34,,60,structural
13624,U+69F2,槲,34,,60,structural
13625,U+69F3,槳,34,,60,structural
13626,U+69F4,槴,34,,60,structural
13627,U+69F5,槵,59,,60,structural
13628,U+69F6,槶,21,,60,structural
13629,U+69F7,槷,13,,60,structural
13630,U+69F8,槸,13,,60,structural
13631,U+69F9,槹,34,,60,structural
13632,U+69FA,槺,38,,60,structural
13633,U+69FB,槻,49,,60,structural
13634,U+69FC,槼,49,,60,structural
13635,U+69FD,槽,2,,60,structural
13636,U+69FE,槾,24,,60,structural
13637,U+69FF,槿,34,,60,structural
13638,U+6A00,樀,47,,60,structural
13639,U+6A01,樁,34,,60,structural
13640,U+6A02,樂,34,,60,structural
13641,U+6A03,樃,57,,60,structural
13642,U+6A04,樄,34,,60,structural
13643,U+6A05,樅,34,,60,structural
13644,U+6A06,樆,10,,60,structural
13645,U+6A07,樇,46,,60,structural
13646,U+6A08,樈,14,,60,structural
13647,U+6A09,樉,34,,60,structural
13648,U+6A0A,樊,34,,60,structural
13649,U+6A0B,樋,34,,60,structural
13650,U+6A0C,樌,32,,60,structural
13651,U+6A0D,樍,32,,60,structural
13652,U+6A0E,樎,41,,60,structural
13653,U+6A0F,樏,15,,60,structural
13654,U+6A10,樐,34,,60,structural
13655,U+6A11,樑,10,,60,structural
13656,U+6A12,樒,10,,60,structural
13657,U+6A13,樓,34,,60,structural
13658,U+6A14,樔,24,,60,structural
13659,U+6A15,樕,34,,60,structural
13660,U+6A16,樖,26,,60,structural
13661,U+6A17,樗,2,,60,structural
13662,U+6A18,樘,34,,60,structural
13663,U+6A19,標,59,,60,structural
13664,U+6A1A,樚,34,,60,structural
13665,U+6A1B,樛,46,,60,structural
13666,U+6A1C,樜,38,,60,structural
13667,U+6A1D,樝,2,,60,structural
13668,U+6A1E,樞,34,,60,structural
13669,U+6A1F,樟,24,,60,structural
13670,U+6A20,樠,34,,60,structural
13671,U+6A21,模,24,,60,structural
13672,U+6A22,樢,34,,60,structural
13673,U+6A23,樣,34,,60,structural
13674,U+6A24,樤,46,,60,structural
13675,U+6A25,樥,43,,60,structural
13676,U+6A26,樦,23,,60,structural
13677,U+6A27,樧,34,,60,structural
13678,U+6A28,樨,58,,60,structural
13679,U+6A29,権,34,,60,structural
13680,U+6A2A,横,34,,60,structural
13681,U+6A2B,樫,34,,60,structural
13682,U+6A2C,樬,10,,60,structural
13683,U+6A2D,樭,25,,60,structural
13684,U+6A2E,樮,59,,60,structural
13685,U+6A2F,樯,47,,60,structural
13686,U+6A30,樰,34,,60,structural
13687,U+6A31,樱,32,,60,structural
13688,U+6A32,樲,32,,60,structural
13689,U+6A33,樳,34,,60,structural
13690,U+6A34,樴,58,,60,structural
13691,U+6A35,樵,42,,60,structural
13692,U+6A36,樶,0,,60,structural
13693,U+6A37,樷,0,,60,structural
13694,U+6A38,樸,49,,60,structural
13695,U+6A39,樹,34,,60,structural
13696,U+6A3A,樺,34,,60,structural
13697,U+6A3B,樻,32,,60,structural
13698,U+6A3C,樼,34,,60,structural
13699,U+6A3D,樽,58,,60,structural
13700,U+6A3E,樾,34,,60,structural
13701,U+6A3F,樿,21,,60,structural
13702,U+6A40,橀,34,,60,structural
13703,U+6A41,橁,24,,60,structural
13704,U+6A42,橂,58,,60,structural
13705,U+6A43,橃,34,,60,structural
13706,U+6A44,橄,0,,60,structural
13707,U+6A45,橅,2,,60,structural
13708,U+6A46,橆,2,,60,structural
13709,U+6A47,橇,34,,60,structural
13710,U+6A48,橈,2,,60,structural
13711,U+6A49,橉,34,,60,structural
13712,U+6A4A,橊,2,,60,structural
13713,U+6A4B,橋,18,,60,structural
13714,U+6A4C,橌,34,,60,structural
13715,U+6A4D,橍,33,,60,structural
13716,U+6A4E,橎,34,,60,structural
13717,U+6A4F,橏,25,,60,structural
13718,U+6A50,橐,59,,60,structural
13719,U+6A51,橑,24,,60,structural
13720,U+6A52,橒,34,,60,structural
13721,U+6A53,橓,34,,60,structural
13722,U+6A54,橔,1,,60,structural
13723,U+6A55,橕,34,,60,structural
13724,U+6A56,橖,34,,60,structural
13725,U+6A57,橗,24,,60,structural
13726,U+6A58,橘,47,,60,structural
13727,U+6A59,橙,34,,60,structural
13728,U+6A5A,橚,34,,60,structural
13729,U+6A5B,橛,25,,60,structural
13730,U+6A5C,橜,25,,60,structural
13731,U+6A5D,橝,28,,60,structural
13732,U+6A5E,橞,34,,60,structural
13733,U+6A5F,機,34,,60,structural
13734,U+6A60,橠,4,,60,structural
13735,U+6A61,橡,34,,60,structural
13736,U+6A62,橢,34,,60,structural
13737,U+6A63,橣,34,,60,structural
13738,U+6A64,橤,34,,60,structural
13739,U+6A65,橥,24,,60,structural
13740,U+6A66,橦,34,,60,structural
13741,U+6A67,橧,34,,60,structural
13742,U+6A68,橨,32,,60,structural
13743,U+6A69,橩,34,,60,structural
13744,U+6A6A,橪,42,,60,structural
13745,U+6A6B,橫,34,,60,structural
13746,U+6A6C,橬,24,,60,structural
13747,U+6A6D,橭,34,,60,structural
13748,U+6A6E,橮,32,,60,structural
13749,U+6A6F,橯,34,,60,structural
13750,U+6A70,橰,34,,60,structural
13751,U+6A71,橱,34,,60,structural
13752,U+6A72,橲,34,,60,structural
13753,U+6A73,橳,49,,60,structural
13754,U+6A74,橴,15,,60,structural
13755,U+6A75,橵,28,,60,structural
13756,U+6A76,橶,34,,60,structural
13757,U+6A77,橷,34,,60,structural
13758,U+6A78,橸,24,,60,structural
13759,U+6A79,橹,55,,60,structural
13760,U+6A7A,橺,24,,60,structural
13761,U+6A7B,橻,2,,60,structural
13762,U+6A7C,橼,15,,60,structural
13763,U+6A7D,橽,34,,60,structural
13764,U+6A7E,橾,34,,60,structural
13765,U+6A7F,橿,2,,60,structural
13766,U+6A80,檀,21,,60,structural
13767,U+6A81,檁,1,,60,structural
13768,U+6A82,檂,34,,60,structural
13769,U+6A83,檃,34,,60,structural
13770,U+6A84,檄,34,,60,structural
13771,U+6A85,檅,2,,60,structural
13772,U+6A86,檆,34,,60,structural
13773,U+6A87,檇,34,,60,structural
13774,U+6A88,檈,34,,60,structural
13775,U+6A89,檉,33,,60,structural
13776,U+6A8A,檊,34,,60,structural
13777,U+6A8B,檋,28,,60,structural
13778,U+6A8C,檌,34,,60,structural
13779,U+6A8D,檍,14,,60,structural
13780,U+6A8E,檎,46,,60,structural
13781,U+6A8F,檏,2,,60,structural
13782,U+6A90,檐,5,,60,structural
13783,U+6A91,檑,34,,60,structural
13784,U+6A92,檒,34,,60,structural
13785,U+6A93,檓,34,,60,structural
13786,U+6A94,檔,34,,60,structural
13787,U+6A95,檕,34,,60,structural
13788,U+6A96,檖,58,,60,structural
13789,U+6A97,檗,34,,60,structural
13790,U+6A98,檘,34,,60,structural
13791,U+6A99,檙,34,,60,structural
13792,U+6A9A,檚,34,,60,structural
13793,U+6A9B,檛,34,,60,structural
13794,U+6A9C,檜,26,,60,structural
13795,U+6A9D,檝,34,,60,structural
13796,U+6A9E,檞,34,,60,structural
13797,U+6A9F,檟,59,,60,structural
13798,U+6AA0,檠,34,,60,structural
13799,U+6AA1,檡,9,,60,structural
13800,U+6AA2,檢,26,,60,structural
13801,U+6AA3,檣,34,,60,structural
13802,U+6AA4,檤,34,,60,structural
13803,U+6AA5,檥,34,,60,structural
13804,U+6AA6,檦,59,,60,structural
13805,U+6AA7,檧,10,,60,structural
13806,U+6AA8,檨,6,,60,structural
13807,U+6AA9,檩,1,,60,structural
13808,U+6AAA,檪,34,,60,structural
13809,U+6AAB,檫,34,,60,structural
13810,U+6AAC,檬,2,,60,structural
13811,U+6AAD,檭,34,,60,structural
13812,U+6AAE,檮,45,,60,structural
13813,U+6AAF,檯,34,,60,structural
13814,U+6AB0,檰,15,,60,structural
13815,U+6AB1,檱,25,,60,structural
13816,U+6AB2,檲,34,,60,structural
13817,U+6AB3,檳,41,,60,structural
13818,U+6AB4,檴,51,,60,structural
13819,U+6AB5,檵,34,,60,structural
13820,U+6AB6,檶,34,,60,structural
13821,U+6AB7,檷,53,,60,structural
13822,U+6AB8,檸,41,,60,structural
13823,U+6AB9,檹,52,,60,structural
13824,U+6ABA,檺,1,,60,structural
13825,U+6ABB,檻,34,,60,structural
13826,U+6ABC,檼,34,,60,structural
13827,U+6ABD,檽,34,,60,structural
13828,U+6ABE,檾,34,,60,structural
13829,U+6ABF,檿,34,,60,structural
13830,U+6AC0,櫀,25,,60,structural
13831,U+6AC1,櫁,10,,60,structural
13832,U+6AC2,櫂,34,,60,structural
13833,U+6AC3,櫃,32,,60,structural
13834,U+6AC4,櫄,34,,60,structural
13835,U+6AC5,櫅,34,,60,structural
13836,U+6AC6,櫆,34,,60,structural
13837,U+6AC7,櫇,19,,60,structural
13838,U+6AC8,櫈,34,,60,structural
13839,U+6AC9,櫉,34,,60,structural
13840,U+6ACA,櫊,34,,60,structural
13841,U+6ACB,櫋,34,,60,structural
13842,U+6ACC,櫌,34,,60,structural
13843,U+6ACD,櫍,7,,60,structural
13844,U+6ACE,櫎,38,,60,structural
13845,U+6ACF,櫏,59,,60,structural
13846,U+6AD0,櫐,34,,60,structural
13847,U+6AD1,櫑,34,,60,structural
13848,U+6AD2,櫒,34,,60,structural
13849,U+6AD3,櫓,55,,60,structural
13850,U+6AD4,櫔,34,,60,structural
13851,U+6AD5,櫕,49,,60,structural
13852,U+6AD6,櫖,34,,60,structural
13853,U+6AD7,櫗,34,,60,structural
13854,U+6AD8,櫘,43,,60,structural
13855,U+6AD9,櫙,34,,60,structural
13856,U+6ADA,櫚,34,,60,structural
13857,U+6ADB,櫛,23,,60,structural
13858,U+6ADC,櫜,59,,60,structural
13859,U+6ADD,櫝,32,,60,structural
13860,U+6ADE,櫞,15,,60,structural
13861,U+6ADF,櫟,34,,60,structural
13862,U+6AE0,櫠,38,,60,structural
13863,U+6AE1,櫡,24,,60,structural
13864,U+6AE2,櫢,34,,60,structural
13865,U+6AE3,櫣,34,,60,structural
13866,U+6AE4,櫤,25,,60,structural
13867,U+6AE5,櫥,38,,60,structural
13868,U+6AE6,櫦,38,,60,structural
13869,U+6AE7,櫧,24,,60,structural
13870,U+6AE8,櫨,34,,60,structural
13871,U+6AE9,櫩,34,,60,structural
13872,U+6AEA,櫪,34,,60,structural
13873,U+6AEB,櫫,24,,60,structural
13874,U+6AEC,櫬,34,,60,structural
13875,U+6AED,櫭,2,,60,structural
13876,U+6AEE,櫮,2,,60,structural
13877,U+6AEF,櫯,55,,60,structural
13878,U+6AF0,櫰,34,,60,structural
13879,U+6AF1,櫱,34,,60,structural
13880,U+6AF2,櫲,34,,60,structural
13881,U+6AF3,櫳,34,,60,structural
13882,U+6AF4,櫴,32,,60,structural
13883,U+6AF5,櫵,42,,60,structural
13884,U+6AF6,櫶,34,,60,structural
13885,U+6AF7,櫷,34,,60,structural
13886,U+6AF8,櫸,43,,60,structural
13887,U+6AF9,櫹,34,,60,structural
13888,U+6AFA,櫺,34,,60,structural
13889,U+6AFB,櫻,32,,60,structural
13890,U+6AFC,櫼,34,,60,structural
13891,U+6AFD,櫽,34,,60,structural
13892,U+6AFE,櫾,15,,60,structural
13893,U+6AFF,櫿,34,,60,structural
13894,U+6B00,欀,1,,60,structural
13895,U+6B01,欁,34,,60,structural
13896,U+6B02,欂,57,,60,structural
13897,U+6B03,欃,34,,60,structural
13898,U+6B04,欄,34,,60,structural
13899,U+6B05,欅,25,,60,structural
13900,U+6B06,欆,51,,60,structural
13901,U+6B07,欇,34,,60,structural
13902,U+6B08,欈,47,,60,structural
13903,U+6B09,欉,2,,60,structural
13904,U+6B0A,權,34,,60,structural
13905,U+6B0B,欋,34,,60,structural
13906,U+6B0C,欌,34,,60,structural
13907,U+6B0D,欍,34,,60,structural
13908,U+6B0E,欎,34,,60,structural
13909,U+6B0F,欏,15,,60,structural
13910,U+6B10,欐,34,,60,structural
13911,U+6B11,欑,32,,60,structural
13912,U+6B12,欒,5,,60,structural
13913,U+6B13,欓,34,,60,structural
13914,U+6B14,欔,51,,60,structural
13915,U+6B15,欕,34,,60,structural
13916,U+6B16,欖,2,,60,structural
13917,U+6B17,欗,34,,60,structural
13918,U+6B18,欘,58,,60,structural
13919,U+6B19,欙,15,,60,structural
13920,U+6B1A,欚,30,,60,structural
13921,U+6B1B,欛,34,,60,structural
13922,U+6B1C,欜,59,,60,structural
13923,U+6B1D,欝,34,,60,structural
13924,U+6B1E,欞,34,,60,structural
13925,U+6B1F,欟,34,,60,structural
13926,U+6B20,欠,6,,60,structural
13927,U+6B21,次,6,,60,structural
13928,U+6B22,欢,51,,60,structural
13929,U+6B23,欣,6,,60,structural
13930,U+6B24,欤,56,,60,structural
13931,U+6B25,欥,24,,60,structural
13932,U+6B26,欦,13,,60,structural
13933,U+6B27,欧,10,,60,structural
13934,U+6B28,欨,1,,60,structural
13935,U+6B29,欩,1,,60,structural
13936,U+6B2A,欪,6,,60,structural
13937,U+6B2B,欫,6,,60,structural
13938,U+6B2C,欬,46,,60,structural
13939,U+6B2D,欭,20,,60,structural
13940,U+6B2E,欮,25,,60,structural
13941,U+6B2F,欯,1,,60,structural
13942,U+6B30,欰,6,,60,structural
13943,U+6B31,欱,26,,60,structural
13944,U+6B32,欲,6,,60,structural
13945,U+6B33,欳,6,,60,structural
13946,U+6B34,欴,13,,60,structural
13947,U+6B35,欵,6,,60,structural
13948,U+6B36,欶,34,,60,structural
13949,U+6B37,欷,10,,60,structural
13950,U+6B38,欸,6,,60,structural
13951,U+6B39,欹,52,,60,structural
13952,U+6B3A,欺,25,,60,structural
13953,U+6B3B,欻,42,,60,structural
13954,U+6B3C,欼,51,,60,structural
13955,U+6B3D,欽,29,,60,structural
13956,U+6B3E,款,6,,60,structural
13957,U+6B3F,欿,6,,60,structural
13958,U+6B40,歀,34,,60,structural
13959,U+6B41,歁,6,,60,structural
13960,U+6B42,歂,11,,60,structural
13961,U+6B43,歃,37,,60,structural
13962,U+6B44,歄,1,,60,structural
13963,U+6B45,歅,59,,60,structural
13964,U+6B46,歆,14,,60,structural
13965,U+6B47,歇,24,,60,structural
13966,U+6B48,歈,26,,60,structural
13967,U+6B49,歉,25,,60,structural
13968,U+6B4A,歊,6,,60,structural
13969,U+6B4B,歋,6,,60,structural
13970,U+6B4C,歌,52,,60,structural
13971,U+6B4D,歍,42,,60,structural
13972,U+6B4E,歎,49,,60,structural
13973,U+6B4F,歏,1,,60,structural
13974,U+6B50,歐,1,,60,structural
13975,U+6B51,歑,10,,60,structural
13976,U+6B52,歒,47,,60,structural
13977,U+6B53,歓,6,,60,structural
13978,U+6B54,歔,56,,60,structural
13979,U+6B55,歕,32,,60,structural
13980,U+6B56,歖,1,,60,structural
13981,U+6B57,歗,6,,60,structural
13982,U+6B58,歘,42,,60,structural
13983,U+6B59,歙,26,,60,structural
13984,U+6B5A,歚,25,,60,structural
13985,U+6B5B,歛,26,,60,structural
13986,U+6B5C,歜,6,,60,structural
13987,U+6B5D,歝,9,,60,structural
13988,U+6B5E,歞,24,,60,structural
13989,U+6B5F,歟,25,,60,structural
13990,U+6B60,歠,51,,60,structural
13991,U+6B61,歡,36,,60,structural
13992,U+6B62,止,27,,60,structural
13993,U+6B63,正,56,,60,structural
13994,U+6B64,此,27,,60,structural
13995,U+6B65,步,27,,60,structural
13996,U+6B66,武,56,,60,structural
13997,U+6B67,歧,27,,60,structural
13998,U+6B68,歨,27,,60,structural
13999,U+6B69,歩,10,,60,structural
14000,U+6B6A,歪,56,,60,structural
14001,U+6B6B,歫,27,,60,structural
14002,U+6B6C,歬,27,,60,structural
14003,U+6B6D,歭,9,,60,structural
14004,U+6B6E,歮,27,,60,structural
14005,U+6B6F,歯,27,,60,structural
14006,U+6B70,歰,10,,60,structural
14007,U+6B71,歱,27,,60,structural
14008,U+6B72,歲,56,,60,structural
14009,U+6B73,歳,56,,60,structural
14010,U+6B74,歴,27,,60,structural
14011,U+6B75,歵,32,,60,structural
14012,U+6B76,歶,27,,60,structural
14013,U+6B77,歷,20,,60,structural
14014,U+6B78,歸,53,,60,structural
14015,U+6B79,歹,4,,60,structural
14016,U+6B7A,歺,4,,60,structural
14017,U+6B7B,死,27,,60,structural
14018,U+6B7C,歼,37,,60,structural
14019,U+6B7D,歽,27,,60,structural
14020,U+6B7E,歾,10,,60,structural
14021,U+6B7F,歿,51,,60,structural
14022,U+6B80,殀,18,,60,structural
14023,U+6B81,殁,27,,60,structural
14024,U+6B82,殂,56,,60,structural
14025,U+6B83,殃,20,,60,structural
14026,U+6B84,殄,46,,60,structural
14027,U+6B85,殅,27,,60,structural
14028,U+6B86,殆,1,,60,structural
14029,U+6B87,殇,27,,60,structural
14030,U+6B88,殈,27,,60,structural
14031,U+6B89,殉,24,,60,structural
14032,U+6B8A,殊,34,,60,structural
14033,U+6B8B,残,56,,60,structural
14034,U+6B8C,殌,56,,60,structural
14035,U+6B8D,殍,27,,60,structural
14036,U+6B8E,殎,46,,60,structural
14037,U+6B8F,殏,25,,60,structural
14038,U+6B90,殐,34,,60,structural
14039,U+6B91,殑,1,,60,structural
14040,U+6B92,殒,54,,60,structural
14041,U+6B93,殓,26,,60,structural
14042,U+6B94,殔,27,,60,structural
14043,U+6B95,殕,1,,60,structural
14044,U+6B96,殖,56,,60,structural
14045,U+6B97,殗,24,,60,structural
14046,U+6B98,殘,27,,60,structural
14047,U+6B99,殙,24,,60,structural
14048,U+6B9A,殚,25,,60,structural
14049,U+6B9B,殛,52,,60,structural
14050,U+6B9C,殜,2,,60,structural
14051,U+6B9D,殝,20,,60,structural
14052,U+6B9E,殞,54,,60,structural
14053,U+6B9F,殟,27,,60,structural
14054,U+6BA0,殠,27,,60,structural
14055,U+6BA1,殡,25,,60,structural
14056,U+6BA2,殢,53,,60,structural
14057,U+6BA3,殣,1,,60,structural
14058,U+6BA4,殤,27,,60,structural
14059,U+6BA5,殥,25,,60,structural
14060,U+6BA6,殦,22,,60,structural
14061,U+6BA7,殧,1,,60,structural
14062,U+6BA8,殨,32,,60,structural
14063,U+6BA9,殩,27,,60,structural
14064,U+6BAA,殪,27,,60,structural
14065,U+6BAB,殫,21,,60,structural
14066,U+6BAC,殬,9,,60,structural
14067,U+6BAD,殭,56,,60,structural
14068,U+6BAE,殮,26,,60,structural
14069,U+6BAF,殯,41,,60,structural
14070,U+6BB0,殰,32,,60,structural
14071,U+6BB1,殱,27,,60,structural
14072,U+6BB2,殲,46,,60,structural
14073,U+6BB3,殳,51,,60,structural
14074,U+6BB4,殴,10,,60,structural
14075,U+6BB5,段,27,,60,structural
14076,U+6BB6,殶,9,,60,structural
14077,U+6BB7,殷,10,,60,structural
14078,U+6BB8,殸,27,,60,structural
14079,U+6BB9,殹,27,,60,structural
14080,U+6BBA,殺,34,,60,structural
14081,U+6BBB,殻,27,,60,structural
14082,U+6BBC,殼,27,,60,structural
14083,U+6BBD,殽,10,,60,structural
14084,U+6BBE,殾,24,,60,structural
14085,U+6BBF,殿,27,,60,structural
14086,U+6BC0,毀,9,,60,structural
14087,U+6BC1,毁,27,,60,structural
14088,U+6BC2,毂,27,,60,structural
14089,U+6BC3,毃,27,,60,structural
14090,U+6BC4,毄,1,,60,structural
14091,U+6BC5,毅,27,,60,structural
14092,U+6BC6,毆,1,,60,structural
14093,U+6BC7,毇,27,,60,structural
14094,U+6BC8,毈,13,,60,structural
14095,U+6BC9,毉,46,,60,structural
14096,U+6BCA,毊,18,,60,structural
14097,U+6BCB,毋,27,,60,structural
14098,U+6BCE,毎,27,,60,structural
14099,U+6BCF,每,27,,60,structural
14100,U+6BD0,毐,27,,60,structural
14101,U+6BD1,毑,27,,60,structural
14102,U+6BD2,毒,9,,60,structural
14103,U+6BD3,毓,27,,60,structural
14104,U+6BD4,比,27,,60,structural
14105,U+6BD5,毕,27,,60,structural
14106,U+6BD6,毖,10,,60,structural
14107,U+6BD7,毗,11,,60,structural
14108,U+6BD8,毘,11,,60,structural
14109,U+6BD9,毙,27,,60,structural
14110,U+6BDA,毚,13,,60,structural
14111,U+6BDB,毛,10,,60,structural
14112,U+6BDC,毜,27,,60,structural
14113,U+6BDD,毝,27,,60,structural
14114,U+6BDE,毞,27,,60,structural
14115,U+6BDF,毟,10,,60,structural
14116,U+6BE0,毠,1,,60,structural
14117,U+6BE1,毡,1,,60,structural
14118,U+6BE2,毢,56,,60,structural
14119,U+6BE3,毣,27,,60,structural
14120,U+6BE4,毤,16,,60,structural
14121,U+6BE5,毥,24,,60,structural
14122,U+6BE6,毦,0,,60,structural
14123,U+6BE7,毧,27,,60,structural
14124,U+6BE8,毨,27,,60,structural
14125,U+6BE9,毩,27,,60,structural
14126,U+6BEA,毪,27,,60,structural
14127,U+6BEB,毫,1,,60,structural
14128,U+6BEC,毬,25,,60,structural
14129,U+6BED,毭,27,,60,structural
14130,U+6BEE,毮,10,,60,structural
14131,U+6BEF,毯,42,,60,structural
14132,U+6BF0,毰,1,,60,structural
14133,U+6BF1,毱,27,,60,structural
14134,U+6BF2,毲,51,,60,structural
14135,U+6BF3,毳,27,,60,structural
14136,U+6BF4,毴,27,,60,structural
14137,U+6BF5,毵,20,,60,structural
14138,U+6BF6,毶,20,,60,structural
14139,U+6BF7,毷,17,,60,structural
14140,U+6BF8,毸,11,,60,structural
14141,U+6BF9,毹,26,,60,structural
14142,U+6BFA,毺,26,,60,structural
14143,U+6BFB,毻,27,,60,structural
14144,U+6BFC,毼,24,,60,structural
14145,U+6BFD,毽,27,,60,structural
14146,U+6BFE,毾,27,,60,structural
14147,U+6BFF,毿,27,,60,structural
14148,U+6C00,氀,31,,60,structural
14149,U+6C01,氁,24,,60,structural
14150,U+6C02,氂,27,,60,structural
14151,U+6C03,氃,27,,60,structural
14152,U+6C04,氄,47,,60,structural
14153,U+6C05,氅,1,,60,structural
14154,U+6C06,氆,25,,60,structural
14155,U+6C07,氇,55,,60,structural
14156,U+6C08,氈,21,,60,structural
14157,U+6C09,氉,34,,60,structural
14158,U+6C0A,氊,21,,60,structural
14159,U+6C0B,氋,36,,60,structural
14160,U+6C0C,氌,55,,60,structural
14161,U+6C0D,氍,51,,60,structural
14162,U+6C0E,氎,11,,60,structural
14163,U+6C0F,氏,27,,60,structural
14164,U+6C10,氐,13,,60,structural
14165,U+6C12,氒,27,,60,structural
14166,U+6C13,氓,27,,60,structural
14167,U+6C14,气,56,,60,structural
14168,U+6C15,氕,10,,60,structural
14169,U+6C16,氖,10,,60,structural
14170,U+6C17,気,10,,60,structural
14171,U+6C18,氘,10,,60,structural
14172,U+6C19,氙,11,,60,structural
14173,U+6C1A,氚,27,,60,structural
14174,U+6C1B,氛,58,,60,structural
14175,U+6C1C,氜,24,,60,structural
14176,U+6C1D,氝,46,,60,structural
14177,U+6C1E,氞,26,,60,structural
14178,U+6C1F,氟,10,,60,structural
14179,U+6C20,氠,11,,60,structural
14180,U+6C21,氡,27,,60,structural
14181,U+6C22,氢,27,,60,structural
14182,U+6C23,氣,27,,60,structural
14183,U+6C24,氤,20,,60,structural
14184,U+6C25,氥,56,,60,structural
14185,U+6C26,氦,46,,60,structural
14186,U+6C27,氧,27,,60,structural
14187,U+6C28,氨,31,,60,structural
14188,U+6C29,氩,56,,60,structural
14189,U+6C2A,氪,1,,60,structural
14190,U+6C2B,氫,56,,60,structural
14191,U+6C2C,氬,56,,60,structural
14192,U+6C2D,氭,34,,60,structural
14193,U+6C2E,氮,42,,60,structural
14194,U+6C2F,氯,58,,60,structural
14195,U+6C30,氰,9,,60,structural
14196,U+6C31,氱,56,,60,structural
14197,U+6C32,氲,24,,60,structural
14198,U+6C33,氳,27,,60,structural
14199,U+6C34,水,10,,60,structural
14200,U+6C35,氵,12,,60,structural
14201,U+6C36,氶,12,,60,structural
14202,U+6C37,氷,12,,60,structural
14203,U+6C39,氹,12,,60,structural
14204,U+6C3A,氺,58,,60,structural
14205,U+6C3B,氻,12,,60,structural
14206,U+6C3C,氼,12,,60,structural
14207,U+6C3D,氽,12,,60,structural
14208,U+6C3E,氾,12,,60,structural
14209,U+6C3F,氿,12,,60,structural
14210,U+6C40,汀,52,,60,structural
14211,U+6C41,汁,12,,60,structural
14212,U+6C42,求,25,,60,structural
14213,U+6C43,汃,12,,60,structural
14214,U+6C44,汄,12,,60,structural
14215,U+6C45,汅,12,,60,structural
14216,U+6C46,汆,12,,60,structural
14217,U+6C47,汇,12,,60,structural
14218,U+6C48,汈,12,,60,structural
14219,U+6C49,汉,12,,60,structural
14220,U+6C4A,汊,39,,60,structural
14221,U+6C4B,汋,12,,60,structural
14222,U+6C4C,汌,12,,60,structural
14223,U+6C4D,汍,13,,60,structural
14224,U+6C4E,汎,12,,60,structural
14225,U+6C4F,汏,12,,60,structural
14226,U+6C50,汐,12,,60,structural
14227,U+6C51,汑,10,,60,structural
14228,U+6C52,汒,12,,60,structural
14229,U+6C53,汓,12,,60,structural
14230,U+6C54,汔,12,,60,structural
14231,U+6C55,汕,12,,60,structural
14232,U+6C56,汖,12,,60,structural
14233,U+6C57,汗,12,,60,structural
14234,U+6C58,汘,37,,60,structural
14235,U+6C59,汙,12,,60,structural
14236,U+6C5A,汚,12,,60,structural
14237,U+6C5B,汛,12,,60,structural
14238,U+6C5C,汜,12,,60,structural
14239,U+6C5D,汝,31,,60,structural
14240,U+6C5E,汞,12,,60,structural
14241,U+6C5F,江,12,,60,structural
14242,U+6C60,池,12,,60,structural
14243,U+6C61,污,12,,60,structural
14244,U+6C62,汢,12,,60,structural
14245,U+6C63,汣,10,,60,structural
14246,U+6C64,汤,12,,60,structural
14247,U+6C65,汥,12,,60,structural
14248,U+6C66,汦,12,,60,structural
14249,U+6C67,汧,12,,60,structural
14250,U+6C68,汨,8,,60,structural
14251,U+6C69,汩,12,,60,structural
14252,U+6C6A,汪,33,,60,structural
14253,U+6C6B,汫,12,,60,structural
14254,U+6C6C,汬,12,,60,structural
14255,U+6C6D,汭,12,,60,structural
14256,U+6C6E,汮,12,,60,structural
14257,U+6C6F,汯,12,,60,structural
14258,U+6C70,汰,12,,60,structural
14259,U+6C71,汱,12,,60,structural
14260,U+6C72,汲,12,,60,structural
14261,U+6C73,汳,12,,60,structural
14262,U+6C74,汴,12,,60,structural
14263,U+6C75,汵,13,,60,structural
14264,U+6C76,汶,12,,60,structural
14265,U+6C77,汷,12,,60,structural
14266,U+6C78,汸,12,,60,structural
14267,U+6C79,汹,10,,60,structural
14268,U+6C7A,決,12,,60,structural
14269,U+6C7B,汻,12,,60,structural
14270,U+6C7C,汼,12,,60,structural
14271,U+6C7D,汽,12,,60,structural
14272,U+6C7E,汾,58,,60,structural
14273,U+6C7F,汿,12,,60,structural
14274,U+6C80,沀,12,,60,structural
14275,U+6C81,沁,12,,60,structural
14276,U+6C82,沂,12,,60,structural
14277,U+6C83,沃,18,,60,structural
14278,U+6C84,沄,12,,60,structural
14279,U+6C85,沅,56,,60,structural
14280,U+6C86,沆,12,,60,structural
14281,U+6C87,沇,12,,60,structural
14282,U+6C88,沈,12,,60,structural
14283,U+6C89,沉,12,,60,structural
14284,U+6C8A,沊,12,,60,structural
14285,U+6C8B,沋,12,,60,structural
14286,U+6C8C,沌,10,,60,structural
14287,U+6C8D,沍,12,,60,structural
14288,U+6C8E,沎,12,,60,structural
14289,U+6C8F,沏,12,,60,structural
14290,U+6C90,沐,34,,60,structural
14291,U+6C91,沑,12,,60,structural
14292,U+6C92,沒,12,,60,structural
14293,U+6C93,沓,8,,60,structural
14294,U+6C94,沔,12,,60,structural
14295,U+6C95,沕,10,,60,structural
14296,U+6C96,沖,59,,60,structural
14297,U+6C97,沗,25,,60,structural
14298,U+6C98,沘,12,,60,structural
14299,U+6C99,沙,10,,60,structural
14300,U+6C9A,沚,12,,60,structural
14301,U+6C9B,沛,53,,60,structural
14302,U+6C9C,沜,12,,60,structural
14303,U+6C9D,沝,12,,60,structural
14304,U+6C9E,沞,53,,60,structural
14305,U+6C9F,沟,12,,60,structural
14306,U+6CA0,沠,12,,60,structural
14307,U+6CA1,没,12,,60,structural
14308,U+6CA2,沢,12,,60,structural
14309,U+6CA3,沣,43,,60,structural
14310,U+6CA4,沤,10,,60,structural
14311,U+6CA5,沥,12,,60,structural
14312,U+6CA6,沦,12,,60,structural
14313,U+6CA7,沧,12,,60,structural
14314,U+6CA8,沨,12,,60,structural
14315,U+6CA9,沩,12,,60,structural
14316,U+6CAA,沪,12,,60,structural
14317,U+6CAB,沫,34,,60,structural
14318,U+6CAC,沬,34,,60,structural
14319,U+6CAD,沭,34,,60,structural
14320,U+6CAE,沮,12,,60,structural
14321,U+6CAF,沯,12,,60,structural
14322,U+6CB0,沰,12,,60,structural
14323,U+6CB1,沱,12,,60,structural
14324,U+6CB2,沲,12,,60,structural
14325,U+6CB3,河,52,,60,structural
14326,U+6CB4,沴,46,,60,structural
14327,U+6CB5,沵,12,,60,structural
14328,U+6CB6,沶,12,,60,structural
14329,U+6CB7,沷,39,,60,structural
14330,U+6CB8,沸,10,,60,structural
14331,U+6CB9,油,12,,60,structural
14332,U+6CBA,沺,12,,60,structural
14333,U+6CBB,治,12,,60,structural
14334,U+6CBC,沼,12,,60,structural
14335,U+6CBD,沽,12,,60,structural
14336,U+6CBE,沾,12,,60,structural
14337,U+6CBF,沿,12,,60,structural
14338,U+6CC0,泀,12,,60,structural
14339,U+6CC1,況,12,,60,structural
14340,U+6CC2,泂,12,,60,structural
14341,U+6CC3,泃,12,,60,structural
14342,U+6CC4,泄,12,,60,structural
14343,U+6CC5,泅,12,,60,structural
14344,U+6CC6,泆,49,,60,structural
14345,U+6CC7,泇,12,,60,structural
14346,U+6CC8,泈,12,,60,structural
14347,U+6CC9,泉,12,,60,structural
14348,U+6CCA,泊,12,,60,structural
14349,U+6CCB,泋,12,,60,structural
14350,U+6CCC,泌,10,,60,structural
14351,U+6CCD,泍,34,,60,structural
14352,U+6CCE,泎,10,,60,structural
14353,U+6CCF,泏,12,,60,structural
14354,U+6CD0,泐,12,,60,structural
14355,U+6CD1,泑,12,,60,structural
14356,U+6CD2,泒,12,,60,structural
14357,U+6CD3,泓,12,,60,structural
14358,U+6CD4,泔,12,,60,structural
14359,U+6CD5,法,9,,60,structural
14360,U+6CD6,泖,12,,60,structural
14361,U+6CD7,泗,12,,60,structural
14362,U+6CD8,泘,10,,60,structural
14363,U+6CD9,泙,12,,60,structural
14364,U+6CDA,泚,12,,60,structural
14365,U+6CDB,泛,10,,60,structural
14366,U+6CDC,泜,12,,60,structural
14367,U+6CDD,泝,12,,60,structural
14368,U+6CDE,泞,41,,60,structural
14369,U+6CDF,泟,12,,60,structural
14370,U+6CE0,泠,13,,60,structural
14371,U+6CE1,泡,12,,60,structural
14372,U+6CE2,波,12,,60,structural
14373,U+6CE3,泣,12,,60,structural
14374,U+6CE4,泤,12,,60,structural
14375,U+6CE5,泥,12,,60,structural
14376,U+6CE6,泦,12,,60,structural
14377,U+6CE7,泧,12,,60,structural
14378,U+6CE8,注,9,,60,structural
14379,U+6CE9,泩,12,,60,structural
14380,U+6CEA,泪,12,,60,structural
14381,U+6CEB,泫,12,,60,structural
14382,U+6CEC,泬,12,,60,structural
14383,U+6CED,泭,12,,60,structural
14384,U+6CEE,泮,43,,60,structural
14385,U+6CEF,泯,12,,60,structural
14386,U+6CF0,泰,12,,60,structural
14387,U+6CF1,泱,12,,60,structural
14388,U+6CF2,泲,12,,60,structural
14389,U+6CF3,泳,12,,60,structural
14390,U+6CF4,泴,12,,60,structural
14391,U+6CF5,泵,12,,60,structural
14392,U+6CF6,泶,12,,60,structural
14393,U+6CF7,泷,12,,60,structural
14394,U+6CF8,泸,12,,60,structural
14395,U+6CF9,泹,8,,60,structural
14396,U+6CFA,泺,10,,60,structural
14397,U+6CFB,泻,12,,60,structural
14398,U+6CFC,泼,12,,60,structural
14399,U+6CFD,泽,12,,60,structural
14400,U+6CFE,泾,12,,60,structural
14401,U+6CFF,泿,12,,60,structural
14402,U+6D00,洀,12,,60,structural
14403,U+6D01,洁,12,,60,structural
14404,U+6D02,洂,12,,60,structural
14405,U+6D03,洃,42,,60,structural
14406,U+6D04,洄,12,,60,structural
14407,U+6D05,洅,12,,60,structural
14408,U+6D06,洆,12,,60,structural
14409,U+6D07,洇,12,,60,structural
14410,U+6D08,洈,12,,60,structural
14411,U+6D09,洉,12,,60,structural
14412,U+6D0A,洊,12,,60,structural
14413,U+6D0B,洋,12,,60,structural
14414,U+6D0C,洌,12,,60,structural
14415,U+6D0D,洍,12,,60,structural
14416,U+6D0E,洎,12,,60,structural
14417,U+6D0F,洏,12,,60,structural
14418,U+6D10,洐,12,,60,structural
14419,U+6D11,洑,12,,60,structural
14420,U+6D12,洒,12,,60,structural
14421,U+6D13,洓,34,,60,structural
14422,U+6D14,洔,9,,60,structural
14423,U+6D15,洕,12,,60,structural
14424,U+6D16,洖,21,,60,structural
14425,U+6D17,洗,12,,60,structural
14426,U+6D18,洘,12,,60,structural
14427,U+6D19,洙,34,,60,structural
14428,U+6D1A,洚,12,,60,structural
14429,U+6D1B,洛,12,,60,structural
14430,U+6D1C,洜,12,,60,structural
14431,U+6D1D,洝,31,,60,structural
14432,U+6D1E,洞,12,,60,structural
14433,U+6D1F,洟,12,,60,structural
14434,U+6D20,洠,12,,60,structural
14435,U+6D21,洡,12,,60,structural
14436,U+6D22,洢,26,,60,structural
14437,U+6D23,洣,12,,60,structural
14438,U+6D24,洤,33,,60,structural
14439,U+6D25,津,12,,60,structural
14440,U+6D26,洦,12,,60,structural
14441,U+6D27,洧,12,,60,structural
14442,U+6D28,洨,12,,60,structural
14443,U+6D29,洩,12,,60,structural
14444,U+6D2A,洪,28,,60,structural
14445,U+6D2B,洫,12,,60,structural
14446,U+6D2C,洬,12,,60,structural
14447,U+6D2D,洭,33,,60,structural
14448,U+6D2E,洮,12,,60,structural
14449,U+6D2F,洯,43,,60,structural
14450,U+6D30,洰,12,,60,structural
14451,U+6D31,洱,12,,60,structural
14452,U+6D32,洲,12,,60,structural
14453,U+6D33,洳,31,,60,structural
14454,U+6D34,洴,25,,60,structural
14455,U+6D35,洵,8,,60,structural
14456,U+6D36,洶,10,,60,structural
14457,U+6D37,洷,12,,60,structural
14458,U+6D38,洸,56,,60,structural
14459,U+6D39,洹,8,,60,structural
14460,U+6D3A,洺,4,,60,structural
14461,U+6D3B,活,12,,60,structural
14462,U+6D3C,洼,12,,60,structural
14463,U+6D3D,洽,26,,60,structural
14464,U+6D3E,派,12,,60,structural
14465,U+6D3F,洿,12,,60,structural
14466,U+6D40,浀,12,,60,structural
14467,U+6D41,流,12,,60,structural
14468,U+6D42,浂,25,,60,structural
14469,U+6D43,浃,49,,60,structural
14470,U+6D44,浄,52,,60,structural
14471,U+6D45,浅,12,,60,structural
14472,U+6D46,浆,4,,60,structural
14473,U+6D47,浇,56,,60,structural
14474,U+6D48,浈,32,,60,structural
14475,U+6D49,浉,53,,60,structural
14476,U+6D4A,浊,30,,60,structural
14477,U+6D4B,测,32,,60,structural
14478,U+6D4C,浌,12,,60,structural
14479,U+6D4D,浍,49,,60,structural
14480,U+6D4E,济,12,,60,structural
14481,U+6D4F,浏,12,,60,structural
14482,U+6D50,浐,58,,60,structural
14483,U+6D51,浑,12,,60,structural
14484,U+6D52,浒,5,,60,structural
14485,U+6D53,浓,12,,60,structural
14486,U+6D54,浔,12,,60,structural
14487,U+6D55,浕,12,,60,structural
14488,U+6D56,浖,12,,60,structural
14489,U+6D57,浗,25,,60,structural
14490,U+6D58,浘,12,,60,structural
14491,U+6D59,浙,3,,60,structural
14492,U+6D5A,浚,16,,60,structural
14493,U+6D5B,浛,13,,60,structural
14494,U+6D5C,浜,25,,60,structural
14495,U+6D5D,浝,12,,60,structural
14496,U+6D5E,浞,12,,60,structural
14497,U+6D5F,浟,46,,60,structural
14498,U+6D60,浠,10,,60,structural
14499,U+6D61,浡,12,,60,structural
14500,U+6D62,浢,12,,60,structural
14501,U+6D63,浣,41,,60,structural
14502,U+6D64,浤,12,,60,structural
14503,U+6D65,浥,12,,60,structural
14504,U+6D66,浦,57,,60,structural
14505,U+6D67,浧,33,,60,structural
14506,U+6D68,浨,34,,60,structural
14507,U+6D69,浩,12,,60,structural
14508,U+6D6A,浪,12,,60,structural
14509,U+6D6B,浫,12,,60,structural
14510,U+6D6C,浬,12,,60,structural
14511,U+6D6D,浭,8,,60,structural
14512,U+6D6E,浮,12,,60,structural
14513,U+6D6F,浯,21,,60,structural
14514,U+6D70,浰,12,,60,structural
14515,U+6D71,浱,12,,60,structural
14516,U+6D72,浲,43,,60,structural
14517,U+6D73,浳,12,,60,structural
14518,U+6D74,浴,12,,60,structural
14519,U+6D75,浵,12,,60,structural
14520,U+6D76,浶,12,,60,structural
14521,U+6D77,海,12,,60,structural
14522,U+6D78,浸,12,,60,structural
14523,U+6D79,浹,12,,60,structural
14524,U+6D7A,浺,59,,60,structural
14525,U+6D7B,浻,47,,60,structural
14526,U+6D7C,浼,12,,60,structural
14527,U+6D7D,浽,31,,60,structural
14528,U+6D7E,浾,12,,60,structural
14529,U+6D7F,浿,32,,60,structural
14530,U+6D80,涀,12,,60,structural
14531,U+6D81,涁,34,,60,structural
14532,U+6D82,涂,26,,60,structural
14533,U+6D83,涃,34,,60,structural
14534,U+6D84,涄,12,,60,structural
14535,U+6D85,涅,8,,60,structural
14536,U+6D86,涆,8,,60,structural
14537,U+6D87,涇,12,,60,structural
14538,U+6D88,消,12,,60,structural
14539,U+6D89,涉,12,,60,structural
14540,U+6D8A,涊,10,,60,structural
14541,U+6D8B,涋,12,,60,structural
14542,U+6D8C,涌,12,,60,structural
14543,U+6D8D,涍,12,,60,structural
14544,U+6D8E,涎,10,,60,structural
14545,U+6D8F,涏,10,,60,structural
14546,U+6D90,涐,12,,60,structural
14547,U+6D91,涑,34,,60,structural
14548,U+6D92,涒,21,,60,structural
14549,U+6D93,涓,12,,60,structural
14550,U+6D94,涔,13,,60,structural
14551,U+6D95,涕,12,,60,structural
14552,U+6D96,涖,12,,60,structural
14553,U+6D97,涗,47,,60,structural
14554,U+6D98,涘,12,,60,structural
14555,U+6D99,涙,12,,60,structural
14556,U+6D9A,涚,47,,60,structural
14557,U+6D9B,涛,43,,60,structural
14558,U+6D9C,涜,12,,60,structural
14559,U+6D9D,涝,12,,60,structural
14560,U+6D9E,涞,34,,60,structural
14561,U+6D9F,涟,12,,60,structural
14562,U+6DA0,涠,12,,60,structural
14563,U+6DA1,涡,12,,60,structural
14564,U+6DA2,涢,54,,60,structural
14565,U+6DA3,涣,12,,60,structural
14566,U+6DA4,涤,34,,60,structural
14567,U+6DA5,涥,1,,60,structural
14568,U+6DA6,润,33,,60,structural
14569,U+6DA7,涧,8,,60,structural
14570,U+6DA8,涨,12,,60,structural
14571,U+6DA9,涩,10,,60,structural
14572,U+6DAA,涪,12,,60,structural
14573,U+6DAB,涫,12,,60,structural
14574,U+6DAC,涬,12,,60,structural
14575,U+6DAD,涭,12,,60,structural
14576,U+6DAE,涮,12,,60,structural
14577,U+6DAF,涯,12,,60,structural
14578,U+6DB0,涰,12,,60,structural
14579,U+6DB1,涱,12,,60,structural
14580,U+6DB2,液,13,,60,structural
14581,U+6DB3,涳,12,,60,structural
14582,U+6DB4,涴,44,,60,structural
14583,U+6DB5,涵,58,,60,structural
14584,U+6DB6,涶,56,,60,structural
14585,U+6DB7,涷,34,,60,structural
14586,U+6DB8,涸,12,,60,structural
14587,U+6DB9,涹,31,,60,structural
14588,U+6DBA,涺,12,,60,structural
14589,U+6DBB,涻,12,,60,structural
14590,U+6DBC,涼,1,,60,structural
14591,U+6DBD,涽,8,,60,structural
14592,U+6DBE,涾,8,,60,structural
14593,U+6DBF,涿,12,,60,structural
14594,U+6DC0,淀,12,,60,structural
14595,U+6DC1,淁,31,,60,structural
14596,U+6DC2,淂,8,,60,structural
14597,U+6DC3,淃,49,,60,structural
14598,U+6DC4,淄,12,,60,structural
14599,U+6DC5,淅,34,,60,structural
14600,U+6DC6,淆,10,,60,structural
14601,U+6DC7,淇,25,,60,structural
14602,U+6DC8,淈,12,,60,structural
14603,U+6DC9,淉,8,,60,structural
14604,U+6DCA,淊,12,,60,structural
14605,U+6DCB,淋,34,,60,structural
14606,U+6DCC,淌,12,,60,structural
14607,U+6DCD,淍,12,,60,structural
14608,U+6DCE,淎,43,,60,structural
14609,U+6DCF,淏,8,,60,structural
14610,U+6DD0,淐,8,,60,structural
14611,U+6DD1,淑,12,,60,structural
14612,U+6DD2,淒,31,,60,structural
14613,U+6DD3,淓,12,,60,structural
14614,U+6DD4,淔,12,,60,structural
14615,U+6DD5,淕,12,,60,structural
14616,U+6DD6,淖,8,,60,structural
14617,U+6DD7,淗,12,,60,structural
14618,U+6DD8,淘,12,,60,structural
14619,U+6DD9,淙,12,,60,structural
14620,U+6DDA,淚,12,,60,structural
14621,U+6DDB,淛,12,,60,structural
14622,U+6DDC,淜,40,,60,structural
14623,U+6DDD,淝,40,,60,structural
14624,U+6DDE,淞,16,,60,structural
14625,U+6DDF,淟,12,,60,structural
14626,U+6DE0,淠,56,,60,structural
14627,U+6DE1,淡,42,,60,structural
14628,U+6DE2,淢,21,,60,structural
14629,U+6DE3,淣,12,,60,structural
14630,U+6DE4,淤,12,,60,structural
14631,U+6DE5,淥,58,,60,structural
14632,U+6DE6,淦,12,,60,structural
14633,U+6DE7,淧,10,,60,structural
14634,U+6DE8,淨,52,,60,structural
14635,U+6DE9,淩,16,,60,structural
14636,U+6DEA,淪,26,,60,structural
14637,U+6DEB,淫,10,,60,structural
14638,U+6DEC,淬,12,,60,structural
14639,U+6DED,淭,34,,60,structural
14640,U+6DEE,淮,12,,60,structural
14641,U+6DEF,淯,12,,60,structural
14642,U+6DF0,淰,13,,60,structural
14643,U+6DF1,深,34,,60,structural
14644,U+6DF2,淲,12,,60,structural
14645,U+6DF3,淳,1,,60,structural
14646,U+6DF4,淴,10,,60,structural
14647,U+6DF5,淵,12,,60,structural
14648,U+6DF6,淶,34,,60,structural
14649,U+6DF7,混,8,,60,structural
14650,U+6DF8,淸,12,,60,structural
14651,U+6DF9,淹,8,,60,structural
14652,U+6DFA,淺,12,,60,structural
14653,U+6DFB,添,12,,60,structural
14654,U+6DFC,淼,12,,60,structural
14655,U+6DFD,淽,12,,60,structural
14656,U+6DFE,淾,12,,60,structural
14657,U+6DFF,淿,12,,60,structural
14658,U+6E00,渀,12,,60,structural
14659,U+6E01,渁,12,,60,structural
14660,U+6E02,渂,8,,60,structural
14661,U+6E03,渃,36,,60,structural
14662,U+6E04,渄,12,,60,structural
14663,U+6E05,清,9,,60,structural
14664,U+6E06,渆,12,,60,structural
14665,U+6E07,渇,8,,60,structural
14666,U+6E08,済,43,,60,structural
14667,U+6E09,渉,10,,60,structural
14668,U+6E0A,渊,12,,60,structural
14669,U+6E0B,渋,12,,60,structural
14670,U+6E0C,渌,58,,60,structural
14671,U+6E0D,渍,32,,60,structural
14672,U+6E0E,渎,12,,60,structural
14673,U+6E0F,渏,52,,60,structural
14674,U+6E10,渐,12,,60,structural
14675,U+6E11,渑,12,,60,structural
14676,U+6E12,渒,37,,60,structural
14677,U+6E13,渓,49,,60,structural
14678,U+6E14,渔,12,,60,structural
14679,U+6E15,渕,25,,60,structural
14680,U+6E16,渖,12,,60,structural
14681,U+6E17,渗,12,,60,structural
14682,U+6E18,渘,34,,60,structural
14683,U+6E19,渙,12,,60,structural
14684,U+6E1A,渚,8,,60,structural
14685,U+6E1B,減,21,,60,structural
14686,U+6E1C,渜,12,,60,structural
14687,U+6E1D,渝,26,,60,structural
14688,U+6E1E,渞,12,,60,structural
14689,U+6E1F,渟,52,,60,structural
14690,U+6E20,渠,34,,60,structural
14691,U+6E21,渡,38,,60,structural
14692,U+6E22,渢,12,,60,structural
14693,U+6E23,渣,2,,60,structural
14694,U+6E24,渤,12,,60,structural
14695,U+6E25,渥,12,,60,structural
14696,U+6E26,渦,12,,60,structural
14697,U+6E27,渧,53,,60,structural
14698,U+6E28,渨,56,,60,structural
14699,U+6E29,温,8,,60,structural
14700,U+6E2A,渪,12,,60,structural
14701,U+6E2B,渫,2,,60,structural
14702,U+6E2C,測,32,,60,structural
14703,U+6E2D,渭,12,,60,structural
14704,U+6E2E,渮,52,,60,structural
14705,U+6E2F,港,28,,60,structural
14706,U+6E30,渰,26,,60,structural
14707,U+6E31,渱,30,,60,structural
14708,U+6E32,渲,8,,60,structural
14709,U+6E33,渳,12,,60,structural
14710,U+6E34,渴,8,,60,structural
14711,U+6E35,渵,12,,60,structural
14712,U+6E36,渶,12,,60,structural
14713,U+6E37,渷,47,,60,structural
14714,U+6E38,游,12,,60,structural
14715,U+6E39,渹,5,,60,structural
14716,U+6E3A,渺,10,,60,structural
14717,U+6E3B,渻,10,,60,structural
14718,U+6E3C,渼,12,,60,structural
14719,U+6E3D,渽,12,,60,structural
14720,U+6E3E,渾,12,,60,structural
14721,U+6E3F,渿,34,,60,structural
14722,U+6E40,湀,12,,60,structural
14723,U+6E41,湁,26,,60,structural
14724,U+6E42,湂,21,,60,structural
14725,U+6E43,湃,43,,60,structural
14726,U+6E44,湄,12,,60,structural
14727,U+6E45,湅,34,,60,structural
14728,U+6E46,湆,12,,60,structural
14729,U+6E47,湇,12,,60,structural
14730,U+6E48,湈,34,,60,structural
14731,U+6E49,湉,12,,60,structural
14732,U+6E4A,湊,12,,60,structural
14733,U+6E4B,湋,12,,60,structural
14734,U+6E4C,湌,12,,60,structural
14735,U+6E4D,湍,12,,60,structural
14736,U+6E4E,湎,12,,60,structural
14737,U+6E4F,湏,19,,60,structural
14738,U+6E50,湐,34,,60,structural
14739,U+6E51,湑,12,,60,structural
14740,U+6E52,湒,12,,60,structural
14741,U+6E53,湓,58,,60,structural
14742,U+6E54,湔,25,,60,structural
14743,U+6E55,湕,12,,60,structural
14744,U+6E56,湖,57,,60,structural
14745,U+6E57,湗,9,,60,structural
14746,U+6E58,湘,34,,60,structural
14747,U+6E59,湙,12,,60,structural
14748,U+6E5A,湚,10,,60,structural
14749,U+6E5B,湛,12,,60,structural
14750,U+6E5C,湜,8,,60,structural
14751,U+6E5D,湝,12,,60,structural
14752,U+6E5E,湞,32,,60,structural
14753,U+6E5F,湟,33,,60,structural
14754,U+6E60,湠,42,,60,structural
14755,U+6E61,湡,12,,60,structural
14756,U+6E62,湢,12,,60,structural
14757,U+6E63,湣,8,,60,structural
14758,U+6E64,湤,12,,60,structural
14759,U+6E65,湥,12,,60,structural
14760,U+6E66,湦,8,,60,structural
14761,U+6E67,湧,12,,60,structural
14762,U+6E68,湨,12,,60,structural
14763,U+6E69,湩,12,,60,structural
14764,U+6E6A,湪,12,,60,structural
14765,U+6E6B,湫,42,,60,structural
14766,U+6E6C,湬,42,,60,structural
14767,U+6E6D,湭,58,,60,structural
14768,U+6E6E,湮,59,,60,structural
14769,U+6E6F,湯,8,,60,structural
14770,U+6E70,湰,12,,60,structural
14771,U+6E71,湱,43,,60,structural
14772,U+6E72,湲,12,,60,structural
14773,U+6E73,湳,12,,60,structural
14774,U+6E74,湴,25,,60,structural
14775,U+6E75,湵,10,,60,structural
14776,U+6E76,湶,12,,60,structural
14777,U+6E77,湷,8,,60,structural
14778,U+6E78,湸,1,,60,structural
14779,U+6E79,湹,12,,60,structural
14780,U+6E7A,湺,34,,60,structural
14781,U+6E7B,湻,8,,60,structural
14782,U+6E7C,湼,12,,60,structural
14783,U+6E7D,湽,12,,60,structural
14784,U+6E7E,湾,12,,60,structural
14785,U+6E7F,湿,8,,60,structural
14786,U+6E80,満,12,,60,structural
14787,U+6E81,溁,12,,60,structural
14788,U+6E82,溂,34,,60,structural
14789,U+6E83,溃,32,,60,structural
14790,U+6E84,溄,12,,60,structural
14791,U+6E85,溅,12,,60,structural
14792,U+6E86,溆,26,,60,structural
14793,U+6E87,溇,31,,60,structural
14794,U+6E88,溈,42,,60,structural
14795,U+6E89,溉,12,,60,structural
14796,U+6E8A,溊,12,,60,structural
14797,U+6E8B,溋,10,,60,structural
14798,U+6E8C,溌,12,,60,structural
14799,U+6E8D,溍,8,,60,structural
14800,U+6E8E,溎,34,,60,structural
14801,U+6E8F,溏,59,,60,structural
14802,U+6E90,源,12,,60,structural
14803,U+6E91,溑,12,,60,structural
14804,U+6E92,溒,12,,60,structural
14805,U+6E93,溓,25,,60,structural
14806,U+6E94,溔,42,,60,structural
14807,U+6E95,溕,12,,60,structural
14808,U+6E96,準,12,,60,structural
14809,U+6E97,溗,12,,60,structural
14810,U+6E98,溘,9,,60,structural
14811,U+6E99,溙,12,,60,structural
14812,U+6E9A,溚,26,,60,structural
14813,U+6E9B,溛,12,,60,structural
14814,U+6E9C,溜,12,,60,structural
14815,U+6E9D,溝,12,,60,structural
14816,U+6E9E,溞,39,,60,structural
14817,U+6E9F,溟,8,,60,structural
14818,U+6EA0,溠,12,,60,structural
14819,U+6EA1,溡,8,,60,structural
14820,U+6EA2,溢,25,,60,structural
14821,U+6EA3,溣,26,,60,structural
14822,U+6EA4,溤,50,,60,structural
14823,U+6EA5,溥,57,,60,structural
14824,U+6EA6,溦,12,,60,structural
14825,U+6EA7,溧,59,,60,structural
14826,U+6EA8,溨,34,,60,structural
14827,U+6EA9,溩,42,,60,structural
14828,U+6EAA,溪,12,,60,structural
14829,U+6EAB,溫,12,,60,structural
14830,U+6EAC,溬,12,,60,structural
14831,U+6EAD,溭,16,,60,structural
14832,U+6EAE,溮,53,,60,structural
14833,U+6EAF,溯,25,,60,structural
14834,U+6EB0,溰,12,,60,structural
14835,U+6EB1,溱,12,,60,structural
14836,U+6EB2,溲,12,,60,structural
14837,U+6EB3,溳,54,,60,structural
14838,U+6EB4,溴,12,,60,structural
14839,U+6EB5,溵,10,,60,structural
14840,U+6EB6,溶,12,,60,structural
14841,U+6EB7,溷,12,,60,structural
14842,U+6EB8,溸,12,,60,structural
14843,U+6EB9,溹,12,,60,structural
14844,U+6EBA,溺,12,,60,structural
14845,U+6EBB,溻,12,,60,structural
14846,U+6EBC,溼,12,,60,structural
14847,U+6EBD,溽,12,,60,structural
14848,U+6EBE,溾,12,,60,structural
14849,U+6EBF,溿,43,,60,structural
14850,U+6EC0,滀,12,,60,structural
14851,U+6EC1,滁,26,,60,structural
14852,U+6EC2,滂,58,,60,structural
14853,U+6EC3,滃,16,,60,structural
14854,U+6EC4,滄,26,,60,structural
14855,U+6EC5,滅,42,,60,structural
14856,U+6EC6,滆,12,,60,structural
14857,U+6EC7,滇,25,,60,structural
14858,U+6EC8,滈,12,,60,structural
14859,U+6EC9,滉,8,,60,structural
14860,U+6ECA,滊,12,,60,structural
14861,U+6ECB,滋,25,,60,structural
14862,U+6ECC,滌,46,,60,structural
14863,U+6ECD,滍,30,,60,structural
14864,U+6ECE,滎,12,,60,structural
14865,U+6ECF,滏,33,,60,structural
14866,U+6ED0,滐,34,,60,structural
14867,U+6ED1,滑,12,,60,structural
14868,U+6ED2,滒,52,,60,structural
14869,U+6ED3,滓,12,,60,structural
14870,U+6ED4,滔,12,,60,structural
14871,U+6ED5,滕,40,,60,structural
14872,U+6ED6,滖,21,,60,structural
14873,U+6ED7,滗,23,,60,structural
14874,U+6ED8,滘,12,,60,structural
14875,U+6ED9,滙,12,,60,structural
14876,U+6EDA,滚,16,,60,structural
14877,U+6EDB,滛,12,,60,structural
14878,U+6EDC,滜,37,,60,structural
14879,U+6EDD,滝,8,,60,structural
14880,U+6EDE,滞,53,,60,structural
14881,U+6EDF,滟,43,,60,structural
14882,U+6EE0,滠,0,,60,structural
14883,U+6EE1,满,12,,60,structural
14884,U+6EE2,滢,33,,60,structural
14885,U+6EE3,滣,12,,60,structural
14886,U+6EE4,滤,12,,60,structural
14887,U+6EE5,滥,12,,60,structural
14888,U+6EE6,滦,34,,60,structural
14889,U+6EE7,滧,12,,60,structural
14890,U+6EE8,滨,25,,60,structural
14891,U+6EE9,滩,51,,60,structural
14892,U+6EEA,滪,19,,60,structural
14893,U+6EEB,滫,46,,60,structural
14894,U+6EEC,滬,12,,60,structural
14895,U+6EED,滭,12,,60,structural
14896,U+6EEE,滮,12,,60,structural
14897,U+6EEF,滯,53,,60,structural
14898,U+6EF0,滰,14,,60,structural
14899,U+6EF1,滱,41,,60,structural
14900,U+6EF2,滲,12,,60,structural
14901,U+6EF3,滳,47,,60,structural
14902,U+6EF4,滴,47,,60,structural
14903,U+6EF5,滵,10,,60,structural
14904,U+6EF6,滶,12,,60,structural
14905,U+6EF7,滷,12,,60,structural
14906,U+6EF8,滸,5,,60,structural
14907,U+6EF9,滹,10,,60,structural
14908,U+6EFA,滺,46,,60,structural
14909,U+6EFB,滻,58,,60,structural
14910,U+6EFC,滼,34,,60,structural
14911,U+6EFD,滽,38,,60,structural
14912,U+6EFE,滾,47,,60,structural
14913,U+6EFF,滿,12,,60,structural
14914,U+6F00,漀,12,,60,structural
14915,U+6F01,漁,12,,60,structural
14916,U+6F02,漂,59,,60,structural
14917,U+6F03,漃,41,,60,structural
14918,U+6F04,漄,12,,60,structural
14919,U+6F05,漅,8,,60,structural
14920,U+6F06,漆,58,,60,structural
14921,U+6F07,漇,12,,60,structural
14922,U+6F08,漈,12,,60,structural
14923,U+6F09,漉,12,,60,structural
14924,U+6F0A,漊,31,,60,structural
14925,U+6F0B,漋,12,,60,structural
14926,U+6F0C,漌,12,,60,structural
14927,U+6F0D,漍,21,,60,structural
14928,U+6F0E,漎,46,,60,structural
14929,U+6F0F,漏,12,,60,structural
14930,U+6F10,漐,13,,60,structural
14931,U+6F11,漑,12,,60,structural
14932,U+6F12,漒,30,,60,structural
14933,U+6F13,漓,10,,60,structural
14934,U+6F14,演,25,,60,structural
14935,U+6F15,漕,8,,60,structural
14936,U+6F16,漖,12,,60,structural
14937,U+6F17,漗,10,,60,structural
14938,U+6F18,漘,12,,60,structural
14939,U+6F19,漙,12,,60,structural
14940,U+6F1A,漚,12,,60,structural
14941,U+6F1B,漛,12,,60,structural
14942,U+6F1C,漜,34,,60,structural
14943,U+6F1D,漝,12,,60,structural
14944,U+6F1E,漞,12,,60,structural
14945,U+6F1F,漟,12,,60,structural
14946,U+6F20,漠,8,,60,structural
14947,U+6F21,漡,12,,60,structural
14948,U+6F22,漢,49,,60,structural
14949,U+6F23,漣,12,,60,structural
14950,U+6F24,漤,34,,60,structural
14951,U+6F25,漥,12,,60,structural
14952,U+6F26,漦,12,,60,structural
14953,U+6F27,漧,12,,60,structural
14954,U+6F28,漨,43,,60,structural
14955,U+6F29,漩,12,,60,structural
14956,U+6F2A,漪,52,,60,structural
14957,U+6F2B,漫,8,,60,structural
14958,U+6F2C,漬,32,,60,structural
14959,U+6F2D,漭,12,,60,structural
14960,U+6F2E,漮,38,,60,structural
14961,U+6F2F,漯,15,,60,structural
14962,U+6F30,漰,40,,60,structural
14963,U+6F31,漱,34,,60,structural
14964,U+6F32,漲,12,,60,structural
14965,U+6F33,漳,8,,60,structural
14966,U+6F34,漴,12,,60,structural
14967,U+6F35,漵,26,,60,structural
14968,U+6F36,漶,59,,60,structural
14969,U+6F37,漷,1,,60,structural
14970,U+6F38,漸,12,,60,structural
14971,U+6F39,漹,42,,60,structural
14972,U+6F3A,漺,12,,60,structural
14973,U+6F3B,漻,46,,60,structural
14974,U+6F3C,漼,12,,60,structural
14975,U+6F3D,漽,58,,60,structural
14976,U+6F3E,漾,12,,60,structural
14977,U+6F3F,漿,12,,60,structural
14978,U+6F40,潀,10,,60,structural
14979,U+6F41,潁,19,,60,structural
14980,U+6F42,潂,25,,60,structural
14981,U+6F43,潃,12,,60,structural
14982,U+6F44,潄,34,,60,structural
14983,U+6F45,潅,12,,60,structural
14984,U+6F46,潆,12,,60,structural
14985,U+6F47,潇,12,,60,structural
14986,U+6F48,潈,12,,60,structural
14987,U+6F49,潉,8,,60,structural
14988,U+6F4A,潊,26,,60,structural
14989,U+6F4B,潋,26,,60,structural
14990,U+6F4C,潌,12,,60,structural
14991,U+6F4D,潍,15,,60,structural
14992,U+6F4E,潎,53,,60,structural
14993,U+6F4F,潏,47,,60,structural
14994,U+6F50,潐,42,,60,structural
14995,U+6F51,潑,12,,60,structural
14996,U+6F52,潒,12,,60,structural
14997,U+6F53,潓,12,,60,structural
14998,U+6F54,潔,43,,60,structural
14999,U+6F55,潕,42,,60,structural
15000,U+6F56,潖,33,,60,structural
15001,U+6F57,潗,34,,60,structural
15002,U+6F58,潘,12,,60,structural
15003,U+6F59,潙,12,,60,structural
15004,U+6F5A,潚,12,,60,structural
15005,U+6F5B,潛,8,,60,structural
15006,U+6F5C,潜,8,,60,structural
15007,U+6F5D,潝,26,,60,structural
15008,U+6F5E,潞,12,,60,structural
15009,U+6F5F,潟,42,,60,structural
15010,U+6F60,潠,28,,60,structural
15011,U+6F61,潡,1,,60,structural
15012,U+6F62,潢,12,,60,structural
15013,U+6F63,潣,12,,60,structural
15014,U+6F64,潤,33,,60,structural
15015,U+6F65,潥,59,,60,structural
15016,U+6F66,潦,8,,60,structural
15017,U+6F67,潧,12,,60,structural
15018,U+6F68,潨,10,,60,structural
15019,U+6F69,潩,28,,60,structural
15020,U+6F6A,潪,8,,60,structural
15021,U+6F6B,潫,49,,60,structural
15022,U+6F6C,潬,21,,60,structural
15023,U+6F6D,潭,28,,60,structural
15024,U+6F6E,潮,12,,60,structural
15025,U+6F6F,潯,12,,60,structural
15026,U+6F70,潰,32,,60,structural
15027,U+6F71,潱,12,,60,structural
15028,U+6F72,潲,12,,60,structural
15029,U+6F73,潳,8,,60,structural
15030,U+6F74,潴,8,,60,structural
15031,U+6F75,潵,28,,60,structural
15032,U+6F76,潶,12,,60,structural
15033,U+6F77,潷,23,,60,structural
15034,U+6F78,潸,34,,60,structural
15035,U+6F79,潹,34,,60,structural
15036,U+6F7A,潺,12,,60,structural
15037,U+6F7B,潻,12,,60,structural
15038,U+6F7C,潼,12,,60,structural
15039,U+6F7D,潽,8,,60,structural
15040,U+6F7E,潾,12,,60,structural
15041,U+6F7F,潿,12,,60,structural
15042,U+6F80,澀,10,,60,structural
15043,U+6F81,澁,12,,60,structural
15044,U+6F82,澂,12,,60,structural
15045,U+6F83,澃,19,,60,structural
15046,U+6F84,澄,12,,60,structural
15047,U+6F85,澅,12,,60,structural
15048,U+6F86,澆,56,,60,structural
15049,U+6F87,澇,12,,60,structural
15050,U+6F88,澈,12,,60,structural
15051,U+6F89,澉,0,,60,structural
15052,U+6F8A,澊,58,,60,structural
15053,U+6F8B,澋,8,,60,structural
15054,U+6F8C,澌,25,,60,structural
15055,U+6F8D,澍,12,,60,structural
15056,U+6F8E,澎,12,,60,structural
15057,U+6F8F,澏,12,,60,structural
15058,U+6F90,澐,12,,60,structural
15059,U+6F91,澑,12,,60,structural
15060,U+6F92,澒,19,,60,structural
15061,U+6F93,澓,8,,60,structural
15062,U+6F94,澔,12,,60,structural
15063,U+6F95,澕,12,,60,structural
15064,U+6F96,澖,34,,60,structural
15065,U+6F97,澗,8,,60,structural
15066,U+6F98,澘,12,,60,structural
15067,U+6F99,澙,42,,60,structural
15068,U+6F9A,澚,56,,60,structural
15069,U+6F9B,澛,8,,60,structural
15070,U+6F9C,澜,34,,60,structural
15071,U+6F9D,澝,12,,60,structural
15072,U+6F9E,澞,21,,60,structural
15073,U+6F9F,澟,1,,60,structural
15074,U+6FA0,澠,12,,60,structural
15075,U+6FA1,澡,34,,60,structural
15076,U+6FA2,澢,12,,60,structural
15077,U+6FA3,澣,12,,60,structural
15078,U+6FA4,澤,9,,60,structural
15079,U+6FA5,澥,12,,60,structural
15080,U+6FA6,澦,19,,60,structural
15081,U+6FA7,澧,12,,60,structural
15082,U+6FA8,澨,23,,60,structural
15083,U+6FA9,澩,12,,60,structural
15084,U+6FAA,澪,13,,60,structural
15085,U+6FAB,澫,12,,60,structural
15086,U+6FAC,澬,6,,60,structural
15087,U+6FAD,澭,12,,60,structural
15088,U+6FAE,澮,26,,60,structural
15089,U+6FAF,澯,12,,60,structural
15090,U+6FB0,澰,26,,60,structural
15091,U+6FB1,澱,12,,60,structural
15092,U+6FB2,澲,12,,60,structural
15093,U+6FB3,澳,18,,60,structural
15094,U+6FB4,澴,12,,60,structural
15095,U+6FB5,澵,34,,60,structural
15096,U+6FB6,澶,21,,60,structural
15097,U+6FB7,澷,8,,60,structural
15098,U+6FB8,澸,21,,60,structural
15099,U+6FB9,澹,5,,60,structural
15100,U+6FBA,澺,14,,60,structural
15101,U+6FBB,澻,12,,60,structural
15102,U+6FBC,澼,12,,60,structural
15103,U+6FBD,澽,12,,60,structural
15104,U+6FBE,澾,12,,60,structural
15105,U+6FBF,澿,34,,60,structural
15106,U+6FC0,激,12,,60,structural
15107,U+6FC1,濁,12,,60,structural
15108,U+6FC2,濂,25,,60,structural
15109,U+6FC3,濃,12,,60,structural
15110,U+6FC4,濄,12,,60,structural
15111,U+6FC5,濅,12,,60,structural
15112,U+6FC6,濆,32,,60,structural
15113,U+6FC7,濇,9,,60,structural
15114,U+6FC8,濈,12,,60,structural
15115,U+6FC9,濉,12,,60,structural
15116,U+6FCA,濊,12,,60,structural
15117,U+6FCB,濋,34,,60,structural
15118,U+6FCC,濌,8,,60,structural
15119,U+6FCD,濍,10,,60,structural
15120,U+6FCE,濎,12,,60,structural
15121,U+6FCF,濏,10,,60,structural
15122,U+6FD0,濐,8,,60,structural
15123,U+6FD1,濑,32,,60,structural
15124,U+6FD2,濒,19,,60,structural
15125,U+6FD3,濓,25,,60,structural
15126,U+6FD4,濔,53,,60,structural
15127,U+6FD5,濕,8,,60,structural
15128,U+6FD6,濖,8,,60,structural
15129,U+6FD7,濗,8,,60,structural
15130,U+6FD8,濘,41,,60,structural
15131,U+6FD9,濙,42,,60,structural
15132,U+6FDA,濚,34,,60,structural
15133,U+6FDB,濛,12,,60,structural
15134,U+6FDC,濜,12,,60,structural
15135,U+6FDD,濝,25,,60,structural
15136,U+6FDE,濞,12,,60,structural
15137,U+6FDF,濟,12,,60,structural
15138,U+6FE0,濠,1,,60,structural
15139,U+6FE1,濡,12,,60,structural
15140,U+6FE2,濢,12,,60,structural
15141,U+6FE3,濣,12,,60,structural
15142,U+6FE4,濤,45,,60,structural
15143,U+6FE5,濥,25,,60,structural
15144,U+6FE6,濦,12,,60,structural
15145,U+6FE7,濧,12,,60,structural
15146,U+6FE8,濨,25,,60,structural
15147,U+6FE9,濩,51,,60,structural
15148,U+6FEA,濪,9,,60,structural
15149,U+6FEB,濫,12,,60,structural
15150,U+6FEC,濬,12,,60,structural
15151,U+6FED,濭,9,,60,structural
15152,U+6FEE,濮,49,,60,structural
15153,U+6FEF,濯,12,,60,structural
15154,U+6FF0,濰,15,,60,structural
15155,U+6FF1,濱,41,,60,structural
15156,U+6FF2,濲,12,,60,structural
15157,U+6FF3,濳,8,,60,structural
15158,U+6FF4,濴,12,,60,structural
15159,U+6FF5,濵,12,,60,structural
15160,U+6FF6,濶,12,,60,structural
15161,U+6FF7,濷,12,,60,structural
15162,U+6FF8,濸,26,,60,structural
15163,U+6FF9,濹,12,,60,structural
15164,U+6FFA,濺,32,,60,structural
15165,U+6FFB,濻,32,,60,structural
15166,U+6FFC,濼,34,,60,structural
15167,U+6FFD,濽,49,,60,structural
15168,U+6FFE,濾,12,,60,structural
15169,U+6FFF,濿,12,,60,structural
15170,U+7000,瀀,12,,60,structural
15171,U+7001,瀁,12,,60,structural
15172,U+7002,瀂,8,,60,structural
15173,U+7003,瀃,8,,60,structural
15174,U+7004,瀄,23,,60,structural
15175,U+7005,瀅,33,,60,structural
15176,U+7006,瀆,32,,60,structural
15177,U+7007,瀇,38,,60,structural
15178,U+7008,瀈,12,,60,structural
15179,U+7009,瀉,42,,60,structural
15180,U+700A,瀊,12,,60,structural
15181,U+700B,瀋,12,,60,structural
15182,U+700C,瀌,42,,60,structural
15183,U+700D,瀍,38,,60,structural
15184,U+700E,瀎,12,,60,structural
15185,U+700F,瀏,29,,60,structural
15186,U+7010,瀐,12,,60,structural
15187,U+7011,瀑,28,,60,structural
15188,U+7012,瀒,12,,60,structural
15189,U+7013,瀓,12,,60,structural
15190,U+7014,瀔,12,,60,structural
15191,U+7015,瀕,19,,60,structural
15192,U+7016,瀖,12,,60,structural
15193,U+7017,瀗,12,,60,structural
15194,U+7018,瀘,12,,60,structural
15195,U+7019,瀙,34,,60,structural
15196,U+701A,瀚,46,,60,structural
15197,U+701B,瀛,57,,60,structural
15198,U+701C,瀜,30,,60,structural
15199,U+701D,瀝,12,,60,structural
15200,U+701E,瀞,52,,60,structural
15201,U+701F,瀟,12,,60,structural
15202,U+7020,瀠,12,,60,structural
15203,U+7021,瀡,12,,60,structural
15204,U+7022,瀢,32,,60,structural
15205,U+7023,瀣,12,,60,structural
15206,U+7024,瀤,12,,60,structural
15207,U+7025,瀥,12,,60,structural
15208,U+7026,瀦,8,,60,structural
15209,U+7027,瀧,12,,60,structural
15210,U+7028,瀨,32,,60,structural
15211,U+7029,瀩,19,,60,structural
15212,U+702A,瀪,12,,60,structural
15213,U+702B,瀫,12,,60,structural
15214,U+702C,瀬,19,,60,structural
15215,U+702D,瀭,26,,60,structural
15216,U+702E,瀮,34,,60,structural
15217,U+702F,瀯,10,,60,structural
15218,U+7030,瀰,53,,60,structural
15219,U+7031,瀱,42,,60,structural
15220,U+7032,瀲,26,,60,structural
15221,U+7033,瀳,38,,60,structural
15222,U+7034,瀴,31,,60,structural
15223,U+7035,瀵,28,,60,structural
15224,U+7036,瀶,12,,60,structural
15225,U+7037,瀷,28,,60,structural
15226,U+7038,瀸,46,,60,structural
15227,U+7039,瀹,12,,60,structural
15228,U+703A,瀺,12,,60,structural
15229,U+703B,瀻,28,,60,structural
15230,U+703C,瀼,1,,60,structural
15231,U+703D,瀽,12,,60,structural
15232,U+703E,瀾,34,,60,structural
15233,U+703F,瀿,12,,60,structural
15234,U+7040,灀,34,,60,structural
15235,U+7041,灁,12,,60,structural
15236,U+7042,灂,12,,60,structural
15237,U+7043,灃,12,,60,structural
15238,U+7044,灄,12,,60,structural
15239,U+7045,灅,12,,60,structural
15240,U+7046,灆,12,,60,structural
15241,U+7047,灇,0,,60,structural
15242,U+7048,灈,12,,60,structural
15243,U+7049,灉,12,,60,structural
15244,U+704A,灊,12,,60,structural
15245,U+704B,灋,38,,60,structural
15246,U+704C,灌,12,,60,structural
15247,U+704D,灍,25,,60,structural
15248,U+704E,灎,9,,60,structural
15249,U+704F,灏,8,,60,structural
15250,U+7050,灐,12,,60,structural
15251,U+7051,灑,12,,60,structural
15252,U+7052,灒,32,,60,structural
15253,U+7053,灓,5,,60,structural
15254,U+7054,灔,12,,60,structural
15255,U+7055,灕,10,,60,structural
15256,U+7056,灖,12,,60,structural
15257,U+7057,灗,21,,60,structural
15258,U+7058,灘,49,,60,structural
15259,U+7059,灙,12,,60,structural
15260,U+705A,灚,12,,60,structural
15261,U+705B,灛,21,,60,structural
15262,U+705C,灜,57,,60,structural
15263,U+705D,灝,8,,60,structural
15264,U+705E,灞,12,,60,structural
15265,U+705F,灟,58,,60,structural
15266,U+7060,灠,12,,60,structural
15267,U+7061,灡,34,,60,structural
15268,U+7062,灢,59,,60,structural
15269,U+7063,灣,5,,60,structural
15270,U+7064,灤,5,,60,structural
15271,U+7065,灥,12,,60,structural
15272,U+7066,灦,8,,60,structural
15273,U+7067,灧,12,,60,structural
15274,U+7068,灨,8,,60,structural
15275,U+7069,灩,9,,60,structural
15276,U+706A,灪,34,,60,structural
15277,U+706B,火,46,,60,structural
15278,U+706C,灬,42,,60,structural
15279,U+706D,灭,42,,60,structural
15280,U+706E,灮,42,,60,structural
15281,U+706F,灯,52,,60,structural
15282,U+7070,灰,42,,60,structural
15283,U+7071,灱,42,,60,structural
15284,U+7072,灲,42,,60,structural
15285,U+7073,灳,42,,60,structural
15286,U+7074,灴,42,,60,structural
15287,U+7075,灵,42,,60,structural
15288,U+7076,灶,42,,60,structural
15289,U+7077,灷,42,,60,structural
15290,U+7078,灸,42,,60,structural
15291,U+7079,灹,42,,60,structural
15292,U+707A,灺,42,,60,structural
15293,U+707B,灻,42,,60,structural
15294,U+707C,灼,42,,60,structural
15295,U+707D,災,42,,60,structural
15296,U+707E,灾,42,,60,structural
15297,U+707F,灿,42,,60,structural
15298,U+7080,炀,42,,60,structural
15299,U+7081,炁,42,,60,structural
15300,U+7082,炂,16,,60,structural
15301,U+7083,炃,58,,60,structural
15302,U+7084,炄,42,,60,structural
15303,U+7085,炅,42,,60,structural
15304,U+7086,炆,42,,60,structural
15305,U+7087,炇,42,,60,structural
15306,U+7088,炈,42,,60,structural
15307,U+7089,炉,42,,60,structural
15308,U+708A,炊,42,,60,structural
15309,U+708B,炋,42,,60,structural
15310,U+708C,炌,46,,60,structural
15311,U+708D,炍,42,,60,structural
15312,U+708E,炎,42,,60,structural
15313,U+708F,炏,42,,60,structural
15314,U+7090,炐,43,,60,structural
15315,U+7091,炑,34,,60,structural
15316,U+7092,炒,10,,60,structural
15317,U+7093,炓,42,,60,structural
15318,U+7094,炔,42,,60,structural
15319,U+7095,炕,42,,60,structural
15320,U+7096,炖,42,,60,structural
15321,U+7097,炗,42,,60,structural
15322,U+7098,炘,42,,60,structural
15323,U+7099,炙,42,,60,structural
15324,U+709A,炚,42,,60,structural
15325,U+709B,炛,42,,60,structural
15326,U+709C,炜,42,,60,structural
15327,U+709D,炝,42,,60,structural
15328,U+709E,炞,42,,60,structural
15329,U+709F,炟,56,,60,structural
15330,U+70A0,炠,42,,60,structural
15331,U+70A1,炡,42,,60,structural
15332,U+70A2,炢,34,,60,structural
15333,U+70A3,炣,52,,60,structural
15334,U+70A4,炤,42,,60,structural
15335,U+70A5,炥,10,,60,structural
15336,U+70A6,炦,39,,60,structural
15337,U+70A7,炧,42,,60,structural
15338,U+70A8,炨,42,,60,structural
15339,U+70A9,炩,13,,60,structural
15340,U+70AA,炪,42,,60,structural
15341,U+70AB,炫,42,,60,structural
15342,U+70AC,炬,42,,60,structural
15343,U+70AD,炭,42,,60,structural
15344,U+70AE,炮,42,,60,structural
15345,U+70AF,炯,42,,60,structural
15346,U+70B0,炰,42,,60,structural
15347,U+70B1,炱,42,,60,structural
15348,U+70B2,炲,42,,60,structural
15349,U+70B3,炳,26,,60,structural
15350,U+70B4,炴,42,,60,structural
15351,U+70B5,炵,42,,60,structural
15352,U+70B6,炶,42,,60,structural
15353,U+70B7,炷,9,,60,structural
15354,U+70B8,炸,42,,60,structural
15355,U+70B9,点,42,,60,structural
15356,U+70BB,炻,42,,60,structural
15357,U+70BC,炼,42,,60,structural
15358,U+70BD,炽,47,,60,structural
15359,U+70BE,炾,42,,60,structural
15360,U+70BF,炿,42,,60,structural
15361,U+70C0,烀,42,,60,structural
15362,U+70C1,烁,42,,60,structural
15363,U+70C2,烂,25,,60,structural
15364,U+70C3,烃,42,,60,structural
15365,U+70C4,烄,42,,60,structural
15366,U+70C5,烅,42,,60,structural
15367,U+70C6,烆,42,,60,structural
15368,U+70C7,烇,33,,60,structural
15369,U+70C8,烈,42,,60,structural
15370,U+70C9,烉,42,,60,structural
15371,U+70CA,烊,42,,60,structural
15372,U+70CB,烋,34,,60,structural
15373,U+70CC,烌,34,,60,structural
15374,U+70CD,烍,42,,60,structural
15375,U+70CE,烎,42,,60,structural
15376,U+70CF,烏,42,,60,structural
15377,U+70D0,烐,42,,60,structural
15378,U+70D1,烑,42,,60,structural
15379,U+70D2,烒,42,,60,structural
15380,U+70D3,烓,42,,60,structural
15381,U+70D4,烔,42,,60,structural
15382,U+70D5,烕,42,,60,structural
15383,U+70D6,烖,42,,60,structural
15384,U+70D7,烗,46,,60,structural
15385,U+70D8,烘,28,,60,structural
15386,U+70D9,烙,42,,60,structural
15387,U+70DA,烚,26,,60,structural
15388,U+70DB,烛,42,,60,structural
15389,U+70DC,烜,56,,60,structural
15390,U+70DD,烝,42,,60,structural
15391,U+70DE,烞,34,,60,structural
15392,U+70DF,烟,42,,60,structural
15393,U+70E0,烠,42,,60,structural
15394,U+70E1,烡,28,,60,structural
15395,U+70E2,烢,42,,60,structural
15396,U+70E3,烣,42,,60,structural
15397,U+70E4,烤,42,,60,structural
15398,U+70E5,烥,42,,60,structural
15399,U+70E6,烦,19,,60,structural
15400,U+70E7,烧,56,,60,structural
15401,U+70E8,烨,42,,60,structural
15402,U+70E9,烩,49,,60,structural
15403,U+70EA,烪,25,,60,structural
15404,U+70EB,烫,42,,60,structural
15405,U+70EC,烬,42,,60,structural
15406,U+70ED,热,13,,60,structural
15407,U+70EE,烮,42,,60,structural
15408,U+70EF,烯,42,,60,structural
15409,U+70F0,烰,42,,60,structural
15410,U+70F1,烱,47,,60,structural
15411,U+70F2,烲,3,,60,structural
15412,U+70F3,烳,57,,60,structural
15413,U+70F4,烴,42,,60,structural
15414,U+70F5,烵,42,,60,structural
15415,U+70F6,烶,10,,60,structural
15416,U+70F7,烷,41,,60,structural
15417,U+70F8,烸,42,,60,structural
15418,U+70F9,烹,1,,60,structural
15419,U+70FA,烺,42,,60,structural
15420,U+70FB,烻,10,,60,structural
15421,U+70FC,烼,42,,60,structural
15422,U+70FD,烽,43,,60,structural
15423,U+70FE,烾,42,,60,structural
15424,U+70FF,烿,42,,60,structural
15425,U+7100,焀,42,,60,structural
15426,U+7101,焁,42,,60,structural
15427,U+7102,焂,46,,60,structural
15428,U+7103,焃,42,,60,structural
15429,U+7104,焄,21,,60,structural
15430,U+7105,焅,42,,60,structural
15431,U+7106,焆,42,,60,structural
15432,U+7107,焇,42,,60,structural
15433,U+7108,焈,42,,60,structural
15434,U+7109,焉,42,,60,structural
15435,U+710A,焊,42,,60,structural
15436,U+710B,焋,42,,60,structural
15437,U+710C,焌,16,,60,structural
15438,U+710D,焍,42,,60,structural
15439,U+710E,焎,3,,60,structural
15440,U+710F,焏,42,,60,structural
15441,U+7110,焐,21,,60,structural
15442,U+7111,焑,34,,60,structural
15443,U+7112,焒,42,,60,structural
15444,U+7113,焓,13,,60,structural
15445,U+7114,焔,42,,60,structural
15446,U+7115,焕,42,,60,structural
15447,U+7116,焖,42,,60,structural
15448,U+7117,焗,42,,60,structural
15449,U+7118,焘,43,,60,structural
15450,U+7119,焙,42,,60,structural
15451,U+711A,焚,34,,60,structural
15452,U+711B,焛,42,,60,structural
15453,U+711C,焜,42,,60,structural
15454,U+711D,焝,42,,60,structural
15455,U+711E,焞,1,,60,structural
15456,U+711F,焟,28,,60,structural
15457,U+7120,焠,42,,60,structural
15458,U+7121,無,42,,60,structural
15459,U+7122,焢,42,,60,structural
15460,U+7123,焣,0,,60,structural
15461,U+7124,焤,38,,60,structural
15462,U+7125,焥,42,,60,structural
15463,U+7126,焦,42,,60,structural
15464,U+7127,焧,16,,60,structural
15465,U+7128,焨,42,,60,structural
15466,U+7129,焩,40,,60,structural
15467,U+712A,焪,42,,60,structural
15468,U+712B,焫,42,,60,structural
15469,U+712C,焬,24,,60,structural
15470,U+712D,焭,27,,60,structural
15471,U+712E,焮,42,,60,structural
15472,U+712F,焯,42,,60,structural
15473,U+7130,焰,42,,60,structural
15474,U+7131,焱,42,,60,structural
15475,U+7132,焲,13,,60,structural
15476,U+7133,焳,42,,60,structural
15477,U+7134,焴,42,,60,structural
15478,U+7135,焵,25,,60,structural
15479,U+7136,然,42,,60,structural
15480,U+7137,焷,37,,60,structural
15481,U+7138,焸,42,,60,structural
15482,U+7139,焹,42,,60,structural
15483,U+713A,焺,42,,60,structural
15484,U+713B,焻,42,,60,structural
15485,U+713C,焼,56,,60,structural
15486,U+713D,焽,42,,60,structural
15487,U+713E,焾,13,,60,structural
15488,U+713F,焿,26,,60,structural
15489,U+7140,煀,42,,60,structural
15490,U+7141,煁,42,,60,structural
15491,U+7142,煂,42,,60,structural
15492,U+7143,煃,42,,60,structural
15493,U+7144,煄,42,,60,structural
15494,U+7145,煅,42,,60,structural
15495,U+7146,煆,42,,60,structural
15496,U+7147,煇,42,,60,structural
15497,U+7148,煈,42,,60,structural
15498,U+7149,煉,34,,60,structural
15499,U+714A,煊,41,,60,structural
15500,U+714B,煋,42,,60,structural
15501,U+714C,煌,33,,60,structural
15502,U+714D,煍,42,,60,structural
15503,U+714E,煎,25,,60,structural
15504,U+714F,煏,42,,60,structural
15505,U+7150,煐,42,,60,structural
15506,U+7151,煑,24,,60,structural
15507,U+7152,煒,42,,60,structural
15508,U+7153,煓,42,,60,structural
15509,U+7154,煔,42,,60,structural
15510,U+7155,煕,42,,60,structural
15511,U+7156,煖,42,,60,structural
15512,U+7157,煗,42,,60,structural
15513,U+7158,煘,21,,60,structural
15514,U+7159,煙,59,,60,structural
15515,U+715A,煚,42,,60,structural
15516,U+715B,煛,42,,60,structural
15517,U+715C,煜,42,,60,structural
15518,U+715D,煝,42,,60,structural
15519,U+715E,煞,42,,60,structural
15520,U+715F,煟,42,,60,structural
15521,U+7160,煠,2,,60,structural
15522,U+7161,煡,42,,60,structural
15523,U+7162,煢,27,,60,structural
15524,U+7163,煣,34,,60,structural
15525,U+7164,煤,34,,60,structural
15526,U+7165,煥,42,,60,structural
15527,U+7166,煦,42,,60,structural
15528,U+7167,照,42,,60,structural
15529,U+7168,煨,56,,60,structural
15530,U+7169,煩,19,,60,structural
15531,U+716A,煪,58,,60,structural
15532,U+716B,煫,42,,60,structural
15533,U+716C,煬,56,,60,structural
15534,U+716D,煭,42,,60,structural
15535,U+716E,煮,24,,60,structural
15536,U+716F,煯,42,,60,structural
15537,U+7170,煰,42,,60,structural
15538,U+7171,煱,42,,60,structural
15539,U+7172,煲,34,,60,structural
15540,U+7173,煳,57,,60,structural
15541,U+7174,煴,42,,60,structural
15542,U+7175,煵,42,,60,structural
15543,U+7176,煶,42,,60,structural
15544,U+7177,煷,1,,60,structural
15545,U+7178,煸,42,,60,structural
15546,U+7179,煹,42,,60,structural
15547,U+717A,煺,42,,60,structural
15548,U+717B,煻,59,,60,structural
15549,U+717C,煼,42,,60,structural
15550,U+717D,煽,42,,60,structural
15551,U+717E,煾,42,,60,structural
15552,U+717F,煿,57,,60,structural
15553,U+7180,熀,56,,60,structural
15554,U+7181,熁,42,,60,structural
15555,U+7182,熂,42,,60,structural
15556,U+7183,熃,42,,60,structural
15557,U+7184,熄,42,,60,structural
15558,U+7185,熅,42,,60,structural
15559,U+7186,熆,9,,60,structural
15560,U+7187,熇,42,,60,structural
15561,U+7188,熈,42,,60,structural
15562,U+7189,熉,54,,60,structural
15563,U+718A,熊,42,,60,structural
15564,U+718B,熋,42,,60,structural
15565,U+718C,熌,42,,60,structural
15566,U+718D,熍,42,,60,structural
15567,U+718E,熎,42,,60,structural
15568,U+7190,熐,58,,60,structural
15569,U+7191,熑,25,,60,structural
15570,U+7192,熒,42,,60,structural
15571,U+7193,熓,42,,60,structural
15572,U+7194,熔,42,,60,structural
15573,U+7195,熕,32,,60,structural
15574,U+7196,熖,42,,60,structural
15575,U+7197,熗,26,,60,structural
15576,U+7198,熘,42,,60,structural
15577,U+7199,熙,42,,60,structural
15578,U+719A,熚,42,,60,structural
15579,U+719B,熛,59,,60,structural
15580,U+719C,熜,10,,60,structural
15581,U+719D,熝,42,,60,structural
15582,U+719E,熞,42,,60,structural
15583,U+719F,熟,1,,60,structural
15584,U+71A0,熠,42,,60,structural
15585,U+71A1,熡,42,,60,structural
15586,U+71A2,熢,43,,60,structural
15587,U+71A3,熣,42,,60,structural
15588,U+71A4,熤,42,,60,structural
15589,U+71A5,熥,42,,60,structural
15590,U+71A6,熦,42,,60,structural
15591,U+71A7,熧,46,,60,structural
15592,U+71A8,熨,42,,60,structural
15593,U+71A9,熩,42,,60,structural
15594,U+71AA,熪,42,,60,structural
15595,U+71AB,熫,38,,60,structural
15596,U+71AC,熬,42,,60,structural
15597,U+71AD,熭,43,,60,structural
15598,U+71AE,熮,46,,60,structural
15599,U+71AF,熯,49,,60,structural
15600,U+71B0,熰,42,,60,structural
15601,U+71B1,熱,13,,60,structural
15602,U+71B2,熲,19,,60,structural
15603,U+71B3,熳,42,,60,structural
15604,U+71B4,熴,42,,60,structural
15605,U+71B5,熵,47,,60,structural
15606,U+71B6,熶,0,,60,structural
15607,U+71B7,熷,42,,60,structural
15608,U+71B8,熸,42,,60,structural
15609,U+71B9,熹,42,,60,structural
15610,U+71BA,熺,42,,60,structural
15611,U+71BB,熻,26,,60,structural
15612,U+71BC,熼,28,,60,structural
15613,U+71BD,熽,42,,60,structural
15614,U+71BE,熾,58,,60,structural
15615,U+71BF,熿,42,,60,structural
15616,U+71C0,燀,21,,60,structural
15617,U+71C1,燁,42,,60,structural
15618,U+71C2,燂,28,,60,structural
15619,U+71C3,燃,42,,60,structural
15620,U+71C4,燄,42,,60,structural
15621,U+71C5,燅,9,,60,structural
15622,U+71C6,燆,18,,60,structural
15623,U+71C7,燇,58,,60,structural
15624,U+71C8,燈,42,,60,structural
15625,U+71C9,燉,1,,60,structural
15626,U+71CA,燊,34,,60,structural
15627,U+71CB,燋,42,,60,structural
15628,U+71CC,燌,32,,60,structural
15629,U+71CD,燍,25,,60,structural
15630,U+71CE,燎,42,,60,structural
15631,U+71CF,燏,47,,60,structural
15632,U+71D0,燐,42,,60,structural
15633,U+71D1,燑,42,,60,structural
15634,U+71D2,燒,56,,60,structural
15635,U+71D3,燓,34,,60,structural
15636,U+71D4,燔,42,,60,structural
15637,U+71D5,燕,42,,60,structural
15638,U+71D6,燖,42,,60,structural
15639,U+71D7,燗,42,,60,structural
15640,U+71D8,燘,42,,60,structural
15641,U+71D9,燙,8,,60,structural
15642,U+71DA,燚,42,,60,structural
15643,U+71DB,燛,42,,60,structural
15644,U+71DC,燜,42,,60,structural
15645,U+71DD,燝,1,,60,structural
15646,U+71DE,燞,42,,60,structural
15647,U+71DF,營,1,,60,structural
15648,U+71E0,燠,18,,60,structural
15649,U+71E1,燡,9,,60,structural
15650,U+71E2,燢,42,,60,structural
15651,U+71E3,燣,1,,60,structural
15652,U+71E4,燤,42,,60,structural
15653,U+71E5,燥,34,,60,structural
15654,U+71E6,燦,42,,60,structural
15655,U+71E7,燧,42,,60,structural
15656,U+71E8,燨,42,,60,structural
15657,U+71E9,燩,42,,60,structural
15658,U+71EA,燪,10,,60,structural
15659,U+71EB,燫,25,,60,structural
15660,U+71EC,燬,42,,60,structural
15661,U+71ED,燭,42,,60,structural
15662,U+71EE,燮,42,,60,structural
15663,U+71EF,燯,13,,60,structural
15664,U+71F0,燰,42,,60,structural
15665,U+71F1,燱,14,,60,structural
15666,U+71F2,燲,42,,60,structural
15667,U+71F3,燳,42,,60,structural
15668,U+71F4,燴,26,,60,structural
15669,U+71F5,燵,42,,60,structural
15670,U+71F6,燶,42,,60,structural
15671,U+71F7,燷,1,,60,structural
15672,U+71F8,燸,42,,60,structural
15673,U+71F9,燹,42,,60,structural
15674,U+71FA,燺,34,,60,structural
15675,U+71FB,燻,42,,60,structural
15676,U+71FC,燼,42,,60,structural
15677,U+71FD,燽,45,,60,structural
15678,U+71FE,燾,45,,60,structural
15679,U+71FF,燿,42,,60,structural
15680,U+7200,爀,42,,60,structural
15681,U+7201,爁,42,,60,structural
15682,U+7202,爂,42,,60,structural
15683,U+7203,爃,34,,60,structural
15684,U+7204,爄,42,,60,structural
15685,U+7205,爅,42,,60,structural
15686,U+7206,爆,28,,60,structural
15687,U+7207,爇,13,,60,structural
15688,U+7208,爈,42,,60,structural
15689,U+7209,爉,10,,60,structural
15690,U+720A,爊,42,,60,structural
15691,U+720B,爋,42,,60,structural
15692,U+720C,爌,38,,60,structural
15693,U+720D,爍,34,,60,structural
15694,U+720E,爎,42,,60,structural
15695,U+720F,爏,42,,60,structural
15696,U+7210,爐,42,,60,structural
15697,U+7211,爑,42,,60,structural
15698,U+7212,爒,42,,60,structural
15699,U+7213,爓,42,,60,structural
15700,U+7214,爔,42,,60,structural
15701,U+7215,爕,42,,60,structural
15702,U+7216,爖,42,,60,structural
15703,U+7217,爗,42,,60,structural
15704,U+7218,爘,42,,60,structural
15705,U+7219,爙,1,,60,structural
15706,U+721A,爚,42,,60,structural
15707,U+721B,爛,34,,60,structural
15708,U+721C,爜,0,,60,structural
15709,U+721D,爝,42,,60,structural
15710,U+721E,爞,42,,60,structural
15711,U+721F,爟,42,,60,structural
15712,U+7220,爠,42,,60,structural
15713,U+7221,爡,42,,60,structural
15714,U+7222,爢,42,,60,structural
15715,U+7223,爣,42,,60,structural
15716,U+7224,爤,34,,60,structural
15717,U+7225,爥,58,,60,structural
15718,U+7226,爦,42,,60,structural
15719,U+7227,爧,42,,60,structural
15720,U+7228,爨,1,,60,structural
15721,U+7229,爩,34,,60,structural
15722,U+722A,爪,27,,60,structural
15723,U+722B,爫,10,,60,structural
15724,U+722C,爬,27,,60,structural
15725,U+722D,爭,52,,60,structural
15726,U+722E,爮,27,,60,structural
15727,U+722F,爯,27,,60,structural
15728,U+7230,爰,56,,60,structural
15729,U+7231,爱,51,,60,structural
15730,U+7233,爳,27,,60,structural
15731,U+7234,爴,21,,60,structural
15732,U+7235,爵,27,,60,structural
15733,U+7236,父,10,,60,structural
15734,U+7237,爷,27,,60,structural
15735,U+7238,爸,27,,60,structural
15736,U+7239,爹,4,,60,structural
15737,U+723A,爺,0,,60,structural
15738,U+723B,爻,10,,60,structural
15739,U+723C,爼,56,,60,structural
15740,U+723D,爽,20,,60,structural
15741,U+723E,爾,53,,60,structural
15742,U+723F,爿,27,,60,structural
15743,U+7240,牀,34,,60,structural
15744,U+7241,牁,52,,60,structural
15745,U+7242,牂,27,,60,structural
15746,U+7243,牃,2,,60,structural
15747,U+7244,牄,26,,60,structural
15748,U+7245,牅,38,,60,structural
15749,U+7246,牆,9,,60,structural
15750,U+7247,片,27,,60,structural
15751,U+7248,版,51,,60,structural
15752,U+7249,牉,43,,60,structural
15753,U+724A,牊,1,,60,structural
15754,U+724B,牋,27,,60,structural
15755,U+724C,牌,37,,60,structural
15756,U+724D,牍,20,,60,structural
15757,U+724E,牎,10,,60,structural
15758,U+724F,牏,26,,60,structural
15759,U+7250,牐,37,,60,structural
15760,U+7251,牑,13,,60,structural
15761,U+7252,牒,2,,60,structural
15762,U+7253,牓,58,,60,structural
15763,U+7254,牔,57,,60,structural
15764,U+7255,牕,10,,60,structural
15765,U+7256,牖,57,,60,structural
15766,U+7257,牗,38,,60,structural
15767,U+7258,牘,32,,60,structural
15768,U+7259,牙,27,,60,structural
15769,U+725A,牚,27,,60,structural
15770,U+725B,牛,27,,60,structural
15771,U+725D,牝,27,,60,structural
15772,U+725E,牞,27,,60,structural
15773,U+725F,牟,27,,60,structural
15774,U+7260,牠,27,,60,structural
15775,U+7261,牡,9,,60,structural
15776,U+7262,牢,27,,60,structural
15777,U+7263,牣,10,,60,structural
15778,U+7264,牤,27,,60,structural
15779,U+7265,牥,27,,60,structural
15780,U+7266,牦,27,,60,structural
15781,U+7267,牧,27,,60,structural
15782,U+7268,牨,27,,60,structural
15783,U+7269,物,10,,60,structural
15784,U+726A,牪,27,,60,structural
15785,U+726B,牫,27,,60,structural
15786,U+726C,牬,27,,60,structural
15787,U+726D,牭,27,,60,structural
15788,U+726E,牮,46,,60,structural
15789,U+726F,牯,1,,60,structural
15790,U+7270,牰,11,,60,structural
15791,U+7271,牱,52,,60,structural
15792,U+7272,牲,27,,60,structural
15793,U+7273,牳,27,,60,structural
15794,U+7274,牴,13,,60,structural
15795,U+7275,牵,20,,60,structural
15796,U+7276,牶,49,,60,structural
15797,U+7277,牷,33,,60,structural
15798,U+7278,牸,27,,60,structural
15799,U+7279,特,9,,60,structural
15800,U+727A,牺,56,,60,structural
15801,U+727B,牻,13,,60,structural
15802,U+727C,牼,56,,60,structural
15803,U+727D,牽,27,,60,structural
15804,U+727E,牾,21,,60,structural
15805,U+727F,牿,1,,60,structural
15806,U+7280,犀,58,,60,structural
15807,U+7281,犁,20,,60,structural
15808,U+7282,犂,27,,60,structural
15809,U+7283,犃,1,,60,structural
15810,U+7284,犄,52,,60,structural
15811,U+7285,犅,25,,60,structural
15812,U+7286,犆,56,,60,structural
15813,U+7287,犇,27,,60,structural
15814,U+7288,犈,49,,60,structural
15815,U+7289,犉,1,,60,structural
15816,U+728A,犊,20,,60,structural
15817,U+728B,犋,25,,60,structural
15818,U+728C,犌,51,,60,structural
15819,U+728D,犍,27,,60,structural
15820,U+728E,犎,9,,60,structural
15821,U+728F,犏,13,,60,structural
15822,U+7290,犐,20,,60,structural
15823,U+7291,犑,27,,60,structural
15824,U+7292,犒,27,,60,structural
15825,U+7293,犓,27,,60,structural
15826,U+7294,犔,27,,60,structural
15827,U+7295,犕,27,,60,structural
15828,U+7296,犖,27,,60,structural
15829,U+7297,犗,1,,60,structural
15830,U+7298,犘,27,,60,structural
15831,U+7299,犙,27,,60,structural
15832,U+729A,犚,27,,60,structural
15833,U+729B,犛,27,,60,structural
15834,U+729C,犜,1,,60,structural
15835,U+729D,犝,27,,60,structural
15836,U+729E,犞,18,,60,structural
15837,U+729F,犟,30,,60,structural
15838,U+72A0,犠,27,,60,structural
15839,U+72A1,犡,36,,60,structural
15840,U+72A2,犢,32,,60,structural
15841,U+72A3,犣,10,,60,structural
15842,U+72A4,犤,27,,60,structural
15843,U+72A5,犥,42,,60,structural
15844,U+72A6,犦,28,,60,structural
15845,U+72A7,犧,56,,60,structural
15846,U+72A8,犨,51,,60,structural
15847,U+72A9,犩,31,,60,structural
15848,U+72AA,犪,25,,60,structural
15849,U+72AB,犫,5,,60,structural
15850,U+72AC,犬,27,,60,structural
15851,U+72AD,犭,27,,60,structural
15852,U+72AE,犮,39,,60,structural
15853,U+72AF,犯,27,,60,structural
15854,U+72B0,犰,27,,60,structural
15855,U+72B1,犱,13,,60,structural
15856,U+72B2,犲,3,,60,structural
15857,U+72B3,犳,13,,60,structural
15858,U+72B4,犴,27,,60,structural
15859,U+72B5,犵,27,,60,structural
15860,U+72B6,状,27,,60,structural
15861,U+72B7,犷,38,,60,structural
15862,U+72B8,犸,50,,60,structural
15863,U+72B9,犹,13,,60,structural
15864,U+72BA,犺,27,,60,structural
15865,U+72BB,犻,53,,60,structural
15866,U+72BC,犼,27,,60,structural
15867,U+72BD,犽,27,,60,structural
15868,U+72BE,犾,27,,60,structural
15869,U+72BF,犿,56,,60,structural
15870,U+72C0,狀,27,,60,structural
15871,U+72C1,狁,27,,60,structural
15872,U+72C2,狂,33,,60,structural
15873,U+72C3,狃,56,,60,structural
15874,U+72C4,狄,42,,60,structural
15875,U+72C5,狅,10,,60,structural
15876,U+72C6,狆,59,,60,structural
15877,U+72C7,狇,34,,60,structural
15878,U+72C8,狈,32,,60,structural
15879,U+72C9,狉,56,,60,structural
15880,U+72CA,狊,27,,60,structural
15881,U+72CB,狋,27,,60,structural
15882,U+72CC,狌,27,,60,structural
15883,U+72CD,狍,27,,60,structural
15884,U+72CE,狎,11,,60,structural
15885,U+72CF,狏,27,,60,structural
15886,U+72D0,狐,27,,60,structural
15887,U+72D1,狑,13,,60,structural
15888,U+72D2,狒,10,,60,structural
15889,U+72D3,狓,27,,60,structural
15890,U+72D4,狔,27,,60,structural
15891,U+72D5,狕,27,,60,structural
15892,U+72D6,狖,27,,60,structural
15893,U+72D7,狗,1,,60,structural
15894,U+72D8,狘,27,,60,structural
15895,U+72D9,狙,56,,60,structural
15896,U+72DA,狚,56,,60,structural
15897,U+72DB,狛,27,,60,structural
15898,U+72DC,狜,1,,60,structural
15899,U+72DD,狝,27,,60,structural
15900,U+72DE,狞,41,,60,structural
15901,U+72DF,狟,56,,60,structural
15902,U+72E0,狠,27,,60,structural
15903,U+72E1,狡,27,,60,structural
15904,U+72E2,狢,1,,60,structural
15905,U+72E3,狣,27,,60,structural
15906,U+72E4,狤,1,,60,structural
15907,U+72E5,狥,24,,60,structural
15908,U+72E6,狦,27,,60,structural
15909,U+72E7,狧,27,,60,structural
15910,U+72E8,狨,27,,60,structural
15911,U+72E9,狩,27,,60,structural
15912,U+72EA,狪,1,,60,structural
15913,U+72EB,狫,27,,60,structural
15914,U+72EC,独,30,,60,structural
15915,U+72ED,狭,49,,60,structural
15916,U+72EE,狮,53,,60,structural
15917,U+72EF,狯,49,,60,structural
15918,U+72F0,狰,52,,60,structural
15919,U+72F1,狱,5,,60,structural
15920,U+72F2,狲,27,,60,structural
15921,U+72F3,狳,26,,60,structural
15922,U+72F4,狴,9,,60,structural
15923,U+72F5,狵,13,,60,structural
15924,U+72F6,狶,10,,60,structural
15925,U+72F7,狷,1,,60,structural
15926,U+72F8,狸,27,,60,structural
15927,U+72F9,狹,46,,60,structural
15928,U+72FA,狺,5,,60,structural
15929,U+72FB,狻,16,,60,structural
15930,U+72FC,狼,13,,60,structural
15931,U+72FD,狽,32,,60,structural
15932,U+72FE,狾,3,,60,structural
15933,U+72FF,狿,10,,60,structural
15934,U+7300,猀,10,,60,structural
15935,U+7301,猁,20,,60,structural
15936,U+7302,猂,24,,60,structural
15937,U+7303,猃,26,,60,structural
15938,U+7304,猄,1,,60,structural
15939,U+7305,猅,27,,60,structural
15940,U+7306,猆,27,,60,structural
15941,U+7307,猇,27,,60,structural
15942,U+7308,猈,37,,60,structural
15943,U+7309,猉,25,,60,structural
15944,U+730A,猊,27,,60,structural
15945,U+730B,猋,27,,60,structural
15946,U+730C,猌,34,,60,structural
15947,U+730D,猍,34,,60,structural
15948,U+730E,猎,28,,60,structural
15949,U+730F,猏,57,,60,structural
15950,U+7310,猐,27,,60,structural
15951,U+7311,猑,24,,60,structural
15952,U+7312,猒,17,,60,structural
15953,U+7313,猓,24,,60,structural
15954,U+7314,猔,27,,60,structural
15955,U+7315,猕,27,,60,structural
15956,U+7316,猖,24,,60,structural
15957,U+7317,猗,52,,60,structural
15958,U+7318,猘,27,,60,structural
15959,U+7319,猙,52,,60,structural
15960,U+731A,猚,51,,60,structural
15961,U+731B,猛,27,,60,structural
15962,U+731C,猜,9,,60,structural
15963,U+731D,猝,27,,60,structural
15964,U+731E,猞,46,,60,structural
15965,U+731F,猟,27,,60,structural
15966,U+7320,猠,58,,60,structural
15967,U+7321,猡,4,,60,structural
15968,U+7322,猢,57,,60,structural
15969,U+7323,猣,16,,60,structural
15970,U+7324,猤,56,,60,structural
15971,U+7325,猥,56,,60,structural
15972,U+7326,猦,27,,60,structural
15973,U+7327,猧,1,,60,structural
15974,U+7328,猨,56,,60,structural
15975,U+7329,猩,24,,60,structural
15976,U+732A,猪,24,,60,structural
15977,U+732B,猫,36,,60,structural
15978,U+732C,猬,11,,60,structural
15979,U+732D,猭,27,,60,structural
15980,U+732E,献,27,,60,structural
15981,U+732F,猯,11,,60,structural
15982,U+7330,猰,43,,60,structural
15983,U+7331,猱,34,,60,structural
15984,U+7332,猲,24,,60,structural
15985,U+7333,猳,51,,60,structural
15986,U+7334,猴,46,,60,structural
15987,U+7335,猵,13,,60,structural
15988,U+7336,猶,58,,60,structural
15989,U+7337,猷,58,,60,structural
15990,U+7338,猸,27,,60,structural
15991,U+7339,猹,2,,60,structural
15992,U+733A,猺,27,,60,structural
15993,U+733B,猻,15,,60,structural
15994,U+733C,猼,57,,60,structural
15995,U+733D,猽,58,,60,structural
15996,U+733E,猾,27,,60,structural
15997,U+733F,猿,27,,60,structural
15998,U+7340,獀,51,,60,structural
15999,U+7341,獁,50,,60,structural
16000,U+7342,獂,27,,60,structural
16001,U+7343,獃,11,,60,structural
16002,U+7344,獄,5,,60,structural
16003,U+7345,獅,53,,60,structural
16004,U+7346,獆,37,,60,structural
16005,U+7347,獇,27,,60,structural
16006,U+7348,獈,25,,60,structural
16007,U+7349,獉,20,,60,structural
16008,U+734A,獊,26,,60,structural
16009,U+734B,獋,27,,60,structural
16010,U+734C,獌,24,,60,structural
16011,U+734D,獍,14,,60,structural
16012,U+734E,獎,6,,60,structural
16013,U+734F,獏,24,,60,structural
16014,U+7350,獐,24,,60,structural
16015,U+7351,獑,27,,60,structural
16016,U+7352,獒,27,,60,structural
16017,U+7353,獓,27,,60,structural
16018,U+7354,獔,27,,60,structural
16019,U+7355,獕,11,,60,structural
16020,U+7356,獖,32,,60,structural
16021,U+7357,獗,25,,60,structural
16022,U+7358,獘,53,,60,structural
16023,U+7359,獙,53,,60,structural
16024,U+735A,獚,27,,60,structural
16025,U+735B,獛,49,,60,structural
16026,U+735C,獜,27,,60,structural
16027,U+735D,獝,47,,60,structural
16028,U+735E,獞,27,,60,structural
16029,U+735F,獟,56,,60,structural
16030,U+7360,獠,24,,60,structural
16031,U+7361,獡,42,,60,structural
16032,U+7362,獢,18,,60,structural
16033,U+7363,獣,21,,60,structural
16034,U+7364,獤,1,,60,structural
16035,U+7365,獥,27,,60,structural
16036,U+7366,獦,24,,60,structural
16037,U+7367,獧,27,,60,structural
16038,U+7368,獨,27,,60,structural
16039,U+7369,獩,56,,60,structural
16040,U+736A,獪,26,,60,structural
16041,U+736B,獫,26,,60,structural
16042,U+736C,獬,27,,60,structural
16043,U+736D,獭,32,,60,structural
16044,U+736E,獮,53,,60,structural
16045,U+736F,獯,42,,60,structural
16046,U+7370,獰,41,,60,structural
16047,U+7371,獱,41,,60,structural
16048,U+7372,獲,51,,60,structural
16049,U+7373,獳,27,,60,structural
16050,U+7374,獴,36,,60,structural
16051,U+7375,獵,10,,60,structural
16052,U+7376,獶,27,,60,structural
16053,U+7377,獷,38,,60,structural
16054,U+7378,獸,21,,60,structural
16055,U+7379,獹,11,,60,structural
16056,U+737A,獺,32,,60,structural
16057,U+737B,獻,27,,60,structural
16058,U+737C,獼,53,,60,structural
16059,U+737D,獽,1,,60,structural
16060,U+737E,獾,36,,60,structural
16061,U+737F,獿,25,,60,structural
16062,U+7380,玀,15,,60,structural
16063,U+7381,玁,1,,60,structural
16064,U+7382,玂,21,,60,structural
16065,U+7383,玃,51,,60,structural
16066,U+7384,玄,27,,60,structural
16067,U+7385,玅,10,,60,structural
16068,U+7386,玆,27,,60,structural
16069,U+7387,率,58,,60,structural
16070,U+7388,玈,27,,60,structural
16071,U+7389,玉,33,,60,structural
16072,U+738A,玊,33,,60,structural
16073,U+738B,王,56,,60,structural
16074,U+738C,玌,33,,60,structural
16075,U+738D,玍,33,,60,structural
16076,U+738E,玎,52,,60,structural
16077,U+738F,玏,33,,60,structural
16078,U+7390,玐,33,,60,structural
16079,U+7391,玑,33,,60,structural
16080,U+7392,玒,33,,60,structural
16081,U+7393,玓,33,,60,structural
16082,U+7394,玔,33,,60,structural
16083,U+7395,玕,33,,60,structural
16084,U+7396,玖,33,,60,structural
16085,U+7397,玗,33,,60,structural
16086,U+7398,玘,33,,60,structural
16087,U+7399,玙,33,,60,structural
16088,U+739A,玚,33,,60,structural
16089,U+739B,玛,33,,60,structural
16090,U+739C,玜,16,,60,structural
16091,U+739D,玝,33,,60,structural
16092,U+739E,玞,49,,60,structural
16093,U+739F,玟,33,,60,structural
16094,U+73A0,玠,46,,60,structural
16095,U+73A1,玡,33,,60,structural
16096,U+73A2,玢,58,,60,structural
16097,U+73A3,玣,33,,60,structural
16098,U+73A4,玤,43,,60,structural
16099,U+73A5,玥,33,,60,structural
16100,U+73A6,玦,33,,60,structural
16101,U+73A7,玧,33,,60,structural
16102,U+73A8,玨,33,,60,structural
16103,U+73A9,玩,56,,60,structural
16104,U+73AA,玪,13,,60,structural
16105,U+73AB,玫,33,,60,structural
16106,U+73AC,玬,33,,60,structural
16107,U+73AD,玭,33,,60,structural
16108,U+73AE,玮,33,,60,structural
16109,U+73AF,环,33,,60,structural
16110,U+73B0,现,33,,60,structural
16111,U+73B1,玱,33,,60,structural
16112,U+73B2,玲,13,,60,structural
16113,U+73B3,玳,33,,60,structural
16114,U+73B4,玴,33,,60,structural
16115,U+73B5,玵,33,,60,structural
16116,U+73B6,玶,33,,60,structural
16117,U+73B7,玷,33,,60,structural
16118,U+73B8,玸,33,,60,structural
16119,U+73B9,玹,33,,60,structural
16120,U+73BA,玺,33,,60,structural
16121,U+73BB,玻,33,,60,structural
16122,U+73BC,玼,33,,60,structural
16123,U+73BD,玽,33,,60,structural
16124,U+73BE,玾,33,,60,structural
16125,U+73BF,玿,33,,60,structural
16126,U+73C0,珀,33,,60,structural
16127,U+73C1,珁,33,,60,structural
16128,U+73C2,珂,52,,60,structural
16129,U+73C3,珃,33,,60,structural
16130,U+73C4,珄,33,,60,structural
16131,U+73C5,珅,33,,60,structural
16132,U+73C6,珆,33,,60,structural
16133,U+73C7,珇,33,,60,structural
16134,U+73C8,珈,33,,60,structural
16135,U+73C9,珉,33,,60,structural
16136,U+73CA,珊,33,,60,structural
16137,U+73CB,珋,33,,60,structural
16138,U+73CC,珌,10,,60,structural
16139,U+73CD,珍,46,,60,structural
16140,U+73CE,珎,33,,60,structural
16141,U+73CF,珏,33,,60,structural
16142,U+73D0,珐,9,,60,structural
16143,U+73D1,珑,33,,60,structural
16144,U+73D2,珒,33,,60,structural
16145,U+73D3,珓,33,,60,structural
16146,U+73D4,珔,33,,60,structural
16147,U+73D5,珕,33,,60,structural
16148,U+73D6,珖,56,,60,structural
16149,U+73D7,珗,33,,60,structural
16150,U+73D8,珘,33,,60,structural
16151,U+73D9,珙,28,,60,structural
16152,U+73DA,珚,33,,60,structural
16153,U+73DB,珛,33,,60,structural
16154,U+73DC,珜,33,,60,structural
16155,U+73DD,珝,33,,60,structural
16156,U+73DE,珞,33,,60,structural
16157,U+73DF,珟,33,,60,structural
16158,U+73E0,珠,33,,60,structural
16159,U+73E1,珡,33,,60,structural
16160,U+73E2,珢,33,,60,structural
16161,U+73E3,珣,24,,60,structural
16162,U+73E4,珤,33,,60,structural
16163,U+73E5,珥,33,,60,structural
16164,U+73E6,珦,18,,60,structural
16165,U+73E7,珧,33,,60,structural
16166,U+73E8,珨,26,,60,structural
16167,U+73E9,珩,33,,60,structural
16168,U+73EA,珪,33,,60,structural
16169,U+73EB,珫,33,,60,structural
16170,U+73EC,珬,33,,60,structural
16171,U+73ED,班,33,,60,structural
16172,U+73EE,珮,33,,60,structural
16173,U+73EF,珯,33,,60,structural
16174,U+73F0,珰,33,,60,structural
16175,U+73F1,珱,33,,60,structural
16176,U+73F2,珲,33,,60,structural
16177,U+73F3,珳,33,,60,structural
16178,U+73F4,珴,33,,60,structural
16179,U+73F5,珵,33,,60,structural
16180,U+73F6,珶,33,,60,structural
16181,U+73F7,珷,33,,60,structural
16182,U+73F8,珸,21,,60,structural
16183,U+73F9,珹,33,,60,structural
16184,U+73FA,珺,21,,60,structural
16185,U+73FB,珻,33,,60,structural
16186,U+73FC,珼,33,,60,structural
16187,U+73FD,珽,10,,60,structural
16188,U+73FE,現,33,,60,structural
16189,U+73FF,珿,33,,60,structural
16190,U+7400,琀,13,,60,structural
16191,U+7401,琁,33,,60,structural
16192,U+7402,琂,33,,60,structural
16193,U+7403,球,25,,60,structural
16194,U+7404,琄,33,,60,structural
16195,U+7405,琅,33,,60,structural
16196,U+7406,理,33,,60,structural
16197,U+7407,琇,33,,60,structural
16198,U+7408,琈,33,,60,structural
16199,U+7409,琉,33,,60,structural
16200,U+740A,琊,33,,60,structural
16201,U+740B,琋,33,,60,structural
16202,U+740C,琌,13,,60,structural
16203,U+740D,琍,33,,60,structural
16204,U+740E,琎,33,,60,structural
16205,U+740F,琏,33,,60,structural
16206,U+7410,琐,33,,60,structural
16207,U+7411,琑,33,,60,structural
16208,U+7412,琒,43,,60,structural
16209,U+7413,琓,41,,60,structural
16210,U+7414,琔,33,,60,structural
16211,U+7415,琕,37,,60,structural
16212,U+7416,琖,33,,60,structural
16213,U+7417,琗,33,,60,structural
16214,U+7418,琘,33,,60,structural
16215,U+7419,琙,21,,60,structural
16216,U+741A,琚,33,,60,structural
16217,U+741B,琛,33,,60,structural
16218,U+741C,琜,33,,60,structural
16219,U+741D,琝,33,,60,structural
16220,U+741E,琞,33,,60,structural
16221,U+741F,琟,33,,60,structural
16222,U+7420,琠,33,,60,structural
16223,U+7421,琡,33,,60,structural
16224,U+7422,琢,33,,60,structural
16225,U+7423,琣,33,,60,structural
16226,U+7424,琤,52,,60,structural
16227,U+7425,琥,33,,60,structural
16228,U+7426,琦,52,,60,structural
16229,U+7427,琧,33,,60,structural
16230,U+7428,琨,33,,60,structural
16231,U+7429,琩,33,,60,structural
16232,U+742A,琪,25,,60,structural
16233,U+742B,琫,43,,60,structural
16234,U+742C,琬,44,,60,structural
16235,U+742D,琭,58,,60,structural
16236,U+742E,琮,33,,60,structural
16237,U+742F,琯,33,,60,structural
16238,U+7430,琰,33,,60,structural
16239,U+7431,琱,33,,60,structural
16240,U+7432,琲,33,,60,structural
16241,U+7433,琳,33,,60,structural
16242,U+7434,琴,13,,60,structural
16243,U+7435,琵,33,,60,structural
16244,U+7436,琶,33,,60,structural
16245,U+7437,琷,33,,60,structural
16246,U+7438,琸,24,,60,structural
16247,U+7439,琹,33,,60,structural
16248,U+743A,琺,9,,60,structural
16249,U+743B,琻,29,,60,structural
16250,U+743C,琼,1,,60,structural
16251,U+743D,琽,24,,60,structural
16252,U+743E,琾,46,,60,structural
16253,U+743F,琿,33,,60,structural
16254,U+7440,瑀,33,,60,structural
16255,U+7441,瑁,33,,60,structural
16256,U+7442,瑂,33,,60,structural
16257,U+7443,瑃,33,,60,structural
16258,U+7444,瑄,41,,60,structural
16259,U+7445,瑅,33,,60,structural
16260,U+7446,瑆,33,,60,structural
16261,U+7447,瑇,33,,60,structural
16262,U+7448,瑈,33,,60,structural
16263,U+7449,瑉,33,,60,structural
16264,U+744A,瑊,21,,60,structural
16265,U+744B,瑋,33,,60,structural
16266,U+744C,瑌,33,,60,structural
16267,U+744D,瑍,33,,60,structural
16268,U+744E,瑎,33,,60,structural
16269,U+744F,瑏,33,,60,structural
16270,U+7450,瑐,25,,60,structural
16271,U+7451,瑑,33,,60,structural
16272,U+7452,瑒,56,,60,structural
16273,U+7453,瑓,33,,60,structural
16274,U+7454,瑔,33,,60,structural
16275,U+7455,瑕,33,,60,structural
16276,U+7456,瑖,33,,60,structural
16277,U+7457,瑗,33,,60,structural
16278,U+7458,瑘,33,,60,structural
16279,U+7459,瑙,33,,60,structural
16280,U+745A,瑚,57,,60,structural
16281,U+745B,瑛,36,,60,structural
16282,U+745C,瑜,26,,60,structural
16283,U+745D,瑝,33,,60,structural
16284,U+745E,瑞,33,,60,structural
16285,U+745F,瑟,10,,60,structural
16286,U+7460,瑠,33,,60,structural
16287,U+7461,瑡,53,,60,structural
16288,U+7462,瑢,33,,60,structural
16289,U+7463,瑣,33,,60,structural
16290,U+7464,瑤,33,,60,structural
16291,U+7465,瑥,33,,60,structural
16292,U+7466,瑦,33,,60,structural
16293,U+7467,瑧,33,,60,structural
16294,U+7468,瑨,56,,60,structural
16295,U+7469,瑩,33,,60,structural
16296,U+746A,瑪,33,,60,structural
16297,U+746B,瑫,33,,60,structural
16298,U+746C,瑬,33,,60,structural
16299,U+746D,瑭,59,,60,structural
16300,U+746E,瑮,59,,60,structural
16301,U+746F,瑯,33,,60,structural
16302,U+7470,瑰,33,,60,structural
16303,U+7471,瑱,25,,60,structural
16304,U+7472,瑲,26,,60,structural
16305,U+7473,瑳,33,,60,structural
16306,U+7474,瑴,33,,60,structural
16307,U+7475,瑵,39,,60,structural
16308,U+7476,瑶,33,,60,structural
16309,U+7477,瑷,33,,60,structural
16310,U+7478,瑸,25,,60,structural
16311,U+7479,瑹,26,,60,structural
16312,U+747A,瑺,33,,60,structural
16313,U+747B,瑻,32,,60,structural
16314,U+747C,瑼,33,,60,structural
16315,U+747D,瑽,33,,60,structural
16316,U+747E,瑾,33,,60,structural
16317,U+747F,瑿,33,,60,structural
16318,U+7480,璀,33,,60,structural
16319,U+7481,璁,10,,60,structural
16320,U+7482,璂,25,,60,structural
16321,U+7483,璃,10,,60,structural
16322,U+7484,璄,14,,60,structural
16323,U+7485,璅,24,,60,structural
16324,U+7486,璆,46,,60,structural
16325,U+7487,璇,33,,60,structural
16326,U+7488,璈,33,,60,structural
16327,U+7489,璉,33,,60,structural
16328,U+748A,璊,33,,60,structural
16329,U+748B,璋,24,,60,structural
16330,U+748C,璌,25,,60,structural
16331,U+748D,璍,33,,60,structural
16332,U+748E,璎,31,,60,structural
16333,U+748F,璏,33,,60,structural
16334,U+7490,璐,33,,60,structural
16335,U+7491,璑,42,,60,structural
16336,U+7492,璒,33,,60,structural
16337,U+7493,璓,36,,60,structural
16338,U+7494,璔,33,,60,structural
16339,U+7495,璕,33,,60,structural
16340,U+7496,璖,33,,60,structural
16341,U+7497,璗,8,,60,structural
16342,U+7498,璘,33,,60,structural
16343,U+7499,璙,33,,60,structural
16344,U+749A,璚,47,,60,structural
16345,U+749B,璛,33,,60,structural
16346,U+749C,璜,33,,60,structural
16347,U+749D,璝,33,,60,structural
16348,U+749E,璞,49,,60,structural
16349,U+749F,璟,1,,60,structural
16350,U+74A0,璠,33,,60,structural
16351,U+74A1,璡,33,,60,structural
16352,U+74A2,璢,33,,60,structural
16353,U+74A3,璣,33,,60,structural
16354,U+74A4,璤,33,,60,structural
16355,U+74A5,璥,36,,60,structural
16356,U+74A6,璦,33,,60,structural
16357,U+74A7,璧,33,,60,structural
16358,U+74A8,璨,33,,60,structural
16359,U+74A9,璩,33,,60,structural
16360,U+74AA,璪,33,,60,structural
16361,U+74AB,璫,33,,60,structural
16362,U+74AC,璬,33,,60,structural
16363,U+74AD,璭,33,,60,structural
16364,U+74AE,璮,21,,60,structural
16365,U+74AF,璯,26,,60,structural
16366,U+74B0,環,33,,60,structural
16367,U+74B1,璱,10,,60,structural
16368,U+74B2,璲,33,,60,structural
16369,U+74B3,璳,32,,60,structural
16370,U+74B4,璴,33,,60,structural
16371,U+74B5,璵,25,,60,structural
16372,U+74B6,璶,33,,60,structural
16373,U+74B7,璷,57,,60,structural
16374,U+74B8,璸,41,,60,structural
16375,U+74B9,璹,45,,60,structural
16376,U+74BA,璺,33,,60,structural
16377,U+74BB,璻,33,,60,structural
16378,U+74BC,璼,33,,60,structural
16379,U+74BD,璽,53,,60,structural
16380,U+74BE,璾,33,,60,structural
16381,U+74BF,璿,33,,60,structural
16382,U+74C0,瓀,33,,60,structural
16383,U+74C1,瓁,51,,60,structural
16384,U+74C2,瓂,9,,60,structural
16385,U+74C3,瓃,33,,60,structural
16386,U+74C4,瓄,32,,60,structural
16387,U+74C5,瓅,33,,60,structural
16388,U+74C6,瓆,7,,60,structural
16389,U+74C7,瓇,33,,60,structural
16390,U+74C8,瓈,58,,60,structural
16391,U+74C9,瓉,49,,60,structural
16392,U+74CA,瓊,33,,60,structural
16393,U+74CB,瓋,47,,60,structural
16394,U+74CC,瓌,33,,60,structural
16395,U+74CD,瓍,33,,60,structural
16396,U+74CE,瓎,32,,60,structural
16397,U+74CF,瓏,33,,60,structural
16398,U+74D0,瓐,33,,60,structural
16399,U+74D1,瓑,33,,60,structural
16400,U+74D2,瓒,32,,60,structural
16401,U+74D3,瓓,33,,60,structural
16402,U+74D4,瓔,31,,60,structural
16403,U+74D5,瓕,53,,60,structural
16404,U+74D6,瓖,1,,60,structural
16405,U+74D7,瓗,47,,60,structural
16406,U+74D8,瓘,33,,60,structural
16407,U+74D9,瓙,45,,60,structural
16408,U+74DA,瓚,32,,60,structural
16409,U+74DB,瓛,33,,60,structural
16410,U+74DC,瓜,27,,60,structural
16411,U+74DD,瓝,13,,60,structural
16412,U+74DE,瓞,49,,60,structural
16413,U+74DF,瓟,27,,60,structural
16414,U+74E0,瓠,56,,60,structural
16415,U+74E1,瓡,9,,60,structural
16416,U+74E2,瓢,59,,60,structural
16417,U+74E3,瓣,27,,60,structural
16418,U+74E4,瓤,1,,60,structural
16419,U+74E5,瓥,30,,60,structural
16420,U+74E6,瓦,27,,60,structural
16421,U+74E7,瓧,27,,60,structural
16422,U+74E8,瓨,27,,60,structural
16423,U+74E9,瓩,37,,60,structural
16424,U+74EA,瓪,51,,60,structural
16425,U+74EB,瓫,58,,60,structural
16426,U+74EC,瓬,27,,60,structural
16427,U+74ED,瓭,27,,60,structural
16428,U+74EE,瓮,16,,60,structural
16429,U+74EF,瓯,10,,60,structural
16430,U+74F0,瓰,58,,60,structural
16431,U+74F1,瓱,27,,60,structural
16432,U+74F2,瓲,10,,60,structural
16433,U+74F3,瓳,1,,60,structural
16434,U+74F4,瓴,13,,60,structural
16435,U+74F5,瓵,1,,60,structural
16436,U+74F6,瓶,25,,60,structural
16437,U+74F7,瓷,6,,60,structural
16438,U+74F8,瓸,56,,60,structural
16439,U+74F9,瓹,1,,60,structural
16440,U+74FA,瓺,27,,60,structural
16441,U+74FB,瓻,10,,60,structural
16442,U+74FC,瓼,27,,60,structural
16443,U+74FD,瓽,27,,60,structural
16444,U+74FE,瓾,31,,60,structural
16445,U+74FF,瓿,1,,60,structural
16446,U+7500,甀,56,,60,structural
16447,U+7501,甁,10,,60,structural
16448,U+7502,甂,13,,60,structural
16449,U+7503,甃,42,,60,structural
16450,U+7504,甄,59,,60,structural
16451,U+7505,甅,27,,60,structural
16452,U+7506,甆,25,,60,structural
16453,U+7507,甇,27,,60,structural
16454,U+7508,甈,34,,60,structural
16455,U+7509,甉,25,,60,structural
16456,U+750A,甊,31,,60,structural
16457,U+750B,甋,47,,60,structural
16458,U+750C,甌,1,,60,structural
16459,U+750D,甍,27,,60,structural
16460,U+750E,甎,27,,60,structural
16461,U+750F,甏,27,,60,structural
16462,U+7510,甐,27,,60,structural
16463,U+7511,甑,58,,60,structural
16464,U+7512,甒,42,,60,structural
16465,U+7513,甓,27,,60,structural
16466,U+7514,甔,5,,60,structural
16467,U+7515,甕,51,,60,structural
16468,U+7516,甖,32,,60,structural
16469,U+7517,甗,27,,60,structural
16470,U+7518,甘,27,,60,structural
16471,U+7519,甙,27,,60,structural
16472,U+751A,甚,27,,60,structural
16473,U+751B,甛,27,,60,structural
16474,U+751C,甜,27,,60,structural
16475,U+751D,甝,27,,60,structural
16476,U+751E,甞,27,,60,structural
16477,U+751F,生,27,,60,structural
16478,U+7520,甠,24,,60,structural
16479,U+7521,甡,27,,60,structural
16480,U+7522,產,27,,60,structural
16481,U+7523,産,58,,60,structural
16482,U+7524,甤,27,,60,structural
16483,U+7525,甥,11,,60,structural
16484,U+7526,甦,56,,60,structural
16485,U+7527,甧,27,,60,structural
16486,U+7528,用,43,,60,structural
16487,U+7529,甩,17,,60,structural
16488,U+752A,甪,10,,60,structural
16489,U+752B,甫,57,,60,structural
16490,U+752C,甬,27,,60,structural
16491,U+752D,甭,56,,60,structural
16492,U+752E,甮,10,,60,structural
16493,U+752F,甯,27,,60,structural
16494,U+7530,田,11,,60,structural
16495,U+7534,甴,59,,60,structural
16496,U+7535,电,24,,60,structural
16497,U+7536,甶,10,,60,structural
16498,U+7537,男,11,,60,structural
16499,U+7538,甸,11,,60,structural
16500,U+7539,甹,56,,60,structural
16501,U+753A,町,52,,60,structural
16502,U+753B,画,56,,60,structural
16503,U+753C,甼,52,,60,structural
16504,U+753D,甽,11,,60,structural
16505,U+753E,甾,11,,60,structural
16506,U+753F,甿,11,,60,structural
16507,U+7540,畀,56,,60,structural
16508,U+7541,畁,56,,60,structural
16509,U+7542,畂,10,,60,structural
16510,U+7543,畃,13,,60,structural
16511,U+7544,畄,11,,60,structural
16512,U+7545,畅,11,,60,structural
16513,U+7546,畆,11,,60,structural
16514,U+7547,畇,11,,60,structural
16515,U+7548,畈,51,,60,structural
16516,U+7549,畉,49,,60,structural
16517,U+754A,畊,11,,60,structural
16518,U+754B,畋,11,,60,structural
16519,U+754C,界,46,,60,structural
16520,U+754D,畍,46,,60,structural
16521,U+754E,畎,11,,60,structural
16522,U+754F,畏,56,,60,structural
16523,U+7550,畐,11,,60,structural
16524,U+7551,畑,42,,60,structural
16525,U+7552,畒,46,,60,structural
16526,U+7553,畓,12,,60,structural
16527,U+7554,畔,43,,60,structural
16528,U+7555,畕,11,,60,structural
16529,U+7556,畖,11,,60,structural
16530,U+7557,畗,1,,60,structural
16531,U+7558,畘,11,,60,structural
16532,U+7559,留,11,,60,structural
16533,U+755A,畚,20,,60,structural
16534,U+755B,畛,46,,60,structural
16535,U+755C,畜,11,,60,structural
16536,U+755D,畝,10,,60,structural
16537,U+755E,畞,37,,60,structural
16538,U+755F,畟,16,,60,structural
16539,U+7560,畠,11,,60,structural
16540,U+7561,畡,46,,60,structural
16541,U+7562,畢,56,,60,structural
16542,U+7563,畣,26,,60,structural
16543,U+7564,畤,9,,60,structural
16544,U+7565,略,1,,60,structural
16545,U+7566,畦,9,,60,structural
16546,U+7567,畧,1,,60,structural
16547,U+7568,畨,11,,60,structural
16548,U+7569,畩,35,,60,structural
16549,U+756A,番,11,,60,structural
16550,U+756B,畫,56,,60,structural
16551,U+756C,畬,26,,60,structural
16552,U+756D,畭,26,,60,structural
16553,U+756E,畮,11,,60,structural
16554,U+756F,畯,16,,60,structural
16555,U+7570,異,28,,60,structural
16556,U+7571,畱,56,,60,structural
16557,U+7572,畲,46,,60,structural
16558,U+7573,畳,56,,60,structural
16559,U+7574,畴,43,,60,structural
16560,U+7575,畵,56,,60,structural
16561,U+7576,當,11,,60,structural
16562,U+7577,畷,51,,60,structural
16563,U+7578,畸,52,,60,structural
16564,U+7579,畹,44,,60,structural
16565,U+757A,畺,56,,60,structural
16566,U+757B,畻,49,,60,structural
16567,U+757C,畼,56,,60,structural
16568,U+757D,畽,11,,60,structural
16569,U+757E,畾,11,,60,structural
16570,U+757F,畿,11,,60,structural
16571,U+7580,疀,11,,60,structural
16572,U+7581,疁,46,,60,structural
16573,U+7582,疂,25,,60,structural
16574,U+7583,疃,11,,60,structural
16575,U+7584,疄,11,,60,structural
16576,U+7585,疅,56,,60,structural
16577,U+7586,疆,56,,60,structural
16578,U+7587,疇,45,,60,structural
16579,U+7588,疈,11,,60,structural
16580,U+7589,疉,11,,60,structural
16581,U+758A,疊,56,,60,structural
16582,U+758B,疋,27,,60,structural
16583,U+758D,疍,56,,60,structural
16584,U+758E,疎,34,,60,structural
16585,U+7590,疐,11,,60,structural
16586,U+7591,疑,27,,60,structural
16587,U+7592,疒,27,,60,structural
16588,U+7593,疓,10,,60,structural
16589,U+7594,疔,52,,60,structural
16590,U+7595,疕,27,,60,structural
16591,U+7596,疖,27,,60,structural
16592,U+7597,疗,27,,60,structural
16593,U+7598,疘,27,,60,structural
16594,U+7599,疙,27,,60,structural
16595,U+759A,疚,10,,60,structural
16596,U+759B,疛,27,,60,structural
16597,U+759C,疜,56,,60,structural
16598,U+759D,疝,11,,60,structural
16599,U+759E,疞,56,,60,structural
16600,U+759F,疟,56,,60,structural
16601,U+75A0,疠,56,,60,structural
16602,U+75A1,疡,27,,60,structural
16603,U+75A2,疢,42,,60,structural
16604,U+75A3,疣,13,,60,structural
16605,U+75A4,疤,27,,60,structural
16606,U+75A5,疥,46,,60,structural
16607,U+75A6,疦,20,,60,structural
16608,U+75A7,疧,27,,60,structural
16609,U+75A8,疨,27,,60,structural
16610,U+75A9,疩,27,,60,structural
16611,U+75AA,疪,27,,60,structural
16612,U+75AB,疫,27,,60,structural
16613,U+75AC,疬,27,,60,structural
16614,U+75AD,疭,46,,60,structural
16615,U+75AE,疮,46,,60,structural
16616,U+75AF,疯,27,,60,structural
16617,U+75B0,疰,9,,60,structural
16618,U+75B1,疱,27,,60,structural
16619,U+75B2,疲,27,,60,structural
16620,U+75B3,疳,27,,60,structural
16621,U+75B4,疴,52,,60,structural
16622,U+75B5,疵,27,,60,structural
16623,U+75B6,疶,56,,60,structural
16624,U+75B7,疷,13,,60,structural
16625,U+75B8,疸,56,,60,structural
16626,U+75B9,疹,46,,60,structural
16627,U+75BA,疺,10,,60,structural
16628,U+75BB,疻,47,,60,structural
16629,U+75BC,疼,27,,60,structural
16630,U+75BD,疽,56,,60,structural
16631,U+75BE,疾,27,,60,structural
16632,U+75BF,疿,10,,60,structural
16633,U+75C0,痀,1,,60,structural
16634,U+75C1,痁,1,,60,structural
16635,U+75C2,痂,1,,60,structural
16636,U+75C3,痃,27,,60,structural
16637,U+75C4,痄,10,,60,structural
16638,U+75C5,病,26,,60,structural
16639,U+75C6,痆,27,,60,structural
16640,U+75C7,症,56,,60,structural
16641,U+75C8,痈,27,,60,structural
16642,U+75C9,痉,27,,60,structural
16643,U+75CA,痊,33,,60,structural
16644,U+75CB,痋,30,,60,structural
16645,U+75CC,痌,1,,60,structural
16646,U+75CD,痍,20,,60,structural
16647,U+75CE,痎,46,,60,structural
16648,U+75CF,痏,27,,60,structural
16649,U+75D0,痐,1,,60,structural
16650,U+75D1,痑,4,,60,structural
16651,U+75D2,痒,27,,60,structural
16652,U+75D3,痓,27,,60,structural
16653,U+75D4,痔,9,,60,structural
16654,U+75D5,痕,27,,60,structural
16655,U+75D6,痖,56,,60,structural
16656,U+75D7,痗,27,,60,structural
16657,U+75D8,痘,27,,60,structural
16658,U+75D9,痙,56,,60,structural
16659,U+75DA,痚,27,,60,structural
16660,U+75DB,痛,27,,60,structural
16661,U+75DC,痜,20,,60,structural
16662,U+75DD,痝,13,,60,structural
16663,U+75DE,痞,21,,60,structural
16664,U+75DF,痟,27,,60,structural
16665,U+75E0,痠,16,,60,structural
16666,U+75E1,痡,57,,60,structural
16667,U+75E2,痢,20,,60,structural
16668,U+75E3,痣,27,,60,structural
16669,U+75E4,痤,9,,60,structural
16670,U+75E5,痥,47,,60,structural
16671,U+75E6,痦,21,,60,structural
16672,U+75E7,痧,10,,60,structural
16673,U+75E8,痨,27,,60,structural
16674,U+75E9,痩,27,,60,structural
16675,U+75EA,痪,18,,60,structural
16676,U+75EB,痫,34,,60,structural
16677,U+75EC,痬,24,,60,structural
16678,U+75ED,痭,40,,60,structural
16679,U+75EE,痮,27,,60,structural
16680,U+75EF,痯,27,,60,structural
16681,U+75F0,痰,42,,60,structural
16682,U+75F1,痱,27,,60,structural
16683,U+75F2,痲,27,,60,structural
16684,U+75F3,痳,34,,60,structural
16685,U+75F4,痴,1,,60,structural
16686,U+75F5,痵,20,,60,structural
16687,U+75F6,痶,58,,60,structural
16688,U+75F7,痷,24,,60,structural
16689,U+75F8,痸,27,,60,structural
16690,U+75F9,痹,56,,60,structural
16691,U+75FA,痺,37,,60,structural
16692,U+75FB,痻,24,,60,structural
16693,U+75FC,痼,1,,60,structural
16694,U+75FD,痽,51,,60,structural
16695,U+75FE,痾,52,,60,structural
16696,U+75FF,痿,31,,60,structural
16697,U+7600,瘀,46,,60,structural
16698,U+7601,瘁,27,,60,structural
16699,U+7602,瘂,56,,60,structural
16700,U+7603,瘃,13,,60,structural
16701,U+7604,瘄,28,,60,structural
16702,U+7605,瘅,25,,60,structural
16703,U+7606,瘆,20,,60,structural
16704,U+7607,瘇,27,,60,structural
16705,U+7608,瘈,43,,60,structural
16706,U+7609,瘉,26,,60,structural
16707,U+760A,瘊,46,,60,structural
16708,U+760B,瘋,27,,60,structural
16709,U+760C,瘌,34,,60,structural
16710,U+760D,瘍,56,,60,structural
16711,U+760E,瘎,27,,60,structural
16712,U+760F,瘏,24,,60,structural
16713,U+7610,瘐,46,,60,structural
16714,U+7611,瘑,1,,60,structural
16715,U+7612,瘒,27,,60,structural
16716,U+7613,瘓,58,,60,structural
16717,U+7614,瘔,36,,60,structural
16718,U+7615,瘕,51,,60,structural
16719,U+7616,瘖,14,,60,structural
16720,U+7617,瘗,49,,60,structural
16721,U+7618,瘘,31,,60,structural
16722,U+7619,瘙,39,,60,structural
16723,U+761A,瘚,25,,60,structural
16724,U+761B,瘛,43,,60,structural
16725,U+761C,瘜,27,,60,structural
16726,U+761D,瘝,27,,60,structural
16727,U+761E,瘞,9,,60,structural
16728,U+761F,瘟,24,,60,structural
16729,U+7620,瘠,46,,60,structural
16730,U+7621,瘡,26,,60,structural
16731,U+7622,瘢,27,,60,structural
16732,U+7623,瘣,27,,60,structural
16733,U+7624,瘤,11,,60,structural
16734,U+7625,瘥,27,,60,structural
16735,U+7626,瘦,51,,60,structural
16736,U+7627,瘧,56,,60,structural
16737,U+7628,瘨,25,,60,structural
16738,U+7629,瘩,26,,60,structural
16739,U+762A,瘪,46,,60,structural
16740,U+762B,瘫,51,,60,structural
16741,U+762C,瘬,27,,60,structural
16742,U+762D,瘭,59,,60,structural
16743,U+762E,瘮,27,,60,structural
16744,U+762F,瘯,27,,60,structural
16745,U+7630,瘰,15,,60,structural
16746,U+7631,瘱,46,,60,structural
16747,U+7632,瘲,46,,60,structural
16748,U+7633,瘳,46,,60,structural
16749,U+7634,瘴,24,,60,structural
16750,U+7635,瘵,6,,60,structural
16751,U+7636,瘶,34,,60,structural
16752,U+7637,瘷,34,,60,structural
16753,U+7638,瘸,27,,60,structural
16754,U+7639,瘹,29,,60,structural
16755,U+763A,瘺,27,,60,structural
16756,U+763B,瘻,31,,60,structural
16757,U+763C,瘼,24,,60,structural
16758,U+763D,瘽,1,,60,structural
16759,U+763E,瘾,27,,60,structural
16760,U+763F,瘿,31,,60,structural
16761,U+7640,癀,27,,60,structural
16762,U+7641,癁,24,,60,structural
16763,U+7642,療,24,,60,structural
16764,U+7643,癃,27,,60,structural
16765,U+7644,癄,42,,60,structural
16766,U+7645,癅,56,,60,structural
16767,U+7646,癆,27,,60,structural
16768,U+7647,癇,27,,60,structural
16769,U+7648,癈,27,,60,structural
16770,U+7649,癉,21,,60,structural
16771,U+764A,癊,49,,60,structural
16772,U+764B,癋,56,,60,structural
16773,U+764C,癌,1,,60,structural
16774,U+764D,癍,33,,60,structural
16775,U+764E,癎,24,,60,structural
16776,U+764F,癏,27,,60,structural
16777,U+7650,癐,26,,60,structural
16778,U+7651,癑,27,,60,structural
16779,U+7652,癒,26,,60,structural
16780,U+7653,癓,27,,60,structural
16781,U+7654,癔,14,,60,structural
16782,U+7655,癕,51,,60,structural
16783,U+7656,癖,27,,60,structural
16784,U+7657,癗,11,,60,structural
16785,U+7658,癘,36,,60,structural
16786,U+7659,癙,27,,60,structural
16787,U+765A,癚,5,,60,structural
16788,U+765B,癛,1,,60,structural
16789,U+765C,癜,27,,60,structural
16790,U+765D,癝,1,,60,structural
16791,U+765E,癞,32,,60,structural
16792,U+765F,癟,26,,60,structural
16793,U+7660,癠,27,,60,structural
16794,U+7661,癡,27,,60,structural
16795,U+7662,癢,27,,60,structural
16796,U+7663,癣,55,,60,structural
16797,U+7664,癤,23,,60,structural
16798,U+7665,癥,27,,60,structural
16799,U+7666,癦,9,,60,structural
16800,U+7667,癧,20,,60,structural
16801,U+7668,癨,51,,60,structural
16802,U+7669,癩,32,,60,structural
16803,U+766A,癪,32,,60,structural
16804,U+766B,癫,25,,60,structural
16805,U+766C,癬,55,,60,structural
16806,U+766D,癭,31,,60,structural
16807,U+766E,癮,27,,60,structural
16808,U+766F,癯,51,,60,structural
16809,U+7670,癰,51,,60,structural
16810,U+7671,癱,49,,60,structural
16811,U+7672,癲,25,,60,structural
16812,U+7673,癳,15,,60,structural
16813,U+7674,癴,5,,60,structural
16814,U+7675,癵,5,,60,structural
16815,U+7677,癷,27,,60,structural
16816,U+7678,癸,56,,60,structural
16817,U+7679,癹,27,,60,structural
16818,U+767A,発,17,,60,structural
16819,U+767B,登,27,,60,structural
16820,U+767C,發,27,,60,structural
16821,U+767D,白,27,,60,structural
16822,U+767E,百,56,,60,structural
16823,U+767F,癿,27,,60,structural
16824,U+7680,皀,27,,60,structural
16825,U+7681,皁,37,,60,structural
16826,U+7682,皂,27,,60,structural
16827,U+7683,皃,27,,60,structural
16828,U+7684,的,13,,60,structural
16829,U+7685,皅,27,,60,structural
16830,U+7686,皆,27,,60,structural
16831,U+7687,皇,33,,60,structural
16832,U+7688,皈,51,,60,structural
16833,U+7689,皉,27,,60,structural
16834,U+768A,皊,13,,60,structural
16835,U+768B,皋,37,,60,structural
16836,U+768C,皌,34,,60,structural
16837,U+768D,皍,27,,60,structural
16838,U+768E,皎,27,,60,structural
16839,U+768F,皏,25,,60,structural
16840,U+7690,皐,27,,60,structural
16841,U+7691,皑,11,,60,structural
16842,U+7692,皒,27,,60,structural
16843,U+7693,皓,1,,60,structural
16844,U+7694,皔,24,,60,structural
16845,U+7695,皕,56,,60,structural
16846,U+7696,皖,41,,60,structural
16847,U+7697,皗,27,,60,structural
16848,U+7698,皘,9,,60,structural
16849,U+7699,皙,34,,60,structural
16850,U+769A,皚,11,,60,structural
16851,U+769B,皛,27,,60,structural
16852,U+769C,皜,27,,60,structural
16853,U+769D,皝,56,,60,structural
16854,U+769E,皞,37,,60,structural
16855,U+769F,皟,32,,60,structural
16856,U+76A0,皠,11,,60,structural
16857,U+76A1,皡,27,,60,structural
16858,U+76A2,皢,56,,60,structural
16859,U+76A3,皣,36,,60,structural
16860,U+76A4,皤,11,,60,structural
16861,U+76A5,皥,27,,60,structural
16862,U+76A6,皦,27,,60,structural
16863,U+76A7,皧,27,,60,structural
16864,U+76A8,皨,9,,60,structural
16865,U+76A9,皩,56,,60,structural
16866,U+76AA,皪,34,,60,structural
16867,U+76AB,皫,42,,60,structural
16868,U+76AC,皬,51,,60,structural
16869,U+76AD,皭,27,,60,structural
16870,U+76AE,皮,27,,60,structural
16871,U+76AF,皯,27,,60,structural
16872,U+76B0,皰,27,,60,structural
16873,U+76B1,皱,27,,60,structural
16874,U+76B2,皲,27,,60,structural
16875,U+76B3,皳,25,,60,structural
16876,U+76B4,皴,16,,60,structural
16877,U+76B5,皵,28,,60,structural
16878,U+76B6,皶,2,,60,structural
16879,U+76B7,皷,27,,60,structural
16880,U+76B8,皸,27,,60,structural
16881,U+76B9,皹,27,,60,structural
16882,U+76BA,皺,27,,60,structural
16883,U+76BB,皻,56,,60,structural
16884,U+76BC,皼,27,,60,structural
16885,U+76BD,皽,21,,60,structural
16886,U+76BE,皾,32,,60,structural
16887,U+76BF,皿,27,,60,structural
16888,U+76C0,盀,27,,60,structural
16889,U+76C1,盁,10,,60,structural
16890,U+76C2,盂,17,,60,structural
16891,U+76C3,盃,56,,60,structural
16892,U+76C4,盄,27,,60,structural
16893,U+76C5,盅,59,,60,structural
16894,U+76C6,盆,58,,60,structural
16895,U+76C7,盇,13,,60,structural
16896,U+76C8,盈,10,,60,structural
16897,U+76C9,盉,20,,60,structural
16898,U+76CA,益,25,,60,structural
16899,U+76CB,盋,39,,60,structural
16900,U+76CC,盌,44,,60,structural
16901,U+76CD,盍,9,,60,structural
16902,U+76CE,盎,20,,60,structural
16903,U+76CF,盏,56,,60,structural
16904,U+76D0,盐,9,,60,structural
16905,U+76D1,监,13,,60,structural
16906,U+76D2,盒,26,,60,structural
16907,U+76D3,盓,12,,60,structural
16908,U+76D4,盔,42,,60,structural
16909,U+76D5,盕,12,,60,structural
16910,U+76D6,盖,27,,60,structural
16911,U+76D7,盗,6,,60,structural
16912,U+76D8,盘,27,,60,structural
16913,U+76D9,盙,57,,60,structural
16914,U+76DA,盚,25,,60,structural
16915,U+76DB,盛,27,,60,structural
16916,U+76DC,盜,12,,60,structural
16917,U+76DD,盝,58,,60,structural
16918,U+76DE,盞,27,,60,structural
16919,U+76DF,盟,24,,60,structural
16920,U+76E0,盠,27,,60,structural
16921,U+76E1,盡,27,,60,structural
16922,U+76E2,盢,11,,60,structural
16923,U+76E3,監,13,,60,structural
16924,U+76E4,盤,27,,60,structural
16925,U+76E5,盥,12,,60,structural
16926,U+76E6,盦,13,,60,structural
16927,U+76E7,盧,11,,60,structural
16928,U+76E8,盨,19,,60,structural
16929,U+76E9,盩,27,,60,structural
16930,U+76EA,盪,8,,60,structural
16931,U+76EB,盫,27,,60,structural
16932,U+76EC,盬,1,,60,structural
16933,U+76ED,盭,27,,60,structural
16934,U+76EE,目,27,,60,structural
16935,U+76EF,盯,52,,60,structural
16936,U+76F0,盰,27,,60,structural
16937,U+76F1,盱,17,,60,structural
16938,U+76F2,盲,27,,60,structural
16939,U+76F3,盳,27,,60,structural
16940,U+76F4,直,56,,60,structural
16941,U+76F5,盵,27,,60,structural
16942,U+76F6,盶,56,,60,structural
16943,U+76F7,盷,6,,60,structural
16944,U+76F8,相,34,,60,structural
16945,U+76F9,盹,10,,60,structural
16946,U+76FA,盺,27,,60,structural
16947,U+76FB,盻,25,,60,structural
16948,U+76FC,盼,58,,60,structural
16949,U+76FD,盽,43,,60,structural
16950,U+76FF,盿,27,,60,structural
16951,U+7700,眀,27,,60,structural
16952,U+7701,省,10,,60,structural
16953,U+7702,眂,27,,60,structural
16954,U+7703,眃,17,,60,structural
16955,U+7704,眄,56,,60,structural
16956,U+7705,眅,51,,60,structural
16957,U+7706,眆,27,,60,structural
16958,U+7707,眇,10,,60,structural
16959,U+7708,眈,27,,60,structural
16960,U+7709,眉,27,,60,structural
16961,U+770A,眊,27,,60,structural
16962,U+770B,看,3,,60,structural
16963,U+770C,県,27,,60,structural
16964,U+770D,眍,10,,60,structural
16965,U+770E,眎,27,,60,structural
16966,U+770F,眏,20,,60,structural
16967,U+7710,眐,56,,60,structural
16968,U+7711,眑,27,,60,structural
16969,U+7712,眒,11,,60,structural
16970,U+7713,眓,27,,60,structural
16971,U+7714,眔,27,,60,structural
16972,U+7715,眕,46,,60,structural
16973,U+7716,眖,1,,60,structural
16974,U+7717,眗,1,,60,structural
16975,U+7718,眘,27,,60,structural
16976,U+7719,眙,1,,60,structural
16977,U+771A,眚,27,,60,structural
16978,U+771B,眛,34,,60,structural
16979,U+771C,眜,34,,60,structural
16980,U+771D,眝,41,,60,structural
16981,U+771E,眞,58,,60,structural
16982,U+771F,真,25,,60,structural
16983,U+7720,眠,27,,60,structural
16984,U+7721,眡,13,,60,structural
16985,U+7722,眢,44,,60,structural
16986,U+7723,眣,49,,60,structural
16987,U+7724,眤,27,,60,structural
16988,U+7725,眥,27,,60,structural
16989,U+7726,眦,27,,60,structural
16990,U+7727,眧,1,,60,structural
16991,U+7728,眨,10,,60,structural
16992,U+7729,眩,27,,60,structural
16993,U+772A,眪,26,,60,structural
16994,U+772B,眫,43,,60,structural
16995,U+772C,眬,27,,60,structural
16996,U+772D,眭,9,,60,structural
16997,U+772E,眮,1,,60,structural
16998,U+772F,眯,27,,60,structural
16999,U+7730,眰,27,,60,structural
17000,U+7731,眱,20,,60,structural
17001,U+7732,眲,0,,60,structural
17002,U+7733,眳,4,,60,structural
17003,U+7734,眴,24,,60,structural
17004,U+7735,眵,4,,60,structural
17005,U+7736,眶,33,,60,structural
17006,U+7737,眷,49,,60,structural
17007,U+7738,眸,27,,60,structural
17008,U+7739,眹,25,,60,structural
17009,U+773A,眺,27,,60,structural
17010,U+773B,眻,27,,60,structural
17011,U+773C,眼,27,,60,structural
17012,U+773D,眽,27,,60,structural
17013,U+773E,眾,10,,60,structural
17014,U+773F,眿,12,,60,structural
17015,U+7740,着,27,,60,structural
17016,U+7741,睁,52,,60,structural
17017,U+7742,睂,46,,60,structural
17018,U+7743,睃,16,,60,structural
17019,U+7744,睄,27,,60,structural
17020,U+7745,睅,24,,60,structural
17021,U+7746,睆,41,,60,structural
17022,U+7747,睇,58,,60,structural
17023,U+7748,睈,33,,60,structural
17024,U+7749,睉,9,,60,structural
17025,U+774A,睊,1,,60,structural
17026,U+774B,睋,27,,60,structural
17027,U+774C,睌,27,,60,structural
17028,U+774D,睍,27,,60,structural
17029,U+774E,睎,10,,60,structural
17030,U+774F,睏,34,,60,structural
17031,U+7750,睐,34,,60,structural
17032,U+7751,睑,26,,60,structural
17033,U+7752,睒,42,,60,structural
17034,U+7753,睓,58,,60,structural
17035,U+7754,睔,26,,60,structural
17036,U+7755,睕,44,,60,structural
17037,U+7756,睖,16,,60,structural
17038,U+7757,睗,24,,60,structural
17039,U+7758,睘,27,,60,structural
17040,U+7759,睙,13,,60,structural
17041,U+775A,睚,9,,60,structural
17042,U+775B,睛,9,,60,structural
17043,U+775C,睜,52,,60,structural
17044,U+775D,睝,27,,60,structural
17045,U+775E,睞,34,,60,structural
17046,U+775F,睟,27,,60,structural
17047,U+7760,睠,49,,60,structural
17048,U+7761,睡,56,,60,structural
17049,U+7762,睢,51,,60,structural
17050,U+7763,督,56,,60,structural
17051,U+7764,睤,56,,60,structural
17052,U+7765,睥,37,,60,structural
17053,U+7766,睦,9,,60,structural
17054,U+7767,睧,24,,60,structural
17055,U+7768,睨,27,,60,structural
17056,U+7769,睩,58,,60,structural
17057,U+776A,睪,9,,60,structural
17058,U+776B,睫,27,,60,structural
17059,U+776C,睬,34,,60,structural
17060,U+776D,睭,27,,60,structural
17061,U+776E,睮,26,,60,structural
17062,U+776F,睯,27,,60,structural
17063,U+7770,睰,36,,60,structural
17064,U+7771,睱,51,,60,structural
17065,U+7772,睲,24,,60,structural
17066,U+7773,睳,9,,60,structural
17067,U+7774,睴,27,,60,structural
17068,U+7775,睵,1,,60,structural
17069,U+7776,睶,24,,60,structural
17070,U+7777,睷,27,,60,structural
17071,U+7778,睸,27,,60,structural
17072,U+7779,睹,24,,60,structural
17073,U+777A,睺,46,,60,structural
17074,U+777B,睻,41,,60,structural
17075,U+777C,睼,24,,60,structural
17076,U+777D,睽,56,,60,structural
17077,U+777E,睾,9,,60,structural
17078,U+777F,睿,58,,60,structural
17079,U+7780,瞀,27,,60,structural
17080,U+7781,瞁,27,,60,structural
17081,U+7782,瞂,39,,60,structural
17082,U+7783,瞃,27,,60,structural
17083,U+7784,瞄,36,,60,structural
17084,U+7785,瞅,42,,60,structural
17085,U+7786,瞆,32,,60,structural
17086,U+7787,瞇,27,,60,structural
17087,U+7788,瞈,16,,60,structural
17088,U+7789,瞉,56,,60,structural
17089,U+778A,瞊,59,,60,structural
17090,U+778B,瞋,25,,60,structural
17091,U+778C,瞌,9,,60,structural
17092,U+778D,瞍,51,,60,structural
17093,U+778E,瞎,1,,60,structural
17094,U+778F,瞏,27,,60,structural
17095,U+7790,瞐,27,,60,structural
17096,U+7791,瞑,58,,60,structural
17097,U+7792,瞒,27,,60,structural
17098,U+7793,瞓,5,,60,structural
17099,U+7794,瞔,32,,60,structural
17100,U+7795,瞕,24,,60,structural
17101,U+7796,瞖,27,,60,structural
17102,U+7797,瞗,22,,60,structural
17103,U+7798,瞘,1,,60,structural
17104,U+7799,瞙,24,,60,structural
17105,U+779A,瞚,25,,60,structural
17106,U+779B,瞛,46,,60,structural
17107,U+779C,瞜,31,,60,structural
17108,U+779D,瞝,10,,60,structural
17109,U+779E,瞞,53,,60,structural
17110,U+779F,瞟,59,,60,structural
17111,U+77A0,瞠,9,,60,structural
17112,U+77A1,瞡,49,,60,structural
17113,U+77A2,瞢,27,,60,structural
17114,U+77A3,瞣,59,,60,structural
17115,U+77A4,瞤,33,,60,structural
17116,U+77A5,瞥,53,,60,structural
17117,U+77A6,瞦,1,,60,structural
17118,U+77A7,瞧,42,,60,structural
17119,U+77A8,瞨,49,,60,structural
17120,U+77A9,瞩,27,,60,structural
17121,U+77AA,瞪,27,,60,structural
17122,U+77AB,瞫,28,,60,structural
17123,U+77AC,瞬,27,,60,structural
17124,U+77AD,瞭,24,,60,structural
17125,U+77AE,瞮,27,,60,structural
17126,U+77AF,瞯,27,,60,structural
17127,U+77B0,瞰,0,,60,structural
17128,U+77B1,瞱,36,,60,structural
17129,U+77B2,瞲,47,,60,structural
17130,U+77B3,瞳,27,,60,structural
17131,U+77B4,瞴,42,,60,structural
17132,U+77B5,瞵,27,,60,structural
17133,U+77B6,瞶,32,,60,structural
17134,U+77B7,瞷,24,,60,structural
17135,U+77B8,瞸,2,,60,structural
17136,U+77B9,瞹,27,,60,structural
17137,U+77BA,瞺,26,,60,structural
17138,U+77BB,瞻,5,,60,structural
17139,U+77BC,瞼,26,,60,structural
17140,U+77BD,瞽,27,,60,structural
17141,U+77BE,瞾,27,,60,structural
17142,U+77BF,瞿,51,,60,structural
17143,U+77C0,矀,27,,60,structural
17144,U+77C1,矁,42,,60,structural
17145,U+77C2,矂,34,,60,structural
17146,U+77C3,矃,41,,60,structural
17147,U+77C4,矄,42,,60,structural
17148,U+77C5,矅,51,,60,structural
17149,U+77C6,矆,51,,60,structural
17150,U+77C7,矇,36,,60,structural
17151,U+77C8,矈,27,,60,structural
17152,U+77C9,矉,41,,60,structural
17153,U+77CA,矊,15,,60,structural
17154,U+77CB,矋,36,,60,structural
17155,U+77CC,矌,38,,60,structural
17156,U+77CD,矍,51,,60,structural
17157,U+77CE,矎,27,,60,structural
17158,U+77CF,矏,27,,60,structural
17159,U+77D0,矐,51,,60,structural
17160,U+77D1,矑,11,,60,structural
17161,U+77D2,矒,27,,60,structural
17162,U+77D3,矓,27,,60,structural
17163,U+77D4,矔,36,,60,structural
17164,U+77D5,矕,5,,60,structural
17165,U+77D6,矖,27,,60,structural
17166,U+77D7,矗,56,,60,structural
17167,U+77D8,矘,27,,60,structural
17168,U+77D9,矙,0,,60,structural
17169,U+77DA,矚,58,,60,structural
17170,U+77DB,矛,10,,60,structural
17171,U+77DC,矜,13,,60,structural
17172,U+77DD,矝,13,,60,structural
17173,U+77DE,矞,47,,60,structural
17174,U+77DF,矟,27,,60,structural
17175,U+77E0,矠,28,,60,structural
17176,U+77E1,矡,51,,60,structural
17177,U+77E2,矢,20,,60,structural
17178,U+77E3,矣,27,,60,structural
17179,U+77E4,矤,27,,60,structural
17180,U+77E5,知,1,,60,structural
17181,U+77E6,矦,27,,60,structural
17182,U+77E7,矧,27,,60,structural
17183,U+77E8,矨,18,,60,structural
17184,U+77E9,矩,27,,60,structural
17185,U+77EA,矪,27,,60,structural
17186,U+77EB,矫,18,,60,structural
17187,U+77EC,矬,9,,60,structural
17188,U+77ED,短,27,,60,structural
17189,U+77EE,矮,31,,60,structural
17190,U+77EF,矯,18,,60,structural
17191,U+77F0,矰,58,,60,structural
17192,U+77F1,矱,51,,60,structural
17193,U+77F2,矲,27,,60,structural
17194,U+77F3,石,21,,60,structural
17195,U+77F4,矴,52,,60,structural
17196,U+77F5,矵,27,,60,structural
17197,U+77F6,矶,27,,60,structural
17198,U+77F7,矷,27,,60,structural
17199,U+77F8,矸,27,,60,structural
17200,U+77F9,矹,56,,60,structural
17201,U+77FA,矺,10,,60,structural
17202,U+77FB,矻,27,,60,structural
17203,U+77FC,矼,27,,60,structural
17204,U+77FD,矽,4,,60,structural
17205,U+77FE,矾,13,,60,structural
17206,U+77FF,矿,38,,60,structural
17207,U+7800,砀,27,,60,structural
17208,U+7801,码,50,,60,structural
17209,U+7802,砂,10,,60,structural
17210,U+7803,砃,13,,60,structural
17211,U+7804,砄,20,,60,structural
17212,U+7805,砅,12,,60,structural
17213,U+7806,砆,49,,60,structural
17214,U+7807,砇,27,,60,structural
17215,U+7808,砈,27,,60,structural
17216,U+7809,砉,43,,60,structural
17217,U+780A,砊,27,,60,structural
17218,U+780B,砋,27,,60,structural
17219,U+780C,砌,27,,60,structural
17220,U+780D,砍,6,,60,structural
17221,U+780E,砎,46,,60,structural
17222,U+780F,砏,58,,60,structural
17223,U+7810,砐,51,,60,structural
17224,U+7811,砑,27,,60,structural
17225,U+7812,砒,27,,60,structural
17226,U+7813,砓,27,,60,structural
17227,U+7814,研,56,,60,structural
17228,U+7815,砕,27,,60,structural
17229,U+7816,砖,56,,60,structural
17230,U+7817,砗,27,,60,structural
17231,U+7818,砘,10,,60,structural
17232,U+7819,砙,27,,60,structural
17233,U+781A,砚,27,,60,structural
17234,U+781B,砛,13,,60,structural
17235,U+781C,砜,27,,60,structural
17236,U+781D,砝,9,,60,structural
17237,U+781E,砞,34,,60,structural
17238,U+781F,砟,10,,60,structural
17239,U+7820,砠,56,,60,structural
17240,U+7821,砡,33,,60,structural
17241,U+7822,砢,52,,60,structural
17242,U+7823,砣,27,,60,structural
17243,U+7824,砤,27,,60,structural
17244,U+7825,砥,13,,60,structural
17245,U+7826,砦,27,,60,structural
17246,U+7827,砧,1,,60,structural
17247,U+7828,砨,13,,60,structural
17248,U+7829,砩,10,,60,structural
17249,U+782A,砪,27,,60,structural
17250,U+782B,砫,9,,60,structural
17251,U+782C,砬,27,,60,structural
17252,U+782D,砭,10,,60,structural
17253,U+782E,砮,31,,60,structural
17254,U+782F,砯,12,,60,structural
17255,U+7830,砰,58,,60,structural
17256,U+7831,砱,13,,60,structural
17257,U+7832,砲,27,,60,structural
17258,U+7833,砳,27,,60,structural
17259,U+7834,破,27,,60,structural
17260,U+7835,砵,34,,60,structural
17261,U+7836,砶,27,,60,structural
17262,U+7837,砷,11,,60,structural
17263,U+7838,砸,53,,60,structural
17264,U+7839,砹,36,,60,structural
17265,U+783A,砺,56,,60,structural
17266,U+783B,砻,27,,60,structural
17267,U+783C,砼,46,,60,structural
17268,U+783D,砽,27,,60,structural
17269,U+783E,砾,10,,60,structural
17270,U+783F,砿,38,,60,structural
17271,U+7840,础,27,,60,structural
17272,U+7841,硁,27,,60,structural
17273,U+7842,硂,33,,60,structural
17274,U+7843,硃,34,,60,structural
17275,U+7844,硄,56,,60,structural
17276,U+7845,硅,9,,60,structural
17277,U+7846,硆,26,,60,structural
17278,U+7847,硇,10,,60,structural
17279,U+7848,硈,1,,60,structural
17280,U+7849,硉,27,,60,structural
17281,U+784A,硊,27,,60,structural
17282,U+784B,硋,46,,60,structural
17283,U+784C,硌,1,,60,structural
17284,U+784D,硍,27,,60,structural
17285,U+784E,硎,56,,60,structural
17286,U+784F,硏,27,,60,structural
17287,U+7850,硐,1,,60,structural
17288,U+7851,硑,25,,60,structural
17289,U+7852,硒,56,,60,structural
17290,U+7853,硓,27,,60,structural
17291,U+7854,硔,28,,60,structural
17292,U+7855,硕,19,,60,structural
17293,U+7856,硖,49,,60,structural
17294,U+7857,硗,56,,60,structural
17295,U+7858,硘,1,,60,structural
17296,U+7859,硙,11,,60,structural
17297,U+785A,硚,18,,60,structural
17298,U+785B,硛,27,,60,structural
17299,U+785C,硜,56,,60,structural
17300,U+785D,硝,27,,60,structural
17301,U+785E,硞,1,,60,structural
17302,U+785F,硟,10,,60,structural
17303,U+7860,硠,13,,60,structural
17304,U+7861,硡,27,,60,structural
17305,U+7862,硢,26,,60,structural
17306,U+7863,硣,27,,60,structural
17307,U+7864,硤,46,,60,structural
17308,U+7865,硥,13,,60,structural
17309,U+7866,硦,33,,60,structural
17310,U+7867,硧,27,,60,structural
17311,U+7868,硨,27,,60,structural
17312,U+7869,硩,3,,60,structural
17313,U+786A,硪,27,,60,structural
17314,U+786B,硫,27,,60,structural
17315,U+786C,硬,56,,60,structural
17316,U+786D,硭,36,,60,structural
17317,U+786E,确,27,,60,structural
17318,U+786F,硯,27,,60,structural
17319,U+7870,硰,10,,60,structural
17320,U+7871,硱,34,,60,structural
17321,U+7872,硲,27,,60,structural
17322,U+7873,硳,27,,60,structural
17323,U+7874,硴,36,,60,structural
17324,U+7875,硵,27,,60,structural
17325,U+7876,硶,13,,60,structural
17326,U+7877,硷,26,,60,structural
17327,U+7878,硸,11,,60,structural
17328,U+7879,硹,16,,60,structural
17329,U+787A,硺,13,,60,structural
17330,U+787B,硻,51,,60,structural
17331,U+787C,硼,40,,60,structural
17332,U+787D,硽,24,,60,structural
17333,U+787E,硾,56,,60,structural
17334,U+787F,硿,27,,60,structural
17335,U+7880,碀,52,,60,structural
17336,U+7881,碁,25,,60,structural
17337,U+7882,碂,27,,60,structural
17338,U+7883,碃,9,,60,structural
17339,U+7884,碄,34,,60,structural
17340,U+7885,碅,20,,60,structural
17341,U+7886,碆,12,,60,structural
17342,U+7887,碇,27,,60,structural
17343,U+7888,碈,24,,60,structural
17344,U+7889,碉,27,,60,structural
17345,U+788A,碊,27,,60,structural
17346,U+788B,碋,52,,60,structural
17347,U+788C,碌,58,,60,structural
17348,U+788D,碍,56,,60,structural
17349,U+788E,碎,27,,60,structural
17350,U+788F,碏,28,,60,structural
17351,U+7890,碐,16,,60,structural
17352,U+7891,碑,37,,60,structural
17353,U+7892,碒,29,,60,structural
17354,U+7893,碓,51,,60,structural
17355,U+7894,碔,56,,60,structural
17356,U+7895,碕,52,,60,structural
17357,U+7896,碖,26,,60,structural
17358,U+7897,碗,44,,60,structural
17359,U+7898,碘,58,,60,structural
17360,U+7899,碙,25,,60,structural
17361,U+789A,碚,1,,60,structural
17362,U+789B,碛,32,,60,structural
17363,U+789C,碜,20,,60,structural
17364,U+789D,碝,20,,60,structural
17365,U+789E,碞,1,,60,structural
17366,U+789F,碟,2,,60,structural
17367,U+78A0,碠,52,,60,structural
17368,U+78A1,碡,9,,60,structural
17369,U+78A2,碢,1,,60,structural
17370,U+78A3,碣,24,,60,structural
17371,U+78A4,碤,36,,60,structural
17372,U+78A5,碥,13,,60,structural
17373,U+78A6,碦,1,,60,structural
17374,U+78A7,碧,33,,60,structural
17375,U+78A8,碨,56,,60,structural
17376,U+78A9,碩,19,,60,structural
17377,U+78AA,碪,27,,60,structural
17378,U+78AB,碫,27,,60,structural
17379,U+78AC,碬,51,,60,structural
17380,U+78AD,碭,56,,60,structural
17381,U+78AE,碮,24,,60,structural
17382,U+78AF,碯,27,,60,structural
17383,U+78B0,碰,25,,60,structural
17384,U+78B1,碱,21,,60,structural
17385,U+78B2,碲,53,,60,structural
17386,U+78B3,碳,42,,60,structural
17387,U+78B4,碴,2,,60,structural
17388,U+78B5,碵,32,,60,structural
17389,U+78B6,碶,43,,60,structural
17390,U+78B7,碷,27,,60,structural
17391,U+78B8,碸,27,,60,structural
17392,U+78B9,碹,41,,60,structural
17393,U+78BA,確,51,,60,structural
17394,U+78BB,碻,27,,60,structural
17395,U+78BC,碼,50,,60,structural
17396,U+78BD,碽,32,,60,structural
17397,U+78BE,碾,28,,60,structural
17398,U+78BF,碿,27,,60,structural
17399,U+78C0,磀,25,,60,structural
17400,U+78C1,磁,25,,60,structural
17401,U+78C2,磂,11,,60,structural
17402,U+78C3,磃,27,,60,structural
17403,U+78C4,磄,59,,60,structural
17404,U+78C5,磅,58,,60,structural
17405,U+78C6,磆,27,,60,structural
17406,U+78C7,磇,27,,60,structural
17407,U+78C8,磈,27,,60,structural
17408,U+78C9,磉,34,,60,structural
17409,U+78CA,磊,27,,60,structural
17410,U+78CB,磋,27,,60,structural
17411,U+78CC,磌,25,,60,structural
17412,U+78CD,磍,1,,60,structural
17413,U+78CE,磎,27,,60,structural
17414,U+78CF,磏,25,,60,structural
17415,U+78D0,磐,27,,60,structural
17416,U+78D1,磑,11,,60,structural
17417,U+78D2,磒,54,,60,structural
17418,U+78D3,磓,27,,60,structural
17419,U+78D4,磔,34,,60,structural
17420,U+78D5,磕,9,,60,structural
17421,U+78D6,磖,27,,60,structural
17422,U+78D7,磗,57,,60,structural
17423,U+78D8,磘,27,,60,structural
17424,U+78D9,磙,16,,60,structural
17425,U+78DA,磚,27,,60,structural
17426,U+78DB,磛,27,,60,structural
17427,U+78DC,磜,6,,60,structural
17428,U+78DD,磝,27,,60,structural
17429,U+78DE,磞,40,,60,structural
17430,U+78DF,磟,46,,60,structural
17431,U+78E0,磠,27,,60,structural
17432,U+78E1,磡,27,,60,structural
17433,U+78E2,磢,20,,60,structural
17434,U+78E3,磣,27,,60,structural
17435,U+78E4,磤,10,,60,structural
17436,U+78E5,磥,15,,60,structural
17437,U+78E6,磦,59,,60,structural
17438,U+78E7,磧,32,,60,structural
17439,U+78E8,磨,27,,60,structural
17440,U+78E9,磩,56,,60,structural
17441,U+78EA,磪,11,,60,structural
17442,U+78EB,磫,46,,60,structural
17443,U+78EC,磬,27,,60,structural
17444,U+78ED,磭,27,,60,structural
17445,U+78EE,磮,26,,60,structural
17446,U+78EF,磯,46,,60,structural
17447,U+78F0,磰,25,,60,structural
17448,U+78F1,磱,27,,60,structural
17449,U+78F2,磲,34,,60,structural
17450,U+78F3,磳,58,,60,structural
17451,U+78F4,磴,27,,60,structural
17452,U+78F5,磵,24,,60,structural
17453,U+78F6,磶,42,,60,structural
17454,U+78F7,磷,27,,60,structural
17455,U+78F8,磸,58,,60,structural
17456,U+78F9,磹,28,,60,structural
17457,U+78FA,磺,27,,60,structural
17458,U+78FB,磻,11,,60,structural
17459,U+78FC,磼,34,,60,structural
17460,U+78FD,磽,56,,60,structural
17461,U+78FE,磾,21,,60,structural
17462,U+78FF,磿,20,,60,structural
17463,U+7900,礀,27,,60,structural
17464,U+7901,礁,42,,60,structural
17465,U+7902,礂,1,,60,structural
17466,U+7903,礃,3,,60,structural
17467,U+7904,礄,18,,60,structural
17468,U+7905,礅,1,,60,structural
17469,U+7906,礆,26,,60,structural
17470,U+7907,礇,18,,60,structural
17471,U+7908,礈,58,,60,structural
17472,U+7909,礉,27,,60,structural
17473,U+790A,礊,27,,60,structural
17474,U+790B,礋,9,,60,structural
17475,U+790C,礌,11,,60,structural
17476,U+790D,礍,24,,60,structural
17477,U+790E,礎,34,,60,structural
17478,U+790F,礏,56,,60,structural
17479,U+7910,礐,27,,60,structural
17480,U+7911,礑,11,,60,structural
17481,U+7912,礒,27,,60,structural
17482,U+7913,礓,56,,60,structural
17483,U+7914,礔,27,,60,structural
17484,U+7915,礕,27,,60,structural
17485,U+7916,礖,25,,60,structural
17486,U+7917,礗,41,,60,structural
17487,U+7918,礘,24,,60,structural
17488,U+7919,礙,27,,60,structural
17489,U+791A,礚,9,,60,structural
17490,U+791B,礛,13,,60,structural
17491,U+791C,礜,25,,60,structural
17492,U+791D,礝,27,,60,structural
17493,U+791E,礞,36,,60,structural
17494,U+791F,礟,50,,60,structural
17495,U+7920,礠,25,,60,structural
17496,U+7921,礡,57,,60,structural
17497,U+7922,礢,27,,60,structural
17498,U+7923,礣,13,,60,structural
17499,U+7924,礤,36,,60,structural
17500,U+7925,礥,32,,60,structural
17501,U+7926,礦,38,,60,structural
17502,U+7927,礧,11,,60,structural
17503,U+7928,礨,11,,60,structural
17504,U+7929,礩,7,,60,structural
17505,U+792A,礪,36,,60,structural
17506,U+792B,礫,34,,60,structural
17507,U+792C,礬,34,,60,structural
17508,U+792D,礭,51,,60,structural
17509,U+792E,礮,50,,60,structural
17510,U+792F,礯,15,,60,structural
17511,U+7930,礰,20,,60,structural
17512,U+7931,礱,27,,60,structural
17513,U+7932,礲,27,,60,structural
17514,U+7933,礳,27,,60,structural
17515,U+7934,礴,57,,60,structural
17516,U+7935,礵,34,,60,structural
17517,U+7936,礶,36,,60,structural
17518,U+7937,礷,36,,60,structural
17519,U+7938,礸,32,,60,structural
17520,U+7939,礹,1,,60,structural
17521,U+793A,示,27,,60,structural
17522,U+793B,礻,27,,60,structural
17523,U+793C,礼,27,,60,structural
17524,U+793D,礽,10,,60,structural
17525,U+793E,社,9,,60,structural
17526,U+793F,礿,13,,60,structural
17527,U+7940,祀,27,,60,structural
17528,U+7941,祁,27,,60,structural
17529,U+7942,祂,27,,60,structural
17530,U+7943,祃,50,,60,structural
17531,U+7944,祄,46,,60,structural
17532,U+7945,祅,18,,60,structural
17533,U+7946,祆,56,,60,structural
17534,U+7947,祇,27,,60,structural
17535,U+7948,祈,27,,60,structural
17536,U+7949,祉,27,,60,structural
17537,U+794A,祊,27,,60,structural
17538,U+794B,祋,27,,60,structural
17539,U+794C,祌,59,,60,structural
17540,U+794D,祍,10,,60,structural
17541,U+794E,祎,27,,60,structural
17542,U+794F,祏,27,,60,structural
17543,U+7950,祐,1,,60,structural
17544,U+7951,祑,49,,60,structural
17545,U+7952,祒,1,,60,structural
17546,U+7953,祓,39,,60,structural
17547,U+7954,祔,46,,60,structural
17548,U+7955,祕,10,,60,structural
17549,U+7956,祖,56,,60,structural
17550,U+7957,祗,13,,60,structural
17551,U+7958,祘,27,,60,structural
17552,U+7959,祙,34,,60,structural
17553,U+795A,祚,10,,60,structural
17554,U+795B,祛,9,,60,structural
17555,U+795C,祜,1,,60,structural
17556,U+795D,祝,1,,60,structural
17557,U+795E,神,11,,60,structural
17558,U+795F,祟,27,,60,structural
17559,U+7960,祠,27,,60,structural
17560,U+7961,祡,27,,60,structural
17561,U+7962,祢,27,,60,structural
17562,U+7963,祣,27,,60,structural
17563,U+7964,祤,27,,60,structural
17564,U+7965,祥,27,,60,structural
17565,U+7966,祦,21,,60,structural
17566,U+7967,祧,27,,60,structural
17567,U+7968,票,59,,60,structural
17568,U+7969,祩,34,,60,structural
17569,U+796A,祪,27,,60,structural
17570,U+796B,祫,26,,60,structural
17571,U+796C,祬,27,,60,structural
17572,U+796D,祭,6,,60,structural
17573,U+796E,祮,1,,60,structural
17574,U+796F,祯,32,,60,structural
17575,U+7970,祰,1,,60,structural
17576,U+7971,祱,47,,60,structural
17577,U+7972,祲,27,,60,structural
17578,U+7973,祳,27,,60,structural
17579,U+7974,祴,27,,60,structural
17580,U+7975,祵,34,,60,structural
17581,U+7976,祶,58,,60,structural
17582,U+7977,祷,43,,60,structural
17583,U+7978,祸,46,,60,structural
17584,U+7979,祹,27,,60,structural
17585,U+797A,祺,25,,60,structural
17586,U+797B,祻,1,,60,structural
17587,U+797C,祼,24,,60,structural
17588,U+797D,祽,27,,60,structural
17589,U+797E,祾,16,,60,structural
17590,U+797F,祿,58,,60,structural
17591,U+7980,禀,1,,60,structural
17592,U+7981,禁,34,,60,structural
17593,U+7982,禂,27,,60,structural
17594,U+7983,禃,56,,60,structural
17595,U+7984,禄,58,,60,structural
17596,U+7985,禅,25,,60,structural
17597,U+7986,禆,37,,60,structural
17598,U+7987,禇,24,,60,structural
17599,U+7988,禈,27,,60,structural
17600,U+7989,禉,58,,60,structural
17601,U+798A,禊,43,,60,structural
17602,U+798B,禋,59,,60,structural
17603,U+798C,禌,25,,60,structural
17604,U+798D,禍,1,,60,structural
17605,U+798E,禎,32,,60,structural
17606,U+798F,福,11,,60,structural
17607,U+7990,禐,56,,60,structural
17608,U+7991,禑,27,,60,structural
17609,U+7992,禒,27,,60,structural
17610,U+7993,禓,56,,60,structural
17611,U+7994,禔,24,,60,structural
17612,U+7995,禕,27,,60,structural
17613,U+7996,禖,34,,60,structural
17614,U+7997,禗,11,,60,structural
17615,U+7998,禘,53,,60,structural
17616,U+7999,禙,27,,60,structural
17617,U+799A,禚,42,,60,structural
17618,U+799B,禛,25,,60,structural
17619,U+799C,禜,27,,60,structural
17620,U+799D,禝,16,,60,structural
17621,U+799E,禞,27,,60,structural
17622,U+799F,禟,59,,60,structural
17623,U+79A0,禠,27,,60,structural
17624,U+79A1,禡,50,,60,structural
17625,U+79A2,禢,27,,60,structural
17626,U+79A3,禣,57,,60,structural
17627,U+79A4,禤,27,,60,structural
17628,U+79A5,禥,25,,60,structural
17629,U+79A6,禦,27,,60,structural
17630,U+79A7,禧,1,,60,structural
17631,U+79A8,禨,46,,60,structural
17632,U+79A9,禩,28,,60,structural
17633,U+79AA,禪,21,,60,structural
17634,U+79AB,禫,28,,60,structural
17635,U+79AC,禬,26,,60,structural
17636,U+79AD,禭,58,,60,structural
17637,U+79AE,禮,27,,60,structural
17638,U+79AF,禯,27,,60,structural
17639,U+79B0,禰,53,,60,structural
17640,U+79B1,禱,45,,60,structural
17641,U+79B2,禲,36,,60,structural
17642,U+79B3,禳,1,,60,structural
17643,U+79B4,禴,27,,60,structural
17644,U+79B5,禵,19,,60,structural
17645,U+79B6,禶,32,,60,structural
17646,U+79B7,禷,19,,60,structural
17647,U+79B8,禸,27,,60,structural
17648,U+79BB,离,10,,60,structural
17649,U+79BC,禼,27,,60,structural
17650,U+79BD,禽,46,,60,structural
17651,U+79BE,禾,34,,60,structural
17652,U+79BF,禿,20,,60,structural
17653,U+79C0,秀,10,,60,structural
17654,U+79C1,私,20,,60,structural
17655,U+79C2,秂,46,,60,structural
17656,U+79C3,秃,20,,60,structural
17657,U+79C4,秄,20,,60,structural
17658,U+79C5,秅,10,,60,structural
17659,U+79C6,秆,20,,60,structural
17660,U+79C7,秇,13,,60,structural
17661,U+79C8,秈,11,,60,structural
17662,U+79C9,秉,56,,60,structural
17663,U+79CA,秊,37,,60,structural
17664,U+79CB,秋,42,,60,structural
17665,U+79CC,秌,42,,60,structural
17666,U+79CD,种,59,,60,structural
17667,U+79CE,秎,58,,60,structural
17668,U+79CF,秏,20,,60,structural
17669,U+79D0,秐,20,,60,structural
17670,U+79D1,科,20,,60,structural
17671,U+79D2,秒,10,,60,structural
17672,U+79D3,秓,20,,60,structural
17673,U+79D4,秔,20,,60,structural
17674,U+79D5,秕,20,,60,structural
17675,U+79D6,秖,20,,60,structural
17676,U+79D7,秗,20,,60,structural
17677,U+79D8,秘,10,,60,structural
17678,U+79D9,秙,1,,60,structural
17679,U+79DA,秚,43,,60,structural
17680,U+79DB,秛,20,,60,structural
17681,U+79DC,秜,20,,60,structural
17682,U+79DD,秝,20,,60,structural
17683,U+79DE,秞,20,,60,structural
17684,U+79DF,租,56,,60,structural
17685,U+79E0,秠,56,,60,structural
17686,U+79E1,秡,39,,60,structural
17687,U+79E2,秢,13,,60,structural
17688,U+79E3,秣,34,,60,structural
17689,U+79E4,秤,58,,60,structural
17690,U+79E5,秥,1,,60,structural
17691,U+79E6,秦,20,,60,structural
17692,U+79E7,秧,20,,60,structural
17693,U+79E8,秨,10,,60,structural
17694,U+79E9,秩,49,,60,structural
17695,U+79EA,秪,13,,60,structural
17696,U+79EB,秫,34,,60,structural
17697,U+79EC,秬,20,,60,structural
17698,U+79ED,秭,20,,60,structural
17699,U+79EE,秮,1,,60,structural
17700,U+79EF,积,47,,60,structural
17701,U+79F0,称,20,,60,structural
17702,U+79F1,秱,1,,60,structural
17703,U+79F2,秲,9,,60,structural
17704,U+79F3,秳,20,,60,structural
17705,U+79F4,秴,26,,60,structural
17706,U+79F5,秵,20,,60,structural
17707,U+79F6,秶,6,,60,structural
17708,U+79F7,秷,20,,60,structural
17709,U+79F8,秸,1,,60,structural
17710,U+79F9,秹,46,,60,structural
17711,U+79FA,秺,10,,60,structural
17712,U+79FB,移,4,,60,structural
17713,U+79FC,秼,34,,60,structural
17714,U+79FD,秽,4,,60,structural
17715,U+79FE,秾,20,,60,structural
17716,U+79FF,秿,57,,60,structural
17717,U+7A00,稀,10,,60,structural
17718,U+7A01,稁,1,,60,structural
17719,U+7A02,稂,13,,60,structural
17720,U+7A03,稃,20,,60,structural
17721,U+7A04,稄,16,,60,structural
17722,U+7A05,稅,47,,60,structural
17723,U+7A06,稆,1,,60,structural
17724,U+7A07,稇,34,,60,structural
17725,U+7A08,稈,24,,60,structural
17726,U+7A09,稉,56,,60,structural
17727,U+7A0A,稊,58,,60,structural
17728,U+7A0B,程,33,,60,structural
17729,U+7A0C,稌,26,,60,structural
17730,U+7A0D,稍,20,,60,structural
17731,U+7A0E,税,47,,60,structural
17732,U+7A0F,稏,56,,60,structural
17733,U+7A10,稐,26,,60,structural
17734,U+7A11,稑,9,,60,structural
17735,U+7A12,稒,1,,60,structural
17736,U+7A13,稓,28,,60,structural
17737,U+7A14,稔,13,,60,structural
17738,U+7A15,稕,1,,60,structural
17739,U+7A16,稖,1,,60,structural
17740,U+7A17,稗,37,,60,structural
17741,U+7A18,稘,25,,60,structural
17742,U+7A19,稙,56,,60,structural
17743,U+7A1A,稚,20,,60,structural
17744,U+7A1B,稛,20,,60,structural
17745,U+7A1C,稜,16,,60,structural
17746,U+7A1D,稝,40,,60,structural
17747,U+7A1E,稞,24,,60,structural
17748,U+7A1F,稟,1,,60,structural
17749,U+7A20,稠,20,,60,structural
17750,U+7A21,稡,20,,60,structural
17751,U+7A22,稢,21,,60,structural
17752,U+7A23,稣,55,,60,structural
17753,U+7A24,稤,1,,60,structural
17754,U+7A25,稥,24,,60,structural
17755,U+7A26,稦,20,,60,structural
17756,U+7A27,稧,43,,60,structural
17757,U+7A28,稨,13,,60,structural
17758,U+7A29,稩,20,,60,structural
17759,U+7A2A,稪,24,,60,structural
17760,U+7A2B,稫,20,,60,structural
17761,U+7A2C,稬,20,,60,structural
17762,U+7A2D,稭,20,,60,structural
17763,U+7A2E,種,20,,60,structural
17764,U+7A2F,稯,16,,60,structural
17765,U+7A30,稰,20,,60,structural
17766,U+7A31,稱,20,,60,structural
17767,U+7A32,稲,24,,60,structural
17768,U+7A33,稳,20,,60,structural
17769,U+7A34,稴,25,,60,structural
17770,U+7A35,稵,25,,60,structural
17771,U+7A36,稶,21,,60,structural
17772,U+7A37,稷,16,,60,structural
17773,U+7A38,稸,20,,60,structural
17774,U+7A39,稹,25,,60,structural
17775,U+7A3A,稺,20,,60,structural
17776,U+7A3B,稻,20,,60,structural
17777,U+7A3C,稼,20,,60,structural
17778,U+7A3D,稽,24,,60,structural
17779,U+7A3E,稾,20,,60,structural
17780,U+7A3F,稿,20,,60,structural
17781,U+7A40,穀,27,,60,structural
17782,U+7A41,穁,36,,60,structural
17783,U+7A42,穂,20,,60,structural
17784,U+7A43,穃,20,,60,structural
17785,U+7A44,穄,6,,60,structural
17786,U+7A45,穅,38,,60,structural
17787,U+7A46,穆,20,,60,structural
17788,U+7A47,穇,20,,60,structural
17789,U+7A48,穈,20,,60,structural
17790,U+7A49,穉,58,,60,structural
17791,U+7A4A,穊,20,,60,structural
17792,U+7A4B,穋,46,,60,structural
17793,U+7A4C,穌,55,,60,structural
17794,U+7A4D,積,32,,60,structural
17795,U+7A4E,穎,19,,60,structural
17796,U+7A4F,穏,20,,60,structural
17797,U+7A50,穐,24,,60,structural
17798,U+7A51,穑,47,,60,structural
17799,U+7A52,穒,22,,60,structural
17800,U+7A53,穓,28,,60,structural
17801,U+7A54,穔,20,,60,structural
17802,U+7A55,穕,34,,60,structural
17803,U+7A56,穖,46,,60,structural
17804,U+7A57,穗,20,,60,structural
17805,U+7A58,穘,56,,60,structural
17806,U+7A59,穙,49,,60,structural
17807,U+7A5A,穚,18,,60,structural
17808,U+7A5B,穛,42,,60,structural
17809,U+7A5C,穜,20,,60,structural
17810,U+7A5D,穝,0,,60,structural
17811,U+7A5E,穞,55,,60,structural
17812,U+7A5F,穟,58,,60,structural
17813,U+7A60,穠,20,,60,structural
17814,U+7A61,穡,9,,60,structural
17815,U+7A62,穢,56,,60,structural
17816,U+7A63,穣,58,,60,structural
17817,U+7A64,穤,20,,60,structural
17818,U+7A65,穥,25,,60,structural
17819,U+7A66,穦,41,,60,structural
17820,U+7A67,穧,20,,60,structural
17821,U+7A68,穨,32,,60,structural
17822,U+7A69,穩,20,,60,structural
17823,U+7A6A,穪,53,,60,structural
17824,U+7A6B,穫,51,,60,structural
17825,U+7A6C,穬,38,,60,structural
17826,U+7A6D,穭,55,,60,structural
17827,U+7A6E,穮,42,,60,structural
17828,U+7A6F,穯,1,,60,structural
17829,U+7A70,穰,1,,60,structural
17830,U+7A71,穱,20,,60,structural
17831,U+7A72,穲,20,,60,structural
17832,U+7A73,穳,32,,60,structural
17833,U+7A74,穴,58,,60,structural
17834,U+7A75,穵,27,,60,structural
17835,U+7A76,究,27,,60,structural
17836,U+7A77,穷,27,,60,structural
17837,U+7A78,穸,4,,60,structural
17838,U+7A79,穹,27,,60,structural
17839,U+7A7A,空,27,,60,structural
17840,U+7A7B,穻,17,,60,structural
17841,U+7A7C,穼,34,,60,structural
17842,U+7A7D,穽,17,,60,structural
17843,U+7A7E,穾,18,,60,structural
17844,U+7A7F,穿,27,,60,structural
17845,U+7A80,窀,10,,60,structural
17846,U+7A81,突,27,,60,structural
17847,U+7A82,窂,27,,60,structural
17848,U+7A83,窃,27,,60,structural
17849,U+7A84,窄,10,,60,structural
17850,U+7A85,窅,27,,60,structural
17851,U+7A86,窆,10,,60,structural
17852,U+7A87,窇,27,,60,structural
17853,U+7A88,窈,27,,60,structural
17854,U+7A89,窉,26,,60,structural
17855,U+7A8A,窊,27,,60,structural
17856,U+7A8B,窋,27,,60,structural
17857,U+7A8C,窌,27,,60,structural
17858,U+7A8D,窍,56,,60,structural
17859,U+7A8E,窎,22,,60,structural
17860,U+7A8F,窏,12,,60,structural
17861,U+7A90,窐,9,,60,structural
17862,U+7A91,窑,27,,60,structural
17863,U+7A92,窒,27,,60,structural
17864,U+7A93,窓,27,,60,structural
17865,U+7A94,窔,27,,60,structural
17866,U+7A95,窕,27,,60,structural
17867,U+7A96,窖,1,,60,structural
17868,U+7A97,窗,10,,60,structural
17869,U+7A98,窘,21,,60,structural
17870,U+7A99,窙,27,,60,structural
17871,U+7A9A,窚,27,,60,structural
17872,U+7A9B,窛,56,,60,structural
17873,U+7A9C,窜,59,,60,structural
17874,U+7A9D,窝,46,,60,structural
17875,U+7A9E,窞,27,,60,structural
17876,U+7A9F,窟,27,,60,structural
17877,U+7AA0,窠,24,,60,structural
17878,U+7AA1,窡,51,,60,structural
17879,U+7AA2,窢,21,,60,structural
17880,U+7AA3,窣,27,,60,structural
17881,U+7AA4,窤,24,,60,structural
17882,U+7AA5,窥,49,,60,structural
17883,U+7AA6,窦,20,,60,structural
17884,U+7AA7,窧,24,,60,structural
17885,U+7AA8,窨,14,,60,structural
17886,U+7AA9,窩,1,,60,structural
17887,U+7AAA,窪,12,,60,structural
17888,U+7AAB,窫,43,,60,structural
17889,U+7AAC,窬,26,,60,structural
17890,U+7AAD,窭,31,,60,structural
17891,U+7AAE,窮,27,,60,structural
17892,U+7AAF,窯,42,,60,structural
17893,U+7AB0,窰,27,,60,structural
17894,U+7AB1,窱,46,,60,structural
17895,U+7AB2,窲,27,,60,structural
17896,U+7AB3,窳,27,,60,structural
17897,U+7AB4,窴,25,,60,structural
17898,U+7AB5,窵,22,,60,structural
17899,U+7AB6,窶,31,,60,structural
17900,U+7AB7,窷,0,,60,structural
17901,U+7AB8,窸,27,,60,structural
17902,U+7AB9,窹,27,,60,structural
17903,U+7ABA,窺,49,,60,structural
17904,U+7ABB,窻,10,,60,structural
17905,U+7ABC,窼,24,,60,structural
17906,U+7ABD,窽,6,,60,structural
17907,U+7ABE,窾,6,,60,structural
17908,U+7ABF,窿,27,,60,structural
17909,U+7AC0,竀,56,,60,structural
17910,U+7AC1,竁,27,,60,structural
17911,U+7AC2,竂,24,,60,structural
17912,U+7AC3,竃,9,,60,structural
17913,U+7AC4,竄,27,,60,structural
17914,U+7AC5,竅,27,,60,structural
17915,U+7AC6,竆,1,,60,structural
17916,U+7AC7,竇,32,,60,structural
17917,U+7AC8,竈,9,,60,structural
17918,U+7AC9,竉,27,,60,structural
17919,U+7ACA,竊,27,,60,structural
17920,U+7ACB,立,25,,60,structural
17921,U+7ACC,竌,27,,60,structural
17922,U+7ACD,竍,27,,60,structural
17923,U+7ACE,竎,27,,60,structural
17924,U+7ACF,竏,37,,60,structural
17925,U+7AD0,竐,27,,60,structural
17926,U+7AD1,竑,27,,60,structural
17927,U+7AD2,竒,52,,60,structural
17928,U+7AD3,竓,27,,60,structural
17929,U+7AD4,竔,10,,60,structural
17930,U+7AD5,竕,58,,60,structural
17931,U+7AD6,竖,51,,60,structural
17932,U+7AD7,竗,10,,60,structural
17933,U+7AD8,竘,1,,60,structural
17934,U+7AD9,站,1,,60,structural
17935,U+7ADA,竚,41,,60,structural
17936,U+7ADB,竛,13,,60,structural
17937,U+7ADC,竜,24,,60,structural
17938,U+7ADD,竝,27,,60,structural
17939,U+7ADE,竞,1,,60,structural
17940,U+7ADF,竟,14,,60,structural
17941,U+7AE0,章,24,,60,structural
17942,U+7AE1,竡,56,,60,structural
17943,U+7AE2,竢,27,,60,structural
17944,U+7AE3,竣,16,,60,structural
17945,U+7AE4,竤,27,,60,structural
17946,U+7AE5,童,27,,60,structural
17947,U+7AE6,竦,34,,60,structural
17948,U+7AE7,竧,27,,60,structural
17949,U+7AE8,竨,24,,60,structural
17950,U+7AE9,竩,41,,60,structural
17951,U+7AEA,竪,51,,60,structural
17952,U+7AEB,竫,52,,60,structural
17953,U+7AEC,竬,27,,60,structural
17954,U+7AED,竭,24,,60,structural
17955,U+7AEE,竮,25,,60,structural
17956,U+7AEF,端,11,,60,structural
17957,U+7AF0,竰,27,,60,structural
17958,U+7AF1,竱,27,,60,structural
17959,U+7AF2,竲,58,,60,structural
17960,U+7AF3,竳,27,,60,structural
17961,U+7AF4,竴,58,,60,structural
17962,U+7AF5,竵,27,,60,structural
17963,U+7AF6,競,1,,60,structural
17964,U+7AF7,竷,28,,60,structural
17965,U+7AF8,竸,14,,60,structural
17966,U+7AF9,竹,27,,60,structural
17967,U+7AFA,竺,23,,60,structural
17968,U+7AFB,竻,23,,60,structural
17969,U+7AFC,竼,23,,60,structural
17970,U+7AFD,竽,23,,60,structural
17971,U+7AFE,竾,23,,60,structural
17972,U+7AFF,竿,23,,60,structural
17973,U+7B00,笀,23,,60,structural
17974,U+7B01,笁,23,,60,structural
17975,U+7B02,笂,13,,60,structural
17976,U+7B03,笃,23,,60,structural
17977,U+7B04,笄,23,,60,structural
17978,U+7B05,笅,23,,60,structural
17979,U+7B06,笆,23,,60,structural
17980,U+7B07,笇,23,,60,structural
17981,U+7B08,笈,23,,60,structural
17982,U+7B09,笉,23,,60,structural
17983,U+7B0A,笊,23,,60,structural
17984,U+7B0B,笋,56,,60,structural
17985,U+7B0C,笌,23,,60,structural
17986,U+7B0D,笍,23,,60,structural
17987,U+7B0E,笎,56,,60,structural
17988,U+7B0F,笏,10,,60,structural
17989,U+7B10,笐,23,,60,structural
17990,U+7B11,笑,18,,60,structural
17991,U+7B12,笒,13,,60,structural
17992,U+7B13,笓,23,,60,structural
17993,U+7B14,笔,23,,60,structural
17994,U+7B15,笕,23,,60,structural
17995,U+7B16,笖,23,,60,structural
17996,U+7B17,笗,23,,60,structural
17997,U+7B18,笘,54,,60,structural
17998,U+7B19,笙,23,,60,structural
17999,U+7B1A,笚,23,,60,structural
18000,U+7B1B,笛,23,,60,structural
18001,U+7B1C,笜,23,,60,structural
18002,U+7B1D,笝,23,,60,structural
18003,U+7B1E,笞,54,,60,structural
18004,U+7B1F,笟,23,,60,structural
18005,U+7B20,笠,23,,60,structural
18006,U+7B21,笡,23,,60,structural
18007,U+7B22,笢,23,,60,structural
18008,U+7B23,笣,23,,60,structural
18009,U+7B24,笤,54,,60,structural
18010,U+7B25,笥,23,,60,structural
18011,U+7B26,符,23,,60,structural
18012,U+7B27,笧,23,,60,structural
18013,U+7B28,笨,23,,60,structural
18014,U+7B29,笩,23,,60,structural
18015,U+7B2A,笪,56,,60,structural
18016,U+7B2B,笫,23,,60,structural
18017,U+7B2C,第,23,,60,structural
18018,U+7B2D,笭,13,,60,structural
18019,U+7B2E,笮,23,,60,structural
18020,U+7B2F,笯,31,,60,structural
18021,U+7B30,笰,10,,60,structural
18022,U+7B31,笱,54,,60,structural
18023,U+7B32,笲,23,,60,structural
18024,U+7B33,笳,54,,60,structural
18025,U+7B34,笴,52,,60,structural
18026,U+7B35,笵,23,,60,structural
18027,U+7B36,笶,23,,60,structural
18028,U+7B37,笷,23,,60,structural
18029,U+7B38,笸,54,,60,structural
18030,U+7B39,笹,23,,60,structural
18031,U+7B3A,笺,23,,60,structural
18032,U+7B3B,笻,23,,60,structural
18033,U+7B3C,笼,23,,60,structural
18034,U+7B3D,笽,23,,60,structural
18035,U+7B3E,笾,23,,60,structural
18036,U+7B3F,笿,54,,60,structural
18037,U+7B40,筀,23,,60,structural
18038,U+7B41,筁,23,,60,structural
18039,U+7B42,筂,12,,60,structural
18040,U+7B43,筃,23,,60,structural
18041,U+7B44,筄,23,,60,structural
18042,U+7B45,筅,23,,60,structural
18043,U+7B46,筆,23,,60,structural
18044,U+7B47,筇,23,,60,structural
18045,U+7B48,筈,23,,60,structural
18046,U+7B49,等,9,,60,structural
18047,U+7B4A,筊,23,,60,structural
18048,U+7B4B,筋,23,,60,structural
18049,U+7B4C,筌,33,,60,structural
18050,U+7B4D,筍,24,,60,structural
18051,U+7B4E,筎,54,,60,structural
18052,U+7B4F,筏,23,,60,structural
18053,U+7B50,筐,33,,60,structural
18054,U+7B51,筑,23,,60,structural
18055,U+7B52,筒,54,,60,structural
18056,U+7B53,筓,23,,60,structural
18057,U+7B54,答,26,,60,structural
18058,U+7B55,筕,23,,60,structural
18059,U+7B56,策,23,,60,structural
18060,U+7B57,筗,59,,60,structural
18061,U+7B58,筘,54,,60,structural
18062,U+7B59,筙,23,,60,structural
18063,U+7B5A,筚,23,,60,structural
18064,U+7B5B,筛,53,,60,structural
18065,U+7B5C,筜,23,,60,structural
18066,U+7B5D,筝,52,,60,structural
18067,U+7B5E,筞,23,,60,structural
18068,U+7B5F,筟,23,,60,structural
18069,U+7B60,筠,23,,60,structural
18070,U+7B61,筡,26,,60,structural
18071,U+7B62,筢,23,,60,structural
18072,U+7B63,筣,23,,60,structural
18073,U+7B64,筤,23,,60,structural
18074,U+7B65,筥,54,,60,structural
18075,U+7B66,筦,41,,60,structural
18076,U+7B67,筧,23,,60,structural
18077,U+7B68,筨,13,,60,structural
18078,U+7B69,筩,23,,60,structural
18079,U+7B6A,筪,23,,60,structural
18080,U+7B6B,筫,32,,60,structural
18081,U+7B6C,筬,23,,60,structural
18082,U+7B6D,筭,33,,60,structural
18083,U+7B6E,筮,23,,60,structural
18084,U+7B6F,筯,23,,60,structural
18085,U+7B70,筰,46,,60,structural
18086,U+7B71,筱,46,,60,structural
18087,U+7B72,筲,23,,60,structural
18088,U+7B73,筳,10,,60,structural
18089,U+7B74,筴,23,,60,structural
18090,U+7B75,筵,10,,60,structural
18091,U+7B76,筶,54,,60,structural
18092,U+7B77,筷,23,,60,structural
18093,U+7B78,筸,23,,60,structural
18094,U+7B79,筹,43,,60,structural
18095,U+7B7A,筺,33,,60,structural
18096,U+7B7B,筻,56,,60,structural
18097,U+7B7C,筼,54,,60,structural
18098,U+7B7D,筽,21,,60,structural
18099,U+7B7E,签,26,,60,structural
18100,U+7B7F,筿,23,,60,structural
18101,U+7B80,简,23,,60,structural
18102,U+7B81,箁,54,,60,structural
18103,U+7B82,箂,23,,60,structural
18104,U+7B83,箃,0,,60,structural
18105,U+7B84,箄,37,,60,structural
18106,U+7B85,箅,56,,60,structural
18107,U+7B86,箆,23,,60,structural
18108,U+7B87,箇,54,,60,structural
18109,U+7B88,箈,54,,60,structural
18110,U+7B89,箉,54,,60,structural
18111,U+7B8A,箊,23,,60,structural
18112,U+7B8B,箋,23,,60,structural
18113,U+7B8C,箌,23,,60,structural
18114,U+7B8D,箍,23,,60,structural
18115,U+7B8E,箎,23,,60,structural
18116,U+7B8F,箏,52,,60,structural
18117,U+7B90,箐,9,,60,structural
18118,U+7B91,箑,23,,60,structural
18119,U+7B92,箒,53,,60,structural
18120,U+7B93,箓,58,,60,structural
18121,U+7B94,箔,12,,60,structural
18122,U+7B95,箕,25,,60,structural
18123,U+7B96,箖,23,,60,structural
18124,U+7B97,算,23,,60,structural
18125,U+7B98,箘,23,,60,structural
18126,U+7B99,箙,23,,60,structural
18127,U+7B9A,箚,26,,60,structural
18128,U+7B9B,箛,23,,60,structural
18129,U+7B9C,箜,23,,60,structural
18130,U+7B9D,箝,23,,60,structural
18131,U+7B9E,箞,49,,60,structural
18132,U+7B9F,箟,23,,60,structural
18133,U+7BA0,箠,56,,60,structural
18134,U+7BA1,管,23,,60,structural
18135,U+7BA2,箢,44,,60,structural
18136,U+7BA3,箣,23,,60,structural
18137,U+7BA4,箤,23,,60,structural
18138,U+7BA5,箥,23,,60,structural
18139,U+7BA6,箦,32,,60,structural
18140,U+7BA7,箧,49,,60,structural
18141,U+7BA8,箨,23,,60,structural
18142,U+7BA9,箩,4,,60,structural
18143,U+7BAA,箪,25,,60,structural
18144,U+7BAB,箫,23,,60,structural
18145,U+7BAC,箬,36,,60,structural
18146,U+7BAD,箭,25,,60,structural
18147,U+7BAE,箮,41,,60,structural
18148,U+7BAF,箯,26,,60,structural
18149,U+7BB0,箰,24,,60,structural
18150,U+7BB1,箱,23,,60,structural
18151,U+7BB2,箲,23,,60,structural
18152,U+7BB3,箳,25,,60,structural
18153,U+7BB4,箴,21,,60,structural
18154,U+7BB5,箵,10,,60,structural
18155,U+7BB6,箶,57,,60,structural
18156,U+7BB7,箷,23,,60,structural
18157,U+7BB8,箸,24,,60,structural
18158,U+7BB9,箹,23,,60,structural
18159,U+7BBA,箺,23,,60,structural
18160,U+7BBB,箻,23,,60,structural
18161,U+7BBC,箼,23,,60,structural
18162,U+7BBD,箽,23,,60,structural
18163,U+7BBE,箾,23,,60,structural
18164,U+7BBF,箿,54,,60,structural
18165,U+7BC0,節,23,,60,structural
18166,U+7BC1,篁,33,,60,structural
18167,U+7BC2,篂,23,,60,structural
18168,U+7BC3,篃,23,,60,structural
18169,U+7BC4,範,23,,60,structural
18170,U+7BC5,篅,23,,60,structural
18171,U+7BC6,篆,23,,60,structural
18172,U+7BC7,篇,23,,60,structural
18173,U+7BC8,篈,9,,60,structural
18174,U+7BC9,築,23,,60,structural
18175,U+7BCA,篊,28,,60,structural
18176,U+7BCB,篋,23,,60,structural
18177,U+7BCC,篌,23,,60,structural
18178,U+7BCD,篍,42,,60,structural
18179,U+7BCE,篎,10,,60,structural
18180,U+7BCF,篏,23,,60,structural
18181,U+7BD0,篐,23,,60,structural
18182,U+7BD1,篑,32,,60,structural
18183,U+7BD2,篒,23,,60,structural
18184,U+7BD3,篓,31,,60,structural
18185,U+7BD4,篔,54,,60,structural
18186,U+7BD5,篕,9,,60,structural
18187,U+7BD6,篖,59,,60,structural
18188,U+7BD7,篗,51,,60,structural
18189,U+7BD8,篘,23,,60,structural
18190,U+7BD9,篙,23,,60,structural
18191,U+7BDA,篚,23,,60,structural
18192,U+7BDB,篛,23,,60,structural
18193,U+7BDC,篜,42,,60,structural
18194,U+7BDD,篝,23,,60,structural
18195,U+7BDE,篞,8,,60,structural
18196,U+7BDF,篟,9,,60,structural
18197,U+7BE0,篠,23,,60,structural
18198,U+7BE1,篡,27,,60,structural
18199,U+7BE2,篢,32,,60,structural
18200,U+7BE3,篣,58,,60,structural
18201,U+7BE4,篤,23,,60,structural
18202,U+7BE5,篥,59,,60,structural
18203,U+7BE6,篦,23,,60,structural
18204,U+7BE7,篧,23,,60,structural
18205,U+7BE8,篨,26,,60,structural
18206,U+7BE9,篩,53,,60,structural
18207,U+7BEA,篪,23,,60,structural
18208,U+7BEB,篫,23,,60,structural
18209,U+7BEC,篬,26,,60,structural
18210,U+7BED,篭,24,,60,structural
18211,U+7BEE,篮,23,,60,structural
18212,U+7BEF,篯,48,,60,structural
18213,U+7BF0,篰,54,,60,structural
18214,U+7BF1,篱,10,,60,structural
18215,U+7BF2,篲,43,,60,structural
18216,U+7BF3,篳,23,,60,structural
18217,U+7BF4,篴,23,,60,structural
18218,U+7BF5,篵,23,,60,structural
18219,U+7BF6,篶,42,,60,structural
18220,U+7BF7,篷,43,,60,structural
18221,U+7BF8,篸,23,,60,structural
18222,U+7BF9,篹,27,,60,structural
18223,U+7BFA,篺,37,,60,structural
18224,U+7BFB,篻,59,,60,structural
18225,U+7BFC,篼,23,,60,structural
18226,U+7BFD,篽,23,,60,structural
18227,U+7BFE,篾,23,,60,structural
18228,U+7BFF,篿,23,,60,structural
18229,U+7C00,簀,32,,60,structural
18230,U+7C01,簁,23,,60,structural
18231,U+7C02,簂,21,,60,structural
18232,U+7C03,簃,4,,60,structural
18233,U+7C04,簄,23,,60,structural
18234,U+7C05,簅,58,,60,structural
18235,U+7C06,簆,23,,60,structural
18236,U+7C07,簇,23,,60,structural
18237,U+7C08,簈,23,,60,structural
18238,U+7C09,簉,54,,60,structural
18239,U+7C0A,簊,25,,60,structural
18240,U+7C0B,簋,23,,60,structural
18241,U+7C0C,簌,23,,60,structural
18242,U+7C0D,簍,23,,60,structural
18243,U+7C0E,簎,28,,60,structural
18244,U+7C0F,簏,23,,60,structural
18245,U+7C10,簐,23,,60,structural
18246,U+7C11,簑,21,,60,structural
18247,U+7C12,簒,10,,60,structural
18248,U+7C13,簓,23,,60,structural
18249,U+7C14,簔,21,,60,structural
18250,U+7C15,簕,23,,60,structural
18251,U+7C16,簖,23,,60,structural
18252,U+7C17,簗,10,,60,structural
18253,U+7C18,簘,23,,60,structural
18254,U+7C19,簙,57,,60,structural
18255,U+7C1A,簚,23,,60,structural
18256,U+7C1B,簛,25,,60,structural
18257,U+7C1C,簜,8,,60,structural
18258,U+7C1D,簝,23,,60,structural
18259,U+7C1E,簞,21,,60,structural
18260,U+7C1F,簟,28,,60,structural
18261,U+7C20,簠,57,,60,structural
18262,U+7C21,簡,23,,60,structural
18263,U+7C22,簢,23,,60,structural
18264,U+7C23,簣,32,,60,structural
18265,U+7C24,簤,32,,60,structural
18266,U+7C25,簥,18,,60,structural
18267,U+7C26,簦,23,,60,structural
18268,U+7C27,簧,23,,60,structural
18269,U+7C28,簨,28,,60,structural
18270,U+7C29,簩,23,,60,structural
18271,U+7C2A,簪,23,,60,structural
18272,U+7C2B,簫,23,,60,structural
18273,U+7C2C,簬,54,,60,structural
18274,U+7C2D,簭,47,,60,structural
18275,U+7C2E,簮,49,,60,structural
18276,U+7C2F,簯,25,,60,structural
18277,U+7C30,簰,37,,60,structural
18278,U+7C31,簱,23,,60,structural
18279,U+7C32,簲,37,,60,structural
18280,U+7C33,簳,23,,60,structural
18281,U+7C34,簴,25,,60,structural
18282,U+7C35,簵,54,,60,structural
18283,U+7C36,簶,58,,60,structural
18284,U+7C37,簷,5,,60,structural
18285,U+7C38,簸,23,,60,structural
18286,U+7C39,簹,23,,60,structural
18287,U+7C3A,簺,23,,60,structural
18288,U+7C3B,簻,54,,60,structural
18289,U+7C3C,簼,23,,60,structural
18290,U+7C3D,簽,26,,60,structural
18291,U+7C3E,簾,25,,60,structural
18292,U+7C3F,簿,57,,60,structural
18293,U+7C40,籀,23,,60,structural
18294,U+7C41,籁,32,,60,structural
18295,U+7C42,籂,23,,60,structural
18296,U+7C43,籃,23,,60,structural
18297,U+7C44,籄,32,,60,structural
18298,U+7C45,籅,25,,60,structural
18299,U+7C46,籆,51,,60,structural
18300,U+7C47,籇,1,,60,structural
18301,U+7C48,籈,59,,60,structural
18302,U+7C49,籉,54,,60,structural
18303,U+7C4A,籊,23,,60,structural
18304,U+7C4B,籋,53,,60,structural
18305,U+7C4C,籌,45,,60,structural
18306,U+7C4D,籍,28,,60,structural
18307,U+7C4E,籎,23,,60,structural
18308,U+7C4F,籏,25,,60,structural
18309,U+7C50,籐,23,,60,structural
18310,U+7C51,籑,13,,60,structural
18311,U+7C52,籒,23,,60,structural
18312,U+7C53,籓,23,,60,structural
18313,U+7C54,籔,31,,60,structural
18314,U+7C55,籕,23,,60,structural
18315,U+7C56,籖,23,,60,structural
18316,U+7C57,籗,23,,60,structural
18317,U+7C58,籘,49,,60,structural
18318,U+7C59,籙,58,,60,structural
18319,U+7C5A,籚,23,,60,structural
18320,U+7C5B,籛,23,,60,structural
18321,U+7C5C,籜,23,,60,structural
18322,U+7C5D,籝,57,,60,structural
18323,U+7C5E,籞,23,,60,structural
18324,U+7C5F,籟,32,,60,structural
18325,U+7C60,籠,23,,60,structural
18326,U+7C61,籡,26,,60,structural
18327,U+7C62,籢,26,,60,structural
18328,U+7C63,籣,23,,60,structural
18329,U+7C64,籤,23,,60,structural
18330,U+7C65,籥,23,,60,structural
18331,U+7C66,籦,29,,60,structural
18332,U+7C67,籧,23,,60,structural
18333,U+7C68,籨,26,,60,structural
18334,U+7C69,籩,23,,60,structural
18335,U+7C6A,籪,23,,60,structural
18336,U+7C6B,籫,32,,60,structural
18337,U+7C6C,籬,10,,60,structural
18338,U+7C6D,籭,23,,60,structural
18339,U+7C6E,籮,15,,60,structural
18340,U+7C6F,籯,54,,60,structural
18341,U+7C70,籰,51,,60,structural
18342,U+7C71,籱,23,,60,structural
18343,U+7C72,籲,23,,60,structural
18344,U+7C73,米,27,,60,structural
18345,U+7C74,籴,27,,60,structural
18346,U+7C75,籵,27,,60,structural
18347,U+7C76,籶,27,,60,structural
18348,U+7C77,籷,10,,60,structural
18349,U+7C78,籸,27,,60,structural
18350,U+7C79,籹,31,,60,structural
18351,U+7C7A,籺,27,,60,structural
18352,U+7C7B,类,20,,60,structural
18353,U+7C7C,籼,11,,60,structural
18354,U+7C7D,籽,27,,60,structural
18355,U+7C7E,籾,10,,60,structural
18356,U+7C7F,籿,27,,60,structural
18357,U+7C80,粀,56,,60,structural
18358,U+7C81,粁,37,,60,structural
18359,U+7C82,粂,10,,60,structural
18360,U+7C83,粃,27,,60,structural
18361,U+7C84,粄,51,,60,structural
18362,U+7C85,粅,10,,60,structural
18363,U+7C86,粆,10,,60,structural
18364,U+7C87,粇,27,,60,structural
18365,U+7C88,粈,56,,60,structural
18366,U+7C89,粉,58,,60,structural
18367,U+7C8A,粊,27,,60,structural
18368,U+7C8B,粋,27,,60,structural
18369,U+7C8C,粌,27,,60,structural
18370,U+7C8D,粍,27,,60,structural
18371,U+7C8E,粎,27,,60,structural
18372,U+7C8F,粏,13,,60,structural
18373,U+7C90,粐,13,,60,structural
18374,U+7C91,粑,27,,60,structural
18375,U+7C92,粒,27,,60,structural
18376,U+7C93,粓,27,,60,structural
18377,U+7C94,粔,27,,60,structural
18378,U+7C95,粕,27,,60,structural
18379,U+7C96,粖,34,,60,structural
18380,U+7C97,粗,56,,60,structural
18381,U+7C98,粘,1,,60,structural
18382,U+7C99,粙,11,,60,structural
18383,U+7C9A,粚,27,,60,structural
18384,U+7C9C,粜,27,,60,structural
18385,U+7C9D,粝,56,,60,structural
18386,U+7C9E,粞,56,,60,structural
18387,U+7C9F,粟,59,,60,structural
18388,U+7CA0,粠,28,,60,structural
18389,U+7CA1,粡,1,,60,structural
18390,U+7CA2,粢,6,,60,structural
18391,U+7CA3,粣,27,,60,structural
18392,U+7CA4,粤,56,,60,structural
18393,U+7CA5,粥,27,,60,structural
18394,U+7CA6,粦,27,,60,structural
18395,U+7CA7,粧,38,,60,structural
18396,U+7CA8,粨,56,,60,structural
18397,U+7CA9,粩,27,,60,structural
18398,U+7CAA,粪,28,,60,structural
18399,U+7CAB,粫,27,,60,structural
18400,U+7CAC,粬,27,,60,structural
18401,U+7CAD,粭,26,,60,structural
18402,U+7CAE,粮,13,,60,structural
18403,U+7CAF,粯,27,,60,structural
18404,U+7CB0,粰,27,,60,structural
18405,U+7CB1,粱,10,,60,structural
18406,U+7CB2,粲,27,,60,structural
18407,U+7CB3,粳,56,,60,structural
18408,U+7CB4,粴,27,,60,structural
18409,U+7CB5,粵,56,,60,structural
18410,U+7CB6,粶,58,,60,structural
18411,U+7CB7,粷,27,,60,structural
18412,U+7CB8,粸,25,,60,structural
18413,U+7CB9,粹,27,,60,structural
18414,U+7CBA,粺,37,,60,structural
18415,U+7CBB,粻,27,,60,structural
18416,U+7CBC,粼,27,,60,structural
18417,U+7CBD,粽,27,,60,structural
18418,U+7CBE,精,9,,60,structural
18419,U+7CBF,粿,24,,60,structural
18420,U+7CC0,糀,36,,60,structural
18421,U+7CC1,糁,20,,60,structural
18422,U+7CC2,糂,27,,60,structural
18423,U+7CC3,糃,56,,60,structural
18424,U+7CC4,糄,13,,60,structural
18425,U+7CC5,糅,34,,60,structural
18426,U+7CC6,糆,27,,60,structural
18427,U+7CC7,糇,46,,60,structural
18428,U+7CC8,糈,27,,60,structural
18429,U+7CC9,糉,16,,60,structural
18430,U+7CCA,糊,57,,60,structural
18431,U+7CCB,糋,25,,60,structural
18432,U+7CCC,糌,24,,60,structural
18433,U+7CCD,糍,25,,60,structural
18434,U+7CCE,糎,27,,60,structural
18435,U+7CCF,糏,27,,60,structural
18436,U+7CD0,糐,57,,60,structural
18437,U+7CD1,糑,6,,60,structural
18438,U+7CD2,糒,27,,60,structural
18439,U+7CD3,糓,56,,60,structural
18440,U+7CD4,糔,39,,60,structural
18441,U+7CD5,糕,42,,60,structural
18442,U+7CD6,糖,59,,60,structural
18443,U+7CD7,糗,27,,60,structural
18444,U+7CD8,糘,27,,60,structural
18445,U+7CD9,糙,1,,60,structural
18446,U+7CDA,糚,36,,60,structural
18447,U+7CDB,糛,9,,60,structural
18448,U+7CDC,糜,27,,60,structural
18449,U+7CDD,糝,27,,60,structural
18450,U+7CDE,糞,28,,60,structural
18451,U+7CDF,糟,56,,60,structural
18452,U+7CE0,糠,38,,60,structural
18453,U+7CE1,糡,14,,60,structural
18454,U+7CE2,糢,24,,60,structural
18455,U+7CE3,糣,24,,60,structural
18456,U+7CE4,糤,28,,60,structural
18457,U+7CE5,糥,27,,60,structural
18458,U+7CE6,糦,1,,60,structural
18459,U+7CE7,糧,56,,60,structural
18460,U+7CE8,糨,30,,60,structural
18461,U+7CE9,糩,26,,60,structural
18462,U+7CEA,糪,27,,60,structural
18463,U+7CEB,糫,27,,60,structural
18464,U+7CEC,糬,24,,60,structural
18465,U+7CED,糭,27,,60,structural
18466,U+7CEE,糮,13,,60,structural
18467,U+7CEF,糯,27,,60,structural
18468,U+7CF0,糰,27,,60,structural
18469,U+7CF1,糱,27,,60,structural
18470,U+7CF2,糲,36,,60,structural
18471,U+7CF3,糳,27,,60,structural
18472,U+7CF4,糴,51,,60,structural
18473,U+7CF5,糵,36,,60,structural
18474,U+7CF6,糶,51,,60,structural
18475,U+7CF7,糷,34,,60,structural
18476,U+7CF8,糸,27,,60,structural
18477,U+7CF9,糹,27,,60,structural
18478,U+7CFA,糺,15,,60,structural
18479,U+7CFB,系,15,,60,structural
18480,U+7CFC,糼,15,,60,structural
18481,U+7CFD,糽,52,,60,structural
18482,U+7CFE,糾,15,,60,structural
18483,U+7CFF,糿,15,,60,structural
18484,U+7D00,紀,15,,60,structural
18485,U+7D01,紁,39,,60,structural
18486,U+7D02,紂,15,,60,structural
18487,U+7D03,紃,15,,60,structural
18488,U+7D04,約,15,,60,structural
18489,U+7D05,紅,15,,60,structural
18490,U+7D06,紆,15,,60,structural
18491,U+7D07,紇,15,,60,structural
18492,U+7D08,紈,13,,60,structural
18493,U+7D09,紉,15,,60,structural
18494,U+7D0A,紊,15,,60,structural
18495,U+7D0B,紋,15,,60,structural
18496,U+7D0C,紌,15,,60,structural
18497,U+7D0D,納,15,,60,structural
18498,U+7D0E,紎,15,,60,structural
18499,U+7D0F,紏,15,,60,structural
18500,U+7D10,紐,15,,60,structural
18501,U+7D11,紑,15,,60,structural
18502,U+7D12,紒,46,,60,structural
18503,U+7D13,紓,15,,60,structural
18504,U+7D14,純,15,,60,structural
18505,U+7D15,紕,15,,60,structural
18506,U+7D16,紖,15,,60,structural
18507,U+7D17,紗,10,,60,structural
18508,U+7D18,紘,15,,60,structural
18509,U+7D19,紙,15,,60,structural
18510,U+7D1A,級,15,,60,structural
18511,U+7D1B,紛,58,,60,structural
18512,U+7D1C,紜,15,,60,structural
18513,U+7D1D,紝,15,,60,structural
18514,U+7D1E,紞,15,,60,structural
18515,U+7D1F,紟,13,,60,structural
18516,U+7D20,素,15,,60,structural
18517,U+7D21,紡,15,,60,structural
18518,U+7D22,索,15,,60,structural
18519,U+7D23,紣,15,,60,structural
18520,U+7D24,紤,15,,60,structural
18521,U+7D25,紥,3,,60,structural
18522,U+7D26,紦,15,,60,structural
18523,U+7D27,紧,15,,60,structural
18524,U+7D28,紨,15,,60,structural
18525,U+7D29,紩,49,,60,structural
18526,U+7D2A,紪,15,,60,structural
18527,U+7D2B,紫,15,,60,structural
18528,U+7D2C,紬,15,,60,structural
18529,U+7D2D,紭,15,,60,structural
18530,U+7D2E,紮,15,,60,structural
18531,U+7D2F,累,15,,60,structural
18532,U+7D30,細,15,,60,structural
18533,U+7D31,紱,39,,60,structural
18534,U+7D32,紲,15,,60,structural
18535,U+7D33,紳,15,,60,structural
18536,U+7D34,紴,15,,60,structural
18537,U+7D35,紵,41,,60,structural
18538,U+7D36,紶,9,,60,structural
18539,U+7D37,紷,13,,60,structural
18540,U+7D38,紸,9,,60,structural
18541,U+7D39,紹,15,,60,structural
18542,U+7D3A,紺,15,,60,structural
18543,U+7D3B,紻,15,,60,structural
18544,U+7D3C,紼,15,,60,structural
18545,U+7D3D,紽,15,,60,structural
18546,U+7D3E,紾,46,,60,structural
18547,U+7D3F,紿,15,,60,structural
18548,U+7D40,絀,15,,60,structural
18549,U+7D41,絁,15,,60,structural
18550,U+7D42,終,15,,60,structural
18551,U+7D43,絃,15,,60,structural
18552,U+7D44,組,15,,60,structural
18553,U+7D45,絅,15,,60,structural
18554,U+7D46,絆,43,,60,structural
18555,U+7D47,絇,15,,60,structural
18556,U+7D48,絈,15,,60,structural
18557,U+7D49,絉,15,,60,structural
18558,U+7D4A,絊,15,,60,structural
18559,U+7D4B,絋,15,,60,structural
18560,U+7D4C,経,15,,60,structural
18561,U+7D4D,絍,46,,60,structural
18562,U+7D4E,絎,15,,60,structural
18563,U+7D4F,絏,15,,60,structural
18564,U+7D50,結,15,,60,structural
18565,U+7D51,絑,15,,60,structural
18566,U+7D52,絒,15,,60,structural
18567,U+7D53,絓,15,,60,structural
18568,U+7D54,絔,15,,60,structural
18569,U+7D55,絕,15,,60,structural
18570,U+7D56,絖,56,,60,structural
18571,U+7D57,絗,15,,60,structural
18572,U+7D58,絘,6,,60,structural
18573,U+7D59,絙,56,,60,structural
18574,U+7D5A,絚,15,,60,structural
18575,U+7D5B,絛,46,,60,structural
18576,U+7D5C,絜,43,,60,structural
18577,U+7D5D,絝,15,,60,structural
18578,U+7D5E,絞,15,,60,structural
18579,U+7D5F,絟,33,,60,structural
18580,U+7D60,絠,15,,60,structural
18581,U+7D61,絡,15,,60,structural
18582,U+7D62,絢,24,,60,structural
18583,U+7D63,絣,25,,60,structural
18584,U+7D64,絤,15,,60,structural
18585,U+7D65,絥,15,,60,structural
18586,U+7D66,給,26,,60,structural
18587,U+7D67,絧,15,,60,structural
18588,U+7D68,絨,15,,60,structural
18589,U+7D69,絩,15,,60,structural
18590,U+7D6A,絪,15,,60,structural
18591,U+7D6B,絫,15,,60,structural
18592,U+7D6C,絬,15,,60,structural
18593,U+7D6D,絭,49,,60,structural
18594,U+7D6E,絮,31,,60,structural
18595,U+7D6F,絯,46,,60,structural
18596,U+7D70,絰,15,,60,structural
18597,U+7D71,統,15,,60,structural
18598,U+7D72,絲,15,,60,structural
18599,U+7D73,絳,15,,60,structural
18600,U+7D74,絴,15,,60,structural
18601,U+7D75,絵,49,,60,structural
18602,U+7D76,絶,15,,60,structural
18603,U+7D77,絷,13,,60,structural
18604,U+7D78,絸,15,,60,structural
18605,U+7D79,絹,15,,60,structural
18606,U+7D7A,絺,15,,60,structural
18607,U+7D7B,絻,15,,60,structural
18608,U+7D7C,絼,15,,60,structural
18609,U+7D7D,絽,15,,60,structural
18610,U+7D7E,絾,15,,60,structural
18611,U+7D7F,絿,25,,60,structural
18612,U+7D80,綀,15,,60,structural
18613,U+7D81,綁,43,,60,structural
18614,U+7D82,綂,15,,60,structural
18615,U+7D83,綃,15,,60,structural
18616,U+7D84,綄,41,,60,structural
18617,U+7D85,綅,15,,60,structural
18618,U+7D86,綆,56,,60,structural
18619,U+7D87,綇,15,,60,structural
18620,U+7D88,綈,15,,60,structural
18621,U+7D89,綉,15,,60,structural
18622,U+7D8A,綊,15,,60,structural
18623,U+7D8B,綋,15,,60,structural
18624,U+7D8C,綌,15,,60,structural
18625,U+7D8D,綍,15,,60,structural
18626,U+7D8E,綎,10,,60,structural
18627,U+7D8F,綏,31,,60,structural
18628,U+7D90,綐,47,,60,structural
18629,U+7D91,綑,15,,60,structural
18630,U+7D92,綒,15,,60,structural
18631,U+7D93,經,15,,60,structural
18632,U+7D94,綔,18,,60,structural
18633,U+7D95,綕,15,,60,structural
18634,U+7D96,綖,15,,60,structural
18635,U+7D97,綗,47,,60,structural
18636,U+7D98,綘,43,,60,structural
18637,U+7D99,継,15,,60,structural
18638,U+7D9A,続,15,,60,structural
18639,U+7D9B,綛,10,,60,structural
18640,U+7D9C,綜,15,,60,structural
18641,U+7D9D,綝,15,,60,structural
18642,U+7D9E,綞,15,,60,structural
18643,U+7D9F,綟,15,,60,structural
18644,U+7DA0,綠,58,,60,structural
18645,U+7DA1,綡,1,,60,structural
18646,U+7DA2,綢,15,,60,structural
18647,U+7DA3,綣,49,,60,structural
18648,U+7DA4,綤,15,,60,structural
18649,U+7DA5,綥,15,,60,structural
18650,U+7DA6,綦,25,,60,structural
18651,U+7DA7,綧,1,,60,structural
18652,U+7DA8,綨,25,,60,structural
18653,U+7DA9,綩,44,,60,structural
18654,U+7DAA,綪,9,,60,structural
18655,U+7DAB,綫,15,,60,structural
18656,U+7DAC,綬,15,,60,structural
18657,U+7DAD,維,15,,60,structural
18658,U+7DAE,綮,15,,60,structural
18659,U+7DAF,綯,15,,60,structural
18660,U+7DB0,綰,15,,60,structural
18661,U+7DB1,綱,25,,60,structural
18662,U+7DB2,網,15,,60,structural
18663,U+7DB3,綳,40,,60,structural
18664,U+7DB4,綴,15,,60,structural
18665,U+7DB5,綵,15,,60,structural
18666,U+7DB6,綶,24,,60,structural
18667,U+7DB7,綷,15,,60,structural
18668,U+7DB8,綸,26,,60,structural
18669,U+7DB9,綹,15,,60,structural
18670,U+7DBA,綺,52,,60,structural
18671,U+7DBB,綻,15,,60,structural
18672,U+7DBC,綼,37,,60,structural
18673,U+7DBD,綽,24,,60,structural
18674,U+7DBE,綾,16,,60,structural
18675,U+7DBF,綿,15,,60,structural
18676,U+7DC0,緀,31,,60,structural
18677,U+7DC1,緁,15,,60,structural
18678,U+7DC2,緂,42,,60,structural
18679,U+7DC3,緃,15,,60,structural
18680,U+7DC4,緄,24,,60,structural
18681,U+7DC5,緅,0,,60,structural
18682,U+7DC6,緆,24,,60,structural
18683,U+7DC7,緇,15,,60,structural
18684,U+7DC8,緈,15,,60,structural
18685,U+7DC9,緉,53,,60,structural
18686,U+7DCA,緊,15,,60,structural
18687,U+7DCB,緋,15,,60,structural
18688,U+7DCC,緌,31,,60,structural
18689,U+7DCD,緍,24,,60,structural
18690,U+7DCE,緎,21,,60,structural
18691,U+7DCF,総,16,,60,structural
18692,U+7DD0,緐,15,,60,structural
18693,U+7DD1,緑,58,,60,structural
18694,U+7DD2,緒,24,,60,structural
18695,U+7DD3,緓,15,,60,structural
18696,U+7DD4,緔,15,,60,structural
18697,U+7DD5,緕,43,,60,structural
18698,U+7DD6,緖,24,,60,structural
18699,U+7DD7,緗,15,,60,structural
18700,U+7DD8,緘,21,,60,structural
18701,U+7DD9,緙,15,,60,structural
18702,U+7DDA,線,12,,60,structural
18703,U+7DDB,緛,15,,60,structural
18704,U+7DDC,緜,15,,60,structural
18705,U+7DDD,緝,15,,60,structural
18706,U+7DDE,緞,15,,60,structural
18707,U+7DDF,緟,15,,60,structural
18708,U+7DE0,締,53,,60,structural
18709,U+7DE1,緡,24,,60,structural
18710,U+7DE2,緢,15,,60,structural
18711,U+7DE3,緣,15,,60,structural
18712,U+7DE4,緤,2,,60,structural
18713,U+7DE5,緥,34,,60,structural
18714,U+7DE6,緦,15,,60,structural
18715,U+7DE7,緧,58,,60,structural
18716,U+7DE8,編,15,,60,structural
18717,U+7DE9,緩,15,,60,structural
18718,U+7DEA,緪,15,,60,structural
18719,U+7DEB,緫,10,,60,structural
18720,U+7DEC,緬,15,,60,structural
18721,U+7DED,緭,15,,60,structural
18722,U+7DEE,緮,15,,60,structural
18723,U+7DEF,緯,15,,60,structural
18724,U+7DF0,緰,26,,60,structural
18725,U+7DF1,緱,15,,60,structural
18726,U+7DF2,緲,10,,60,structural
18727,U+7DF3,緳,43,,60,structural
18728,U+7DF4,練,15,,60,structural
18729,U+7DF5,緵,16,,60,structural
18730,U+7DF6,緶,26,,60,structural
18731,U+7DF7,緷,15,,60,structural
18732,U+7DF8,緸,59,,60,structural
18733,U+7DF9,緹,15,,60,structural
18734,U+7DFA,緺,15,,60,structural
18735,U+7DFB,緻,15,,60,structural
18736,U+7DFC,緼,24,,60,structural
18737,U+7DFD,緽,32,,60,structural
18738,U+7DFE,緾,15,,60,structural
18739,U+7DFF,緿,15,,60,structural
18740,U+7E00,縀,15,,60,structural
18741,U+7E01,縁,15,,60,structural
18742,U+7E02,縂,15,,60,structural
18743,U+7E03,縃,15,,60,structural
18744,U+7E04,縄,24,,60,structural
18745,U+7E05,縅,31,,60,structural
18746,U+7E06,縆,56,,60,structural
18747,U+7E07,縇,41,,60,structural
18748,U+7E08,縈,15,,60,structural
18749,U+7E09,縉,56,,60,structural
18750,U+7E0A,縊,25,,60,structural
18751,U+7E0B,縋,15,,60,structural
18752,U+7E0C,縌,25,,60,structural
18753,U+7E0D,縍,58,,60,structural
18754,U+7E0E,縎,15,,60,structural
18755,U+7E0F,縏,15,,60,structural
18756,U+7E10,縐,15,,60,structural
18757,U+7E11,縑,25,,60,structural
18758,U+7E12,縒,15,,60,structural
18759,U+7E13,縓,15,,60,structural
18760,U+7E14,縔,15,,60,structural
18761,U+7E15,縕,15,,60,structural
18762,U+7E16,縖,15,,60,structural
18763,U+7E17,縗,21,,60,structural
18764,U+7E18,縘,15,,60,structural
18765,U+7E19,縙,15,,60,structural
18766,U+7E1A,縚,15,,60,structural
18767,U+7E1B,縛,57,,60,structural
18768,U+7E1C,縜,54,,60,structural
18769,U+7E1D,縝,25,,60,structural
18770,U+7E1E,縞,15,,60,structural
18771,U+7E1F,縟,15,,60,structural
18772,U+7E20,縠,15,,60,structural
18773,U+7E21,縡,15,,60,structural
18774,U+7E22,縢,49,,60,structural
18775,U+7E23,縣,56,,60,structural
18776,U+7E24,縤,15,,60,structural
18777,U+7E25,縥,15,,60,structural
18778,U+7E26,縦,15,,60,structural
18779,U+7E27,縧,46,,60,structural
18780,U+7E28,縨,56,,60,structural
18781,U+7E29,縩,15,,60,structural
18782,U+7E2A,縪,15,,60,structural
18783,U+7E2B,縫,43,,60,structural
18784,U+7E2C,縬,15,,60,structural
18785,U+7E2D,縭,10,,60,structural
18786,U+7E2E,縮,41,,60,structural
18787,U+7E2F,縯,25,,60,structural
18788,U+7E30,縰,15,,60,structural
18789,U+7E31,縱,46,,60,structural
18790,U+7E32,縲,15,,60,structural
18791,U+7E33,縳,15,,60,structural
18792,U+7E34,縴,15,,60,structural
18793,U+7E35,縵,15,,60,structural
18794,U+7E36,縶,13,,60,structural
18795,U+7E37,縷,31,,60,structural
18796,U+7E38,縸,24,,60,structural
18797,U+7E39,縹,59,,60,structural
18798,U+7E3A,縺,15,,60,structural
18799,U+7E3B,縻,15,,60,structural
18800,U+7E3C,縼,15,,60,structural
18801,U+7E3D,總,10,,60,structural
18802,U+7E3E,績,32,,60,structural
18803,U+7E3F,縿,15,,60,structural
18804,U+7E40,繀,15,,60,structural
18805,U+7E41,繁,15,,60,structural
18806,U+7E42,繂,15,,60,structural
18807,U+7E43,繃,40,,60,structural
18808,U+7E44,繄,15,,60,structural
18809,U+7E45,繅,24,,60,structural
18810,U+7E46,繆,46,,60,structural
18811,U+7E47,繇,15,,60,structural
18812,U+7E48,繈,15,,60,structural
18813,U+7E49,繉,15,,60,structural
18814,U+7E4A,繊,15,,60,structural
18815,U+7E4B,繋,15,,60,structural
18816,U+7E4C,繌,15,,60,structural
18817,U+7E4D,繍,15,,60,structural
18818,U+7E4E,繎,42,,60,structural
18819,U+7E4F,繏,28,,60,structural
18820,U+7E50,繐,15,,60,structural
18821,U+7E51,繑,18,,60,structural
18822,U+7E52,繒,15,,60,structural
18823,U+7E53,繓,0,,60,structural
18824,U+7E54,織,58,,60,structural
18825,U+7E55,繕,25,,60,structural
18826,U+7E56,繖,28,,60,structural
18827,U+7E57,繗,15,,60,structural
18828,U+7E58,繘,47,,60,structural
18829,U+7E59,繙,15,,60,structural
18830,U+7E5A,繚,24,,60,structural
18831,U+7E5B,繛,24,,60,structural
18832,U+7E5C,繜,58,,60,structural
18833,U+7E5D,繝,15,,60,structural
18834,U+7E5E,繞,56,,60,structural
18835,U+7E5F,繟,21,,60,structural
18836,U+7E60,繠,15,,60,structural
18837,U+7E61,繡,15,,60,structural
18838,U+7E62,繢,32,,60,structural
18839,U+7E63,繣,15,,60,structural
18840,U+7E64,繤,15,,60,structural
18841,U+7E65,繥,15,,60,structural
18842,U+7E66,繦,30,,60,structural
18843,U+7E67,繧,15,,60,structural
18844,U+7E68,繨,15,,60,structural
18845,U+7E69,繩,15,,60,structural
18846,U+7E6A,繪,26,,60,structural
18847,U+7E6B,繫,15,,60,structural
18848,U+7E6C,繬,15,,60,structural
18849,U+7E6D,繭,27,,60,structural
18850,U+7E6E,繮,15,,60,structural
18851,U+7E6F,繯,15,,60,structural
18852,U+7E70,繰,15,,60,structural
18853,U+7E71,繱,10,,60,structural
18854,U+7E72,繲,15,,60,structural
18855,U+7E73,繳,15,,60,structural
18856,U+7E74,繴,15,,60,structural
18857,U+7E75,繵,21,,60,structural
18858,U+7E76,繶,14,,60,structural
18859,U+7E77,繷,15,,60,structural
18860,U+7E78,繸,15,,60,structural
18861,U+7E79,繹,15,,60,structural
18862,U+7E7A,繺,42,,60,structural
18863,U+7E7B,繻,15,,60,structural
18864,U+7E7C,繼,15,,60,structural
18865,U+7E7D,繽,41,,60,structural
18866,U+7E7E,繾,15,,60,structural
18867,U+7E7F,繿,15,,60,structural
18868,U+7E80,纀,49,,60,structural
18869,U+7E81,纁,42,,60,structural
18870,U+7E82,纂,15,,60,structural
18871,U+7E83,纃,15,,60,structural
18872,U+7E84,纄,43,,60,structural
18873,U+7E85,纅,15,,60,structural
18874,U+7E86,纆,15,,60,structural
18875,U+7E87,纇,19,,60,structural
18876,U+7E88,纈,19,,60,structural
18877,U+7E89,纉,49,,60,structural
18878,U+7E8A,纊,38,,60,structural
18879,U+7E8B,纋,15,,60,structural
18880,U+7E8C,續,32,,60,structural
18881,U+7E8D,纍,15,,60,structural
18882,U+7E8E,纎,15,,60,structural
18883,U+7E8F,纏,38,,60,structural
18884,U+7E90,纐,19,,60,structural
18885,U+7E91,纑,15,,60,structural
18886,U+7E92,纒,15,,60,structural
18887,U+7E93,纓,31,,60,structural
18888,U+7E94,纔,15,,60,structural
18889,U+7E95,纕,1,,60,structural
18890,U+7E96,纖,46,,60,structural
18891,U+7E97,纗,47,,60,structural
18892,U+7E98,纘,32,,60,structural
18893,U+7E99,纙,15,,60,structural
18894,U+7E9A,纚,15,,60,structural
18895,U+7E9B,纛,56,,60,structural
18896,U+7E9C,纜,15,,60,structural
18897,U+7E9D,纝,15,,60,structural
18898,U+7E9E,纞,5,,60,structural
18899,U+7E9F,纟,15,,60,structural
18900,U+7EA0,纠,15,,60,structural
18901,U+7EA1,纡,15,,60,structural
18902,U+7EA2,红,15,,60,structural
18903,U+7EA3,纣,15,,60,structural
18904,U+7EA4,纤,37,,60,structural
18905,U+7EA5,纥,15,,60,structural
18906,U+7EA6,约,15,,60,structural
18907,U+7EA7,级,15,,60,structural
18908,U+7EA8,纨,13,,60,structural
18909,U+7EA9,纩,15,,60,structural
18910,U+7EAA,纪,15,,60,structural
18911,U+7EAB,纫,15,,60,structural
18912,U+7EAC,纬,15,,60,structural
18913,U+7EAD,纭,15,,60,structural
18914,U+7EAE,纮,15,,60,structural
18915,U+7EAF,纯,15,,60,structural
18916,U+7EB0,纰,15,,60,structural
18917,U+7EB1,纱,10,,60,structural
18918,U+7EB2,纲,15,,60,structural
18919,U+7EB3,纳,15,,60,structural
18920,U+7EB4,纴,15,,60,structural
18921,U+7EB5,纵,15,,60,structural
18922,U+7EB6,纶,15,,60,structural
18923,U+7EB7,纷,58,,60,structural
18924,U+7EB8,纸,15,,60,structural
18925,U+7EB9,纹,15,,60,structural
18926,U+7EBA,纺,15,,60,structural
18927,U+7EBB,纻,41,,60,structural
18928,U+7EBC,纼,15,,60,structural
18929,U+7EBD,纽,15,,60,structural
18930,U+7EBE,纾,15,,60,structural
18931,U+7EBF,线,15,,60,structural
18932,U+7EC0,绀,15,,60,structural
18933,U+7EC1,绁,15,,60,structural
18934,U+7EC2,绂,39,,60,structural
18935,U+7EC3,练,15,,60,structural
18936,U+7EC4,组,15,,60,structural
18937,U+7EC5,绅,15,,60,structural
18938,U+7EC6,细,15,,60,structural
18939,U+7EC7,织,47,,60,structural
18940,U+7EC8,终,15,,60,structural
18941,U+7EC9,绉,15,,60,structural
18942,U+7ECA,绊,43,,60,structural
18943,U+7ECB,绋,15,,60,structural
18944,U+7ECC,绌,15,,60,structural
18945,U+7ECD,绍,15,,60,structural
18946,U+7ECE,绎,15,,60,structural
18947,U+7ECF,经,15,,60,structural
18948,U+7ED0,绐,15,,60,structural
18949,U+7ED1,绑,43,,60,structural
18950,U+7ED2,绒,15,,60,structural
18951,U+7ED3,结,15,,60,structural
18952,U+7ED4,绔,15,,60,structural
18953,U+7ED5,绕,56,,60,structural
18954,U+7ED6,绖,15,,60,structural
18955,U+7ED7,绗,15,,60,structural
18956,U+7ED8,绘,49,,60,structural
18957,U+7ED9,给,26,,60,structural
18958,U+7EDA,绚,24,,60,structural
18959,U+7EDB,绛,15,,60,structural
18960,U+7EDC,络,15,,60,structural
18961,U+7EDD,绝,15,,60,structural
18962,U+7EDE,绞,15,,60,structural
18963,U+7EDF,统,15,,60,structural
18964,U+7EE0,绠,56,,60,structural
18965,U+7EE1,绡,15,,60,structural
18966,U+7EE2,绢,15,,60,structural
18967,U+7EE3,绣,15,,60,structural
18968,U+7EE4,绤,15,,60,structural
18969,U+7EE5,绥,31,,60,structural
18970,U+7EE6,绦,15,,60,structural
18971,U+7EE7,继,15,,60,structural
18972,U+7EE8,绨,15,,60,structural
18973,U+7EE9,绩,32,,60,structural
18974,U+7EEA,绪,24,,60,structural
18975,U+7EEB,绫,16,,60,structural
18976,U+7EEC,绬,15,,60,structural
18977,U+7EED,续,15,,60,structural
18978,U+7EEE,绮,52,,60,structural
18979,U+7EEF,绯,15,,60,structural
18980,U+7EF0,绰,24,,60,structural
18981,U+7EF1,绱,15,,60,structural
18982,U+7EF2,绲,24,,60,structural
18983,U+7EF3,绳,15,,60,structural
18984,U+7EF4,维,15,,60,structural
18985,U+7EF5,绵,15,,60,structural
18986,U+7EF6,绶,15,,60,structural
18987,U+7EF7,绷,40,,60,structural
18988,U+7EF8,绸,15,,60,structural
18989,U+7EF9,绹,15,,60,structural
18990,U+7EFA,绺,15,,60,structural
18991,U+7EFB,绻,49,,60,structural
18992,U+7EFC,综,15,,60,structural
18993,U+7EFD,绽,15,,60,structural
18994,U+7EFE,绾,15,,60,structural
18995,U+7EFF,绿,58,,60,structural
18996,U+7F00,缀,15,,60,structural
18997,U+7F01,缁,15,,60,structural
18998,U+7F02,缂,15,,60,structural
18999,U+7F03,缃,15,,60,structural
19000,U+7F04,缄,21,,60,structural
19001,U+7F05,缅,15,,60,structural
19002,U+7F06,缆,15,,60,structural
19003,U+7F07,缇,15,,60,structural
19004,U+7F08,缈,10,,60,structural
19005,U+7F09,缉,15,,60,structural
19006,U+7F0A,缊,24,,60,structural
19007,U+7F0B,缋,32,,60,structural
19008,U+7F0C,缌,15,,60,structural
19009,U+7F0D,缍,15,,60,structural
19010,U+7F0E,缎,15,,60,structural
19011,U+7F0F,缏,26,,60,structural
19012,U+7F10,缐,12,,60,structural
19013,U+7F11,缑,15,,60,structural
19014,U+7F12,缒,15,,60,structural
19015,U+7F13,缓,15,,60,structural
19016,U+7F14,缔,53,,60,structural
19017,U+7F15,缕,31,,60,structural
19018,U+7F16,编,15,,60,structural
19019,U+7F17,缗,24,,60,structural
19020,U+7F18,缘,15,,60,structural
19021,U+7F19,缙,56,,60,structural
19022,U+7F1A,缚,57,,60,structural
19023,U+7F1B,缛,15,,60,structural
19024,U+7F1C,缜,25,,60,structural
19025,U+7F1D,缝,43,,60,structural
19026,U+7F1E,缞,21,,60,structural
19027,U+7F1F,缟,15,,60,structural
19028,U+7F20,缠,38,,60,structural
19029,U+7F21,缡,10,,60,structural
19030,U+7F22,缢,25,,60,structural
19031,U+7F23,缣,25,,60,structural
19032,U+7F24,缤,25,,60,structural
19033,U+7F25,缥,59,,60,structural
19034,U+7F26,缦,15,,60,structural
19035,U+7F27,缧,15,,60,structural
19036,U+7F28,缨,31,,60,structural
19037,U+7F29,缩,41,,60,structural
19038,U+7F2A,缪,46,,60,structural
19039,U+7F2B,缫,24,,60,structural
19040,U+7F2C,缬,19,,60,structural
19041,U+7F2D,缭,24,,60,structural
19042,U+7F2E,缮,25,,60,structural
19043,U+7F2F,缯,15,,60,structural
19044,U+7F30,缰,15,,60,structural
19045,U+7F31,缱,15,,60,structural
19046,U+7F32,缲,15,,60,structural
19047,U+7F33,缳,15,,60,structural
19048,U+7F34,缴,15,,60,structural
19049,U+7F35,缵,32,,60,structural
19050,U+7F36,缶,27,,60,structural
19051,U+7F37,缷,27,,60,structural
19052,U+7F38,缸,27,,60,structural
19053,U+7F39,缹,42,,60,structural
19054,U+7F3A,缺,20,,60,structural
19055,U+7F3B,缻,27,,60,structural
19056,U+7F3C,缼,6,,60,structural
19057,U+7F3D,缽,34,,60,structural
19058,U+7F3E,缾,25,,60,structural
19059,U+7F3F,缿,1,,60,structural
19060,U+7F40,罀,27,,60,structural
19061,U+7F41,罁,25,,60,structural
19062,U+7F42,罂,32,,60,structural
19063,U+7F43,罃,27,,60,structural
19064,U+7F44,罄,27,,60,structural
19065,U+7F45,罅,10,,60,structural
19066,U+7F46,罆,32,,60,structural
19067,U+7F47,罇,58,,60,structural
19068,U+7F48,罈,28,,60,structural
19069,U+7F49,罉,3,,60,structural
19070,U+7F4A,罊,27,,60,structural
19071,U+7F4B,罋,51,,60,structural
19072,U+7F4C,罌,32,,60,structural
19073,U+7F4D,罍,11,,60,structural
19074,U+7F4E,罎,24,,60,structural
19075,U+7F4F,罏,11,,60,structural
19076,U+7F50,罐,36,,60,structural
19077,U+7F51,网,10,,60,structural
19078,U+7F52,罒,27,,60,structural
19079,U+7F53,罓,10,,60,structural
19080,U+7F54,罔,27,,60,structural
19081,U+7F55,罕,27,,60,structural
19082,U+7F56,罖,13,,60,structural
19083,U+7F57,罗,4,,60,structural
19084,U+7F58,罘,56,,60,structural
19085,U+7F59,罙,34,,60,structural
19086,U+7F5A,罚,5,,60,structural
19087,U+7F5B,罛,27,,60,structural
19088,U+7F5C,罜,9,,60,structural
19089,U+7F5D,罝,56,,60,structural
19090,U+7F5E,罞,27,,60,structural
19091,U+7F5F,罟,1,,60,structural
19092,U+7F60,罠,27,,60,structural
19093,U+7F61,罡,56,,60,structural
19094,U+7F62,罢,9,,60,structural
19095,U+7F63,罣,9,,60,structural
19096,U+7F64,罤,58,,60,structural
19097,U+7F65,罥,1,,60,structural
19098,U+7F66,罦,27,,60,structural
19099,U+7F67,罧,34,,60,structural
19100,U+7F68,罨,24,,60,structural
19101,U+7F69,罩,24,,60,structural
19102,U+7F6A,罪,27,,60,structural
19103,U+7F6B,罫,9,,60,structural
19104,U+7F6C,罬,51,,60,structural
19105,U+7F6D,罭,21,,60,structural
19106,U+7F6E,置,56,,60,structural
19107,U+7F6F,罯,14,,60,structural
19108,U+7F70,罰,5,,60,structural
19109,U+7F71,罱,27,,60,structural
19110,U+7F72,署,24,,60,structural
19111,U+7F73,罳,11,,60,structural
19112,U+7F74,罴,9,,60,structural
19113,U+7F75,罵,50,,60,structural
19114,U+7F76,罶,11,,60,structural
19115,U+7F77,罷,27,,60,structural
19116,U+7F78,罸,5,,60,structural
19117,U+7F79,罹,51,,60,structural
19118,U+7F7A,罺,24,,60,structural
19119,U+7F7B,罻,27,,60,structural
19120,U+7F7C,罼,56,,60,structural
19121,U+7F7D,罽,42,,60,structural
19122,U+7F7E,罾,58,,60,structural
19123,U+7F7F,罿,27,,60,structural
19124,U+7F80,羀,56,,60,structural
19125,U+7F81,羁,50,,60,structural
19126,U+7F82,羂,15,,60,structural
19127,U+7F83,羃,24,,60,structural
19128,U+7F84,羄,24,,60,structural
19129,U+7F85,羅,15,,60,structural
19130,U+7F86,羆,42,,60,structural
19131,U+7F87,羇,52,,60,structural
19132,U+7F88,羈,50,,60,structural
19133,U+7F89,羉,5,,60,structural
19134,U+7F8A,羊,43,,60,structural
19135,U+7F8B,羋,43,,60,structural
19136,U+7F8C,羌,27,,60,structural
19137,U+7F8D,羍,20,,60,structural
19138,U+7F8E,美,20,,60,structural
19139,U+7F8F,羏,27,,60,structural
19140,U+7F90,羐,9,,60,structural
19141,U+7F91,羑,10,,60,structural
19142,U+7F92,羒,58,,60,structural
19143,U+7F93,羓,27,,60,structural
19144,U+7F94,羔,42,,60,structural
19145,U+7F95,羕,12,,60,structural
19146,U+7F96,羖,27,,60,structural
19147,U+7F97,羗,27,,60,structural
19148,U+7F98,羘,40,,60,structural
19149,U+7F99,羙,42,,60,structural
19150,U+7F9A,羚,13,,60,structural
19151,U+7F9B,羛,10,,60,structural
19152,U+7F9C,羜,41,,60,structural
19153,U+7F9D,羝,13,,60,structural
19154,U+7F9E,羞,56,,60,structural
19155,U+7F9F,羟,27,,60,structural
19156,U+7FA0,羠,20,,60,structural
19157,U+7FA1,羡,6,,60,structural
19158,U+7FA2,羢,27,,60,structural
19159,U+7FA3,羣,21,,60,structural
19160,U+7FA4,群,21,,60,structural
19161,U+7FA5,羥,56,,60,structural
19162,U+7FA6,羦,41,,60,structural
19163,U+7FA7,羧,16,,60,structural
19164,U+7FA8,羨,12,,60,structural
19165,U+7FA9,義,27,,60,structural
19166,U+7FAA,羪,13,,60,structural
19167,U+7FAB,羫,27,,60,structural
19168,U+7FAC,羬,21,,60,structural
19169,U+7FAD,羭,26,,60,structural
19170,U+7FAE,羮,49,,60,structural
19171,U+7FAF,羯,24,,60,structural
19172,U+7FB0,羰,42,,60,structural
19173,U+7FB1,羱,27,,60,structural
19174,U+7FB2,羲,56,,60,structural
19175,U+7FB3,羳,11,,60,structural
19176,U+7FB4,羴,27,,60,structural
19177,U+7FB5,羵,32,,60,structural
19178,U+7FB6,羶,21,,60,structural
19179,U+7FB7,羷,26,,60,structural
19180,U+7FB8,羸,57,,60,structural
19181,U+7FB9,羹,42,,60,structural
19182,U+7FBA,羺,27,,60,structural
19183,U+7FBB,羻,38,,60,structural
19184,U+7FBC,羼,27,,60,structural
19185,U+7FBD,羽,6,,60,structural
19186,U+7FBE,羾,27,,60,structural
19187,U+7FBF,羿,27,,60,structural
19188,U+7FC0,翀,59,,60,structural
19189,U+7FC1,翁,16,,60,structural
19190,U+7FC2,翂,58,,60,structural
19191,U+7FC3,翃,27,,60,structural
19192,U+7FC4,翄,27,,60,structural
19193,U+7FC5,翅,27,,60,structural
19194,U+7FC6,翆,27,,60,structural
19195,U+7FC7,翇,39,,60,structural
19196,U+7FC8,翈,11,,60,structural
19197,U+7FC9,翉,34,,60,structural
19198,U+7FCA,翊,27,,60,structural
19199,U+7FCB,翋,27,,60,structural
19200,U+7FCC,翌,27,,60,structural
19201,U+7FCD,翍,27,,60,structural
19202,U+7FCE,翎,13,,60,structural
19203,U+7FCF,翏,46,,60,structural
19204,U+7FD0,翐,49,,60,structural
19205,U+7FD1,翑,1,,60,structural
19206,U+7FD2,習,27,,60,structural
19207,U+7FD3,翓,1,,60,structural
19208,U+7FD4,翔,27,,60,structural
19209,U+7FD5,翕,26,,60,structural
19210,U+7FD6,翖,26,,60,structural
19211,U+7FD7,翗,4,,60,structural
19212,U+7FD8,翘,56,,60,structural
19213,U+7FD9,翙,4,,60,structural
19214,U+7FDA,翚,27,,60,structural
19215,U+7FDB,翛,46,,60,structural
19216,U+7FDC,翜,46,,60,structural
19217,U+7FDD,翝,27,,60,structural
19218,U+7FDE,翞,1,,60,structural
19219,U+7FDF,翟,51,,60,structural
19220,U+7FE0,翠,27,,60,structural
19221,U+7FE1,翡,27,,60,structural
19222,U+7FE2,翢,27,,60,structural
19223,U+7FE3,翣,31,,60,structural
19224,U+7FE4,翤,1,,60,structural
19225,U+7FE5,翥,24,,60,structural
19226,U+7FE6,翦,25,,60,structural
19227,U+7FE7,翧,41,,60,structural
19228,U+7FE8,翨,24,,60,structural
19229,U+7FE9,翩,13,,60,structural
19230,U+7FEA,翪,16,,60,structural
19231,U+7FEB,翫,56,,60,structural
19232,U+7FEC,翬,27,,60,structural
19233,U+7FED,翭,46,,60,structural
19234,U+7FEE,翮,27,,60,structural
19235,U+7FEF,翯,27,,60,structural
19236,U+7FF0,翰,46,,60,structural
19237,U+7FF1,翱,37,,60,structural
19238,U+7FF2,翲,59,,60,structural
19239,U+7FF3,翳,27,,60,structural
19240,U+7FF4,翴,27,,60,structural
19241,U+7FF5,翵,22,,60,structural
19242,U+7FF6,翶,27,,60,structural
19243,U+7FF7,翷,27,,60,structural
19244,U+7FF8,翸,32,,60,structural
19245,U+7FF9,翹,56,,60,structural
19246,U+7FFA,翺,27,,60,structural
19247,U+7FFB,翻,11,,60,structural
19248,U+7FFC,翼,28,,60,structural
19249,U+7FFD,翽,56,,60,structural
19250,U+7FFE,翾,27,,60,structural
19251,U+7FFF,翿,45,,60,structural
19252,U+8000,耀,56,,60,structural
19253,U+8001,老,27,,60,structural
19254,U+8003,考,56,,60,structural
19255,U+8004,耄,27,,60,structural
19256,U+8005,者,24,,60,structural
19257,U+8006,耆,24,,60,structural
19258,U+8007,耇,1,,60,structural
19259,U+8008,耈,1,,60,structural
19260,U+8009,耉,21,,60,structural
19261,U+800A,耊,27,,60,structural
19262,U+800B,耋,27,,60,structural
19263,U+800C,而,56,,60,structural
19264,U+800D,耍,31,,60,structural
19265,U+800E,耎,20,,60,structural
19266,U+800F,耏,27,,60,structural
19267,U+8010,耐,27,,60,structural
19268,U+8011,耑,11,,60,structural
19269,U+8012,耒,2,,60,structural
19270,U+8013,耓,52,,60,structural
19271,U+8014,耔,27,,60,structural
19272,U+8015,耕,17,,60,structural
19273,U+8016,耖,10,,60,structural
19274,U+8017,耗,27,,60,structural
19275,U+8018,耘,17,,60,structural
19276,U+8019,耙,27,,60,structural
19277,U+801A,耚,27,,60,structural
19278,U+801B,耛,1,,60,structural
19279,U+801C,耜,27,,60,structural
19280,U+801D,耝,56,,60,structural
19281,U+801E,耞,1,,60,structural
19282,U+801F,耟,27,,60,structural
19283,U+8020,耠,26,,60,structural
19284,U+8021,耡,56,,60,structural
19285,U+8022,耢,27,,60,structural
19286,U+8023,耣,26,,60,structural
19287,U+8024,耤,28,,60,structural
19288,U+8025,耥,1,,60,structural
19289,U+8026,耦,27,,60,structural
19290,U+8027,耧,31,,60,structural
19291,U+8028,耨,27,,60,structural
19292,U+8029,耩,27,,60,structural
19293,U+802A,耪,58,,60,structural
19294,U+802B,耫,32,,60,structural
19295,U+802C,耬,31,,60,structural
19296,U+802D,耭,46,,60,structural
19297,U+802E,耮,27,,60,structural
19298,U+802F,耯,51,,60,structural
19299,U+8030,耰,27,,60,structural
19300,U+8031,耱,27,,60,structural
19301,U+8032,耲,27,,60,structural
19302,U+8033,耳,0,,60,structural
19303,U+8034,耴,0,,60,structural
19304,U+8035,耵,52,,60,structural
19305,U+8036,耶,0,,60,structural
19306,U+8037,耷,0,,60,structural
19307,U+8038,耸,46,,60,structural
19308,U+8039,耹,13,,60,structural
19309,U+803A,耺,0,,60,structural
19310,U+803B,耻,0,,60,structural
19311,U+803C,耼,0,,60,structural
19312,U+803D,耽,0,,60,structural
19313,U+803E,耾,0,,60,structural
19314,U+803F,耿,42,,60,structural
19315,U+8040,聀,0,,60,structural
19316,U+8041,聁,58,,60,structural
19317,U+8042,聂,0,,60,structural
19318,U+8043,聃,0,,60,structural
19319,U+8044,聄,46,,60,structural
19320,U+8045,聅,0,,60,structural
19321,U+8046,聆,13,,60,structural
19322,U+8047,聇,56,,60,structural
19323,U+8048,聈,0,,60,structural
19324,U+8049,聉,0,,60,structural
19325,U+804A,聊,0,,60,structural
19326,U+804B,聋,0,,60,structural
19327,U+804C,职,47,,60,structural
19328,U+804D,聍,41,,60,structural
19329,U+804E,聎,0,,60,structural
19330,U+804F,聏,0,,60,structural
19331,U+8050,聐,1,,60,structural
19332,U+8051,聑,0,,60,structural
19333,U+8052,聒,0,,60,structural
19334,U+8053,聓,0,,60,structural
19335,U+8054,联,25,,60,structural
19336,U+8055,聕,1,,60,structural
19337,U+8056,聖,33,,60,structural
19338,U+8057,聗,46,,60,structural
19339,U+8058,聘,56,,60,structural
19340,U+8059,聙,9,,60,structural
19341,U+805A,聚,0,,60,structural
19342,U+805B,聛,37,,60,structural
19343,U+805C,聜,0,,60,structural
19344,U+805D,聝,21,,60,structural
19345,U+805E,聞,0,,60,structural
19346,U+805F,聟,1,,60,structural
19347,U+8060,聠,25,,60,structural
19348,U+8061,聡,16,,60,structural
19349,U+8062,聢,0,,60,structural
19350,U+8063,聣,0,,60,structural
19351,U+8064,聤,52,,60,structural
19352,U+8065,聥,0,,60,structural
19353,U+8066,聦,10,,60,structural
19354,U+8067,聧,56,,60,structural
19355,U+8068,聨,0,,60,structural
19356,U+8069,聩,32,,60,structural
19357,U+806A,聪,0,,60,structural
19358,U+806B,聫,0,,60,structural
19359,U+806C,聬,16,,60,structural
19360,U+806D,聭,0,,60,structural
19361,U+806E,聮,0,,60,structural
19362,U+806F,聯,0,,60,structural
19363,U+8070,聰,10,,60,structural
19364,U+8071,聱,0,,60,structural
19365,U+8072,聲,0,,60,structural
19366,U+8073,聳,46,,60,structural
19367,U+8074,聴,0,,60,structural
19368,U+8075,聵,32,,60,structural
19369,U+8076,聶,0,,60,structural
19370,U+8077,職,58,,60,structural
19371,U+8078,聸,5,,60,structural
19372,U+8079,聹,41,,60,structural
19373,U+807A,聺,0,,60,structural
19374,U+807B,聻,12,,60,structural
19375,U+807C,聼,0,,60,structural
19376,U+807D,聽,10,,60,structural
19377,U+807E,聾,0,,60,structural
19378,U+807F,聿,43,,60,structural
19379,U+8080,肀,56,,60,structural
19380,U+8081,肁,13,,60,structural
19381,U+8082,肂,27,,60,structural
19382,U+8084,肄,27,,60,structural
19383,U+8086,肆,27,,60,structural
19384,U+8087,肇,27,,60,structural
19385,U+8088,肈,27,,60,structural
19386,U+8089,肉,40,,60,structural
19387,U+808A,肊,40,,60,structural
19388,U+808B,肋,40,,60,structural
19389,U+808C,肌,40,,60,structural
19390,U+808D,肍,40,,60,structural
19391,U+808E,肎,27,,60,structural
19392,U+808F,肏,40,,60,structural
19393,U+8090,肐,40,,60,structural
19394,U+8091,肑,40,,60,structural
19395,U+8092,肒,13,,60,structural
19396,U+8093,肓,27,,60,structural
19397,U+8094,肔,40,,60,structural
19398,U+8095,肕,10,,60,structural
19399,U+8096,肖,27,,60,structural
19400,U+8097,肗,31,,60,structural
19401,U+8098,肘,40,,60,structural
19402,U+8099,肙,1,,60,structural
19403,U+809A,肚,40,,60,structural
19404,U+809B,肛,40,,60,structural
19405,U+809C,肜,40,,60,structural
19406,U+809D,肝,40,,60,structural
19407,U+809E,肞,40,,60,structural
19408,U+809F,肟,40,,60,structural
19409,U+80A0,肠,40,,60,structural
19410,U+80A1,股,40,,60,structural
19411,U+80A2,肢,40,,60,structural
19412,U+80A3,肣,13,,60,structural
19413,U+80A4,肤,49,,60,structural
19414,U+80A5,肥,40,,60,structural
19415,U+80A6,肦,58,,60,structural
19416,U+80A7,肧,40,,60,structural
19417,U+80A8,肨,43,,60,structural
19418,U+80A9,肩,57,,60,structural
19419,U+80AA,肪,40,,60,structural
19420,U+80AB,肫,40,,60,structural
19421,U+80AC,肬,40,,60,structural
19422,U+80AD,肭,40,,60,structural
19423,U+80AE,肮,40,,60,structural
19424,U+80AF,肯,27,,60,structural
19425,U+80B0,肰,40,,60,structural
19426,U+80B1,肱,40,,60,structural
19427,U+80B2,育,27,,60,structural
19428,U+80B3,肳,10,,60,structural
19429,U+80B4,肴,10,,60,structural
19430,U+80B5,肵,40,,60,structural
19431,U+80B6,肶,40,,60,structural
19432,U+80B7,肷,40,,60,structural
19433,U+80B8,肸,40,,60,structural
19434,U+80B9,肹,25,,60,structural
19435,U+80BA,肺,53,,60,structural
19436,U+80BB,肻,27,,60,structural
19437,U+80BC,肼,40,,60,structural
19438,U+80BD,肽,40,,60,structural
19439,U+80BE,肾,51,,60,structural
19440,U+80BF,肿,59,,60,structural
19441,U+80C0,胀,40,,60,structural
19442,U+80C1,胁,40,,60,structural
19443,U+80C2,胂,40,,60,structural
19444,U+80C3,胃,11,,60,structural
19445,U+80C4,胄,11,,60,structural
19446,U+80C5,胅,49,,60,structural
19447,U+80C6,胆,56,,60,structural
19448,U+80C7,胇,10,,60,structural
19449,U+80C8,胈,39,,60,structural
19450,U+80C9,胉,40,,60,structural
19451,U+80CA,胊,40,,60,structural
19452,U+80CB,胋,40,,60,structural
19453,U+80CC,背,27,,60,structural
19454,U+80CD,胍,40,,60,structural
19455,U+80CE,胎,40,,60,structural
19456,U+80CF,胏,40,,60,structural
19457,U+80D0,胐,40,,60,structural
19458,U+80D1,胑,47,,60,structural
19459,U+80D2,胒,40,,60,structural
19460,U+80D3,胓,40,,60,structural
19461,U+80D4,胔,40,,60,structural
19462,U+80D5,胕,40,,60,structural
19463,U+80D6,胖,43,,60,structural
19464,U+80D7,胗,46,,60,structural
19465,U+80D8,胘,40,,60,structural
19466,U+80D9,胙,40,,60,structural
19467,U+80DA,胚,40,,60,structural
19468,U+80DB,胛,40,,60,structural
19469,U+80DC,胜,40,,60,structural
19470,U+80DD,胝,40,,60,structural
19471,U+80DE,胞,40,,60,structural
19472,U+80DF,胟,40,,60,structural
19473,U+80E0,胠,9,,60,structural
19474,U+80E1,胡,57,,60,structural
19475,U+80E2,胢,52,,60,structural
19476,U+80E3,胣,40,,60,structural
19477,U+80E4,胤,10,,60,structural
19478,U+80E5,胥,27,,60,structural
19479,U+80E6,胦,40,,60,structural
19480,U+80E7,胧,40,,60,structural
19481,U+80E8,胨,40,,60,structural
19482,U+80E9,胩,40,,60,structural
19483,U+80EA,胪,40,,60,structural
19484,U+80EB,胫,40,,60,structural
19485,U+80EC,胬,31,,60,structural
19486,U+80ED,胭,40,,60,structural
19487,U+80EE,胮,40,,60,structural
19488,U+80EF,胯,40,,60,structural
19489,U+80F0,胰,40,,60,structural
19490,U+80F1,胱,56,,60,structural
19491,U+80F2,胲,46,,60,structural
19492,U+80F3,胳,40,,60,structural
19493,U+80F4,胴,40,,60,structural
19494,U+80F5,胵,40,,60,structural
19495,U+80F6,胶,40,,60,structural
19496,U+80F7,胷,10,,60,structural
19497,U+80F8,胸,10,,60,structural
19498,U+80F9,胹,40,,60,structural
19499,U+80FA,胺,31,,60,structural
19500,U+80FB,胻,40,,60,structural
19501,U+80FC,胼,25,,60,structural
19502,U+80FD,能,27,,60,structural
19503,U+80FE,胾,40,,60,structural
19504,U+80FF,胿,40,,60,structural
19505,U+8100,脀,12,,60,structural
19506,U+8101,脁,40,,60,structural
19507,U+8102,脂,40,,60,structural
19508,U+8103,脃,40,,60,structural
19509,U+8104,脄,40,,60,structural
19510,U+8105,脅,27,,60,structural
19511,U+8106,脆,40,,60,structural
19512,U+8107,脇,40,,60,structural
19513,U+8108,脈,40,,60,structural
19514,U+8109,脉,40,,60,structural
19515,U+810A,脊,46,,60,structural
19516,U+810B,脋,27,,60,structural
19517,U+810C,脌,40,,60,structural
19518,U+810D,脍,49,,60,structural
19519,U+810E,脎,34,,60,structural
19520,U+810F,脏,38,,60,structural
19521,U+8110,脐,40,,60,structural
19522,U+8111,脑,10,,60,structural
19523,U+8112,脒,40,,60,structural
19524,U+8113,脓,40,,60,structural
19525,U+8114,脔,40,,60,structural
19526,U+8115,脕,40,,60,structural
19527,U+8116,脖,40,,60,structural
19528,U+8117,脗,40,,60,structural
19529,U+8118,脘,41,,60,structural
19530,U+8119,脙,25,,60,structural
19531,U+811A,脚,9,,60,structural
19532,U+811B,脛,40,,60,structural
19533,U+811C,脜,40,,60,structural
19534,U+811D,脝,1,,60,structural
19535,U+811E,脞,9,,60,structural
19536,U+811F,脟,40,,60,structural
19537,U+8120,脠,10,,60,structural
19538,U+8121,脡,10,,60,structural
19539,U+8122,脢,40,,60,structural
19540,U+8123,脣,27,,60,structural
19541,U+8124,脤,40,,60,structural
19542,U+8125,脥,40,,60,structural
19543,U+8126,脦,40,,60,structural
19544,U+8127,脧,16,,60,structural
19545,U+8128,脨,34,,60,structural
19546,U+8129,脩,46,,60,structural
19547,U+812A,脪,40,,60,structural
19548,U+812B,脫,47,,60,structural
19549,U+812C,脬,40,,60,structural
19550,U+812D,脭,33,,60,structural
19551,U+812E,脮,31,,60,structural
19552,U+812F,脯,57,,60,structural
19553,U+8130,脰,40,,60,structural
19554,U+8131,脱,47,,60,structural
19555,U+8132,脲,40,,60,structural
19556,U+8133,脳,10,,60,structural
19557,U+8134,脴,21,,60,structural
19558,U+8135,脵,21,,60,structural
19559,U+8136,脶,46,,60,structural
19560,U+8137,脷,40,,60,structural
19561,U+8138,脸,26,,60,structural
19562,U+8139,脹,40,,60,structural
19563,U+813A,脺,40,,60,structural
19564,U+813B,脻,40,,60,structural
19565,U+813C,脼,53,,60,structural
19566,U+813D,脽,40,,60,structural
19567,U+813E,脾,37,,60,structural
19568,U+813F,脿,40,,60,structural
19569,U+8140,腀,26,,60,structural
19570,U+8141,腁,40,,60,structural
19571,U+8142,腂,24,,60,structural
19572,U+8143,腃,49,,60,structural
19573,U+8144,腄,56,,60,structural
19574,U+8145,腅,40,,60,structural
19575,U+8146,腆,40,,60,structural
19576,U+8147,腇,31,,60,structural
19577,U+8148,腈,40,,60,structural
19578,U+8149,腉,40,,60,structural
19579,U+814A,腊,28,,60,structural
19580,U+814B,腋,13,,60,structural
19581,U+814C,腌,24,,60,structural
19582,U+814D,腍,13,,60,structural
19583,U+814E,腎,51,,60,structural
19584,U+814F,腏,40,,60,structural
19585,U+8150,腐,38,,60,structural
19586,U+8151,腑,38,,60,structural
19587,U+8152,腒,40,,60,structural
19588,U+8153,腓,40,,60,structural
19589,U+8154,腔,40,,60,structural
19590,U+8155,腕,44,,60,structural
19591,U+8156,腖,34,,60,structural
19592,U+8157,腗,56,,60,structural
19593,U+8158,腘,33,,60,structural
19594,U+8159,腙,40,,60,structural
19595,U+815A,腚,40,,60,structural
19596,U+815B,腛,40,,60,structural
19597,U+815C,腜,34,,60,structural
19598,U+815D,腝,40,,60,structural
19599,U+815E,腞,40,,60,structural
19600,U+815F,腟,40,,60,structural
19601,U+8160,腠,40,,60,structural
19602,U+8161,腡,40,,60,structural
19603,U+8162,腢,40,,60,structural
19604,U+8163,腣,53,,60,structural
19605,U+8164,腤,40,,60,structural
19606,U+8165,腥,40,,60,structural
19607,U+8166,腦,40,,60,structural
19608,U+8167,腧,26,,60,structural
19609,U+8168,腨,40,,60,structural
19610,U+8169,腩,40,,60,structural
19611,U+816A,腪,40,,60,structural
19612,U+816B,腫,40,,60,structural
19613,U+816C,腬,34,,60,structural
19614,U+816D,腭,21,,60,structural
19615,U+816E,腮,40,,60,structural
19616,U+816F,腯,40,,60,structural
19617,U+8170,腰,59,,60,structural
19618,U+8171,腱,40,,60,structural
19619,U+8172,腲,56,,60,structural
19620,U+8173,腳,40,,60,structural
19621,U+8174,腴,40,,60,structural
19622,U+8175,腵,40,,60,structural
19623,U+8176,腶,40,,60,structural
19624,U+8177,腷,40,,60,structural
19625,U+8178,腸,56,,60,structural
19626,U+8179,腹,40,,60,structural
19627,U+817A,腺,12,,60,structural
19628,U+817B,腻,32,,60,structural
19629,U+817C,腼,40,,60,structural
19630,U+817D,腽,40,,60,structural
19631,U+817E,腾,49,,60,structural
19632,U+817F,腿,40,,60,structural
19633,U+8180,膀,58,,60,structural
19634,U+8181,膁,25,,60,structural
19635,U+8182,膂,27,,60,structural
19636,U+8183,膃,40,,60,structural
19637,U+8184,膄,40,,60,structural
19638,U+8185,膅,59,,60,structural
19639,U+8186,膆,40,,60,structural
19640,U+8187,膇,40,,60,structural
19641,U+8188,膈,40,,60,structural
19642,U+8189,膉,25,,60,structural
19643,U+818A,膊,57,,60,structural
19644,U+818B,膋,27,,60,structural
19645,U+818C,膌,40,,60,structural
19646,U+818D,膍,40,,60,structural
19647,U+818E,膎,40,,60,structural
19648,U+818F,膏,27,,60,structural
19649,U+8190,膐,40,,60,structural
19650,U+8191,膑,25,,60,structural
19651,U+8192,膒,40,,60,structural
19652,U+8193,膓,40,,60,structural
19653,U+8194,膔,40,,60,structural
19654,U+8195,膕,21,,60,structural
19655,U+8196,膖,43,,60,structural
19656,U+8197,膗,40,,60,structural
19657,U+8198,膘,59,,60,structural
19658,U+8199,膙,30,,60,structural
19659,U+819A,膚,11,,60,structural
19660,U+819B,膛,40,,60,structural
19661,U+819C,膜,24,,60,structural
19662,U+819D,膝,58,,60,structural
19663,U+819E,膞,40,,60,structural
19664,U+819F,膟,40,,60,structural
19665,U+81A0,膠,46,,60,structural
19666,U+81A1,膡,49,,60,structural
19667,U+81A2,膢,31,,60,structural
19668,U+81A3,膣,40,,60,structural
19669,U+81A4,膤,40,,60,structural
19670,U+81A5,膥,34,,60,structural
19671,U+81A6,膦,40,,60,structural
19672,U+81A7,膧,40,,60,structural
19673,U+81A8,膨,40,,60,structural
19674,U+81A9,膩,32,,60,structural
19675,U+81AA,膪,47,,60,structural
19676,U+81AB,膫,40,,60,structural
19677,U+81AC,膬,40,,60,structural
19678,U+81AD,膭,40,,60,structural
19679,U+81AE,膮,56,,60,structural
19680,U+81AF,膯,40,,60,structural
19681,U+81B0,膰,40,,60,structural
19682,U+81B1,膱,58,,60,structural
19683,U+81B2,膲,42,,60,structural
19684,U+81B3,膳,25,,60,structural
19685,U+81B4,膴,42,,60,structural
19686,U+81B5,膵,40,,60,structural
19687,U+81B6,膶,33,,60,structural
19688,U+81B7,膷,40,,60,structural
19689,U+81B8,膸,40,,60,structural
19690,U+81B9,膹,32,,60,structural
19691,U+81BA,膺,38,,60,structural
19692,U+81BB,膻,21,,60,structural
19693,U+81BC,膼,40,,60,structural
19694,U+81BD,膽,5,,60,structural
19695,U+81BE,膾,26,,60,structural
19696,U+81BF,膿,40,,60,structural
19697,U+81C0,臀,27,,60,structural
19698,U+81C1,臁,25,,60,structural
19699,U+81C2,臂,27,,60,structural
19700,U+81C3,臃,40,,60,structural
19701,U+81C4,臄,40,,60,structural
19702,U+81C5,臅,40,,60,structural
19703,U+81C6,臆,14,,60,structural
19704,U+81C7,臇,40,,60,structural
19705,U+81C8,臈,24,,60,structural
19706,U+81C9,臉,26,,60,structural
19707,U+81CA,臊,34,,60,structural
19708,U+81CB,臋,40,,60,structural
19709,U+81CC,臌,40,,60,structural
19710,U+81CD,臍,40,,60,structural
19711,U+81CE,臎,40,,60,structural
19712,U+81CF,臏,41,,60,structural
19713,U+81D0,臐,40,,60,structural
19714,U+81D1,臑,40,,60,structural
19715,U+81D2,臒,51,,60,structural
19716,U+81D3,臓,36,,60,structural
19717,U+81D4,臔,32,,60,structural
19718,U+81D5,臕,42,,60,structural
19719,U+81D6,臖,25,,60,structural
19720,U+81D7,臗,36,,60,structural
19721,U+81D8,臘,10,,60,structural
19722,U+81D9,臙,42,,60,structural
19723,U+81DA,臚,40,,60,structural
19724,U+81DB,臛,40,,60,structural
19725,U+81DC,臜,32,,60,structural
19726,U+81DD,臝,57,,60,structural
19727,U+81DE,臞,40,,60,structural
19728,U+81DF,臟,36,,60,structural
19729,U+81E0,臠,5,,60,structural
19730,U+81E1,臡,49,,60,structural
19731,U+81E2,臢,32,,60,structural
19732,U+81E3,臣,27,,60,structural
19733,U+81E4,臤,51,,60,structural
19734,U+81E5,臥,46,,60,structural
19735,U+81E6,臦,27,,60,structural
19736,U+81E7,臧,27,,60,structural
19737,U+81E8,臨,1,,60,structural
19738,U+81E9,臩,18,,60,structural
19739,U+81EA,自,27,,60,structural
19740,U+81EB,臫,27,,60,structural
19741,U+81EC,臬,34,,60,structural
19742,U+81ED,臭,27,,60,structural
19743,U+81EE,臮,46,,60,structural
19744,U+81EF,臯,27,,60,structural
19745,U+81F0,臰,27,,60,structural
19746,U+81F1,臱,27,,60,structural
19747,U+81F2,臲,34,,60,structural
19748,U+81F3,至,9,,60,structural
19749,U+81F4,致,27,,60,structural
19750,U+81F5,臵,1,,60,structural
19751,U+81F6,臶,27,,60,structural
19752,U+81F7,臷,27,,60,structural
19753,U+81F8,臸,27,,60,structural
19754,U+81F9,臹,27,,60,structural
19755,U+81FA,臺,1,,60,structural
19756,U+81FB,臻,20,,60,structural
19757,U+81FC,臼,27,,60,structural
19758,U+81FD,臽,27,,60,structural
19759,U+81FE,臾,46,,60,structural
19760,U+81FF,臿,37,,60,structural
19761,U+8200,舀,27,,60,structural
19762,U+8201,舁,27,,60,structural
19763,U+8202,舂,27,,60,structural
19764,U+8203,舃,42,,60,structural
19765,U+8204,舄,42,,60,structural
19766,U+8205,舅,11,,60,structural
19767,U+8206,舆,25,,60,structural
19768,U+8207,與,25,,60,structural
19769,U+8208,興,25,,60,structural
19770,U+8209,舉,43,,60,structural
19771,U+820A,舊,36,,60,structural
19772,U+820B,舋,21,,60,structural
19773,U+820C,舌,37,,60,structural
19774,U+820D,舍,46,,60,structural
19775,U+820E,舎,46,,60,structural
19776,U+820F,舏,27,,60,structural
19777,U+8210,舐,27,,60,structural
19778,U+8211,舑,27,,60,structural
19779,U+8212,舒,46,,60,structural
19780,U+8213,舓,24,,60,structural
19781,U+8214,舔,56,,60,structural
19782,U+8215,舕,42,,60,structural
19783,U+8216,舖,57,,60,structural
19784,U+8217,舗,57,,60,structural
19785,U+8218,舘,46,,60,structural
19786,U+8219,舙,27,,60,structural
19787,U+821A,舚,5,,60,structural
19788,U+821B,舛,4,,60,structural
19789,U+821C,舜,27,,60,structural
19790,U+821D,舝,27,,60,structural
19791,U+821E,舞,56,,60,structural
19792,U+821F,舟,27,,60,structural
19793,U+8220,舠,27,,60,structural
19794,U+8221,舡,27,,60,structural
19795,U+8222,舢,11,,60,structural
19796,U+8223,舣,10,,60,structural
19797,U+8224,舤,13,,60,structural
19798,U+8225,舥,27,,60,structural
19799,U+8226,舦,13,,60,structural
19800,U+8227,舧,27,,60,structural
19801,U+8228,舨,51,,60,structural
19802,U+8229,舩,16,,60,structural
19803,U+822A,航,27,,60,structural
19804,U+822B,舫,27,,60,structural
19805,U+822C,般,27,,60,structural
19806,U+822D,舭,27,,60,structural
19807,U+822E,舮,13,,60,structural
19808,U+822F,舯,59,,60,structural
19809,U+8230,舰,27,,60,structural
19810,U+8231,舱,46,,60,structural
19811,U+8232,舲,13,,60,structural
19812,U+8233,舳,11,,60,structural
19813,U+8234,舴,10,,60,structural
19814,U+8235,舵,27,,60,structural
19815,U+8236,舶,27,,60,structural
19816,U+8237,舷,27,,60,structural
19817,U+8238,舸,52,,60,structural
19818,U+8239,船,1,,60,structural
19819,U+823A,舺,11,,60,structural
19820,U+823B,舻,27,,60,structural
19821,U+823C,舼,28,,60,structural
19822,U+823D,舽,27,,60,structural
19823,U+823E,舾,56,,60,structural
19824,U+823F,舿,56,,60,structural
19825,U+8240,艀,27,,60,structural
19826,U+8241,艁,1,,60,structural
19827,U+8242,艂,43,,60,structural
19828,U+8243,艃,27,,60,structural
19829,U+8244,艄,27,,60,structural
19830,U+8245,艅,26,,60,structural
19831,U+8246,艆,13,,60,structural
19832,U+8247,艇,10,,60,structural
19833,U+8248,艈,27,,60,structural
19834,U+8249,艉,27,,60,structural
19835,U+824A,艊,53,,60,structural
19836,U+824B,艋,27,,60,structural
19837,U+824C,艌,13,,60,structural
19838,U+824D,艍,1,,60,structural
19839,U+824E,艎,33,,60,structural
19840,U+824F,艏,27,,60,structural
19841,U+8250,艐,16,,60,structural
19842,U+8251,艑,13,,60,structural
19843,U+8252,艒,17,,60,structural
19844,U+8253,艓,2,,60,structural
19845,U+8254,艔,38,,60,structural
19846,U+8255,艕,58,,60,structural
19847,U+8256,艖,27,,60,structural
19848,U+8257,艗,25,,60,structural
19849,U+8258,艘,51,,60,structural
19850,U+8259,艙,26,,60,structural
19851,U+825A,艚,56,,60,structural
19852,U+825B,艛,31,,60,structural
19853,U+825C,艜,53,,60,structural
19854,U+825D,艝,27,,60,structural
19855,U+825E,艞,23,,60,structural
19856,U+825F,艟,27,,60,structural
19857,U+8260,艠,27,,60,structural
19858,U+8261,艡,11,,60,structural
19859,U+8262,艢,9,,60,structural
19860,U+8263,艣,11,,60,structural
19861,U+8264,艤,27,,60,structural
19862,U+8265,艥,1,,60,structural
19863,U+8266,艦,13,,60,structural
19864,U+8267,艧,51,,60,structural
19865,U+8268,艨,36,,60,structural
19866,U+8269,艩,27,,60,structural
19867,U+826A,艪,55,,60,structural
19868,U+826B,艫,11,,60,structural
19869,U+826C,艬,13,,60,structural
19870,U+826D,艭,51,,60,structural
19871,U+826E,艮,27,,60,structural
19872,U+826F,良,13,,60,structural
19873,U+8270,艰,51,,60,structural
19874,U+8271,艱,49,,60,structural
19875,U+8272,色,27,,60,structural
19876,U+8273,艳,43,,60,structural
19877,U+8274,艴,10,,60,structural
19878,U+8275,艵,25,,60,structural
19879,U+8276,艶,27,,60,structural
19880,U+8277,艷,27,,60,structural
19881,U+8278,艸,27,,60,structural
19882,U+8279,艹,28,,60,structural
19883,U+827A,艺,36,,60,structural
19884,U+827B,艻,36,,60,structural
19885,U+827C,艼,52,,60,structural
19886,U+827D,艽,36,,60,structural
19887,U+827E,艾,36,,60,structural
19888,U+827F,艿,36,,60,structural
19889,U+8280,芀,36,,60,structural
19890,U+8281,芁,36,,60,structural
19891,U+8282,节,36,,60,structural
19892,U+8283,芃,36,,60,structural
19893,U+8284,芄,13,,60,structural
19894,U+8285,芅,36,,60,structural
19895,U+8286,芆,39,,60,structural
19896,U+8287,芇,36,,60,structural
19897,U+8288,芈,43,,60,structural
19898,U+8289,芉,36,,60,structural
19899,U+828A,芊,37,,60,structural
19900,U+828B,芋,36,,60,structural
19901,U+828C,芌,36,,60,structural
19902,U+828D,芍,36,,60,structural
19903,U+828E,芎,36,,60,structural
19904,U+828F,芏,9,,60,structural
19905,U+8290,芐,36,,60,structural
19906,U+8291,芑,36,,60,structural
19907,U+8292,芒,36,,60,structural
19908,U+8293,芓,36,,60,structural
19909,U+8294,芔,36,,60,structural
19910,U+8295,芕,4,,60,structural
19911,U+8296,芖,36,,60,structural
19912,U+8297,芗,36,,60,structural
19913,U+8298,芘,36,,60,structural
19914,U+8299,芙,49,,60,structural
19915,U+829A,芚,36,,60,structural
19916,U+829B,芛,56,,60,structural
19917,U+829C,芜,36,,60,structural
19918,U+829D,芝,36,,60,structural
19919,U+829E,芞,36,,60,structural
19920,U+829F,芟,36,,60,structural
19921,U+82A0,芠,36,,60,structural
19922,U+82A1,芡,36,,60,structural
19923,U+82A2,芢,49,,60,structural
19924,U+82A3,芣,36,,60,structural
19925,U+82A4,芤,36,,60,structural
19926,U+82A5,芥,46,,60,structural
19927,U+82A6,芦,36,,60,structural
19928,U+82A7,芧,36,,60,structural
19929,U+82A8,芨,36,,60,structural
19930,U+82A9,芩,13,,60,structural
19931,U+82AA,芪,36,,60,structural
19932,U+82AB,芫,56,,60,structural
19933,U+82AC,芬,58,,60,structural
19934,U+82AD,芭,36,,60,structural
19935,U+82AE,芮,36,,60,structural
19936,U+82AF,芯,36,,60,structural
19937,U+82B0,芰,36,,60,structural
19938,U+82B1,花,36,,60,structural
19939,U+82B2,芲,36,,60,structural
19940,U+82B3,芳,36,,60,structural
19941,U+82B4,芴,10,,60,structural
19942,U+82B5,芵,36,,60,structural
19943,U+82B6,芶,36,,60,structural
19944,U+82B7,芷,36,,60,structural
19945,U+82B8,芸,36,,60,structural
19946,U+82B9,芹,36,,60,structural
19947,U+82BA,芺,18,,60,structural
19948,U+82BB,芻,27,,60,structural
19949,U+82BC,芼,36,,60,structural
19950,U+82BD,芽,36,,60,structural
19951,U+82BE,芾,53,,60,structural
19952,U+82BF,芿,46,,60,structural
19953,U+82C0,苀,36,,60,structural
19954,U+82C1,苁,36,,60,structural
19955,U+82C2,苂,42,,60,structural
19956,U+82C3,苃,36,,60,structural
19957,U+82C4,苄,36,,60,structural
19958,U+82C5,苅,10,,60,structural
19959,U+82C6,苆,36,,60,structural
19960,U+82C7,苇,36,,60,structural
19961,U+82C8,苈,36,,60,structural
19962,U+82C9,苉,36,,60,structural
19963,U+82CA,苊,36,,60,structural
19964,U+82CB,苋,36,,60,structural
19965,U+82CC,苌,36,,60,structural
19966,U+82CD,苍,36,,60,structural
19967,U+82CE,苎,41,,60,structural
19968,U+82CF,苏,36,,60,structural
19969,U+82D0,苐,36,,60,structural
19970,U+82D1,苑,44,,60,structural
19971,U+82D2,苒,36,,60,structural
19972,U+82D3,苓,13,,60,structural
19973,U+82D4,苔,36,,60,structural
19974,U+82D5,苕,36,,60,structural
19975,U+82D6,苖,36,,60,structural
19976,U+82D7,苗,36,,60,structural
19977,U+82D8,苘,36,,60,structural
19978,U+82D9,苙,36,,60,structural
19979,U+82DA,苚,36,,60,structural
19980,U+82DB,苛,52,,60,structural
19981,U+82DC,苜,36,,60,structural
19982,U+82DD,苝,36,,60,structural
19983,U+82DE,苞,36,,60,structural
19984,U+82DF,苟,36,,60,structural
19985,U+82E0,苠,36,,60,structural
19986,U+82E1,苡,36,,60,structural
19987,U+82E2,苢,36,,60,structural
19988,U+82E3,苣,36,,60,structural
19989,U+82E4,苤,36,,60,structural
19990,U+82E5,若,36,,60,structural
19991,U+82E6,苦,36,,60,structural
19992,U+82E7,苧,41,,60,structural
19993,U+82E8,苨,36,,60,structural
19994,U+82E9,苩,36,,60,structural
19995,U+82EA,苪,26,,60,structural
19996,U+82EB,苫,36,,60,structural
19997,U+82EC,苬,36,,60,structural
19998,U+82ED,苭,36,,60,structural
19999,U+82EE,苮,36,,60,structural
20000,U+82EF,苯,34,,60,structural
20001,U+82F0,苰,36,,60,structural
20002,U+82F1,英,36,,60,structural
20003,U+82F2,苲,36,,60,structural
20004,U+82F3,苳,36,,60,structural
20005,U+82F4,苴,36,,60,structural
20006,U+82F5,苵,49,,60,structural
20007,U+82F6,苶,36,,60,structural
20008,U+82F7,苷,36,,60,structural
20009,U+82F8,苸,36,,60,structural
20010,U+82F9,苹,36,,60,structural
20011,U+82FA,苺,36,,60,structural
20012,U+82FB,苻,36,,60,structural
20013,U+82FC,苼,36,,60,structural
20014,U+82FD,苽,36,,60,structural
20015,U+82FE,苾,10,,60,structural
20016,U+82FF,苿,34,,60,structural
20017,U+8300,茀,10,,60,structural
20018,U+8301,茁,36,,60,structural
20019,U+8302,茂,36,,60,structural
20020,U+8303,范,12,,60,structural
20021,U+8304,茄,36,,60,structural
20022,U+8305,茅,36,,60,structural
20023,U+8306,茆,36,,60,structural
20024,U+8307,茇,39,,60,structural
20025,U+8308,茈,36,,60,structural
20026,U+8309,茉,34,,60,structural
20027,U+830A,茊,36,,60,structural
20028,U+830B,茋,36,,60,structural
20029,U+830C,茌,36,,60,structural
20030,U+830D,茍,1,,60,structural
20031,U+830E,茎,36,,60,structural
20032,U+830F,茏,36,,60,structural
20033,U+8310,茐,10,,60,structural
20034,U+8311,茑,36,,60,structural
20035,U+8312,茒,4,,60,structural
20036,U+8313,茓,36,,60,structural
20037,U+8314,茔,9,,60,structural
20038,U+8315,茕,27,,60,structural
20039,U+8316,茖,36,,60,structural
20040,U+8317,茗,4,,60,structural
20041,U+8318,茘,36,,60,structural
20042,U+8319,茙,36,,60,structural
20043,U+831A,茚,36,,60,structural
20044,U+831B,茛,36,,60,structural
20045,U+831C,茜,36,,60,structural
20046,U+831D,茝,36,,60,structural
20047,U+831E,茞,36,,60,structural
20048,U+831F,茟,36,,60,structural
20049,U+8320,茠,34,,60,structural
20050,U+8321,茡,36,,60,structural
20051,U+8322,茢,36,,60,structural
20052,U+8323,茣,21,,60,structural
20053,U+8324,茤,4,,60,structural
20054,U+8325,茥,9,,60,structural
20055,U+8326,茦,34,,60,structural
20056,U+8327,茧,30,,60,structural
20057,U+8328,茨,6,,60,structural
20058,U+8329,茩,36,,60,structural
20059,U+832A,茪,56,,60,structural
20060,U+832B,茫,12,,60,structural
20061,U+832C,茬,9,,60,structural
20062,U+832D,茭,36,,60,structural
20063,U+832E,茮,36,,60,structural
20064,U+832F,茯,36,,60,structural
20065,U+8330,茰,24,,60,structural
20066,U+8331,茱,34,,60,structural
20067,U+8332,茲,36,,60,structural
20068,U+8333,茳,12,,60,structural
20069,U+8334,茴,36,,60,structural
20070,U+8335,茵,36,,60,structural
20071,U+8336,茶,34,,60,structural
20072,U+8337,茷,36,,60,structural
20073,U+8338,茸,36,,60,structural
20074,U+8339,茹,31,,60,structural
20075,U+833A,茺,36,,60,structural
20076,U+833B,茻,36,,60,structural
20077,U+833C,茼,36,,60,structural
20078,U+833D,茽,59,,60,structural
20079,U+833E,茾,36,,60,structural
20080,U+833F,茿,36,,60,structural
20081,U+8340,荀,24,,60,structural
20082,U+8341,荁,56,,60,structural
20083,U+8342,荂,36,,60,structural
20084,U+8343,荃,33,,60,structural
20085,U+8344,荄,36,,60,structural
20086,U+8345,荅,26,,60,structural
20087,U+8346,荆,36,,60,structural
20088,U+8347,荇,36,,60,structural
20089,U+8348,荈,36,,60,structural
20090,U+8349,草,24,,60,structural
20091,U+834A,荊,36,,60,structural
20092,U+834B,荋,36,,60,structural
20093,U+834C,荌,31,,60,structural
20094,U+834D,荍,36,,60,structural
20095,U+834E,荎,36,,60,structural
20096,U+834F,荏,46,,60,structural
20097,U+8350,荐,36,,60,structural
20098,U+8351,荑,36,,60,structural
20099,U+8352,荒,36,,60,structural
20100,U+8353,荓,25,,60,structural
20101,U+8354,荔,36,,60,structural
20102,U+8355,荕,36,,60,structural
20103,U+8356,荖,36,,60,structural
20104,U+8357,荗,36,,60,structural
20105,U+8358,荘,36,,60,structural
20106,U+8359,荙,36,,60,structural
20107,U+835A,荚,49,,60,structural
20108,U+835B,荛,56,,60,structural
20109,U+835C,荜,36,,60,structural
20110,U+835D,荝,32,,60,structural
20111,U+835E,荞,18,,60,structural
20112,U+835F,荟,49,,60,structural
20113,U+8360,荠,36,,60,structural
20114,U+8361,荡,12,,60,structural
20115,U+8362,荢,36,,60,structural
20116,U+8363,荣,36,,60,structural
20117,U+8364,荤,36,,60,structural
20118,U+8365,荥,36,,60,structural
20119,U+8366,荦,27,,60,structural
20120,U+8367,荧,42,,60,structural
20121,U+8368,荨,36,,60,structural
20122,U+8369,荩,36,,60,structural
20123,U+836A,荪,36,,60,structural
20124,U+836B,荫,36,,60,structural
20125,U+836C,荬,36,,60,structural
20126,U+836D,荭,15,,60,structural
20127,U+836E,荮,15,,60,structural
20128,U+836F,药,15,,60,structural
20129,U+8370,荰,34,,60,structural
20130,U+8371,荱,36,,60,structural
20131,U+8372,荲,36,,60,structural
20132,U+8373,荳,36,,60,structural
20133,U+8374,荴,49,,60,structural
20134,U+8375,荵,10,,60,structural
20135,U+8376,荶,13,,60,structural
20136,U+8377,荷,52,,60,structural
20137,U+8378,荸,36,,60,structural
20138,U+8379,荹,36,,60,structural
20139,U+837A,荺,9,,60,structural
20140,U+837B,荻,42,,60,structural
20141,U+837C,荼,26,,60,structural
20142,U+837D,荽,31,,60,structural
20143,U+837E,荾,16,,60,structural
20144,U+837F,荿,36,,60,structural
20145,U+8380,莀,36,,60,structural
20146,U+8381,莁,36,,60,structural
20147,U+8382,莂,36,,60,structural
20148,U+8383,莃,36,,60,structural
20149,U+8384,莄,56,,60,structural
20150,U+8385,莅,36,,60,structural
20151,U+8386,莆,57,,60,structural
20152,U+8387,莇,36,,60,structural
20153,U+8388,莈,12,,60,structural
20154,U+8389,莉,36,,60,structural
20155,U+838A,莊,36,,60,structural
20156,U+838B,莋,46,,60,structural
20157,U+838C,莌,47,,60,structural
20158,U+838D,莍,25,,60,structural
20159,U+838E,莎,10,,60,structural
20160,U+838F,莏,10,,60,structural
20161,U+8390,莐,12,,60,structural
20162,U+8391,莑,43,,60,structural
20163,U+8392,莒,36,,60,structural
20164,U+8393,莓,36,,60,structural
20165,U+8394,莔,36,,60,structural
20166,U+8395,莕,34,,60,structural
20167,U+8396,莖,36,,60,structural
20168,U+8397,莗,36,,60,structural
20169,U+8398,莘,36,,60,structural
20170,U+8399,莙,21,,60,structural
20171,U+839A,莚,10,,60,structural
20172,U+839B,莛,10,,60,structural
20173,U+839C,莜,46,,60,structural
20174,U+839D,莝,9,,60,structural
20175,U+839E,莞,41,,60,structural
20176,U+839F,莟,13,,60,structural
20177,U+83A0,莠,36,,60,structural
20178,U+83A1,莡,36,,60,structural
20179,U+83A2,莢,36,,60,structural
20180,U+83A3,莣,36,,60,structural
20181,U+83A4,莤,36,,60,structural
20182,U+83A5,莥,36,,60,structural
20183,U+83A6,莦,36,,60,structural
20184,U+83A7,莧,36,,60,structural
20185,U+83A8,莨,36,,60,structural
20186,U+83A9,莩,36,,60,structural
20187,U+83AA,莪,36,,60,structural
20188,U+83AB,莫,24,,60,structural
20189,U+83AC,莬,36,,60,structural
20190,U+83AD,莭,36,,60,structural
20191,U+83AE,莮,36,,60,structural
20192,U+83AF,莯,34,,60,structural
20193,U+83B0,莰,9,,60,structural
20194,U+83B1,莱,34,,60,structural
20195,U+83B2,莲,36,,60,structural
20196,U+83B3,莳,24,,60,structural
20197,U+83B4,莴,36,,60,structural
20198,U+83B5,莵,36,,60,structural
20199,U+83B6,莶,26,,60,structural
20200,U+83B7,获,36,,60,structural
20201,U+83B8,莸,36,,60,structural
20202,U+83B9,莹,33,,60,structural
20203,U+83BA,莺,22,,60,structural
20204,U+83BB,莻,36,,60,structural
20205,U+83BC,莼,15,,60,structural
20206,U+83BD,莽,27,,60,structural
20207,U+83BE,莾,36,,60,structural
20208,U+83BF,莿,34,,60,structural
20209,U+83C0,菀,44,,60,structural
20210,U+83C1,菁,9,,60,structural
20211,U+83C2,菂,36,,60,structural
20212,U+83C3,菃,12,,60,structural
20213,U+83C4,菄,34,,60,structural
20214,U+83C5,菅,36,,60,structural
20215,U+83C6,菆,0,,60,structural
20216,U+83C7,菇,31,,60,structural
20217,U+83C8,菈,3,,60,structural
20218,U+83C9,菉,58,,60,structural
20219,U+83CA,菊,36,,60,structural
20220,U+83CB,菋,34,,60,structural
20221,U+83CC,菌,36,,60,structural
20222,U+83CD,菍,13,,60,structural
20223,U+83CE,菎,24,,60,structural
20224,U+83CF,菏,52,,60,structural
20225,U+83D0,菐,49,,60,structural
20226,U+83D1,菑,36,,60,structural
20227,U+83D2,菒,24,,60,structural
20228,U+83D3,菓,24,,60,structural
20229,U+83D4,菔,36,,60,structural
20230,U+83D5,菕,26,,60,structural
20231,U+83D6,菖,24,,60,structural
20232,U+83D7,菗,3,,60,structural
20233,U+83D8,菘,16,,60,structural
20234,U+83D9,菙,56,,60,structural
20235,U+83DA,菚,36,,60,structural
20236,U+83DB,菛,36,,60,structural
20237,U+83DC,菜,34,,60,structural
20238,U+83DD,菝,39,,60,structural
20239,U+83DE,菞,36,,60,structural
20240,U+83DF,菟,36,,60,structural
20241,U+83E0,菠,12,,60,structural
20242,U+83E1,菡,58,,60,structural
20243,U+83E2,菢,3,,60,structural
20244,U+83E3,菣,36,,60,structural
20245,U+83E4,菤,49,,60,structural
20246,U+83E5,菥,34,,60,structural
20247,U+83E6,菦,36,,60,structural
20248,U+83E7,菧,38,,60,structural
20249,U+83E8,菨,31,,60,structural
20250,U+83E9,菩,36,,60,structural
20251,U+83EA,菪,36,,60,structural
20252,U+83EB,菫,21,,60,structural
20253,U+83EC,菬,36,,60,structural
20254,U+83ED,菭,12,,60,structural
20255,U+83EE,菮,26,,60,structural
20256,U+83EF,華,36,,60,structural
20257,U+83F0,菰,36,,60,structural
20258,U+83F1,菱,16,,60,structural
20259,U+83F2,菲,36,,60,structural
20260,U+83F3,菳,29,,60,structural
20261,U+83F4,菴,24,,60,structural
20262,U+83F5,菵,36,,60,structural
20263,U+83F6,菶,43,,60,structural
20264,U+83F7,菷,53,,60,structural
20265,U+83F8,菸,36,,60,structural
20266,U+83F9,菹,12,,60,structural
20267,U+83FA,菺,57,,60,structural
20268,U+83FB,菻,34,,60,structural
20269,U+83FC,菼,42,,60,structural
20270,U+83FD,菽,36,,60,structural
20271,U+83FE,菾,36,,60,structural
20272,U+83FF,菿,36,,60,structural
20273,U+8400,萀,36,,60,structural
20274,U+8401,萁,25,,60,structural
20275,U+8402,萂,36,,60,structural
20276,U+8403,萃,36,,60,structural
20277,U+8404,萄,36,,60,structural
20278,U+8405,萅,24,,60,structural
20279,U+8406,萆,37,,60,structural
20280,U+8407,萇,36,,60,structural
20281,U+8408,萈,36,,60,structural
20282,U+8409,萉,40,,60,structural
20283,U+840A,萊,34,,60,structural
20284,U+840B,萋,31,,60,structural
20285,U+840C,萌,24,,60,structural
20286,U+840D,萍,12,,60,structural
20287,U+840E,萎,31,,60,structural
20288,U+840F,萏,36,,60,structural
20289,U+8410,萐,36,,60,structural
20290,U+8411,萑,36,,60,structural
20291,U+8412,萒,16,,60,structural
20292,U+8413,萓,41,,60,structural
20293,U+8414,萔,36,,60,structural
20294,U+8415,萕,43,,60,structural
20295,U+8416,萖,36,,60,structural
20296,U+8417,萗,36,,60,structural
20297,U+8418,萘,36,,60,structural
20298,U+8419,萙,34,,60,structural
20299,U+841A,萚,3,,60,structural
20300,U+841B,萛,36,,60,structural
20301,U+841C,萜,36,,60,structural
20302,U+841D,萝,4,,60,structural
20303,U+841E,萞,36,,60,structural
20304,U+841F,萟,13,,60,structural
20305,U+8420,萠,40,,60,structural
20306,U+8421,萡,12,,60,structural
20307,U+8422,萢,12,,60,structural
20308,U+8423,萣,36,,60,structural
20309,U+8424,萤,30,,60,structural
20310,U+8425,营,1,,60,structural
20311,U+8426,萦,15,,60,structural
20312,U+8427,萧,36,,60,structural
20313,U+8428,萨,58,,60,structural
20314,U+8429,萩,42,,60,structural
20315,U+842A,萪,36,,60,structural
20316,U+842B,萫,36,,60,structural
20317,U+842C,萬,36,,60,structural
20318,U+842D,萭,36,,60,structural
20319,U+842E,萮,26,,60,structural
20320,U+842F,萯,32,,60,structural
20321,U+8430,萰,34,,60,structural
20322,U+8431,萱,41,,60,structural
20323,U+8432,萲,36,,60,structural
20324,U+8433,萳,36,,60,structural
20325,U+8434,萴,32,,60,structural
20326,U+8435,萵,36,,60,structural
20327,U+8436,萶,24,,60,structural
20328,U+8437,萷,36,,60,structural
20329,U+8438,萸,36,,60,structural
20330,U+8439,萹,36,,60,structural
20331,U+843A,萺,36,,60,structural
20332,U+843B,萻,36,,60,structural
20333,U+843C,萼,21,,60,structural
20334,U+843D,落,36,,60,structural
20335,U+843E,萾,36,,60,structural
20336,U+843F,萿,12,,60,structural
20337,U+8440,葀,3,,60,structural
20338,U+8441,葁,31,,60,structural
20339,U+8442,葂,36,,60,structural
20340,U+8443,葃,24,,60,structural
20341,U+8444,葄,36,,60,structural
20342,U+8445,葅,26,,60,structural
20343,U+8446,葆,34,,60,structural
20344,U+8447,葇,34,,60,structural
20345,U+8448,葈,36,,60,structural
20346,U+8449,葉,2,,60,structural
20347,U+844A,葊,26,,60,structural
20348,U+844B,葋,36,,60,structural
20349,U+844C,葌,31,,60,structural
20350,U+844D,葍,36,,60,structural
20351,U+844E,葎,36,,60,structural
20352,U+844F,葏,12,,60,structural
20353,U+8450,葐,58,,60,structural
20354,U+8451,葑,9,,60,structural
20355,U+8452,葒,15,,60,structural
20356,U+8453,葓,28,,60,structural
20357,U+8454,葔,36,,60,structural
20358,U+8455,葕,52,,60,structural
20359,U+8456,葖,36,,60,structural
20360,U+8457,著,24,,60,structural
20361,U+8458,葘,36,,60,structural
20362,U+8459,葙,34,,60,structural
20363,U+845A,葚,36,,60,structural
20364,U+845B,葛,24,,60,structural
20365,U+845C,葜,43,,60,structural
20366,U+845D,葝,36,,60,structural
20367,U+845E,葞,36,,60,structural
20368,U+845F,葟,33,,60,structural
20369,U+8460,葠,36,,60,structural
20370,U+8461,葡,57,,60,structural
20371,U+8462,葢,36,,60,structural
20372,U+8463,董,36,,60,structural
20373,U+8464,葤,15,,60,structural
20374,U+8465,葥,25,,60,structural
20375,U+8466,葦,36,,60,structural
20376,U+8467,葧,36,,60,structural
20377,U+8468,葨,56,,60,structural
20378,U+8469,葩,36,,60,structural
20379,U+846A,葪,36,,60,structural
20380,U+846B,葫,57,,60,structural
20381,U+846C,葬,36,,60,structural
20382,U+846D,葭,36,,60,structural
20383,U+846E,葮,36,,60,structural
20384,U+846F,葯,15,,60,structural
20385,U+8470,葰,16,,60,structural
20386,U+8471,葱,10,,60,structural
20387,U+8472,葲,12,,60,structural
20388,U+8473,葳,31,,60,structural
20389,U+8474,葴,21,,60,structural
20390,U+8475,葵,36,,60,structural
20391,U+8476,葶,52,,60,structural
20392,U+8477,葷,36,,60,structural
20393,U+8478,葸,36,,60,structural
20394,U+8479,葹,36,,60,structural
20395,U+847A,葺,36,,60,structural
20396,U+847B,葻,36,,60,structural
20397,U+847C,葼,16,,60,structural
20398,U+847D,葽,59,,60,structural
20399,U+847E,葾,44,,60,structural
20400,U+847F,葿,36,,60,structural
20401,U+8480,蒀,24,,60,structural
20402,U+8481,蒁,34,,60,structural
20403,U+8482,蒂,53,,60,structural
20404,U+8483,蒃,36,,60,structural
20405,U+8484,蒄,56,,60,structural
20406,U+8485,蒅,34,,60,structural
20407,U+8486,蒆,31,,60,structural
20408,U+8487,蒇,32,,60,structural
20409,U+8488,蒈,36,,60,structural
20410,U+8489,蒉,32,,60,structural
20411,U+848A,蒊,36,,60,structural
20412,U+848B,蒋,36,,60,structural
20413,U+848C,蒌,31,,60,structural
20414,U+848D,蒍,42,,60,structural
20415,U+848E,蒎,12,,60,structural
20416,U+848F,蒏,27,,60,structural
20417,U+8490,蒐,36,,60,structural
20418,U+8491,蒑,36,,60,structural
20419,U+8492,蒒,53,,60,structural
20420,U+8493,蒓,15,,60,structural
20421,U+8494,蒔,9,,60,structural
20422,U+8495,蒕,36,,60,structural
20423,U+8496,蒖,25,,60,structural
20424,U+8497,蒗,12,,60,structural
20425,U+8498,蒘,31,,60,structural
20426,U+8499,蒙,36,,60,structural
20427,U+849A,蒚,36,,60,structural
20428,U+849B,蒛,36,,60,structural
20429,U+849C,蒜,36,,60,structural
20430,U+849D,蒝,36,,60,structural
20431,U+849E,蒞,12,,60,structural
20432,U+849F,蒟,36,,60,structural
20433,U+84A0,蒠,36,,60,structural
20434,U+84A1,蒡,58,,60,structural
20435,U+84A2,蒢,26,,60,structural
20436,U+84A3,蒣,26,,60,structural
20437,U+84A4,蒤,26,,60,structural
20438,U+84A5,蒥,36,,60,structural
20439,U+84A6,蒦,51,,60,structural
20440,U+84A7,蒧,36,,60,structural
20441,U+84A8,蒨,9,,60,structural
20442,U+84A9,蒩,36,,60,structural
20443,U+84AA,蒪,57,,60,structural
20444,U+84AB,蒫,36,,60,structural
20445,U+84AC,蒬,36,,60,structural
20446,U+84AD,蒭,36,,60,structural
20447,U+84AE,蒮,36,,60,structural
20448,U+84AF,蒯,40,,60,structural
20449,U+84B0,蒰,36,,60,structural
20450,U+84B1,蒱,57,,60,structural
20451,U+84B2,蒲,57,,60,structural
20452,U+84B3,蒳,15,,60,structural
20453,U+84B4,蒴,25,,60,structural
20454,U+84B5,蒵,36,,60,structural
20455,U+84B6,蒶,58,,60,structural
20456,U+84B7,蒷,54,,60,structural
20457,U+84B8,蒸,42,,60,structural
20458,U+84B9,蒹,25,,60,structural
20459,U+84BA,蒺,36,,60,structural
20460,U+84BB,蒻,36,,60,structural
20461,U+84BC,蒼,26,,60,structural
20462,U+84BD,蒽,36,,60,structural
20463,U+84BE,蒾,36,,60,structural
20464,U+84BF,蒿,36,,60,structural
20465,U+84C0,蓀,15,,60,structural
20466,U+84C1,蓁,36,,60,structural
20467,U+84C2,蓂,58,,60,structural
20468,U+84C3,蓃,51,,60,structural
20469,U+84C4,蓄,36,,60,structural
20470,U+84C5,蓅,12,,60,structural
20471,U+84C6,蓆,38,,60,structural
20472,U+84C7,蓇,36,,60,structural
20473,U+84C8,蓈,36,,60,structural
20474,U+84C9,蓉,36,,60,structural
20475,U+84CA,蓊,16,,60,structural
20476,U+84CB,蓋,9,,60,structural
20477,U+84CC,蓌,9,,60,structural
20478,U+84CD,蓍,24,,60,structural
20479,U+84CE,蓎,59,,60,structural
20480,U+84CF,蓏,36,,60,structural
20481,U+84D0,蓐,36,,60,structural
20482,U+84D1,蓑,21,,60,structural
20483,U+84D2,蓒,36,,60,structural
20484,U+84D3,蓓,36,,60,structural
20485,U+84D4,蓔,42,,60,structural
20486,U+84D5,蓕,34,,60,structural
20487,U+84D6,蓖,36,,60,structural
20488,U+84D7,蓗,36,,60,structural
20489,U+84D8,蓘,16,,60,structural
20490,U+84D9,蓙,38,,60,structural
20491,U+84DA,蓚,46,,60,structural
20492,U+84DB,蓛,34,,60,structural
20493,U+84DC,蓜,36,,60,structural
20494,U+84DD,蓝,36,,60,structural
20495,U+84DE,蓞,36,,60,structural
20496,U+84DF,蓟,36,,60,structural
20497,U+84E0,蓠,10,,60,structural
20498,U+84E1,蓡,12,,60,structural
20499,U+84E2,蓢,57,,60,structural
20500,U+84E3,蓣,19,,60,structural
20501,U+84E4,蓤,16,,60,structural
20502,U+84E5,蓥,29,,60,structural
20503,U+84E6,蓦,24,,60,structural
20504,U+84E7,蓧,34,,60,structural
20505,U+84E8,蓨,46,,60,structural
20506,U+84E9,蓩,36,,60,structural
20507,U+84EA,蓪,36,,60,structural
20508,U+84EB,蓫,36,,60,structural
20509,U+84EC,蓬,43,,60,structural
20510,U+84ED,蓭,24,,60,structural
20511,U+84EE,蓮,36,,60,structural
20512,U+84EF,蓯,36,,60,structural
20513,U+84F0,蓰,36,,60,structural
20514,U+84F1,蓱,25,,60,structural
20515,U+84F2,蓲,36,,60,structural
20516,U+84F3,蓳,36,,60,structural
20517,U+84F4,蓴,36,,60,structural
20518,U+84F5,蓵,3,,60,structural
20519,U+84F6,蓶,36,,60,structural
20520,U+84F7,蓷,3,,60,structural
20521,U+84F8,蓸,56,,60,structural
20522,U+84F9,蓹,36,,60,structural
20523,U+84FA,蓺,13,,60,structural
20524,U+84FB,蓻,13,,60,structural
20525,U+84FC,蓼,46,,60,structural
20526,U+84FD,蓽,36,,60,structural
20527,U+84FE,蓾,36,,60,structural
20528,U+84FF,蓿,41,,60,structural
20529,U+8500,蔀,36,,60,structural
20530,U+8501,蔁,24,,60,structural
20531,U+8502,蔂,15,,60,structural
20532,U+8503,蔃,36,,60,structural
20533,U+8504,蔄,36,,60,structural
20534,U+8505,蔅,36,,60,structural
20535,U+8506,蔆,16,,60,structural
20536,U+8507,蔇,36,,60,structural
20537,U+8508,蔈,59,,60,structural
20538,U+8509,蔉,47,,60,structural
20539,U+850A,蔊,24,,60,structural
20540,U+850B,蔋,12,,60,structural
20541,U+850C,蔌,34,,60,structural
20542,U+850D,蔍,36,,60,structural
20543,U+850E,蔎,5,,60,structural
20544,U+850F,蔏,47,,60,structural
20545,U+8510,蔐,47,,60,structural
20546,U+8511,蔑,13,,60,structural
20547,U+8512,蔒,21,,60,structural
20548,U+8513,蔓,24,,60,structural
20549,U+8514,蔔,36,,60,structural
20550,U+8515,蔕,53,,60,structural
20551,U+8516,蔖,36,,60,structural
20552,U+8517,蔗,38,,60,structural
20553,U+8518,蔘,36,,60,structural
20554,U+8519,蔙,36,,60,structural
20555,U+851A,蔚,36,,60,structural
20556,U+851B,蔛,36,,60,structural
20557,U+851C,蔜,36,,60,structural
20558,U+851D,蔝,36,,60,structural
20559,U+851E,蔞,31,,60,structural
20560,U+851F,蔟,36,,60,structural
20561,U+8520,蔠,15,,60,structural
20562,U+8521,蔡,36,,60,structural
20563,U+8522,蔢,12,,60,structural
20564,U+8523,蔣,36,,60,structural
20565,U+8524,蔤,10,,60,structural
20566,U+8525,蔥,10,,60,structural
20567,U+8526,蔦,36,,60,structural
20568,U+8527,蔧,43,,60,structural
20569,U+8528,蔨,49,,60,structural
20570,U+8529,蔩,25,,60,structural
20571,U+852A,蔪,36,,60,structural
20572,U+852B,蔫,42,,60,structural
20573,U+852C,蔬,36,,60,structural
20574,U+852D,蔭,49,,60,structural
20575,U+852E,蔮,21,,60,structural
20576,U+852F,蔯,34,,60,structural
20577,U+8530,蔰,36,,60,structural
20578,U+8531,蔱,34,,60,structural
20579,U+8532,蔲,36,,60,structural
20580,U+8533,蔳,9,,60,structural
20581,U+8534,蔴,36,,60,structural
20582,U+8535,蔵,36,,60,structural
20583,U+8536,蔶,32,,60,structural
20584,U+8537,蔷,47,,60,structural
20585,U+8538,蔸,36,,60,structural
20586,U+8539,蔹,26,,60,structural
20587,U+853A,蔺,36,,60,structural
20588,U+853B,蔻,41,,60,structural
20589,U+853C,蔼,24,,60,structural
20590,U+853D,蔽,53,,60,structural
20591,U+853E,蔾,34,,60,structural
20592,U+853F,蔿,36,,60,structural
20593,U+8540,蕀,34,,60,structural
20594,U+8541,蕁,36,,60,structural
20595,U+8542,蕂,49,,60,structural
20596,U+8543,蕃,36,,60,structural
20597,U+8544,蕄,36,,60,structural
20598,U+8545,蕅,12,,60,structural
20599,U+8546,蕆,32,,60,structural
20600,U+8547,蕇,21,,60,structural
20601,U+8548,蕈,28,,60,structural
20602,U+8549,蕉,42,,60,structural
20603,U+854A,蕊,36,,60,structural
20604,U+854B,蕋,36,,60,structural
20605,U+854C,蕌,24,,60,structural
20606,U+854D,蕍,26,,60,structural
20607,U+854E,蕎,18,,60,structural
20608,U+854F,蕏,24,,60,structural
20609,U+8550,蕐,43,,60,structural
20610,U+8551,蕑,36,,60,structural
20611,U+8552,蕒,32,,60,structural
20612,U+8553,蕓,36,,60,structural
20613,U+8554,蕔,9,,60,structural
20614,U+8555,蕕,58,,60,structural
20615,U+8556,蕖,34,,60,structural
20616,U+8557,蕗,36,,60,structural
20617,U+8558,蕘,56,,60,structural
20618,U+8559,蕙,36,,60,structural
20619,U+855A,蕚,21,,60,structural
20620,U+855B,蕛,36,,60,structural
20621,U+855C,蕜,36,,60,structural
20622,U+855D,蕝,15,,60,structural
20623,U+855E,蕞,0,,60,structural
20624,U+855F,蕟,36,,60,structural
20625,U+8560,蕠,31,,60,structural
20626,U+8561,蕡,32,,60,structural
20627,U+8562,蕢,32,,60,structural
20628,U+8563,蕣,36,,60,structural
20629,U+8564,蕤,36,,60,structural
20630,U+8565,蕥,36,,60,structural
20631,U+8566,蕦,19,,60,structural
20632,U+8567,蕧,24,,60,structural
20633,U+8568,蕨,25,,60,structural
20634,U+8569,蕩,8,,60,structural
20635,U+856A,蕪,42,,60,structural
20636,U+856B,蕫,36,,60,structural
20637,U+856C,蕬,15,,60,structural
20638,U+856D,蕭,36,,60,structural
20639,U+856E,蕮,42,,60,structural
20640,U+856F,蕯,36,,60,structural
20641,U+8570,蕰,8,,60,structural
20642,U+8571,蕱,36,,60,structural
20643,U+8572,蕲,25,,60,structural
20644,U+8573,蕳,24,,60,structural
20645,U+8574,蕴,24,,60,structural
20646,U+8575,蕵,4,,60,structural
20647,U+8576,蕶,13,,60,structural
20648,U+8577,蕷,19,,60,structural
20649,U+8578,蕸,36,,60,structural
20650,U+8579,蕹,36,,60,structural
20651,U+857A,蕺,36,,60,structural
20652,U+857B,蕻,28,,60,structural
20653,U+857C,蕼,36,,60,structural
20654,U+857D,蕽,36,,60,structural
20655,U+857E,蕾,36,,60,structural
20656,U+857F,蕿,42,,60,structural
20657,U+8580,薀,12,,60,structural
20658,U+8581,薁,18,,60,structural
20659,U+8582,薂,36,,60,structural
20660,U+8583,薃,12,,60,structural
20661,U+8584,薄,57,,60,structural
20662,U+8585,薅,31,,60,structural
20663,U+8586,薆,36,,60,structural
20664,U+8587,薇,36,,60,structural
20665,U+8588,薈,26,,60,structural
20666,U+8589,薉,36,,60,structural
20667,U+858A,薊,55,,60,structural
20668,U+858B,薋,6,,60,structural
20669,U+858C,薌,36,,60,structural
20670,U+858D,薍,36,,60,structural
20671,U+858E,薎,46,,60,structural
20672,U+858F,薏,14,,60,structural
20673,U+8590,薐,16,,60,structural
20674,U+8591,薑,36,,60,structural
20675,U+8592,薒,36,,60,structural
20676,U+8593,薓,36,,60,structural
20677,U+8594,薔,36,,60,structural
20678,U+8595,薕,25,,60,structural
20679,U+8596,薖,36,,60,structural
20680,U+8597,薗,36,,60,structural
20681,U+8598,薘,36,,60,structural
20682,U+8599,薙,36,,60,structural
20683,U+859A,薚,56,,60,structural
20684,U+859B,薛,36,,60,structural
20685,U+859C,薜,36,,60,structural
20686,U+859D,薝,5,,60,structural
20687,U+859E,薞,36,,60,structural
20688,U+859F,薟,26,,60,structural
20689,U+85A0,薠,19,,60,structural
20690,U+85A1,薡,36,,60,structural
20691,U+85A2,薢,36,,60,structural
20692,U+85A3,薣,36,,60,structural
20693,U+85A4,薤,36,,60,structural
20694,U+85A5,薥,36,,60,structural
20695,U+85A6,薦,38,,60,structural
20696,U+85A7,薧,36,,60,structural
20697,U+85A8,薨,27,,60,structural
20698,U+85A9,薩,58,,60,structural
20699,U+85AA,薪,34,,60,structural
20700,U+85AB,薫,36,,60,structural
20701,U+85AC,薬,34,,60,structural
20702,U+85AD,薭,37,,60,structural
20703,U+85AE,薮,31,,60,structural
20704,U+85AF,薯,24,,60,structural
20705,U+85B0,薰,42,,60,structural
20706,U+85B1,薱,36,,60,structural
20707,U+85B2,薲,41,,60,structural
20708,U+85B3,薳,36,,60,structural
20709,U+85B4,薴,41,,60,structural
20710,U+85B5,薵,45,,60,structural
20711,U+85B6,薶,36,,60,structural
20712,U+85B7,薷,36,,60,structural
20713,U+85B8,薸,59,,60,structural
20714,U+85B9,薹,36,,60,structural
20715,U+85BA,薺,36,,60,structural
20716,U+85BB,薻,8,,60,structural
20717,U+85BC,薼,9,,60,structural
20718,U+85BD,薽,59,,60,structural
20719,U+85BE,薾,53,,60,structural
20720,U+85BF,薿,36,,60,structural
20721,U+85C0,藀,42,,60,structural
20722,U+85C1,藁,34,,60,structural
20723,U+85C2,藂,0,,60,structural
20724,U+85C3,藃,36,,60,structural
20725,U+85C4,藄,25,,60,structural
20726,U+85C5,藅,5,,60,structural
20727,U+85C6,藆,3,,60,structural
20728,U+85C7,藇,25,,60,structural
20729,U+85C8,藈,36,,60,structural
20730,U+85C9,藉,28,,60,structural
20731,U+85CA,藊,36,,60,structural
20732,U+85CB,藋,36,,60,structural
20733,U+85CC,藌,10,,60,structural
20734,U+85CD,藍,36,,60,structural
20735,U+85CE,藎,36,,60,structural
20736,U+85CF,藏,36,,60,structural
20737,U+85D0,藐,36,,60,structural
20738,U+85D1,藑,36,,60,structural
20739,U+85D2,藒,24,,60,structural
20740,U+85D3,藓,55,,60,structural
20741,U+85D4,藔,24,,60,structural
20742,U+85D5,藕,36,,60,structural
20743,U+85D6,藖,32,,60,structural
20744,U+85D7,藗,34,,60,structural
20745,U+85D8,藘,36,,60,structural
20746,U+85D9,藙,36,,60,structural
20747,U+85DA,藚,32,,60,structural
20748,U+85DB,藛,42,,60,structural
20749,U+85DC,藜,58,,60,structural
20750,U+85DD,藝,9,,60,structural
20751,U+85DE,藞,36,,60,structural
20752,U+85DF,藟,36,,60,structural
20753,U+85E0,藠,36,,60,structural
20754,U+85E1,藡,47,,60,structural
20755,U+85E2,藢,36,,60,structural
20756,U+85E3,藣,36,,60,structural
20757,U+85E4,藤,36,,60,structural
20758,U+85E5,藥,34,,60,structural
20759,U+85E6,藦,3,,60,structural
20760,U+85E7,藧,15,,60,structural
20761,U+85E8,藨,42,,60,structural
20762,U+85E9,藩,12,,60,structural
20763,U+85EA,藪,31,,60,structural
20764,U+85EB,藫,28,,60,structural
20765,U+85EC,藬,32,,60,structural
20766,U+85ED,藭,36,,60,structural
20767,U+85EE,藮,42,,60,structural
20768,U+85EF,藯,36,,60,structural
20769,U+85F0,藰,29,,60,structural
20770,U+85F1,藱,36,,60,structural
20771,U+85F2,藲,34,,60,structural
20772,U+85F3,藳,36,,60,structural
20773,U+85F4,藴,24,,60,structural
20774,U+85F5,藵,36,,60,structural
20775,U+85F6,藶,36,,60,structural
20776,U+85F7,藷,24,,60,structural
20777,U+85F8,藸,24,,60,structural
20778,U+85F9,藹,24,,60,structural
20779,U+85FA,藺,36,,60,structural
20780,U+85FB,藻,34,,60,structural
20781,U+85FC,藼,36,,60,structural
20782,U+85FD,藽,34,,60,structural
20783,U+85FE,藾,32,,60,structural
20784,U+85FF,藿,36,,60,structural
20785,U+8600,蘀,9,,60,structural
20786,U+8601,蘁,21,,60,structural
20787,U+8602,蘂,34,,60,structural
20788,U+8603,蘃,34,,60,structural
20789,U+8604,蘄,21,,60,structural
20790,U+8605,蘅,52,,60,structural
20791,U+8606,蘆,36,,60,structural
20792,U+8607,蘇,55,,60,structural
20793,U+8608,蘈,19,,60,structural
20794,U+8609,蘉,46,,60,structural
20795,U+860A,蘊,15,,60,structural
20796,U+860B,蘋,19,,60,structural
20797,U+860C,蘌,36,,60,structural
20798,U+860D,蘍,42,,60,structural
20799,U+860E,蘎,40,,60,structural
20800,U+860F,蘏,19,,60,structural
20801,U+8610,蘐,5,,60,structural
20802,U+8611,蘑,36,,60,structural
20803,U+8612,蘒,24,,60,structural
20804,U+8613,蘓,36,,60,structural
20805,U+8614,蘔,19,,60,structural
20806,U+8615,蘕,43,,60,structural
20807,U+8616,蘖,34,,60,structural
20808,U+8617,蘗,34,,60,structural
20809,U+8618,蘘,1,,60,structural
20810,U+8619,蘙,36,,60,structural
20811,U+861A,蘚,55,,60,structural
20812,U+861B,蘛,36,,60,structural
20813,U+861C,蘜,36,,60,structural
20814,U+861D,蘝,26,,60,structural
20815,U+861E,蘞,26,,60,structural
20816,U+861F,蘟,36,,60,structural
20817,U+8620,蘠,36,,60,structural
20818,U+8621,蘡,31,,60,structural
20819,U+8622,蘢,36,,60,structural
20820,U+8623,蘣,9,,60,structural
20821,U+8624,蘤,36,,60,structural
20822,U+8625,蘥,36,,60,structural
20823,U+8626,蘦,36,,60,structural
20824,U+8627,蘧,36,,60,structural
20825,U+8628,蘨,15,,60,structural
20826,U+8629,蘩,15,,60,structural
20827,U+862A,蘪,36,,60,structural
20828,U+862B,蘫,12,,60,structural
20829,U+862C,蘬,53,,60,structural
20830,U+862D,蘭,34,,60,structural
20831,U+862E,蘮,42,,60,structural
20832,U+862F,蘯,8,,60,structural
20833,U+8630,蘰,24,,60,structural
20834,U+8631,蘱,19,,60,structural
20835,U+8632,蘲,9,,60,structural
20836,U+8633,蘳,9,,60,structural
20837,U+8634,蘴,36,,60,structural
20838,U+8635,蘵,58,,60,structural
20839,U+8636,蘶,31,,60,structural
20840,U+8637,蘷,25,,60,structural
20841,U+8638,蘸,42,,60,structural
20842,U+8639,蘹,36,,60,structural
20843,U+863A,蘺,10,,60,structural
20844,U+863B,蘻,15,,60,structural
20845,U+863C,蘼,36,,60,structural
20846,U+863D,蘽,34,,60,structural
20847,U+863E,蘾,9,,60,structural
20848,U+863F,蘿,15,,60,structural
20849,U+8640,虀,58,,60,structural
20850,U+8641,虁,25,,60,structural
20851,U+8642,虂,36,,60,structural
20852,U+8643,虃,12,,60,structural
20853,U+8644,虄,16,,60,structural
20854,U+8645,虅,49,,60,structural
20855,U+8646,虆,15,,60,structural
20856,U+8647,虇,36,,60,structural
20857,U+8648,虈,19,,60,structural
20858,U+8649,虉,36,,60,structural
20859,U+864A,虊,15,,60,structural
20860,U+864B,虋,47,,60,structural
20861,U+864C,虌,53,,60,structural
20862,U+864D,虍,27,,60,structural
20863,U+864E,虎,27,,60,structural
20864,U+864F,虏,27,,60,structural
20865,U+8650,虐,56,,60,structural
20866,U+8651,虑,27,,60,structural
20867,U+8652,虒,27,,60,structural
20868,U+8653,虓,27,,60,structural
20869,U+8654,虔,27,,60,structural
20870,U+8655,處,27,,60,structural
20871,U+8656,虖,10,,60,structural
20872,U+8657,虗,56,,60,structural
20873,U+8658,虘,56,,60,structural
20874,U+8659,虙,10,,60,structural
20875,U+865A,虚,56,,60,structural
20876,U+865B,虛,27,,60,structural
20877,U+865C,虜,11,,60,structural
20878,U+865D,虝,10,,60,structural
20879,U+865E,虞,21,,60,structural
20880,U+865F,號,21,,60,structural
20881,U+8660,虠,27,,60,structural
20882,U+8661,虡,25,,60,structural
20883,U+8662,虢,27,,60,structural
20884,U+8663,虣,56,,60,structural
20885,U+8664,虤,27,,60,structural
20886,U+8665,虥,27,,60,structural
20887,U+8666,虦,27,,60,structural
20888,U+8667,虧,56,,60,structural
20889,U+8668,虨,27,,60,structural
20890,U+8669,虩,27,,60,structural
20891,U+866A,虪,46,,60,structural
20892,U+866B,虫,30,,60,structural
20893,U+866C,虬,30,,60,structural
20894,U+866D,虭,30,,60,structural
20895,U+866E,虮,30,,60,structural
20896,U+866F,虯,30,,60,structural
20897,U+8670,虰,52,,60,structural
20898,U+8671,虱,30,,60,structural
20899,U+8672,虲,30,,60,structural
20900,U+8673,虳,30,,60,structural
20901,U+8674,虴,30,,60,structural
20902,U+8675,虵,30,,60,structural
20903,U+8676,虶,30,,60,structural
20904,U+8677,虷,30,,60,structural
20905,U+8678,虸,30,,60,structural
20906,U+8679,虹,30,,60,structural
20907,U+867A,虺,56,,60,structural
20908,U+867B,虻,30,,60,structural
20909,U+867C,虼,30,,60,structural
20910,U+867D,虽,30,,60,structural
20911,U+867E,虾,30,,60,structural
20912,U+867F,虿,56,,60,structural
20913,U+8680,蚀,30,,60,structural
20914,U+8681,蚁,30,,60,structural
20915,U+8682,蚂,30,,60,structural
20916,U+8683,蚃,30,,60,structural
20917,U+8684,蚄,30,,60,structural
20918,U+8685,蚅,30,,60,structural
20919,U+8686,蚆,30,,60,structural
20920,U+8687,蚇,30,,60,structural
20921,U+8688,蚈,30,,60,structural
20922,U+8689,蚉,30,,60,structural
20923,U+868A,蚊,30,,60,structural
20924,U+868B,蚋,30,,60,structural
20925,U+868C,蚌,43,,60,structural
20926,U+868D,蚍,30,,60,structural
20927,U+868E,蚎,30,,60,structural
20928,U+868F,蚏,30,,60,structural
20929,U+8690,蚐,30,,60,structural
20930,U+8691,蚑,30,,60,structural
20931,U+8692,蚒,30,,60,structural
20932,U+8693,蚓,30,,60,structural
20933,U+8694,蚔,30,,60,structural
20934,U+8695,蚕,30,,60,structural
20935,U+8696,蚖,56,,60,structural
20936,U+8697,蚗,30,,60,structural
20937,U+8698,蚘,30,,60,structural
20938,U+8699,蚙,13,,60,structural
20939,U+869A,蚚,30,,60,structural
20940,U+869B,蚛,59,,60,structural
20941,U+869C,蚜,30,,60,structural
20942,U+869D,蚝,30,,60,structural
20943,U+869E,蚞,30,,60,structural
20944,U+869F,蚟,33,,60,structural
20945,U+86A0,蚠,58,,60,structural
20946,U+86A1,蚡,58,,60,structural
20947,U+86A2,蚢,30,,60,structural
20948,U+86A3,蚣,16,,60,structural
20949,U+86A4,蚤,39,,60,structural
20950,U+86A5,蚥,30,,60,structural
20951,U+86A6,蚦,30,,60,structural
20952,U+86A7,蚧,46,,60,structural
20953,U+86A8,蚨,49,,60,structural
20954,U+86A9,蚩,30,,60,structural
20955,U+86AA,蚪,30,,60,structural
20956,U+86AB,蚫,30,,60,structural
20957,U+86AC,蚬,30,,60,structural
20958,U+86AD,蚭,30,,60,structural
20959,U+86AE,蚮,30,,60,structural
20960,U+86AF,蚯,30,,60,structural
20961,U+86B0,蚰,30,,60,structural
20962,U+86B1,蚱,30,,60,structural
20963,U+86B2,蚲,30,,60,structural
20964,U+86B3,蚳,30,,60,structural
20965,U+86B4,蚴,30,,60,structural
20966,U+86B5,蚵,52,,60,structural
20967,U+86B6,蚶,30,,60,structural
20968,U+86B7,蚷,30,,60,structural
20969,U+86B8,蚸,30,,60,structural
20970,U+86B9,蚹,30,,60,structural
20971,U+86BA,蚺,30,,60,structural
20972,U+86BB,蚻,30,,60,structural
20973,U+86BC,蚼,30,,60,structural
20974,U+86BD,蚽,30,,60,structural
20975,U+86BE,蚾,30,,60,structural
20976,U+86BF,蚿,30,,60,structural
20977,U+86C0,蛀,30,,60,structural
20978,U+86C1,蛁,30,,60,structural
20979,U+86C2,蛂,39,,60,structural
20980,U+86C3,蛃,26,,60,structural
20981,U+86C4,蛄,30,,60,structural
20982,U+86C5,蛅,30,,60,structural
20983,U+86C6,蛆,30,,60,structural
20984,U+86C7,蛇,30,,60,structural
20985,U+86C8,蛈,49,,60,structural
20986,U+86C9,蛉,13,,60,structural
20987,U+86CA,蛊,30,,60,structural
20988,U+86CB,蛋,30,,60,structural
20989,U+86CC,蛌,30,,60,structural
20990,U+86CD,蛍,30,,60,structural
20991,U+86CE,蛎,56,,60,structural
20992,U+86CF,蛏,30,,60,structural
20993,U+86D0,蛐,30,,60,structural
20994,U+86D1,蛑,30,,60,structural
20995,U+86D2,蛒,30,,60,structural
20996,U+86D3,蛓,30,,60,structural
20997,U+86D4,蛔,30,,60,structural
20998,U+86D5,蛕,30,,60,structural
20999,U+86D6,蛖,30,,60,structural
21000,U+86D7,蛗,30,,60,structural
21001,U+86D8,蛘,30,,60,structural
21002,U+86D9,蛙,30,,60,structural
21003,U+86DA,蛚,30,,60,structural
21004,U+86DB,蛛,30,,60,structural
21005,U+86DC,蛜,26,,60,structural
21006,U+86DD,蛝,30,,60,structural
21007,U+86DE,蛞,30,,60,structural
21008,U+86DF,蛟,30,,60,structural
21009,U+86E0,蛠,30,,60,structural
21010,U+86E1,蛡,30,,60,structural
21011,U+86E2,蛢,25,,60,structural
21012,U+86E3,蛣,30,,60,structural
21013,U+86E4,蛤,26,,60,structural
21014,U+86E5,蛥,30,,60,structural
21015,U+86E6,蛦,30,,60,structural
21016,U+86E7,蛧,30,,60,structural
21017,U+86E8,蛨,30,,60,structural
21018,U+86E9,蛩,30,,60,structural
21019,U+86EA,蛪,43,,60,structural
21020,U+86EB,蛫,30,,60,structural
21021,U+86EC,蛬,28,,60,structural
21022,U+86ED,蛭,30,,60,structural
21023,U+86EE,蛮,30,,60,structural
21024,U+86EF,蛯,30,,60,structural
21025,U+86F0,蛰,13,,60,structural
21026,U+86F1,蛱,49,,60,structural
21027,U+86F2,蛲,56,,60,structural
21028,U+86F3,蛳,53,,60,structural
21029,U+86F4,蛴,30,,60,structural
21030,U+86F5,蛵,30,,60,structural
21031,U+86F6,蛶,30,,60,structural
21032,U+86F7,蛷,25,,60,structural
21033,U+86F8,蛸,30,,60,structural
21034,U+86F9,蛹,30,,60,structural
21035,U+86FA,蛺,30,,60,structural
21036,U+86FB,蛻,47,,60,structural
21037,U+86FC,蛼,30,,60,structural
21038,U+86FD,蛽,30,,60,structural
21039,U+86FE,蛾,30,,60,structural
21040,U+86FF,蛿,13,,60,structural
21041,U+8700,蜀,27,,60,structural
21042,U+8701,蜁,30,,60,structural
21043,U+8702,蜂,43,,60,structural
21044,U+8703,蜃,30,,60,structural
21045,U+8704,蜄,30,,60,structural
21046,U+8705,蜅,57,,60,structural
21047,U+8706,蜆,30,,60,structural
21048,U+8707,蜇,3,,60,structural
21049,U+8708,蜈,21,,60,structural
21050,U+8709,蜉,30,,60,structural
21051,U+870A,蜊,30,,60,structural
21052,U+870B,蜋,30,,60,structural
21053,U+870C,蜌,30,,60,structural
21054,U+870D,蜍,26,,60,structural
21055,U+870E,蜎,30,,60,structural
21056,U+870F,蜏,30,,60,structural
21057,U+8710,蜐,9,,60,structural
21058,U+8711,蜑,30,,60,structural
21059,U+8712,蜒,30,,60,structural
21060,U+8713,蜓,10,,60,structural
21061,U+8714,蜔,30,,60,structural
21062,U+8715,蜕,47,,60,structural
21063,U+8716,蜖,30,,60,structural
21064,U+8717,蜗,30,,60,structural
21065,U+8718,蜘,30,,60,structural
21066,U+8719,蜙,16,,60,structural
21067,U+871A,蜚,30,,60,structural
21068,U+871B,蜛,30,,60,structural
21069,U+871C,蜜,10,,60,structural
21070,U+871D,蜝,25,,60,structural
21071,U+871E,蜞,25,,60,structural
21072,U+871F,蜟,30,,60,structural
21073,U+8720,蜠,30,,60,structural
21074,U+8721,蜡,28,,60,structural
21075,U+8722,蜢,30,,60,structural
21076,U+8723,蜣,30,,60,structural
21077,U+8724,蜤,30,,60,structural
21078,U+8725,蜥,30,,60,structural
21079,U+8726,蜦,26,,60,structural
21080,U+8727,蜧,30,,60,structural
21081,U+8728,蜨,30,,60,structural
21082,U+8729,蜩,30,,60,structural
21083,U+872A,蜪,30,,60,structural
21084,U+872B,蜫,30,,60,structural
21085,U+872C,蜬,58,,60,structural
21086,U+872D,蜭,30,,60,structural
21087,U+872E,蜮,21,,60,structural
21088,U+872F,蜯,43,,60,structural
21089,U+8730,蜰,40,,60,structural
21090,U+8731,蜱,37,,60,structural
21091,U+8732,蜲,31,,60,structural
21092,U+8733,蜳,1,,60,structural
21093,U+8734,蜴,24,,60,structural
21094,U+8735,蜵,30,,60,structural
21095,U+8736,蜶,30,,60,structural
21096,U+8737,蜷,49,,60,structural
21097,U+8738,蜸,30,,60,structural
21098,U+8739,蜹,30,,60,structural
21099,U+873A,蜺,30,,60,structural
21100,U+873B,蜻,9,,60,structural
21101,U+873C,蜼,30,,60,structural
21102,U+873D,蜽,53,,60,structural
21103,U+873E,蜾,24,,60,structural
21104,U+873F,蜿,44,,60,structural
21105,U+8740,蝀,30,,60,structural
21106,U+8741,蝁,30,,60,structural
21107,U+8742,蝂,30,,60,structural
21108,U+8743,蝃,30,,60,structural
21109,U+8744,蝄,30,,60,structural
21110,U+8745,蝅,30,,60,structural
21111,U+8746,蝆,43,,60,structural
21112,U+8747,蝇,30,,60,structural
21113,U+8748,蝈,33,,60,structural
21114,U+8749,蝉,25,,60,structural
21115,U+874A,蝊,30,,60,structural
21116,U+874B,蝋,30,,60,structural
21117,U+874C,蝌,30,,60,structural
21118,U+874D,蝍,30,,60,structural
21119,U+874E,蝎,24,,60,structural
21120,U+874F,蝏,52,,60,structural
21121,U+8750,蝐,30,,60,structural
21122,U+8751,蝑,30,,60,structural
21123,U+8752,蝒,30,,60,structural
21124,U+8753,蝓,26,,60,structural
21125,U+8754,蝔,30,,60,structural
21126,U+8755,蝕,30,,60,structural
21127,U+8756,蝖,41,,60,structural
21128,U+8757,蝗,33,,60,structural
21129,U+8758,蝘,31,,60,structural
21130,U+8759,蝙,30,,60,structural
21131,U+875A,蝚,30,,60,structural
21132,U+875B,蝛,31,,60,structural
21133,U+875C,蝜,30,,60,structural
21134,U+875D,蝝,30,,60,structural
21135,U+875E,蝞,30,,60,structural
21136,U+875F,蝟,30,,60,structural
21137,U+8760,蝠,30,,60,structural
21138,U+8761,蝡,30,,60,structural
21139,U+8762,蝢,30,,60,structural
21140,U+8763,蝣,30,,60,structural
21141,U+8764,蝤,58,,60,structural
21142,U+8765,蝥,30,,60,structural
21143,U+8766,蝦,30,,60,structural
21144,U+8767,蝧,30,,60,structural
21145,U+8768,蝨,30,,60,structural
21146,U+8769,蝩,30,,60,structural
21147,U+876A,蝪,56,,60,structural
21148,U+876B,蝫,24,,60,structural
21149,U+876C,蝬,16,,60,structural
21150,U+876D,蝭,30,,60,structural
21151,U+876E,蝮,30,,60,structural
21152,U+876F,蝯,30,,60,structural
21153,U+8770,蝰,30,,60,structural
21154,U+8771,蝱,30,,60,structural
21155,U+8772,蝲,30,,60,structural
21156,U+8773,蝳,30,,60,structural
21157,U+8774,蝴,57,,60,structural
21158,U+8775,蝵,42,,60,structural
21159,U+8776,蝶,2,,60,structural
21160,U+8777,蝷,25,,60,structural
21161,U+8778,蝸,30,,60,structural
21162,U+8779,蝹,30,,60,structural
21163,U+877A,蝺,30,,60,structural
21164,U+877B,蝻,30,,60,structural
21165,U+877C,蝼,31,,60,structural
21166,U+877D,蝽,30,,60,structural
21167,U+877E,蝾,30,,60,structural
21168,U+877F,蝿,30,,60,structural
21169,U+8780,螀,30,,60,structural
21170,U+8781,螁,30,,60,structural
21171,U+8782,螂,30,,60,structural
21172,U+8783,螃,58,,60,structural
21173,U+8784,螄,53,,60,structural
21174,U+8785,螅,30,,60,structural
21175,U+8786,螆,25,,60,structural
21176,U+8787,螇,30,,60,structural
21177,U+8788,螈,30,,60,structural
21178,U+8789,螉,16,,60,structural
21179,U+878A,螊,25,,60,structural
21180,U+878B,螋,30,,60,structural
21181,U+878C,螌,30,,60,structural
21182,U+878D,融,30,,60,structural
21183,U+878E,螎,30,,60,structural
21184,U+878F,螏,30,,60,structural
21185,U+8790,螐,42,,60,structural
21186,U+8791,螑,30,,60,structural
21187,U+8792,螒,30,,60,structural
21188,U+8793,螓,30,,60,structural
21189,U+8794,螔,30,,60,structural
21190,U+8795,螕,30,,60,structural
21191,U+8796,螖,30,,60,structural
21192,U+8797,螗,59,,60,structural
21193,U+8798,螘,30,,60,structural
21194,U+8799,螙,30,,60,structural
21195,U+879A,螚,30,,60,structural
21196,U+879B,螛,30,,60,structural
21197,U+879C,螜,30,,60,structural
21198,U+879D,螝,30,,60,structural
21199,U+879E,螞,30,,60,structural
21200,U+879F,螟,58,,60,structural
21201,U+87A0,螠,25,,60,structural
21202,U+87A1,螡,30,,60,structural
21203,U+87A2,螢,30,,60,structural
21204,U+87A3,螣,49,,60,structural
21205,U+87A4,螤,30,,60,structural
21206,U+87A5,螥,26,,60,structural
21207,U+87A6,螦,30,,60,structural
21208,U+87A7,螧,24,,60,structural
21209,U+87A8,螨,30,,60,structural
21210,U+87A9,螩,46,,60,structural
21211,U+87AA,螪,47,,60,structural
21212,U+87AB,螫,30,,60,structural
21213,U+87AC,螬,56,,60,structural
21214,U+87AD,螭,10,,60,structural
21215,U+87AE,螮,53,,60,structural
21216,U+87AF,螯,30,,60,structural
21217,U+87B0,螰,30,,60,structural
21218,U+87B1,螱,30,,60,structural
21219,U+87B2,螲,30,,60,structural
21220,U+87B3,螳,30,,60,structural
21221,U+87B4,螴,30,,60,structural
21222,U+87B5,螵,59,,60,structural
21223,U+87B6,螶,30,,60,structural
21224,U+87B7,螷,37,,60,structural
21225,U+87B8,螸,30,,60,structural
21226,U+87B9,螹,30,,60,structural
21227,U+87BA,螺,15,,60,structural
21228,U+87BB,螻,30,,60,structural
21229,U+87BC,螼,30,,60,structural
21230,U+87BD,螽,30,,60,structural
21231,U+87BE,螾,25,,60,structural
21232,U+87BF,螿,30,,60,structural
21233,U+87C0,蟀,30,,60,structural
21234,U+87C1,蟁,30,,60,structural
21235,U+87C2,蟂,30,,60,structural
21236,U+87C3,蟃,30,,60,structural
21237,U+87C4,蟄,13,,60,structural
21238,U+87C5,蟅,38,,60,structural
21239,U+87C6,蟆,24,,60,structural
21240,U+87C7,蟇,24,,60,structural
21241,U+87C8,蟈,21,,60,structural
21242,U+87C9,蟉,46,,60,structural
21243,U+87CA,蟊,30,,60,structural
21244,U+87CB,蟋,30,,60,structural
21245,U+87CC,蟌,10,,60,structural
21246,U+87CD,蟍,30,,60,structural
21247,U+87CE,蟎,30,,60,structural
21248,U+87CF,蟏,30,,60,structural
21249,U+87D0,蟐,30,,60,structural
21250,U+87D1,蟑,24,,60,structural
21251,U+87D2,蟒,30,,60,structural
21252,U+87D3,蟓,30,,60,structural
21253,U+87D4,蟔,30,,60,structural
21254,U+87D5,蟕,30,,60,structural
21255,U+87D6,蟖,25,,60,structural
21256,U+87D7,蟗,59,,60,structural
21257,U+87D8,蟘,32,,60,structural
21258,U+87D9,蟙,58,,60,structural
21259,U+87DA,蟚,30,,60,structural
21260,U+87DB,蟛,30,,60,structural
21261,U+87DC,蟜,18,,60,structural
21262,U+87DD,蟝,30,,60,structural
21263,U+87DE,蟞,53,,60,structural
21264,U+87DF,蟟,30,,60,structural
21265,U+87E0,蟠,30,,60,structural
21266,U+87E1,蟡,30,,60,structural
21267,U+87E2,蟢,30,,60,structural
21268,U+87E3,蟣,30,,60,structural
21269,U+87E4,蟤,28,,60,structural
21270,U+87E5,蟥,30,,60,structural
21271,U+87E6,蟦,32,,60,structural
21272,U+87E7,蟧,30,,60,structural
21273,U+87E8,蟨,25,,60,structural
21274,U+87E9,蟩,25,,60,structural
21275,U+87EA,蟪,30,,60,structural
21276,U+87EB,蟫,28,,60,structural
21277,U+87EC,蟬,21,,60,structural
21278,U+87ED,蟭,42,,60,structural
21279,U+87EE,蟮,25,,60,structural
21280,U+87EF,蟯,56,,60,structural
21281,U+87F0,蟰,30,,60,structural
21282,U+87F1,蟱,42,,60,structural
21283,U+87F2,蟲,30,,60,structural
21284,U+87F3,蟳,30,,60,structural
21285,U+87F4,蟴,25,,60,structural
21286,U+87F5,蟵,30,,60,structural
21287,U+87F6,蟶,33,,60,structural
21288,U+87F7,蟷,30,,60,structural
21289,U+87F8,蟸,30,,60,structural
21290,U+87F9,蟹,30,,60,structural
21291,U+87FA,蟺,21,,60,structural
21292,U+87FB,蟻,30,,60,structural
21293,U+87FC,蟼,36,,60,structural
21294,U+87FD,蟽,30,,60,structural
21295,U+87FE,蟾,5,,60,structural
21296,U+87FF,蟿,30,,60,structural
21297,U+8800,蠀,6,,60,structural
21298,U+8801,蠁,30,,60,structural
21299,U+8802,蠂,2,,60,structural
21300,U+8803,蠃,57,,60,structural
21301,U+8804,蠄,46,,60,structural
21302,U+8805,蠅,30,,60,structural
21303,U+8806,蠆,30,,60,structural
21304,U+8807,蠇,30,,60,structural
21305,U+8808,蠈,30,,60,structural
21306,U+8809,蠉,30,,60,structural
21307,U+880A,蠊,25,,60,structural
21308,U+880B,蠋,30,,60,structural
21309,U+880C,蠌,9,,60,structural
21310,U+880D,蠍,24,,60,structural
21311,U+880E,蠎,30,,60,structural
21312,U+880F,蠏,30,,60,structural
21313,U+8810,蠐,30,,60,structural
21314,U+8811,蠑,30,,60,structural
21315,U+8812,蠒,53,,60,structural
21316,U+8813,蠓,36,,60,structural
21317,U+8814,蠔,1,,60,structural
21318,U+8815,蠕,30,,60,structural
21319,U+8816,蠖,51,,60,structural
21320,U+8817,蠗,30,,60,structural
21321,U+8818,蠘,30,,60,structural
21322,U+8819,蠙,41,,60,structural
21323,U+881A,蠚,36,,60,structural
21324,U+881B,蠛,30,,60,structural
21325,U+881C,蠜,30,,60,structural
21326,U+881D,蠝,30,,60,structural
21327,U+881E,蠞,23,,60,structural
21328,U+881F,蠟,10,,60,structural
21329,U+8820,蠠,30,,60,structural
21330,U+8821,蠡,30,,60,structural
21331,U+8822,蠢,30,,60,structural
21332,U+8823,蠣,30,,60,structural
21333,U+8824,蠤,58,,60,structural
21334,U+8825,蠥,30,,60,structural
21335,U+8826,蠦,30,,60,structural
21336,U+8827,蠧,30,,60,structural
21337,U+8828,蠨,30,,60,structural
21338,U+8829,蠩,24,,60,structural
21339,U+882A,蠪,30,,60,structural
21340,U+882B,蠫,30,,60,structural
21341,U+882C,蠬,30,,60,structural
21342,U+882D,蠭,43,,60,structural
21343,U+882E,蠮,30,,60,structural
21344,U+882F,蠯,37,,60,structural
21345,U+8830,蠰,1,,60,structural
21346,U+8831,蠱,30,,60,structural
21347,U+8832,蠲,25,,60,structural
21348,U+8833,蠳,31,,60,structural
21349,U+8834,蠴,24,,60,structural
21350,U+8835,蠵,47,,60,structural
21351,U+8836,蠶,30,,60,structural
21352,U+8837,蠷,30,,60,structural
21353,U+8838,蠸,30,,60,structural
21354,U+8839,蠹,59,,60,structural
21355,U+883A,蠺,30,,60,structural
21356,U+883B,蠻,5,,60,structural
21357,U+883C,蠼,51,,60,structural
21358,U+883D,蠽,30,,60,structural
21359,U+883E,蠾,58,,60,structural
21360,U+883F,蠿,30,,60,structural
21361,U+8840,血,10,,60,structural
21362,U+8841,衁,27,,60,structural
21363,U+8842,衂,10,,60,structural
21364,U+8843,衃,56,,60,structural
21365,U+8844,衄,56,,60,structural
21366,U+8845,衅,43,,60,structural
21367,U+8846,衆,10,,60,structural
21368,U+8847,衇,27,,60,structural
21369,U+8848,衈,0,,60,structural
21370,U+8849,衉,1,,60,structural
21371,U+884A,衊,13,,60,structural
21372,U+884B,衋,56,,60,structural
21373,U+884C,行,52,,60,structural
21374,U+884D,衍,52,,60,structural
21375,U+884E,衎,52,,60,structural
21376,U+884F,衏,52,,60,structural
21377,U+8850,衐,52,,60,structural
21378,U+8851,衑,13,,60,structural
21379,U+8852,衒,52,,60,structural
21380,U+8853,術,2,,60,structural
21381,U+8854,衔,48,,60,structural
21382,U+8855,衕,52,,60,structural
21383,U+8856,衖,28,,60,structural
21384,U+8857,街,52,,60,structural
21385,U+8858,衘,52,,60,structural
21386,U+8859,衙,52,,60,structural
21387,U+885A,衚,52,,60,structural
21388,U+885B,衛,52,,60,structural
21389,U+885C,衜,52,,60,structural
21390,U+885D,衝,52,,60,structural
21391,U+885E,衞,52,,60,structural
21392,U+885F,衟,52,,60,structural
21393,U+8860,衠,25,,60,structural
21394,U+8861,衡,52,,60,structural
21395,U+8862,衢,52,,60,structural
21396,U+8863,衣,27,,60,structural
21397,U+8864,衤,35,,60,structural
21398,U+8865,补,35,,60,structural
21399,U+8866,衦,35,,60,structural
21400,U+8867,衧,35,,60,structural
21401,U+8868,表,9,,60,structural
21402,U+8869,衩,39,,60,structural
21403,U+886A,衪,35,,60,structural
21404,U+886B,衫,35,,60,structural
21405,U+886C,衬,35,,60,structural
21406,U+886D,衭,49,,60,structural
21407,U+886E,衮,16,,60,structural
21408,U+886F,衯,58,,60,structural
21409,U+8870,衰,21,,60,structural
21410,U+8871,衱,35,,60,structural
21411,U+8872,衲,35,,60,structural
21412,U+8873,衳,16,,60,structural
21413,U+8874,衴,35,,60,structural
21414,U+8875,衵,35,,60,structural
21415,U+8876,衶,59,,60,structural
21416,U+8877,衷,1,,60,structural
21417,U+8878,衸,46,,60,structural
21418,U+8879,衹,35,,60,structural
21419,U+887A,衺,27,,60,structural
21420,U+887B,衻,35,,60,structural
21421,U+887C,衼,35,,60,structural
21422,U+887D,衽,35,,60,structural
21423,U+887E,衾,13,,60,structural
21424,U+887F,衿,13,,60,structural
21425,U+8880,袀,35,,60,structural
21426,U+8882,袂,35,,60,structural
21427,U+8883,袃,35,,60,structural
21428,U+8884,袄,18,,60,structural
21429,U+8885,袅,35,,60,structural
21430,U+8886,袆,35,,60,structural
21431,U+8887,袇,35,,60,structural
21432,U+8888,袈,35,,60,structural
21433,U+8889,袉,35,,60,structural
21434,U+888A,袊,13,,60,structural
21435,U+888B,袋,35,,60,structural
21436,U+888C,袌,27,,60,structural
21437,U+888D,袍,35,,60,structural
21438,U+888E,袎,35,,60,structural
21439,U+888F,袏,35,,60,structural
21440,U+8890,袐,10,,60,structural
21441,U+8891,袑,35,,60,structural
21442,U+8892,袒,56,,60,structural
21443,U+8893,袓,35,,60,structural
21444,U+8894,袔,52,,60,structural
21445,U+8895,袕,35,,60,structural
21446,U+8896,袖,35,,60,structural
21447,U+8897,袗,46,,60,structural
21448,U+8898,袘,35,,60,structural
21449,U+8899,袙,35,,60,structural
21450,U+889A,袚,39,,60,structural
21451,U+889B,袛,35,,60,structural
21452,U+889C,袜,35,,60,structural
21453,U+889D,袝,35,,60,structural
21454,U+889E,袞,47,,60,structural
21455,U+889F,袟,49,,60,structural
21456,U+88A0,袠,49,,60,structural
21457,U+88A1,袡,35,,60,structural
21458,U+88A2,袢,43,,60,structural
21459,U+88A3,袣,35,,60,structural
21460,U+88A4,袤,27,,60,structural
21461,U+88A5,袥,35,,60,structural
21462,U+88A6,袦,35,,60,structural
21463,U+88A7,袧,35,,60,structural
21464,U+88A8,袨,35,,60,structural
21465,U+88A9,袩,35,,60,structural
21466,U+88AA,袪,9,,60,structural
21467,U+88AB,被,35,,60,structural
21468,U+88AC,袬,1,,60,structural
21469,U+88AD,袭,35,,60,structural
21470,U+88AE,袮,35,,60,structural
21471,U+88AF,袯,35,,60,structural
21472,U+88B0,袰,35,,60,structural
21473,U+88B1,袱,35,,60,structural
21474,U+88B2,袲,4,,60,structural
21475,U+88B3,袳,35,,60,structural
21476,U+88B4,袴,35,,60,structural
21477,U+88B5,袵,46,,60,structural
21478,U+88B6,袶,35,,60,structural
21479,U+88B7,袷,26,,60,structural
21480,U+88B8,袸,35,,60,structural
21481,U+88B9,袹,35,,60,structural
21482,U+88BA,袺,35,,60,structural
21483,U+88BB,袻,35,,60,structural
21484,U+88BC,袼,35,,60,structural
21485,U+88BD,袽,35,,60,structural
21486,U+88BE,袾,35,,60,structural
21487,U+88BF,袿,35,,60,structural
21488,U+88C0,裀,35,,60,structural
21489,U+88C1,裁,35,,60,structural
21490,U+88C2,裂,35,,60,structural
21491,U+88C3,裃,35,,60,structural
21492,U+88C4,裄,35,,60,structural
21493,U+88C5,装,35,,60,structural
21494,U+88C6,裆,35,,60,structural
21495,U+88C7,裇,35,,60,structural
21496,U+88C8,裈,35,,60,structural
21497,U+88C9,裉,35,,60,structural
21498,U+88CA,裊,35,,60,structural
21499,U+88CB,裋,35,,60,structural
21500,U+88CC,裌,35,,60,structural
21501,U+88CD,裍,35,,60,structural
21502,U+88CE,裎,33,,60,structural
21503,U+88CF,裏,27,,60,structural
21504,U+88D0,裐,35,,60,structural
21505,U+88D1,裑,35,,60,structural
21506,U+88D2,裒,27,,60,structural
21507,U+88D3,裓,35,,60,structural
21508,U+88D4,裔,47,,60,structural
21509,U+88D5,裕,35,,60,structural
21510,U+88D6,裖,35,,60,structural
21511,U+88D7,裗,35,,60,structural
21512,U+88D8,裘,25,,60,structural
21513,U+88D9,裙,21,,60,structural
21514,U+88DA,裚,3,,60,structural
21515,U+88DB,裛,27,,60,structural
21516,U+88DC,補,57,,60,structural
21517,U+88DD,裝,35,,60,structural
21518,U+88DE,裞,47,,60,structural
21519,U+88DF,裟,10,,60,structural
21520,U+88E0,裠,21,,60,structural
21521,U+88E1,裡,35,,60,structural
21522,U+88E2,裢,35,,60,structural
21523,U+88E3,裣,26,,60,structural
21524,U+88E4,裤,35,,60,structural
21525,U+88E5,裥,35,,60,structural
21526,U+88E6,裦,27,,60,structural
21527,U+88E7,裧,35,,60,structural
21528,U+88E8,裨,37,,60,structural
21529,U+88E9,裩,35,,60,structural
21530,U+88EA,裪,35,,60,structural
21531,U+88EB,裫,35,,60,structural
21532,U+88EC,裬,16,,60,structural
21533,U+88ED,裭,35,,60,structural
21534,U+88EE,裮,35,,60,structural
21535,U+88EF,裯,35,,60,structural
21536,U+88F0,裰,35,,60,structural
21537,U+88F1,裱,35,,60,structural
21538,U+88F2,裲,53,,60,structural
21539,U+88F3,裳,35,,60,structural
21540,U+88F4,裴,35,,60,structural
21541,U+88F5,裵,27,,60,structural
21542,U+88F6,裶,35,,60,structural
21543,U+88F7,裷,49,,60,structural
21544,U+88F8,裸,35,,60,structural
21545,U+88F9,裹,24,,60,structural
21546,U+88FA,裺,24,,60,structural
21547,U+88FB,裻,35,,60,structural
21548,U+88FC,裼,24,,60,structural
21549,U+88FD,製,35,,60,structural
21550,U+88FE,裾,35,,60,structural
21551,U+88FF,裿,52,,60,structural
21552,U+8900,褀,25,,60,structural
21553,U+8901,褁,24,,60,structural
21554,U+8902,褂,35,,60,structural
21555,U+8903,褃,35,,60,structural
21556,U+8904,褄,31,,60,structural
21557,U+8905,褅,53,,60,structural
21558,U+8906,褆,35,,60,structural
21559,U+8907,複,35,,60,structural
21560,U+8908,褈,35,,60,structural
21561,U+8909,褉,43,,60,structural
21562,U+890A,褊,35,,60,structural
21563,U+890B,褋,2,,60,structural
21564,U+890C,褌,35,,60,structural
21565,U+890D,褍,35,,60,structural
21566,U+890E,褎,20,,60,structural
21567,U+890F,褏,11,,60,structural
21568,U+8910,褐,24,,60,structural
21569,U+8911,褑,35,,60,structural
21570,U+8912,褒,34,,60,structural
21571,U+8913,褓,34,,60,structural
21572,U+8914,褔,35,,60,structural
21573,U+8915,褕,26,,60,structural
21574,U+8916,褖,35,,60,structural
21575,U+8917,褗,31,,60,structural
21576,U+8918,褘,35,,60,structural
21577,U+8919,褙,35,,60,structural
21578,U+891A,褚,24,,60,structural
21579,U+891B,褛,31,,60,structural
21580,U+891C,褜,40,,60,structural
21581,U+891D,褝,25,,60,structural
21582,U+891E,褞,35,,60,structural
21583,U+891F,褟,35,,60,structural
21584,U+8920,褠,35,,60,structural
21585,U+8921,褡,26,,60,structural
21586,U+8922,褢,27,,60,structural
21587,U+8923,褣,35,,60,structural
21588,U+8924,褤,35,,60,structural
21589,U+8925,褥,35,,60,structural
21590,U+8926,褦,35,,60,structural
21591,U+8927,褧,35,,60,structural
21592,U+8928,褨,35,,60,structural
21593,U+8929,褩,35,,60,structural
21594,U+892A,褪,35,,60,structural
21595,U+892B,褫,35,,60,structural
21596,U+892C,褬,35,,60,structural
21597,U+892D,褭,50,,60,structural
21598,U+892E,褮,35,,60,structural
21599,U+892F,褯,38,,60,structural
21600,U+8930,褰,35,,60,structural
21601,U+8931,褱,27,,60,structural
21602,U+8932,褲,35,,60,structural
21603,U+8933,褳,35,,60,structural
21604,U+8934,褴,35,,60,structural
21605,U+8935,褵,10,,60,structural
21606,U+8936,褶,35,,60,structural
21607,U+8937,褷,35,,60,structural
21608,U+8938,褸,35,,60,structural
21609,U+8939,褹,13,,60,structural
21610,U+893A,褺,13,,60,structural
21611,U+893B,褻,13,,60,structural
21612,U+893C,褼,59,,60,structural
21613,U+893D,褽,35,,60,structural
21614,U+893E,褾,59,,60,structural
21615,U+893F,褿,56,,60,structural
21616,U+8940,襀,32,,60,structural
21617,U+8941,襁,30,,60,structural
21618,U+8942,襂,35,,60,structural
21619,U+8943,襃,1,,60,structural
21620,U+8944,襄,1,,60,structural
21621,U+8945,襅,35,,60,structural
21622,U+8946,襆,49,,60,structural
21623,U+8947,襇,35,,60,structural
21624,U+8948,襈,28,,60,structural
21625,U+8949,襉,35,,60,structural
21626,U+894A,襊,0,,60,structural
21627,U+894B,襋,35,,60,structural
21628,U+894C,襌,21,,60,structural
21629,U+894D,襍,35,,60,structural
21630,U+894E,襎,35,,60,structural
21631,U+894F,襏,35,,60,structural
21632,U+8950,襐,35,,60,structural
21633,U+8951,襑,35,,60,structural
21634,U+8952,襒,53,,60,structural
21635,U+8953,襓,56,,60,structural
21636,U+8954,襔,35,,60,structural
21637,U+8955,襕,35,,60,structural
21638,U+8956,襖,18,,60,structural
21639,U+8957,襗,9,,60,structural
21640,U+8958,襘,26,,60,structural
21641,U+8959,襙,35,,60,structural
21642,U+895A,襚,35,,60,structural
21643,U+895B,襛,35,,60,structural
21644,U+895C,襜,5,,60,structural
21645,U+895D,襝,26,,60,structural
21646,U+895E,襞,35,,60,structural
21647,U+895F,襟,35,,60,structural
21648,U+8960,襠,35,,60,structural
21649,U+8961,襡,35,,60,structural
21650,U+8962,襢,21,,60,structural
21651,U+8963,襣,35,,60,structural
21652,U+8964,襤,35,,60,structural
21653,U+8965,襥,49,,60,structural
21654,U+8966,襦,35,,60,structural
21655,U+8967,襧,53,,60,structural
21656,U+8968,襨,35,,60,structural
21657,U+8969,襩,32,,60,structural
21658,U+896A,襪,35,,60,structural
21659,U+896B,襫,35,,60,structural
21660,U+896C,襬,35,,60,structural
21661,U+896D,襭,19,,60,structural
21662,U+896E,襮,28,,60,structural
21663,U+896F,襯,35,,60,structural
21664,U+8970,襰,32,,60,structural
21665,U+8971,襱,35,,60,structural
21666,U+8972,襲,35,,60,structural
21667,U+8973,襳,35,,60,structural
21668,U+8974,襴,35,,60,structural
21669,U+8975,襵,35,,60,structural
21670,U+8976,襶,28,,60,structural
21671,U+8977,襷,25,,60,structural
21672,U+8978,襸,32,,60,structural
21673,U+8979,襹,35,,60,structural
21674,U+897A,襺,35,,60,structural
21675,U+897B,襻,35,,60,structural
21676,U+897C,襼,9,,60,structural
21677,U+897D,襽,34,,60,structural
21678,U+897E,襾,27,,60,structural
21679,U+897F,西,56,,60,structural
21680,U+8980,覀,59,,60,structural
21681,U+8981,要,59,,60,structural
21682,U+8982,覂,59,,60,structural
21683,U+8983,覃,28,,60,structural
21684,U+8984,覄,59,,60,structural
21685,U+8985,覅,59,,60,structural
21686,U+8986,覆,59,,60,structural
21687,U+8987,覇,59,,60,structural
21688,U+8988,覈,59,,60,structural
21689,U+8989,覉,52,,60,structural
21690,U+898A,覊,59,,60,structural
21691,U+898B,見,27,,60,structural
21692,U+898C,覌,51,,60,structural
21693,U+898D,覍,27,,60,structural
21694,U+898E,覎,27,,60,structural
21695,U+898F,規,49,,60,structural
21696,U+8990,覐,27,,60,structural
21697,U+8991,覑,27,,60,structural
21698,U+8992,覒,27,,60,structural
21699,U+8993,覓,27,,60,structural
21700,U+8994,覔,56,,60,structural
21701,U+8995,覕,10,,60,structural
21702,U+8996,視,27,,60,structural
21703,U+8997,覗,27,,60,structural
21704,U+8998,覘,1,,60,structural
21705,U+8999,覙,27,,60,structural
21706,U+899A,覚,27,,60,structural
21707,U+899B,覛,27,,60,structural
21708,U+899C,覜,27,,60,structural
21709,U+899D,覝,42,,60,structural
21710,U+899E,覞,27,,60,structural
21711,U+899F,覟,27,,60,structural
21712,U+89A0,覠,21,,60,structural
21713,U+89A1,覡,46,,60,structural
21714,U+89A2,覢,42,,60,structural
21715,U+89A3,覣,31,,60,structural
21716,U+89A4,覤,27,,60,structural
21717,U+89A5,覥,58,,60,structural
21718,U+89A6,覦,26,,60,structural
21719,U+89A7,覧,13,,60,structural
21720,U+89A8,覨,21,,60,structural
21721,U+89A9,覩,24,,60,structural
21722,U+89AA,親,34,,60,structural
21723,U+89AB,覫,58,,60,structural
21724,U+89AC,覬,11,,60,structural
21725,U+89AD,覭,58,,60,structural
21726,U+89AE,覮,27,,60,structural
21727,U+89AF,覯,27,,60,structural
21728,U+89B0,覰,56,,60,structural
21729,U+89B1,覱,27,,60,structural
21730,U+89B2,覲,1,,60,structural
21731,U+89B3,観,27,,60,structural
21732,U+89B4,覴,27,,60,structural
21733,U+89B5,覵,27,,60,structural
21734,U+89B6,覶,27,,60,structural
21735,U+89B7,覷,56,,60,structural
21736,U+89B8,覸,24,,60,structural
21737,U+89B9,覹,27,,60,structural
21738,U+89BA,覺,27,,60,structural
21739,U+89BB,覻,27,,60,structural
21740,U+89BC,覼,53,,60,structural
21741,U+89BD,覽,56,,60,structural
21742,U+89BE,覾,11,,60,structural
21743,U+89BF,覿,32,,60,structural
21744,U+89C0,觀,36,,60,structural
21745,U+89C2,观,51,,60,structural
21746,U+89C3,觃,27,,60,structural
21747,U+89C4,规,49,,60,structural
21748,U+89C5,觅,27,,60,structural
21749,U+89C6,视,27,,60,structural
21750,U+89C7,觇,1,,60,structural
21751,U+89C8,览,13,,60,structural
21752,U+89C9,觉,27,,60,structural
21753,U+89CA,觊,11,,60,structural
21754,U+89CB,觋,46,,60,structural
21755,U+89CC,觌,20,,60,structural
21756,U+89CD,觍,58,,60,structural
21757,U+89CE,觎,26,,60,structural
21758,U+89CF,觏,27,,60,structural
21759,U+89D0,觐,1,,60,structural
21760,U+89D1,觑,56,,60,structural
21761,U+89D2,角,27,,60,structural
21762,U+89D3,觓,27,,60,structural
21763,U+89D4,觔,27,,60,structural
21764,U+89D5,觕,27,,60,structural
21765,U+89D6,觖,20,,60,structural
21766,U+89D7,觗,27,,60,structural
21767,U+89D8,觘,10,,60,structural
21768,U+89D9,觙,51,,60,structural
21769,U+89DA,觚,27,,60,structural
21770,U+89DB,觛,56,,60,structural
21771,U+89DC,觜,27,,60,structural
21772,U+89DD,觝,13,,60,structural
21773,U+89DE,觞,27,,60,structural
21774,U+89DF,觟,9,,60,structural
21775,U+89E0,觠,49,,60,structural
21776,U+89E1,觡,1,,60,structural
21777,U+89E2,觢,43,,60,structural
21778,U+89E3,解,27,,60,structural
21779,U+89E4,觤,27,,60,structural
21780,U+89E5,觥,56,,60,structural
21781,U+89E6,触,30,,60,structural
21782,U+89E7,觧,27,,60,structural
21783,U+89E8,觨,12,,60,structural
21784,U+89E9,觩,25,,60,structural
21785,U+89EA,觪,27,,60,structural
21786,U+89EB,觫,34,,60,structural
21787,U+89EC,觬,27,,60,structural
21788,U+89ED,觭,52,,60,structural
21789,U+89EE,觮,58,,60,structural
21790,U+89EF,觯,25,,60,structural
21791,U+89F0,觰,24,,60,structural
21792,U+89F1,觱,21,,60,structural
21793,U+89F2,觲,27,,60,structural
21794,U+89F3,觳,56,,60,structural
21795,U+89F4,觴,27,,60,structural
21796,U+89F5,觵,27,,60,structural
21797,U+89F6,觶,21,,60,structural
21798,U+89F7,觷,27,,60,structural
21799,U+89F8,觸,27,,60,structural
21800,U+89F9,觹,51,,60,structural
21801,U+89FA,觺,27,,60,structural
21802,U+89FB,觻,34,,60,structural
21803,U+89FC,觼,27,,60,structural
21804,U+89FD,觽,11,,60,structural
21805,U+89FE,觾,42,,60,structural
21806,U+89FF,觿,47,,60,structural
21807,U+8A00,言,5,,60,structural
21808,U+8A02,訂,52,,60,structural
21809,U+8A03,訃,5,,60,structural
21810,U+8A04,訄,5,,60,structural
21811,U+8A05,訅,5,,60,structural
21812,U+8A06,訆,5,,60,structural
21813,U+8A07,訇,5,,60,structural
21814,U+8A08,計,5,,60,structural
21815,U+8A09,訉,5,,60,structural
21816,U+8A0A,訊,5,,60,structural
21817,U+8A0B,訋,5,,60,structural
21818,U+8A0C,訌,5,,60,structural
21819,U+8A0D,訍,39,,60,structural
21820,U+8A0E,討,5,,60,structural
21821,U+8A0F,訏,5,,60,structural
21822,U+8A10,訐,5,,60,structural
21823,U+8A11,訑,5,,60,structural
21824,U+8A12,訒,5,,60,structural
21825,U+8A13,訓,5,,60,structural
21826,U+8A14,訔,5,,60,structural
21827,U+8A15,訕,5,,60,structural
21828,U+8A16,訖,5,,60,structural
21829,U+8A17,託,5,,60,structural
21830,U+8A18,記,5,,60,structural
21831,U+8A19,訙,13,,60,structural
21832,U+8A1A,訚,5,,60,structural
21833,U+8A1B,訛,5,,60,structural
21834,U+8A1C,訜,58,,60,structural
21835,U+8A1D,訝,5,,60,structural
21836,U+8A1E,訞,18,,60,structural
21837,U+8A1F,訟,16,,60,structural
21838,U+8A20,訠,5,,60,structural
21839,U+8A21,訡,13,,60,structural
21840,U+8A22,訢,5,,60,structural
21841,U+8A23,訣,5,,60,structural
21842,U+8A24,訤,5,,60,structural
21843,U+8A25,訥,5,,60,structural
21844,U+8A26,訦,5,,60,structural
21845,U+8A27,訧,5,,60,structural
21846,U+8A28,訨,5,,60,structural
21847,U+8A29,訩,5,,60,structural
21848,U+8A2A,訪,5,,60,structural
21849,U+8A2B,訫,5,,60,structural
21850,U+8A2C,訬,10,,60,structural
21851,U+8A2D,設,5,,60,structural
21852,U+8A2E,訮,5,,60,structural
21853,U+8A2F,訯,5,,60,structural
21854,U+8A30,訰,5,,60,structural
21855,U+8A31,許,5,,60,structural
21856,U+8A32,訲,59,,60,structural
21857,U+8A33,訳,5,,60,structural
21858,U+8A34,訴,5,,60,structural
21859,U+8A35,訵,5,,60,structural
21860,U+8A36,訶,52,,60,structural
21861,U+8A37,訷,5,,60,structural
21862,U+8A38,訸,5,,60,structural
21863,U+8A39,訹,34,,60,structural
21864,U+8A3A,診,46,,60,structural
21865,U+8A3B,註,9,,60,structural
21866,U+8A3C,証,5,,60,structural
21867,U+8A3D,訽,5,,60,structural
21868,U+8A3E,訾,5,,60,structural
21869,U+8A3F,訿,5,,60,structural
21870,U+8A40,詀,5,,60,structural
21871,U+8A41,詁,5,,60,structural
21872,U+8A42,詂,5,,60,structural
21873,U+8A43,詃,5,,60,structural
21874,U+8A44,詄,49,,60,structural
21875,U+8A45,詅,13,,60,structural
21876,U+8A46,詆,5,,60,structural
21877,U+8A47,詇,5,,60,structural
21878,U+8A48,詈,5,,60,structural
21879,U+8A49,詉,31,,60,structural
21880,U+8A4A,詊,43,,60,structural
21881,U+8A4B,詋,5,,60,structural
21882,U+8A4C,詌,5,,60,structural
21883,U+8A4D,詍,5,,60,structural
21884,U+8A4E,詎,5,,60,structural
21885,U+8A4F,詏,5,,60,structural
21886,U+8A50,詐,5,,60,structural
21887,U+8A51,詑,5,,60,structural
21888,U+8A52,詒,5,,60,structural
21889,U+8A53,詓,9,,60,structural
21890,U+8A54,詔,5,,60,structural
21891,U+8A55,評,5,,60,structural
21892,U+8A56,詖,5,,60,structural
21893,U+8A57,詗,5,,60,structural
21894,U+8A58,詘,5,,60,structural
21895,U+8A59,詙,39,,60,structural
21896,U+8A5A,詚,56,,60,structural
21897,U+8A5B,詛,5,,60,structural
21898,U+8A5C,詜,5,,60,structural
21899,U+8A5D,詝,41,,60,structural
21900,U+8A5E,詞,5,,60,structural
21901,U+8A5F,詟,5,,60,structural
21902,U+8A60,詠,5,,60,structural
21903,U+8A61,詡,5,,60,structural
21904,U+8A62,詢,24,,60,structural
21905,U+8A63,詣,24,,60,structural
21906,U+8A64,詤,5,,60,structural
21907,U+8A65,詥,26,,60,structural
21908,U+8A66,試,5,,60,structural
21909,U+8A67,詧,5,,60,structural
21910,U+8A68,詨,5,,60,structural
21911,U+8A69,詩,9,,60,structural
21912,U+8A6A,詪,5,,60,structural
21913,U+8A6B,詫,5,,60,structural
21914,U+8A6C,詬,5,,60,structural
21915,U+8A6D,詭,5,,60,structural
21916,U+8A6E,詮,33,,60,structural
21917,U+8A6F,詯,5,,60,structural
21918,U+8A70,詰,5,,60,structural
21919,U+8A71,話,5,,60,structural
21920,U+8A72,該,5,,60,structural
21921,U+8A73,詳,5,,60,structural
21922,U+8A74,詴,5,,60,structural
21923,U+8A75,詵,5,,60,structural
21924,U+8A76,詶,5,,60,structural
21925,U+8A77,詷,5,,60,structural
21926,U+8A78,詸,5,,60,structural
21927,U+8A79,詹,5,,60,structural
21928,U+8A7A,詺,4,,60,structural
21929,U+8A7B,詻,5,,60,structural
21930,U+8A7C,詼,42,,60,structural
21931,U+8A7D,詽,5,,60,structural
21932,U+8A7E,詾,10,,60,structural
21933,U+8A7F,詿,5,,60,structural
21934,U+8A80,誀,5,,60,structural
21935,U+8A81,誁,25,,60,structural
21936,U+8A82,誂,5,,60,structural
21937,U+8A83,誃,4,,60,structural
21938,U+8A84,誄,5,,60,structural
21939,U+8A85,誅,34,,60,structural
21940,U+8A86,誆,33,,60,structural
21941,U+8A87,誇,5,,60,structural
21942,U+8A88,誈,5,,60,structural
21943,U+8A89,誉,25,,60,structural
21944,U+8A8A,誊,49,,60,structural
21945,U+8A8B,誋,5,,60,structural
21946,U+8A8C,誌,5,,60,structural
21947,U+8A8D,認,10,,60,structural
21948,U+8A8E,誎,34,,60,structural
21949,U+8A8F,誏,5,,60,structural
21950,U+8A90,誐,5,,60,structural
21951,U+8A91,誑,33,,60,structural
21952,U+8A92,誒,5,,60,structural
21953,U+8A93,誓,3,,60,structural
21954,U+8A94,誔,10,,60,structural
21955,U+8A95,誕,5,,60,structural
21956,U+8A96,誖,5,,60,structural
21957,U+8A97,誗,5,,60,structural
21958,U+8A98,誘,5,,60,structural
21959,U+8A99,誙,5,,60,structural
21960,U+8A9A,誚,5,,60,structural
21961,U+8A9B,誛,5,,60,structural
21962,U+8A9C,誜,16,,60,structural
21963,U+8A9D,誝,13,,60,structural
21964,U+8A9E,語,21,,60,structural
21965,U+8A9F,誟,5,,60,structural
21966,U+8AA0,誠,5,,60,structural
21967,U+8AA1,誡,5,,60,structural
21968,U+8AA2,誢,5,,60,structural
21969,U+8AA3,誣,5,,60,structural
21970,U+8AA4,誤,21,,60,structural
21971,U+8AA5,誥,5,,60,structural
21972,U+8AA6,誦,5,,60,structural
21973,U+8AA7,誧,57,,60,structural
21974,U+8AA8,誨,5,,60,structural
21975,U+8AA9,誩,5,,60,structural
21976,U+8AAA,說,47,,60,structural
21977,U+8AAB,誫,5,,60,structural
21978,U+8AAC,説,47,,60,structural
21979,U+8AAD,読,5,,60,structural
21980,U+8AAE,誮,5,,60,structural
21981,U+8AAF,誯,24,,60,structural
21982,U+8AB0,誰,5,,60,structural
21983,U+8AB1,誱,5,,60,structural
21984,U+8AB2,課,24,,60,structural
21985,U+8AB3,誳,5,,60,structural
21986,U+8AB4,誴,5,,60,structural
21987,U+8AB5,誵,5,,60,structural
21988,U+8AB6,誶,5,,60,structural
21989,U+8AB7,誷,5,,60,structural
21990,U+8AB8,誸,5,,60,structural
21991,U+8AB9,誹,5,,60,structural
21992,U+8ABA,誺,34,,60,structural
21993,U+8ABB,誻,8,,60,structural
21994,U+8ABC,誼,41,,60,structural
21995,U+8ABD,誽,5,,60,structural
21996,U+8ABE,誾,5,,60,structural
21997,U+8ABF,調,5,,60,structural
21998,U+8AC0,諀,37,,60,structural
21999,U+8AC1,諁,5,,60,structural
22000,U+8AC2,諂,5,,60,structural
22001,U+8AC3,諃,34,,60,structural
22002,U+8AC4,諄,1,,60,structural
22003,U+8AC5,諅,25,,60,structural
22004,U+8AC6,諆,25,,60,structural
22005,U+8AC7,談,42,,60,structural
22006,U+8AC8,諈,56,,60,structural
22007,U+8AC9,諉,31,,60,structural
22008,U+8ACA,諊,5,,60,structural
22009,U+8ACB,請,9,,60,structural
22010,U+8ACC,諌,34,,60,structural
22011,U+8ACD,諍,52,,60,structural
22012,U+8ACE,諎,28,,60,structural
22013,U+8ACF,諏,0,,60,structural
22014,U+8AD0,諐,5,,60,structural
22015,U+8AD1,諑,5,,60,structural
22016,U+8AD2,諒,1,,60,structural
22017,U+8AD3,諓,5,,60,structural
22018,U+8AD4,諔,5,,60,structural
22019,U+8AD5,諕,5,,60,structural
22020,U+8AD6,論,26,,60,structural
22021,U+8AD7,諗,13,,60,structural
22022,U+8AD8,諘,5,,60,structural
22023,U+8AD9,諙,24,,60,structural
22024,U+8ADA,諚,5,,60,structural
22025,U+8ADB,諛,5,,60,structural
22026,U+8ADC,諜,2,,60,structural
22027,U+8ADD,諝,5,,60,structural
22028,U+8ADE,諞,5,,60,structural
22029,U+8ADF,諟,24,,60,structural
22030,U+8AE0,諠,41,,60,structural
22031,U+8AE1,諡,25,,60,structural
22032,U+8AE2,諢,5,,60,structural
22033,U+8AE3,諣,5,,60,structural
22034,U+8AE4,諤,21,,60,structural
22035,U+8AE5,諥,5,,60,structural
22036,U+8AE6,諦,53,,60,structural
22037,U+8AE7,諧,5,,60,structural
22038,U+8AE8,諨,5,,60,structural
22039,U+8AE9,諩,25,,60,structural
22040,U+8AEA,諪,52,,60,structural
22041,U+8AEB,諫,34,,60,structural
22042,U+8AEC,諬,5,,60,structural
22043,U+8AED,諭,26,,60,structural
22044,U+8AEE,諮,6,,60,structural
22045,U+8AEF,諯,5,,60,structural
22046,U+8AF0,諰,5,,60,structural
22047,U+8AF1,諱,5,,60,structural
22048,U+8AF2,諲,59,,60,structural
22049,U+8AF3,諳,5,,60,structural
22050,U+8AF4,諴,21,,60,structural
22051,U+8AF5,諵,5,,60,structural
22052,U+8AF6,諶,5,,60,structural
22053,U+8AF7,諷,5,,60,structural
22054,U+8AF8,諸,24,,60,structural
22055,U+8AF9,諹,56,,60,structural
22056,U+8AFA,諺,58,,60,structural
22057,U+8AFB,諻,33,,60,structural
22058,U+8AFC,諼,5,,60,structural
22059,U+8AFD,諽,5,,60,structural
22060,U+8AFE,諾,36,,60,structural
22061,U+8AFF,諿,5,,60,structural
22062,U+8B00,謀,34,,60,structural
22063,U+8B01,謁,24,,60,structural
22064,U+8B02,謂,5,,60,structural
22065,U+8B03,謃,24,,60,structural
22066,U+8B04,謄,49,,60,structural
22067,U+8B05,謅,5,,60,structural
22068,U+8B06,謆,5,,60,structural
22069,U+8B07,謇,5,,60,structural
22070,U+8B08,謈,28,,60,structural
22071,U+8B09,謉,5,,60,structural
22072,U+8B0A,謊,5,,60,structural
22073,U+8B0B,謋,34,,60,structural
22074,U+8B0C,謌,52,,60,structural
22075,U+8B0D,謍,5,,60,structural
22076,U+8B0E,謎,5,,60,structural
22077,U+8B0F,謏,5,,60,structural
22078,U+8B10,謐,5,,60,structural
22079,U+8B11,謑,5,,60,structural
22080,U+8B12,謒,26,,60,structural
22081,U+8B13,謓,25,,60,structural
22082,U+8B14,謔,5,,60,structural
22083,U+8B15,謕,5,,60,structural
22084,U+8B16,謖,16,,60,structural
22085,U+8B17,謗,58,,60,structural
22086,U+8B18,謘,5,,60,structural
22087,U+8B19,謙,25,,60,structural
22088,U+8B1A,謚,25,,60,structural
22089,U+8B1B,講,5,,60,structural
22090,U+8B1C,謜,5,,60,structural
22091,U+8B1D,謝,5,,60,structural
22092,U+8B1E,謞,5,,60,structural
22093,U+8B1F,謟,5,,60,structural
22094,U+8B20,謠,5,,60,structural
22095,U+8B21,謡,5,,60,structural
22096,U+8B22,謢,51,,60,structural
22097,U+8B23,謣,5,,60,structural
22098,U+8B24,謤,59,,60,structural
22099,U+8B25,謥,10,,60,structural
22100,U+8B26,謦,5,,60,structural
22101,U+8B27,謧,10,,60,structural
22102,U+8B28,謨,24,,60,structural
22103,U+8B29,謩,24,,60,structural
22104,U+8B2A,謪,47,,60,structural
22105,U+8B2B,謫,47,,60,structural
22106,U+8B2C,謬,46,,60,structural
22107,U+8B2D,謭,25,,60,structural
22108,U+8B2E,謮,32,,60,structural
22109,U+8B2F,謯,5,,60,structural
22110,U+8B30,謰,5,,60,structural
22111,U+8B31,謱,5,,60,structural
22112,U+8B32,謲,5,,60,structural
22113,U+8B33,謳,5,,60,structural
22114,U+8B34,謴,32,,60,structural
22115,U+8B35,謵,5,,60,structural
22116,U+8B36,謶,38,,60,structural
22117,U+8B37,謷,5,,60,structural
22118,U+8B38,謸,5,,60,structural
22119,U+8B39,謹,5,,60,structural
22120,U+8B3A,謺,13,,60,structural
22121,U+8B3B,謻,4,,60,structural
22122,U+8B3C,謼,5,,60,structural
22123,U+8B3D,謽,30,,60,structural
22124,U+8B3E,謾,24,,60,structural
22125,U+8B3F,謿,5,,60,structural
22126,U+8B40,譀,0,,60,structural
22127,U+8B41,譁,5,,60,structural
22128,U+8B42,譂,21,,60,structural
22129,U+8B43,譃,5,,60,structural
22130,U+8B44,譄,5,,60,structural
22131,U+8B45,譅,5,,60,structural
22132,U+8B46,譆,5,,60,structural
22133,U+8B47,譇,24,,60,structural
22134,U+8B48,譈,1,,60,structural
22135,U+8B49,證,5,,60,structural
22136,U+8B4A,譊,56,,60,structural
22137,U+8B4B,譋,5,,60,structural
22138,U+8B4C,譌,5,,60,structural
22139,U+8B4D,譍,38,,60,structural
22140,U+8B4E,譎,47,,60,structural
22141,U+8B4F,譏,5,,60,structural
22142,U+8B50,譐,58,,60,structural
22143,U+8B51,譑,18,,60,structural
22144,U+8B52,譒,5,,60,structural
22145,U+8B53,譓,5,,60,structural
22146,U+8B54,譔,28,,60,structural
22147,U+8B55,譕,42,,60,structural
22148,U+8B56,譖,24,,60,structural
22149,U+8B57,譗,26,,60,structural
22150,U+8B58,識,58,,60,structural
22151,U+8B59,譙,42,,60,structural
22152,U+8B5A,譚,28,,60,structural
22153,U+8B5B,譛,49,,60,structural
22154,U+8B5C,譜,25,,60,structural
22155,U+8B5D,譝,5,,60,structural
22156,U+8B5E,譞,5,,60,structural
22157,U+8B5F,譟,34,,60,structural
22158,U+8B60,譠,21,,60,structural
22159,U+8B61,譡,5,,60,structural
22160,U+8B62,譢,5,,60,structural
22161,U+8B63,譣,26,,60,structural
22162,U+8B64,譤,5,,60,structural
22163,U+8B65,譥,5,,60,structural
22164,U+8B66,警,36,,60,structural
22165,U+8B67,譧,25,,60,structural
22166,U+8B68,譨,5,,60,structural
22167,U+8B69,譩,14,,60,structural
22168,U+8B6A,譪,24,,60,structural
22169,U+8B6B,譫,5,,60,structural
22170,U+8B6C,譬,5,,60,structural
22171,U+8B6D,譭,5,,60,structural
22172,U+8B6E,譮,26,,60,structural
22173,U+8B6F,譯,9,,60,structural
22174,U+8B70,議,5,,60,structural
22175,U+8B71,譱,5,,60,structural
22176,U+8B72,譲,58,,60,structural
22177,U+8B73,譳,5,,60,structural
22178,U+8B74,譴,5,,60,structural
22179,U+8B75,譵,5,,60,structural
22180,U+8B76,譶,5,,60,structural
22181,U+8B77,護,51,,60,structural
22182,U+8B78,譸,45,,60,structural
22183,U+8B79,譹,1,,60,structural
22184,U+8B7A,譺,5,,60,structural
22185,U+8B7B,譻,5,,60,structural
22186,U+8B7C,譼,5,,60,structural
22187,U+8B7D,譽,25,,60,structural
22188,U+8B7E,譾,25,,60,structural
22189,U+8B7F,譿,43,,60,structural
22190,U+8B80,讀,32,,60,structural
22191,U+8B81,讁,47,,60,structural
22192,U+8B82,讂,5,,60,structural
22193,U+8B83,讃,49,,60,structural
22194,U+8B84,讄,5,,60,structural
22195,U+8B85,讅,5,,60,structural
22196,U+8B86,讆,52,,60,structural
22197,U+8B87,讇,5,,60,structural
22198,U+8B88,讈,5,,60,structural
22199,U+8B89,讉,5,,60,structural
22200,U+8B8A,變,5,,60,structural
22201,U+8B8B,讋,5,,60,structural
22202,U+8B8C,讌,42,,60,structural
22203,U+8B8D,讍,21,,60,structural
22204,U+8B8E,讎,5,,60,structural
22205,U+8B8F,讏,52,,60,structural
22206,U+8B90,讐,5,,60,structural
22207,U+8B91,讑,5,,60,structural
22208,U+8B92,讒,5,,60,structural
22209,U+8B93,讓,1,,60,structural
22210,U+8B94,讔,5,,60,structural
22211,U+8B95,讕,34,,60,structural
22212,U+8B96,讖,5,,60,structural
22213,U+8B97,讗,47,,60,structural
22214,U+8B98,讘,5,,60,structural
22215,U+8B99,讙,5,,60,structural
22216,U+8B9A,讚,5,,60,structural
22217,U+8B9B,讛,9,,60,structural
22218,U+8B9C,讜,5,,60,structural
22219,U+8B9D,讝,5,,60,structural
22220,U+8B9E,讞,5,,60,structural
22221,U+8B9F,讟,32,,60,structural
22222,U+8BA0,讠,5,,60,structural
22223,U+8BA1,计,5,,60,structural
22224,U+8BA2,订,52,,60,structural
22225,U+8BA3,讣,5,,60,structural
22226,U+8BA4,认,5,,60,structural
22227,U+8BA5,讥,5,,60,structural
22228,U+8BA6,讦,5,,60,structural
22229,U+8BA7,讧,5,,60,structural
22230,U+8BA8,讨,5,,60,structural
22231,U+8BA9,让,5,,60,structural
22232,U+8BAA,讪,5,,60,structural
22233,U+8BAB,讫,5,,60,structural
22234,U+8BAC,讬,5,,60,structural
22235,U+8BAD,训,5,,60,structural
22236,U+8BAE,议,5,,60,structural
22237,U+8BAF,讯,5,,60,structural
22238,U+8BB0,记,5,,60,structural
22239,U+8BB1,讱,5,,60,structural
22240,U+8BB2,讲,5,,60,structural
22241,U+8BB3,讳,5,,60,structural
22242,U+8BB4,讴,5,,60,structural
22243,U+8BB5,讵,5,,60,structural
22244,U+8BB6,讶,5,,60,structural
22245,U+8BB7,讷,5,,60,structural
22246,U+8BB8,许,5,,60,structural
22247,U+8BB9,讹,5,,60,structural
22248,U+8BBA,论,5,,60,structural
22249,U+8BBB,讻,5,,60,structural
22250,U+8BBC,讼,16,,60,structural
22251,U+8BBD,讽,5,,60,structural
22252,U+8BBE,设,5,,60,structural
22253,U+8BBF,访,5,,60,structural
22254,U+8BC0,诀,5,,60,structural
22255,U+8BC1,证,5,,60,structural
22256,U+8BC2,诂,5,,60,structural
22257,U+8BC3,诃,52,,60,structural
22258,U+8BC4,评,5,,60,structural
22259,U+8BC5,诅,5,,60,structural
22260,U+8BC6,识,47,,60,structural
22261,U+8BC7,诇,5,,60,structural
22262,U+8BC8,诈,5,,60,structural
22263,U+8BC9,诉,5,,60,structural
22264,U+8BCA,诊,46,,60,structural
22265,U+8BCB,诋,5,,60,structural
22266,U+8BCC,诌,5,,60,structural
22267,U+8BCD,词,5,,60,structural
22268,U+8BCE,诎,5,,60,structural
22269,U+8BCF,诏,5,,60,structural
22270,U+8BD0,诐,5,,60,structural
22271,U+8BD1,译,5,,60,structural
22272,U+8BD2,诒,5,,60,structural
22273,U+8BD3,诓,33,,60,structural
22274,U+8BD4,诔,5,,60,structural
22275,U+8BD5,试,5,,60,structural
22276,U+8BD6,诖,5,,60,structural
22277,U+8BD7,诗,9,,60,structural
22278,U+8BD8,诘,5,,60,structural
22279,U+8BD9,诙,42,,60,structural
22280,U+8BDA,诚,5,,60,structural
22281,U+8BDB,诛,34,,60,structural
22282,U+8BDC,诜,5,,60,structural
22283,U+8BDD,话,5,,60,structural
22284,U+8BDE,诞,5,,60,structural
22285,U+8BDF,诟,5,,60,structural
22286,U+8BE0,诠,33,,60,structural
22287,U+8BE1,诡,5,,60,structural
22288,U+8BE2,询,24,,60,structural
22289,U+8BE3,诣,24,,60,structural
22290,U+8BE4,诤,52,,60,structural
22291,U+8BE5,该,5,,60,structural
22292,U+8BE6,详,5,,60,structural
22293,U+8BE7,诧,5,,60,structural
22294,U+8BE8,诨,5,,60,structural
22295,U+8BE9,诩,5,,60,structural
22296,U+8BEA,诪,43,,60,structural
22297,U+8BEB,诫,5,,60,structural
22298,U+8BEC,诬,5,,60,structural
22299,U+8BED,语,21,,60,structural
22300,U+8BEE,诮,5,,60,structural
22301,U+8BEF,误,21,,60,structural
22302,U+8BF0,诰,5,,60,structural
22303,U+8BF1,诱,5,,60,structural
22304,U+8BF2,诲,5,,60,structural
22305,U+8BF3,诳,33,,60,structural
22306,U+8BF4,说,47,,60,structural
22307,U+8BF5,诵,5,,60,structural
22308,U+8BF6,诶,5,,60,structural
22309,U+8BF7,请,9,,60,structural
22310,U+8BF8,诸,24,,60,structural
22311,U+8BF9,诹,0,,60,structural
22312,U+8BFA,诺,36,,60,structural
22313,U+8BFB,读,5,,60,structural
22314,U+8BFC,诼,5,,60,structural
22315,U+8BFD,诽,5,,60,structural
22316,U+8BFE,课,24,,60,structural
22317,U+8BFF,诿,31,,60,structural
22318,U+8C00,谀,5,,60,structural
22319,U+8C01,谁,5,,60,structural
22320,U+8C02,谂,13,,60,structural
22321,U+8C03,调,5,,60,structural
22322,U+8C04,谄,5,,60,structural
22323,U+8C05,谅,1,,60,structural
22324,U+8C06,谆,1,,60,structural
22325,U+8C07,谇,5,,60,structural
22326,U+8C08,谈,42,,60,structural
22327,U+8C09,谉,5,,60,structural
22328,U+8C0A,谊,41,,60,structural
22329,U+8C0B,谋,34,,60,structural
22330,U+8C0C,谌,5,,60,structural
22331,U+8C0D,谍,2,,60,structural
22332,U+8C0E,谎,5,,60,structural
22333,U+8C0F,谏,34,,60,structural
22334,U+8C10,谐,5,,60,structural
22335,U+8C11,谑,5,,60,structural
22336,U+8C12,谒,24,,60,structural
22337,U+8C13,谓,5,,60,structural
22338,U+8C14,谔,21,,60,structural
22339,U+8C15,谕,26,,60,structural
22340,U+8C16,谖,5,,60,structural
22341,U+8C17,谗,5,,60,structural
22342,U+8C18,谘,6,,60,structural
22343,U+8C19,谙,5,,60,structural
22344,U+8C1A,谚,58,,60,structural
22345,U+8C1B,谛,53,,60,structural
22346,U+8C1C,谜,5,,60,structural
22347,U+8C1D,谝,5,,60,structural
22348,U+8C1E,谞,5,,60,structural
22349,U+8C1F,谟,24,,60,structural
22350,U+8C20,谠,5,,60,structural
22351,U+8C21,谡,16,,60,structural
22352,U+8C22,谢,5,,60,structural
22353,U+8C23,谣,5,,60,structural
22354,U+8C24,谤,58,,60,structural
22355,U+8C25,谥,25,,60,structural
22356,U+8C26,谦,25,,60,structural
22357,U+8C27,谧,5,,60,structural
22358,U+8C28,谨,5,,60,structural
22359,U+8C29,谩,24,,60,structural
22360,U+8C2A,谪,47,,60,structural
22361,U+8C2B,谫,25,,60,structural
22362,U+8C2C,谬,46,,60,structural
22363,U+8C2D,谭,28,,60,structural
22364,U+8C2E,谮,24,,60,structural
22365,U+8C2F,谯,42,,60,structural
22366,U+8C30,谰,34,,60,structural
22367,U+8C31,谱,25,,60,structural
22368,U+8C32,谲,47,,60,structural
22369,U+8C33,谳,5,,60,structural
22370,U+8C34,谴,5,,60,structural
22371,U+8C35,谵,5,,60,structural
22372,U+8C36,谶,5,,60,structural
22373,U+8C37,谷,27,,60,structural
22374,U+8C38,谸,37,,60,structural
22375,U+8C39,谹,27,,60,structural
22376,U+8C3A,谺,27,,60,structural
22377,U+8C3B,谻,43,,60,structural
22378,U+8C3C,谼,28,,60,structural
22379,U+8C3D,谽,13,,60,structural
22380,U+8C3E,谾,27,,60,structural
22381,U+8C3F,谿,27,,60,structural
22382,U+8C40,豀,27,,60,structural
22383,U+8C41,豁,1,,60,structural
22384,U+8C42,豂,46,,60,structural
22385,U+8C43,豃,0,,60,structural
22386,U+8C44,豄,32,,60,structural
22387,U+8C45,豅,27,,60,structural
22388,U+8C46,豆,27,,60,structural
22389,U+8C47,豇,27,,60,structural
22390,U+8C48,豈,11,,60,structural
22391,U+8C49,豉,27,,60,structural
22392,U+8C4A,豊,27,,60,structural
22393,U+8C4B,豋,6,,60,structural
22394,U+8C4C,豌,44,,60,structural
22395,U+8C4D,豍,37,,60,structural
22396,U+8C4E,豎,51,,60,structural
22397,U+8C4F,豏,25,,60,structural
22398,U+8C50,豐,27,,60,structural
22399,U+8C51,豑,58,,60,structural
22400,U+8C52,豒,58,,60,structural
22401,U+8C53,豓,13,,60,structural
22402,U+8C54,豔,9,,60,structural
22403,U+8C55,豕,56,,60,structural
22404,U+8C56,豖,13,,60,structural
22405,U+8C57,豗,56,,60,structural
22406,U+8C58,豘,10,,60,structural
22407,U+8C59,豙,27,,60,structural
22408,U+8C5A,豚,40,,60,structural
22409,U+8C5B,豛,27,,60,structural
22410,U+8C5C,豜,56,,60,structural
22411,U+8C5D,豝,27,,60,structural
22412,U+8C5E,豞,1,,60,structural
22413,U+8C5F,豟,13,,60,structural
22414,U+8C60,豠,56,,60,structural
22415,U+8C62,豢,49,,60,structural
22416,U+8C63,豣,27,,60,structural
22417,U+8C64,豤,27,,60,structural
22418,U+8C65,豥,46,,60,structural
22419,U+8C66,豦,27,,60,structural
22420,U+8C67,豧,57,,60,structural
22421,U+8C68,豨,10,,60,structural
22422,U+8C69,豩,27,,60,structural
22423,U+8C6A,豪,1,,60,structural
22424,U+8C6B,豫,27,,60,structural
22425,U+8C6C,豬,24,,60,structural
22426,U+8C6D,豭,51,,60,structural
22427,U+8C6E,豮,32,,60,structural
22428,U+8C6F,豯,27,,60,structural
22429,U+8C70,豰,56,,60,structural
22430,U+8C71,豱,24,,60,structural
22431,U+8C72,豲,27,,60,structural
22432,U+8C73,豳,11,,60,structural
22433,U+8C74,豴,47,,60,structural
22434,U+8C75,豵,46,,60,structural
22435,U+8C76,豶,32,,60,structural
22436,U+8C77,豷,27,,60,structural
22437,U+8C78,豸,27,,60,structural
22438,U+8C79,豹,13,,60,structural
22439,U+8C7A,豺,3,,60,structural
22440,U+8C7B,豻,27,,60,structural
22441,U+8C7C,豼,27,,60,structural
22442,U+8C7D,豽,46,,60,structural
22443,U+8C7E,豾,56,,60,structural
22444,U+8C7F,豿,1,,60,structural
22445,U+8C80,貀,27,,60,structural
22446,U+8C81,貁,27,,60,structural
22447,U+8C82,貂,1,,60,structural
22448,U+8C83,貃,27,,60,structural
22449,U+8C84,貄,27,,60,structural
22450,U+8C85,貅,34,,60,structural
22451,U+8C86,貆,56,,60,structural
22452,U+8C87,貇,27,,60,structural
22453,U+8C88,貈,27,,60,structural
22454,U+8C89,貉,1,,60,structural
22455,U+8C8A,貊,56,,60,structural
22456,U+8C8B,貋,24,,60,structural
22457,U+8C8C,貌,27,,60,structural
22458,U+8C8D,貍,27,,60,structural
22459,U+8C8E,貎,27,,60,structural
22460,U+8C8F,貏,37,,60,structural
22461,U+8C90,貐,26,,60,structural
22462,U+8C91,貑,51,,60,structural
22463,U+8C92,貒,11,,60,structural
22464,U+8C93,貓,36,,60,structural
22465,U+8C94,貔,27,,60,structural
22466,U+8C95,貕,27,,60,structural
22467,U+8C96,貖,25,,60,structural
22468,U+8C97,貗,31,,60,structural
22469,U+8C98,貘,24,,60,structural
22470,U+8C99,貙,1,,60,structural
22471,U+8C9A,貚,21,,60,structural
22472,U+8C9B,貛,36,,60,structural
22473,U+8C9C,貜,51,,60,structural
22474,U+8C9D,貝,58,,60,structural
22475,U+8C9E,貞,32,,60,structural
22476,U+8C9F,貟,32,,60,structural
22477,U+8CA0,負,32,,60,structural
22478,U+8CA1,財,3,,60,structural
22479,U+8CA2,貢,32,,60,structural
22480,U+8CA3,貣,32,,60,structural
22481,U+8CA4,貤,32,,60,structural
22482,U+8CA5,貥,32,,60,structural
22483,U+8CA6,貦,56,,60,structural
22484,U+8CA7,貧,58,,60,structural
22485,U+8CA8,貨,32,,60,structural
22486,U+8CA9,販,32,,60,structural
22487,U+8CAA,貪,13,,60,structural
22488,U+8CAB,貫,32,,60,structural
22489,U+8CAC,責,32,,60,structural
22490,U+8CAD,貭,32,,60,structural
22491,U+8CAE,貮,32,,60,structural
22492,U+8CAF,貯,41,,60,structural
22493,U+8CB0,貰,32,,60,structural
22494,U+8CB1,貱,32,,60,structural
22495,U+8CB2,貲,32,,60,structural
22496,U+8CB3,貳,32,,60,structural
22497,U+8CB4,貴,32,,60,structural
22498,U+8CB5,貵,32,,60,structural
22499,U+8CB6,貶,10,,60,structural
22500,U+8CB7,買,32,,60,structural
22501,U+8CB8,貸,32,,60,structural
22502,U+8CB9,貹,32,,60,structural
22503,U+8CBA,貺,54,,60,structural
22504,U+8CBB,費,10,,60,structural
22505,U+8CBC,貼,54,,60,structural
22506,U+8CBD,貽,54,,60,structural
22507,U+8CBE,貾,32,,60,structural
22508,U+8CBF,貿,32,,60,structural
22509,U+8CC0,賀,54,,60,structural
22510,U+8CC1,賁,32,,60,structural
22511,U+8CC2,賂,54,,60,structural
22512,U+8CC3,賃,46,,60,structural
22513,U+8CC4,賄,32,,60,structural
22514,U+8CC5,賅,32,,60,structural
22515,U+8CC6,賆,25,,60,structural
22516,U+8CC7,資,6,,60,structural
22517,U+8CC8,賈,59,,60,structural
22518,U+8CC9,賉,32,,60,structural
22519,U+8CCA,賊,32,,60,structural
22520,U+8CCB,賋,32,,60,structural
22521,U+8CCC,賌,32,,60,structural
22522,U+8CCD,賍,32,,60,structural
22523,U+8CCE,賎,32,,60,structural
22524,U+8CCF,賏,32,,60,structural
22525,U+8CD0,賐,16,,60,structural
22526,U+8CD1,賑,32,,60,structural
22527,U+8CD2,賒,32,,60,structural
22528,U+8CD3,賓,41,,60,structural
22529,U+8CD4,賔,27,,60,structural
22530,U+8CD5,賕,25,,60,structural
22531,U+8CD6,賖,26,,60,structural
22532,U+8CD7,賗,54,,60,structural
22533,U+8CD8,賘,38,,60,structural
22534,U+8CD9,賙,32,,60,structural
22535,U+8CDA,賚,32,,60,structural
22536,U+8CDB,賛,49,,60,structural
22537,U+8CDC,賜,24,,60,structural
22538,U+8CDD,賝,32,,60,structural
22539,U+8CDE,賞,32,,60,structural
22540,U+8CDF,賟,32,,60,structural
22541,U+8CE0,賠,54,,60,structural
22542,U+8CE1,賡,26,,60,structural
22543,U+8CE2,賢,32,,60,structural
22544,U+8CE3,賣,32,,60,structural
22545,U+8CE4,賤,32,,60,structural
22546,U+8CE5,賥,32,,60,structural
22547,U+8CE6,賦,32,,60,structural
22548,U+8CE7,賧,42,,60,structural
22549,U+8CE8,賨,32,,60,structural
22550,U+8CE9,賩,32,,60,structural
22551,U+8CEA,質,7,,60,structural
22552,U+8CEB,賫,32,,60,structural
22553,U+8CEC,賬,32,,60,structural
22554,U+8CED,賭,24,,60,structural
22555,U+8CEE,賮,32,,60,structural
22556,U+8CEF,賯,24,,60,structural
22557,U+8CF0,賰,32,,60,structural
22558,U+8CF1,賱,32,,60,structural
22559,U+8CF2,賲,54,,60,structural
22560,U+8CF3,賳,54,,60,structural
22561,U+8CF4,賴,32,,60,structural
22562,U+8CF5,賵,32,,60,structural
22563,U+8CF6,賶,26,,60,structural
22564,U+8CF7,賷,54,,60,structural
22565,U+8CF8,賸,49,,60,structural
22566,U+8CF9,賹,25,,60,structural
22567,U+8CFA,賺,25,,60,structural
22568,U+8CFB,賻,57,,60,structural
22569,U+8CFC,購,32,,60,structural
22570,U+8CFD,賽,32,,60,structural
22571,U+8CFE,賾,32,,60,structural
22572,U+8CFF,賿,46,,60,structural
22573,U+8D00,贀,32,,60,structural
22574,U+8D01,贁,32,,60,structural
22575,U+8D02,贂,32,,60,structural
22576,U+8D03,贃,54,,60,structural
22577,U+8D04,贄,13,,60,structural
22578,U+8D05,贅,32,,60,structural
22579,U+8D06,贆,32,,60,structural
22580,U+8D07,贇,32,,60,structural
22581,U+8D08,贈,32,,60,structural
22582,U+8D09,贉,28,,60,structural
22583,U+8D0A,贊,32,,60,structural
22584,U+8D0B,贋,32,,60,structural
22585,U+8D0C,贌,49,,60,structural
22586,U+8D0D,贍,5,,60,structural
22587,U+8D0E,贎,32,,60,structural
22588,U+8D0F,贏,57,,60,structural
22589,U+8D10,贐,32,,60,structural
22590,U+8D11,贑,32,,60,structural
22591,U+8D12,贒,54,,60,structural
22592,U+8D13,贓,32,,60,structural
22593,U+8D14,贔,32,,60,structural
22594,U+8D15,贕,32,,60,structural
22595,U+8D16,贖,32,,60,structural
22596,U+8D17,贗,32,,60,structural
22597,U+8D18,贘,32,,60,structural
22598,U+8D19,贙,32,,60,structural
22599,U+8D1A,贚,32,,60,structural
22600,U+8D1B,贛,32,,60,structural
22601,U+8D1C,贜,32,,60,structural
22602,U+8D1D,贝,32,,60,structural
22603,U+8D1E,贞,32,,60,structural
22604,U+8D1F,负,32,,60,structural
22605,U+8D20,贠,32,,60,structural
22606,U+8D21,贡,32,,60,structural
22607,U+8D22,财,3,,60,structural
22608,U+8D23,责,32,,60,structural
22609,U+8D24,贤,32,,60,structural
22610,U+8D25,败,32,,60,structural
22611,U+8D26,账,32,,60,structural
22612,U+8D27,货,32,,60,structural
22613,U+8D28,质,32,,60,structural
22614,U+8D29,贩,32,,60,structural
22615,U+8D2A,贪,13,,60,structural
22616,U+8D2B,贫,58,,60,structural
22617,U+8D2C,贬,10,,60,structural
22618,U+8D2D,购,32,,60,structural
22619,U+8D2E,贮,41,,60,structural
22620,U+8D2F,贯,32,,60,structural
22621,U+8D30,贰,32,,60,structural
22622,U+8D31,贱,32,,60,structural
22623,U+8D32,贲,32,,60,structural
22624,U+8D33,贳,32,,60,structural
22625,U+8D34,贴,54,,60,structural
22626,U+8D35,贵,32,,60,structural
22627,U+8D36,贶,54,,60,structural
22628,U+8D37,贷,32,,60,structural
22629,U+8D38,贸,32,,60,structural
22630,U+8D39,费,10,,60,structural
22631,U+8D3A,贺,54,,60,structural
22632,U+8D3B,贻,54,,60,structural
22633,U+8D3C,贼,32,,60,structural
22634,U+8D3D,贽,13,,60,structural
22635,U+8D3E,贾,59,,60,structural
22636,U+8D3F,贿,32,,60,structural
22637,U+8D40,赀,32,,60,structural
22638,U+8D41,赁,46,,60,structural
22639,U+8D42,赂,54,,60,structural
22640,U+8D43,赃,32,,60,structural
22641,U+8D44,资,6,,60,structural
22642,U+8D45,赅,32,,60,structural
22643,U+8D46,赆,32,,60,structural
22644,U+8D47,赇,25,,60,structural
22645,U+8D48,赈,32,,60,structural
22646,U+8D49,赉,32,,60,structural
22647,U+8D4A,赊,32,,60,structural
22648,U+8D4B,赋,32,,60,structural
22649,U+8D4C,赌,24,,60,structural
22650,U+8D4D,赍,32,,60,structural
22651,U+8D4E,赎,32,,60,structural
22652,U+8D4F,赏,32,,60,structural
22653,U+8D50,赐,24,,60,structural
22654,U+8D51,赑,32,,60,structural
22655,U+8D52,赒,32,,60,structural
22656,U+8D53,赓,26,,60,structural
22657,U+8D54,赔,54,,60,structural
22658,U+8D55,赕,42,,60,structural
22659,U+8D56,赖,32,,60,structural
22660,U+8D57,赗,32,,60,structural
22661,U+8D58,赘,32,,60,structural
22662,U+8D59,赙,57,,60,structural
22663,U+8D5A,赚,25,,60,structural
22664,U+8D5B,赛,32,,60,structural
22665,U+8D5C,赜,32,,60,structural
22666,U+8D5D,赝,32,,60,structural
22667,U+8D5E,赞,32,,60,structural
22668,U+8D5F,赟,32,,60,structural
22669,U+8D60,赠,32,,60,structural
22670,U+8D61,赡,5,,60,structural
22671,U+8D62,赢,57,,60,structural
22672,U+8D63,赣,32,,60,structural
22673,U+8D64,赤,9,,60,structural
22674,U+8D65,赥,6,,60,structural
22675,U+8D66,赦,27,,60,structural
22676,U+8D67,赧,27,,60,structural
22677,U+8D68,赨,30,,60,structural
22678,U+8D69,赩,27,,60,structural
22679,U+8D6A,赪,32,,60,structural
22680,U+8D6B,赫,27,,60,structural
22681,U+8D6C,赬,32,,60,structural
22682,U+8D6D,赭,24,,60,structural
22683,U+8D6E,赮,51,,60,structural
22684,U+8D6F,赯,59,,60,structural
22685,U+8D70,走,9,,60,structural
22686,U+8D71,赱,9,,60,structural
22687,U+8D72,赲,27,,60,structural
22688,U+8D73,赳,27,,60,structural
22689,U+8D74,赴,27,,60,structural
22690,U+8D75,赵,10,,60,structural
22691,U+8D76,赶,27,,60,structural
22692,U+8D77,起,27,,60,structural
22693,U+8D78,赸,11,,60,structural
22694,U+8D79,赹,6,,60,structural
22695,U+8D7A,赺,13,,60,structural
22696,U+8D7B,赻,10,,60,structural
22697,U+8D7C,赼,6,,60,structural
22698,U+8D7D,赽,20,,60,structural
22699,U+8D7E,赾,27,,60,structural
22700,U+8D7F,赿,27,,60,structural
22701,U+8D80,趀,27,,60,structural
22702,U+8D81,趁,46,,60,structural
22703,U+8D82,趂,27,,60,structural
22704,U+8D83,趃,49,,60,structural
22705,U+8D84,趄,56,,60,structural
22706,U+8D85,超,1,,60,structural
22707,U+8D86,趆,13,,60,structural
22708,U+8D87,趇,27,,60,structural
22709,U+8D88,趈,1,,60,structural
22710,U+8D89,趉,27,,60,structural
22711,U+8D8A,越,27,,60,structural
22712,U+8D8B,趋,27,,60,structural
22713,U+8D8C,趌,1,,60,structural
22714,U+8D8D,趍,4,,60,structural
22715,U+8D8E,趎,34,,60,structural
22716,U+8D8F,趏,27,,60,structural
22717,U+8D90,趐,27,,60,structural
22718,U+8D91,趑,6,,60,structural
22719,U+8D92,趒,27,,60,structural
22720,U+8D93,趓,34,,60,structural
22721,U+8D94,趔,27,,60,structural
22722,U+8D95,趕,24,,60,structural
22723,U+8D96,趖,9,,60,structural
22724,U+8D97,趗,17,,60,structural
22725,U+8D98,趘,27,,60,structural
22726,U+8D99,趙,27,,60,structural
22727,U+8D9A,趚,34,,60,structural
22728,U+8D9B,趛,29,,60,structural
22729,U+8D9C,趜,27,,60,structural
22730,U+8D9D,趝,13,,60,structural
22731,U+8D9E,趞,28,,60,structural
22732,U+8D9F,趟,1,,60,structural
22733,U+8DA0,趠,24,,60,structural
22734,U+8DA1,趡,51,,60,structural
22735,U+8DA2,趢,58,,60,structural
22736,U+8DA3,趣,0,,60,structural
22737,U+8DA4,趤,27,,60,structural
22738,U+8DA5,趥,58,,60,structural
22739,U+8DA6,趦,6,,60,structural
22740,U+8DA7,趧,24,,60,structural
22741,U+8DA8,趨,27,,60,structural
22742,U+8DA9,趩,28,,60,structural
22743,U+8DAA,趪,27,,60,structural
22744,U+8DAB,趫,18,,60,structural
22745,U+8DAC,趬,56,,60,structural
22746,U+8DAD,趭,42,,60,structural
22747,U+8DAE,趮,34,,60,structural
22748,U+8DAF,趯,51,,60,structural
22749,U+8DB0,趰,53,,60,structural
22750,U+8DB1,趱,32,,60,structural
22751,U+8DB2,趲,32,,60,structural
22752,U+8DB3,足,1,,60,structural
22753,U+8DB4,趴,58,,60,structural
22754,U+8DB5,趵,13,,60,structural
22755,U+8DB6,趶,17,,60,structural
22756,U+8DB7,趷,17,,60,structural
22757,U+8DB8,趸,56,,60,structural
22758,U+8DB9,趹,17,,60,structural
22759,U+8DBA,趺,49,,60,structural
22760,U+8DBB,趻,13,,60,structural
22761,U+8DBC,趼,56,,60,structural
22762,U+8DBD,趽,17,,60,structural
22763,U+8DBE,趾,17,,60,structural
22764,U+8DBF,趿,17,,60,structural
22765,U+8DC0,跀,17,,60,structural
22766,U+8DC1,跁,17,,60,structural
22767,U+8DC2,跂,17,,60,structural
22768,U+8DC3,跃,18,,60,structural
22769,U+8DC4,跄,46,,60,structural
22770,U+8DC5,跅,13,,60,structural
22771,U+8DC6,跆,1,,60,structural
22772,U+8DC7,跇,56,,60,structural
22773,U+8DC8,跈,46,,60,structural
22774,U+8DC9,跉,13,,60,structural
22775,U+8DCA,跊,34,,60,structural
22776,U+8DCB,跋,39,,60,structural
22777,U+8DCC,跌,49,,60,structural
22778,U+8DCD,跍,1,,60,structural
22779,U+8DCE,跎,17,,60,structural
22780,U+8DCF,跏,1,,60,structural
22781,U+8DD0,跐,17,,60,structural
22782,U+8DD1,跑,17,,60,structural
22783,U+8DD2,跒,52,,60,structural
22784,U+8DD3,跓,9,,60,structural
22785,U+8DD4,跔,1,,60,structural
22786,U+8DD5,跕,1,,60,structural
22787,U+8DD6,跖,17,,60,structural
22788,U+8DD7,跗,46,,60,structural
22789,U+8DD8,跘,43,,60,structural
22790,U+8DD9,跙,56,,60,structural
22791,U+8DDA,跚,17,,60,structural
22792,U+8DDB,跛,17,,60,structural
22793,U+8DDC,跜,17,,60,structural
22794,U+8DDD,距,17,,60,structural
22795,U+8DDE,跞,10,,60,structural
22796,U+8DDF,跟,17,,60,structural
22797,U+8DE0,跠,17,,60,structural
22798,U+8DE1,跡,17,,60,structural
22799,U+8DE2,跢,4,,60,structural
22800,U+8DE3,跣,17,,60,structural
22801,U+8DE4,跤,17,,60,structural
22802,U+8DE5,跥,34,,60,structural
22803,U+8DE6,跦,34,,60,structural
22804,U+8DE7,跧,33,,60,structural
22805,U+8DE8,跨,56,,60,structural
22806,U+8DE9,跩,17,,60,structural
22807,U+8DEA,跪,17,,60,structural
22808,U+8DEB,跫,13,,60,structural
22809,U+8DEC,跬,9,,60,structural
22810,U+8DED,跭,17,,60,structural
22811,U+8DEE,跮,17,,60,structural
22812,U+8DEF,路,1,,60,structural
22813,U+8DF0,跰,25,,60,structural
22814,U+8DF1,跱,9,,60,structural
22815,U+8DF2,跲,26,,60,structural
22816,U+8DF3,跳,17,,60,structural
22817,U+8DF4,跴,56,,60,structural
22818,U+8DF5,践,56,,60,structural
22819,U+8DF6,跶,17,,60,structural
22820,U+8DF7,跷,56,,60,structural
22821,U+8DF8,跸,17,,60,structural
22822,U+8DF9,跹,37,,60,structural
22823,U+8DFA,跺,34,,60,structural
22824,U+8DFB,跻,17,,60,structural
22825,U+8DFC,跼,1,,60,structural
22826,U+8DFD,跽,17,,60,structural
22827,U+8DFE,跾,46,,60,structural
22828,U+8DFF,跿,17,,60,structural
22829,U+8E00,踀,17,,60,structural
22830,U+8E01,踁,56,,60,structural
22831,U+8E02,踂,17,,60,structural
22832,U+8E03,踃,17,,60,structural
22833,U+8E04,踄,17,,60,structural
22834,U+8E05,踅,3,,60,structural
22835,U+8E06,踆,16,,60,structural
22836,U+8E07,踇,17,,60,structural
22837,U+8E08,踈,34,,60,structural
22838,U+8E09,踉,13,,60,structural
22839,U+8E0A,踊,17,,60,structural
22840,U+8E0B,踋,9,,60,structural
22841,U+8E0C,踌,43,,60,structural
22842,U+8E0D,踍,17,,60,structural
22843,U+8E0E,踎,21,,60,structural
22844,U+8E0F,踏,8,,60,structural
22845,U+8E10,踐,17,,60,structural
22846,U+8E11,踑,25,,60,structural
22847,U+8E12,踒,31,,60,structural
22848,U+8E13,踓,17,,60,structural
22849,U+8E14,踔,24,,60,structural
22850,U+8E15,踕,17,,60,structural
22851,U+8E16,踖,28,,60,structural
22852,U+8E17,踗,13,,60,structural
22853,U+8E18,踘,17,,60,structural
22854,U+8E19,踙,0,,60,structural
22855,U+8E1A,踚,26,,60,structural
22856,U+8E1B,踛,9,,60,structural
22857,U+8E1C,踜,16,,60,structural
22858,U+8E1D,踝,24,,60,structural
22859,U+8E1E,踞,1,,60,structural
22860,U+8E1F,踟,1,,60,structural
22861,U+8E20,踠,44,,60,structural
22862,U+8E21,踡,49,,60,structural
22863,U+8E22,踢,24,,60,structural
22864,U+8E23,踣,1,,60,structural
22865,U+8E24,踤,17,,60,structural
22866,U+8E25,踥,31,,60,structural
22867,U+8E26,踦,52,,60,structural
22868,U+8E27,踧,56,,60,structural
22869,U+8E28,踨,46,,60,structural
22870,U+8E29,踩,34,,60,structural
22871,U+8E2A,踪,17,,60,structural
22872,U+8E2B,踫,25,,60,structural
22873,U+8E2C,踬,32,,60,structural
22874,U+8E2D,踭,52,,60,structural
22875,U+8E2E,踮,1,,60,structural
22876,U+8E2F,踯,25,,60,structural
22877,U+8E30,踰,26,,60,structural
22878,U+8E31,踱,38,,60,structural
22879,U+8E32,踲,17,,60,structural
22880,U+8E33,踳,24,,60,structural
22881,U+8E34,踴,17,,60,structural
22882,U+8E35,踵,17,,60,structural
22883,U+8E36,踶,24,,60,structural
22884,U+8E37,踷,24,,60,structural
22885,U+8E38,踸,17,,60,structural
22886,U+8E39,踹,17,,60,structural
22887,U+8E3A,踺,17,,60,structural
22888,U+8E3B,踻,1,,60,structural
22889,U+8E3C,踼,56,,60,structural
22890,U+8E3D,踽,17,,60,structural
22891,U+8E3E,踾,17,,60,structural
22892,U+8E3F,踿,42,,60,structural
22893,U+8E40,蹀,2,,60,structural
22894,U+8E41,蹁,13,,60,structural
22895,U+8E42,蹂,34,,60,structural
22896,U+8E43,蹃,36,,60,structural
22897,U+8E44,蹄,53,,60,structural
22898,U+8E45,蹅,2,,60,structural
22899,U+8E46,蹆,17,,60,structural
22900,U+8E47,蹇,17,,60,structural
22901,U+8E48,蹈,17,,60,structural
22902,U+8E49,蹉,17,,60,structural
22903,U+8E4A,蹊,17,,60,structural
22904,U+8E4B,蹋,17,,60,structural
22905,U+8E4C,蹌,26,,60,structural
22906,U+8E4D,蹍,28,,60,structural
22907,U+8E4E,蹎,25,,60,structural
22908,U+8E4F,蹏,17,,60,structural
22909,U+8E50,蹐,46,,60,structural
22910,U+8E51,蹑,0,,60,structural
22911,U+8E52,蹒,53,,60,structural
22912,U+8E53,蹓,17,,60,structural
22913,U+8E54,蹔,17,,60,structural
22914,U+8E55,蹕,56,,60,structural
22915,U+8E56,蹖,17,,60,structural
22916,U+8E57,蹗,17,,60,structural
22917,U+8E58,蹘,46,,60,structural
22918,U+8E59,蹙,56,,60,structural
22919,U+8E5A,蹚,9,,60,structural
22920,U+8E5B,蹛,53,,60,structural
22921,U+8E5C,蹜,41,,60,structural
22922,U+8E5D,蹝,17,,60,structural
22923,U+8E5E,蹞,19,,60,structural
22924,U+8E5F,蹟,32,,60,structural
22925,U+8E60,蹠,38,,60,structural
22926,U+8E61,蹡,6,,60,structural
22927,U+8E62,蹢,47,,60,structural
22928,U+8E63,蹣,53,,60,structural
22929,U+8E64,蹤,46,,60,structural
22930,U+8E65,蹥,17,,60,structural
22931,U+8E66,蹦,40,,60,structural
22932,U+8E67,蹧,56,,60,structural
22933,U+8E68,蹨,42,,60,structural
22934,U+8E69,蹩,53,,60,structural
22935,U+8E6A,蹪,32,,60,structural
22936,U+8E6B,蹫,47,,60,structural
22937,U+8E6C,蹬,17,,60,structural
22938,U+8E6D,蹭,58,,60,structural
22939,U+8E6E,蹮,59,,60,structural
22940,U+8E6F,蹯,17,,60,structural
22941,U+8E70,蹰,17,,60,structural
22942,U+8E71,蹱,17,,60,structural
22943,U+8E72,蹲,58,,60,structural
22944,U+8E73,蹳,17,,60,structural
22945,U+8E74,蹴,1,,60,structural
22946,U+8E75,蹵,1,,60,structural
22947,U+8E76,蹶,25,,60,structural
22948,U+8E77,蹷,25,,60,structural
22949,U+8E78,蹸,17,,60,structural
22950,U+8E79,蹹,26,,60,structural
22951,U+8E7A,蹺,56,,60,structural
22952,U+8E7B,蹻,18,,60,structural
22953,U+8E7C,蹼,49,,60,structural
22954,U+8E7D,蹽,24,,60,structural
22955,U+8E7E,蹾,1,,60,structural
22956,U+8E7F,蹿,59,,60,structural
22957,U+8E80,躀,32,,60,structural
22958,U+8E81,躁,34,,60,structural
22959,U+8E82,躂,17,,60,structural
22960,U+8E83,躃,17,,60,structural
22961,U+8E84,躄,17,,60,structural
22962,U+8E85,躅,17,,60,structural
22963,U+8E86,躆,17,,60,structural
22964,U+8E87,躇,24,,60,structural
22965,U+8E88,躈,17,,60,structural
22966,U+8E89,躉,36,,60,structural
22967,U+8E8A,躊,45,,60,structural
22968,U+8E8B,躋,17,,60,structural
22969,U+8E8C,躌,56,,60,structural
22970,U+8E8D,躍,17,,60,structural
22971,U+8E8E,躎,53,,60,structural
22972,U+8E8F,躏,36,,60,structural
22973,U+8E90,躐,10,,60,structural
22974,U+8E91,躑,58,,60,structural
22975,U+8E92,躒,34,,60,structural
22976,U+8E93,躓,7,,60,structural
22977,U+8E94,躔,38,,60,structural
22978,U+8E95,躕,38,,60,structural
22979,U+8E96,躖,17,,60,structural
22980,U+8E97,躗,52,,60,structural
22981,U+8E98,躘,17,,60,structural
22982,U+8E99,躙,17,,60,structural
22983,U+8E9A,躚,59,,60,structural
22984,U+8E9B,躛,52,,60,structural
22985,U+8E9C,躜,32,,60,structural
22986,U+8E9D,躝,34,,60,structural
22987,U+8E9E,躞,42,,60,structural
22988,U+8E9F,躟,1,,60,structural
22989,U+8EA0,躠,36,,60,structural
22990,U+8EA1,躡,0,,60,structural
22991,U+8EA2,躢,17,,60,structural
22992,U+8EA3,躣,17,,60,structural
22993,U+8EA4,躤,28,,60,structural
22994,U+8EA5,躥,17,,60,structural
22995,U+8EA6,躦,32,,60,structural
22996,U+8EA7,躧,17,,60,structural
22997,U+8EA8,躨,25,,60,structural
22998,U+8EA9,躩,51,,60,structural
22999,U+8EAA,躪,36,,60,structural
23000,U+8EAB,身,27,,60,structural
23001,U+8EAC,躬,27,,60,structural
23002,U+8EAD,躭,27,,60,structural
23003,U+8EAE,躮,58,,60,structural
23004,U+8EAF,躯,10,,60,structural
23005,U+8EB0,躰,34,,60,structural
23006,U+8EB1,躱,34,,60,structural
23007,U+8EB2,躲,34,,60,structural
23008,U+8EB3,躳,1,,60,structural
23009,U+8EB4,躴,13,,60,structural
23010,U+8EB5,躵,10,,60,structural
23011,U+8EB6,躶,24,,60,structural
23012,U+8EB7,躷,31,,60,structural
23013,U+8EB8,躸,52,,60,structural
23014,U+8EB9,躹,27,,60,structural
23015,U+8EBA,躺,1,,60,structural
23016,U+8EBB,躻,27,,60,structural
23017,U+8EBC,躼,27,,60,structural
23018,U+8EBD,躽,31,,60,structural
23019,U+8EBE,躾,20,,60,structural
23020,U+8EBF,躿,38,,60,structural
23021,U+8EC0,軀,1,,60,structural
23022,U+8EC1,軁,31,,60,structural
23023,U+8EC2,軂,27,,60,structural
23024,U+8EC3,軃,21,,60,structural
23025,U+8EC4,軄,58,,60,structural
23026,U+8EC5,軅,46,,60,structural
23027,U+8EC6,軆,27,,60,structural
23028,U+8EC7,軇,45,,60,structural
23029,U+8EC8,軈,38,,60,structural
23030,U+8EC9,軉,32,,60,structural
23031,U+8ECA,車,27,,60,structural
23032,U+8ECB,軋,27,,60,structural
23033,U+8ECC,軌,27,,60,structural
23034,U+8ECD,軍,27,,60,structural
23035,U+8ECE,軎,1,,60,structural
23036,U+8ECF,軏,56,,60,structural
23037,U+8ED0,軐,27,,60,structural
23038,U+8ED1,軑,20,,60,structural
23039,U+8ED2,軒,27,,60,structural
23040,U+8ED3,軓,13,,60,structural
23041,U+8ED4,軔,10,,60,structural
23042,U+8ED5,軕,11,,60,structural
23043,U+8ED6,軖,33,,60,structural
23044,U+8ED7,軗,27,,60,structural
23045,U+8ED8,軘,10,,60,structural
23046,U+8ED9,軙,27,,60,structural
23047,U+8EDA,軚,13,,60,structural
23048,U+8EDB,軛,27,,60,structural
23049,U+8EDC,軜,46,,60,structural
23050,U+8EDD,軝,27,,60,structural
23051,U+8EDE,軞,27,,60,structural
23052,U+8EDF,軟,6,,60,structural
23053,U+8EE0,軠,10,,60,structural
23054,U+8EE1,軡,13,,60,structural
23055,U+8EE2,転,17,,60,structural
23056,U+8EE3,軣,58,,60,structural
23057,U+8EE4,軤,10,,60,structural
23058,U+8EE5,軥,1,,60,structural
23059,U+8EE6,軦,1,,60,structural
23060,U+8EE7,軧,13,,60,structural
23061,U+8EE8,軨,13,,60,structural
23062,U+8EE9,軩,1,,60,structural
23063,U+8EEA,軪,27,,60,structural
23064,U+8EEB,軫,46,,60,structural
23065,U+8EEC,軬,20,,60,structural
23066,U+8EED,軭,33,,60,structural
23067,U+8EEE,軮,20,,60,structural
23068,U+8EEF,軯,58,,60,structural
23069,U+8EF0,軰,27,,60,structural
23070,U+8EF1,軱,27,,60,structural
23071,U+8EF2,軲,1,,60,structural
23072,U+8EF3,軳,27,,60,structural
23073,U+8EF4,軴,9,,60,structural
23074,U+8EF5,軵,46,,60,structural
23075,U+8EF6,軶,13,,60,structural
23076,U+8EF7,軷,39,,60,structural
23077,U+8EF8,軸,11,,60,structural
23078,U+8EF9,軹,47,,60,structural
23079,U+8EFA,軺,1,,60,structural
23080,U+8EFB,軻,52,,60,structural
23081,U+8EFC,軼,49,,60,structural
23082,U+8EFD,軽,9,,60,structural
23083,U+8EFE,軾,27,,60,structural
23084,U+8EFF,軿,25,,60,structural
23085,U+8F00,輀,27,,60,structural
23086,U+8F01,輁,28,,60,structural
23087,U+8F02,輂,28,,60,structural
23088,U+8F03,較,27,,60,structural
23089,U+8F04,輄,56,,60,structural
23090,U+8F05,輅,1,,60,structural
23091,U+8F06,輆,46,,60,structural
23092,U+8F07,輇,33,,60,structural
23093,U+8F08,輈,27,,60,structural
23094,U+8F09,載,27,,60,structural
23095,U+8F0A,輊,27,,60,structural
23096,U+8F0B,輋,11,,60,structural
23097,U+8F0C,輌,56,,60,structural
23098,U+8F0D,輍,27,,60,structural
23099,U+8F0E,輎,27,,60,structural
23100,U+8F0F,輏,27,,60,structural
23101,U+8F10,輐,41,,60,structural
23102,U+8F11,輑,21,,60,structural
23103,U+8F12,輒,27,,60,structural
23104,U+8F13,輓,27,,60,structural
23105,U+8F14,輔,57,,60,structural
23106,U+8F15,輕,56,,60,structural
23107,U+8F16,輖,27,,60,structural
23108,U+8F17,輗,27,,60,structural
23109,U+8F18,輘,16,,60,structural
23110,U+8F19,輙,0,,60,structural
23111,U+8F1A,輚,27,,60,structural
23112,U+8F1B,輛,53,,60,structural
23113,U+8F1C,輜,11,,60,structural
23114,U+8F1D,輝,56,,60,structural
23115,U+8F1E,輞,27,,60,structural
23116,U+8F1F,輟,51,,60,structural
23117,U+8F20,輠,24,,60,structural
23118,U+8F21,輡,27,,60,structural
23119,U+8F22,輢,52,,60,structural
23120,U+8F23,輣,40,,60,structural
23121,U+8F24,輤,9,,60,structural
23122,U+8F25,輥,24,,60,structural
23123,U+8F26,輦,49,,60,structural
23124,U+8F27,輧,10,,60,structural
23125,U+8F28,輨,27,,60,structural
23126,U+8F29,輩,27,,60,structural
23127,U+8F2A,輪,26,,60,structural
23128,U+8F2B,輫,27,,60,structural
23129,U+8F2C,輬,1,,60,structural
23130,U+8F2D,輭,20,,60,structural
23131,U+8F2E,輮,34,,60,structural
23132,U+8F2F,輯,1,,60,structural
23133,U+8F30,輰,56,,60,structural
23134,U+8F31,輱,21,,60,structural
23135,U+8F32,輲,11,,60,structural
23136,U+8F33,輳,56,,60,structural
23137,U+8F34,輴,27,,60,structural
23138,U+8F35,輵,24,,60,structural
23139,U+8F36,輶,58,,60,structural
23140,U+8F37,輷,5,,60,structural
23141,U+8F38,輸,26,,60,structural
23142,U+8F39,輹,24,,60,structural
23143,U+8F3A,輺,27,,60,structural
23144,U+8F3B,輻,11,,60,structural
23145,U+8F3C,輼,24,,60,structural
23146,U+8F3D,輽,20,,60,structural
23147,U+8F3E,輾,28,,60,structural
23148,U+8F3F,輿,25,,60,structural
23149,U+8F40,轀,27,,60,structural
23150,U+8F41,轁,27,,60,structural
23151,U+8F42,轂,56,,60,structural
23152,U+8F43,轃,20,,60,structural
23153,U+8F44,轄,1,,60,structural
23154,U+8F45,轅,27,,60,structural
23155,U+8F46,轆,27,,60,structural
23156,U+8F47,轇,46,,60,structural
23157,U+8F48,轈,24,,60,structural
23158,U+8F49,轉,27,,60,structural
23159,U+8F4A,轊,43,,60,structural
23160,U+8F4B,轋,27,,60,structural
23161,U+8F4C,轌,27,,60,structural
23162,U+8F4D,轍,27,,60,structural
23163,U+8F4E,轎,18,,60,structural
23164,U+8F4F,轏,27,,60,structural
23165,U+8F50,轐,49,,60,structural
23166,U+8F51,轑,24,,60,structural
23167,U+8F52,轒,32,,60,structural
23168,U+8F53,轓,11,,60,structural
23169,U+8F54,轔,27,,60,structural
23170,U+8F55,轕,24,,60,structural
23171,U+8F56,轖,9,,60,structural
23172,U+8F57,轗,21,,60,structural
23173,U+8F58,轘,27,,60,structural
23174,U+8F59,轙,27,,60,structural
23175,U+8F5A,轚,27,,60,structural
23176,U+8F5B,轛,56,,60,structural
23177,U+8F5C,轜,27,,60,structural
23178,U+8F5D,轝,25,,60,structural
23179,U+8F5E,轞,13,,60,structural
23180,U+8F5F,轟,27,,60,structural
23181,U+8F60,轠,11,,60,structural
23182,U+8F61,轡,1,,60,structural
23183,U+8F62,轢,34,,60,structural
23184,U+8F63,轣,20,,60,structural
23185,U+8F64,轤,11,,60,structural
23186,U+8F65,轥,36,,60,structural
23187,U+8F66,车,27,,60,structural
23188,U+8F67,轧,27,,60,structural
23189,U+8F68,轨,27,,60,structural
23190,U+8F69,轩,27,,60,structural
23191,U+8F6A,轪,20,,60,structural
23192,U+8F6B,轫,10,,60,structural
23193,U+8F6C,转,56,,60,structural
23194,U+8F6D,轭,27,,60,structural
23195,U+8F6E,轮,46,,60,structural
23196,U+8F6F,软,6,,60,structural
23197,U+8F70,轰,51,,60,structural
23198,U+8F71,轱,1,,60,structural
23199,U+8F72,轲,52,,60,structural
23200,U+8F73,轳,27,,60,structural
23201,U+8F74,轴,11,,60,structural
23202,U+8F75,轵,47,,60,structural
23203,U+8F76,轶,49,,60,structural
23204,U+8F77,轷,10,,60,structural
23205,U+8F78,轸,46,,60,structural
23206,U+8F79,轹,10,,60,structural
23207,U+8F7A,轺,1,,60,structural
23208,U+8F7B,轻,27,,60,structural
23209,U+8F7C,轼,27,,60,structural
23210,U+8F7D,载,27,,60,structural
23211,U+8F7E,轾,27,,60,structural
23212,U+8F7F,轿,18,,60,structural
23213,U+8F80,辀,27,,60,structural
23214,U+8F81,辁,33,,60,structural
23215,U+8F82,辂,1,,60,structural
23216,U+8F83,较,27,,60,structural
23217,U+8F84,辄,27,,60,structural
23218,U+8F85,辅,57,,60,structural
23219,U+8F86,辆,26,,60,structural
23220,U+8F87,辇,49,,60,structural
23221,U+8F88,辈,27,,60,structural
23222,U+8F89,辉,56,,60,structural
23223,U+8F8A,辊,24,,60,structural
23224,U+8F8B,辋,27,,60,structural
23225,U+8F8C,辌,1,,60,structural
23226,U+8F8D,辍,51,,60,structural
23227,U+8F8E,辎,11,,60,structural
23228,U+8F8F,辏,56,,60,structural
23229,U+8F90,辐,11,,60,structural
23230,U+8F91,辑,1,,60,structural
23231,U+8F92,辒,24,,60,structural
23232,U+8F93,输,26,,60,structural
23233,U+8F94,辔,15,,60,structural
23234,U+8F95,辕,27,,60,structural
23235,U+8F96,辖,1,,60,structural
23236,U+8F97,辗,28,,60,structural
23237,U+8F98,辘,27,,60,structural
23238,U+8F99,辙,27,,60,structural
23239,U+8F9A,辚,27,,60,structural
23240,U+8F9B,辛,27,,60,structural
23241,U+8F9C,辜,1,,60,structural
23242,U+8F9D,辝,1,,60,structural
23243,U+8F9E,辞,27,,60,structural
23244,U+8F9F,辟,27,,60,structural
23245,U+8FA0,辠,27,,60,structural
23246,U+8FA1,辡,27,,60,structural
23247,U+8FA2,辢,34,,60,structural
23248,U+8FA3,辣,34,,60,structural
23249,U+8FA4,辤,51,,60,structural
23250,U+8FA5,辥,27,,60,structural
23251,U+8FA6,辦,27,,60,structural
23252,U+8FA7,辧,27,,60,structural
23253,U+8FA8,辨,27,,60,structural
23254,U+8FA9,辩,5,,60,structural
23255,U+8FAA,辪,27,,60,structural
23256,U+8FAB,辫,15,,60,structural
23257,U+8FAC,辬,27,,60,structural
23258,U+8FAD,辭,27,,60,structural
23259,U+8FAE,辮,15,,60,structural
23260,U+8FAF,辯,5,,60,structural
23261,U+8FB0,辰,10,,60,structural
23262,U+8FB1,辱,27,,60,structural
23263,U+8FB2,農,27,,60,structural
23264,U+8FB3,辳,34,,60,structural
23265,U+8FB4,辴,21,,60,structural
23266,U+8FB5,辵,27,,60,structural
23267,U+8FB6,辶,27,,60,structural
23268,U+8FB7,辷,56,,60,structural
23269,U+8FB8,辸,10,,60,structural
23270,U+8FB9,边,27,,60,structural
23271,U+8FBA,辺,27,,60,structural
23272,U+8FBB,辻,27,,60,structural
23273,U+8FBC,込,27,,60,structural
23274,U+8FBD,辽,27,,60,structural
23275,U+8FBE,达,20,,60,structural
23276,U+8FBF,辿,11,,60,structural
23277,U+8FC0,迀,27,,60,structural
23278,U+8FC1,迁,37,,60,structural
23279,U+8FC2,迂,17,,60,structural
23280,U+8FC3,迃,56,,60,structural
23281,U+8FC4,迄,27,,60,structural
23282,U+8FC5,迅,27,,60,structural
23283,U+8FC6,迆,27,,60,structural
23284,U+8FC7,过,27,,60,structural
23285,U+8FC8,迈,56,,60,structural
23286,U+8FC9,迉,27,,60,structural
23287,U+8FCA,迊,53,,60,structural
23288,U+8FCB,迋,33,,60,structural
23289,U+8FCC,迌,27,,60,structural
23290,U+8FCD,迍,10,,60,structural
23291,U+8FCE,迎,27,,60,structural
23292,U+8FCF,迏,13,,60,structural
23293,U+8FD0,运,17,,60,structural
23294,U+8FD1,近,27,,60,structural
23295,U+8FD2,迒,27,,60,structural
23296,U+8FD3,迓,27,,60,structural
23297,U+8FD4,返,51,,60,structural
23298,U+8FD5,迕,27,,60,structural
23299,U+8FD6,迖,27,,60,structural
23300,U+8FD7,迗,56,,60,structural
23301,U+8FD8,还,56,,60,structural
23302,U+8FD9,这,27,,60,structural
23303,U+8FDA,迚,59,,60,structural
23304,U+8FDB,进,17,,60,structural
23305,U+8FDC,远,56,,60,structural
23306,U+8FDD,违,27,,60,structural
23307,U+8FDE,连,27,,60,structural
23308,U+8FDF,迟,27,,60,structural
23309,U+8FE0,迠,1,,60,structural
23310,U+8FE1,迡,27,,60,structural
23311,U+8FE2,迢,1,,60,structural
23312,U+8FE3,迣,56,,60,structural
23313,U+8FE4,迤,27,,60,structural
23314,U+8FE5,迥,1,,60,structural
23315,U+8FE6,迦,1,,60,structural
23316,U+8FE7,迧,11,,60,structural
23317,U+8FE8,迨,1,,60,structural
23318,U+8FE9,迩,27,,60,structural
23319,U+8FEA,迪,11,,60,structural
23320,U+8FEB,迫,27,,60,structural
23321,U+8FEC,迬,9,,60,structural
23322,U+8FED,迭,49,,60,structural
23323,U+8FEE,迮,10,,60,structural
23324,U+8FEF,迯,4,,60,structural
23325,U+8FF0,述,34,,60,structural
23326,U+8FF1,迱,27,,60,structural
23327,U+8FF2,迲,9,,60,structural
23328,U+8FF3,迳,27,,60,structural
23329,U+8FF4,迴,1,,60,structural
23330,U+8FF5,迵,1,,60,structural
23331,U+8FF6,迶,27,,60,structural
23332,U+8FF7,迷,27,,60,structural
23333,U+8FF8,迸,25,,60,structural
23334,U+8FF9,迹,27,,60,structural
23335,U+8FFA,迺,56,,60,structural
23336,U+8FFB,迻,4,,60,structural
23337,U+8FFC,迼,1,,60,structural
23338,U+8FFD,追,27,,60,structural
23339,U+8FFE,迾,27,,60,structural
23340,U+8FFF,迿,24,,60,structural
23341,U+9000,退,27,,60,structural
23342,U+9001,送,25,,60,structural
23343,U+9002,适,27,,60,structural
23344,U+9003,逃,27,,60,structural
23345,U+9004,逄,27,,60,structural
23346,U+9005,逅,1,,60,structural
23347,U+9006,逆,25,,60,structural
23348,U+9007,逇,9,,60,structural
23349,U+9008,逈,18,,60,structural
23350,U+9009,选,27,,60,structural
23351,U+900A,逊,27,,60,structural
23352,U+900B,逋,57,,60,structural
23353,U+900C,逌,27,,60,structural
23354,U+900D,逍,27,,60,structural
23355,U+900E,逎,27,,60,structural
23356,U+900F,透,10,,60,structural
23357,U+9010,逐,27,,60,structural
23358,U+9011,逑,25,,60,structural
23359,U+9012,递,58,,60,structural
23360,U+9013,逓,43,,60,structural
23361,U+9014,途,26,,60,structural
23362,U+9015,逕,56,,60,structural
23363,U+9016,逖,42,,60,structural
23364,U+9017,逗,27,,60,structural
23365,U+9018,逘,27,,60,structural
23366,U+9019,這,5,,60,structural
23367,U+901A,通,27,,60,structural
23368,U+901B,逛,33,,60,structural
23369,U+901C,逜,21,,60,structural
23370,U+901D,逝,3,,60,structural
23371,U+901E,逞,33,,60,structural
23372,U+901F,速,34,,60,structural
23373,U+9020,造,1,,60,structural
23374,U+9021,逡,16,,60,structural
23375,U+9022,逢,43,,60,structural
23376,U+9023,連,27,,60,structural
23377,U+9024,逤,10,,60,structural
23378,U+9025,逥,27,,60,structural
23379,U+9026,逦,56,,60,structural
23380,U+9027,逧,27,,60,structural
23381,U+9028,逨,34,,60,structural
23382,U+9029,逩,20,,60,structural
23383,U+902A,逪,28,,60,structural
23384,U+902B,逫,51,,60,structural
23385,U+902C,逬,10,,60,structural
23386,U+902D,逭,27,,60,structural
23387,U+902E,逮,27,,60,structural
23388,U+902F,逯,58,,60,structural
23389,U+9030,逰,3,,60,structural
23390,U+9031,週,27,,60,structural
23391,U+9032,進,51,,60,structural
23392,U+9033,逳,27,,60,structural
23393,U+9034,逴,24,,60,structural
23394,U+9035,逵,9,,60,structural
23395,U+9036,逶,31,,60,structural
23396,U+9037,逷,24,,60,structural
23397,U+9038,逸,13,,60,structural
23398,U+9039,逹,9,,60,structural
23399,U+903A,逺,27,,60,structural
23400,U+903B,逻,4,,60,structural
23401,U+903C,逼,11,,60,structural
23402,U+903D,逽,36,,60,structural
23403,U+903E,逾,26,,60,structural
23404,U+903F,逿,56,,60,structural
23405,U+9040,遀,27,,60,structural
23406,U+9041,遁,27,,60,structural
23407,U+9042,遂,58,,60,structural
23408,U+9043,遃,58,,60,structural
23409,U+9044,遄,11,,60,structural
23410,U+9045,遅,27,,60,structural
23411,U+9046,遆,53,,60,structural
23412,U+9047,遇,27,,60,structural
23413,U+9048,遈,24,,60,structural
23414,U+9049,遉,32,,60,structural
23415,U+904A,遊,27,,60,structural
23416,U+904B,運,27,,60,structural
23417,U+904C,遌,21,,60,structural
23418,U+904D,遍,13,,60,structural
23419,U+904E,過,1,,60,structural
23420,U+904F,遏,24,,60,structural
23421,U+9050,遐,51,,60,structural
23422,U+9051,遑,33,,60,structural
23423,U+9052,遒,58,,60,structural
23424,U+9053,道,27,,60,structural
23425,U+9054,達,27,,60,structural
23426,U+9055,違,27,,60,structural
23427,U+9056,遖,27,,60,structural
23428,U+9057,遗,32,,60,structural
23429,U+9058,遘,27,,60,structural
23430,U+9059,遙,27,,60,structural
23431,U+905A,遚,51,,60,structural
23432,U+905B,遛,11,,60,structural
23433,U+905C,遜,15,,60,structural
23434,U+905D,遝,27,,60,structural
23435,U+905E,遞,27,,60,structural
23436,U+905F,遟,27,,60,structural
23437,U+9060,遠,27,,60,structural
23438,U+9061,遡,25,,60,structural
23439,U+9062,遢,27,,60,structural
23440,U+9063,遣,27,,60,structural
23441,U+9064,遤,50,,60,structural
23442,U+9065,遥,27,,60,structural
23443,U+9066,遦,32,,60,structural
23444,U+9067,遧,24,,60,structural
23445,U+9068,遨,27,,60,structural
23446,U+9069,適,47,,60,structural
23447,U+906A,遪,27,,60,structural
23448,U+906B,遫,34,,60,structural
23449,U+906C,遬,34,,60,structural
23450,U+906D,遭,56,,60,structural
23451,U+906E,遮,38,,60,structural
23452,U+906F,遯,40,,60,structural
23453,U+9070,遰,53,,60,structural
23454,U+9071,遱,31,,60,structural
23455,U+9072,遲,58,,60,structural
23456,U+9073,遳,9,,60,structural
23457,U+9074,遴,27,,60,structural
23458,U+9075,遵,58,,60,structural
23459,U+9076,遶,56,,60,structural
23460,U+9077,遷,59,,60,structural
23461,U+9078,選,28,,60,structural
23462,U+9079,遹,47,,60,structural
23463,U+907A,遺,32,,60,structural
23464,U+907B,遻,25,,60,structural
23465,U+907C,遼,24,,60,structural
23466,U+907D,遽,27,,60,structural
23467,U+907E,遾,23,,60,structural
23468,U+907F,避,27,,60,structural
23469,U+9080,邀,27,,60,structural
23470,U+9081,邁,36,,60,structural
23471,U+9082,邂,27,,60,structural
23472,U+9083,邃,58,,60,structural
23473,U+9084,還,27,,60,structural
23474,U+9085,邅,21,,60,structural
23475,U+9086,邆,27,,60,structural
23476,U+9087,邇,53,,60,structural
23477,U+9088,邈,27,,60,structural
23478,U+9089,邉,1,,60,structural
23479,U+908A,邊,27,,60,structural
23480,U+908B,邋,10,,60,structural
23481,U+908C,邌,58,,60,structural
23482,U+908D,邍,58,,60,structural
23483,U+908E,邎,5,,60,structural
23484,U+908F,邏,15,,60,structural
23485,U+9090,邐,27,,60,structural
23486,U+9091,邑,1,,60,structural
23487,U+9092,邒,52,,60,structural
23488,U+9093,邓,51,,60,structural
23489,U+9094,邔,27,,60,structural
23490,U+9095,邕,27,,60,structural
23491,U+9096,邖,11,,60,structural
23492,U+9097,邗,27,,60,structural
23493,U+9098,邘,17,,60,structural
23494,U+9099,邙,27,,60,structural
23495,U+909A,邚,31,,60,structural
23496,U+909B,邛,27,,60,structural
23497,U+909C,邜,4,,60,structural
23498,U+909D,邝,38,,60,structural
23499,U+909E,邞,49,,60,structural
23500,U+909F,邟,27,,60,structural
23501,U+90A0,邠,58,,60,structural
23502,U+90A1,邡,27,,60,structural
23503,U+90A2,邢,56,,60,structural
23504,U+90A3,那,17,,60,structural
23505,U+90A4,邤,27,,60,structural
23506,U+90A5,邥,27,,60,structural
23507,U+90A6,邦,43,,60,structural
23508,U+90A7,邧,56,,60,structural
23509,U+90A8,邨,10,,60,structural
23510,U+90A9,邩,42,,60,structural
23511,U+90AA,邪,27,,60,structural
23512,U+90AB,邫,43,,60,structural
23513,U+90AC,邬,56,,60,structural
23514,U+90AD,邭,1,,60,structural
23515,U+90AE,邮,11,,60,structural
23516,U+90AF,邯,27,,60,structural
23517,U+90B0,邰,1,,60,structural
23518,U+90B1,邱,56,,60,structural
23519,U+90B2,邲,10,,60,structural
23520,U+90B3,邳,56,,60,structural
23521,U+90B4,邴,26,,60,structural
23522,U+90B5,邵,1,,60,structural
23523,U+90B6,邶,27,,60,structural
23524,U+90B7,邷,27,,60,structural
23525,U+90B8,邸,13,,60,structural
23526,U+90B9,邹,27,,60,structural
23527,U+90BA,邺,56,,60,structural
23528,U+90BB,邻,13,,60,structural
23529,U+90BC,邼,33,,60,structural
23530,U+90BD,邽,9,,60,structural
23531,U+90BE,邾,34,,60,structural
23532,U+90BF,邿,9,,60,structural
23533,U+90C0,郀,56,,60,structural
23534,U+90C1,郁,27,,60,structural
23535,U+90C2,郂,46,,60,structural
23536,U+90C3,郃,26,,60,structural
23537,U+90C4,郄,27,,60,structural
23538,U+90C5,郅,27,,60,structural
23539,U+90C6,郆,1,,60,structural
23540,U+90C7,郇,24,,60,structural
23541,U+90C8,郈,1,,60,structural
23542,U+90C9,郉,27,,60,structural
23543,U+90CA,郊,27,,60,structural
23544,U+90CB,郋,27,,60,structural
23545,U+90CC,郌,9,,60,structural
23546,U+90CD,郍,27,,60,structural
23547,U+90CE,郎,13,,60,structural
23548,U+90CF,郏,49,,60,structural
23549,U+90D0,郐,49,,60,structural
23550,U+90D1,郑,25,,60,structural
23551,U+90D2,郒,13,,60,structural
23552,U+90D3,郓,27,,60,structural
23553,U+90D4,郔,10,,60,structural
23554,U+90D5,郕,27,,60,structural
23555,U+90D6,郖,27,,60,structural
23556,U+90D7,郗,10,,60,structural
23557,U+90D8,郘,1,,60,structural
23558,U+90D9,郙,57,,60,structural
23559,U+90DA,郚,21,,60,structural
23560,U+90DB,郛,27,,60,structural
23561,U+90DC,郜,1,,60,structural
23562,U+90DD,郝,27,,60,structural
23563,U+90DE,郞,13,,60,structural
23564,U+90DF,郟,46,,60,structural
23565,U+90E0,郠,56,,60,structural
23566,U+90E1,郡,21,,60,structural
23567,U+90E2,郢,33,,60,structural
23568,U+90E3,郣,27,,60,structural
23569,U+90E4,郤,27,,60,structural
23570,U+90E5,郥,32,,60,structural
23571,U+90E6,郦,56,,60,structural
23572,U+90E7,郧,54,,60,structural
23573,U+90E8,部,1,,60,structural
23574,U+90E9,郩,10,,60,structural
23575,U+90EA,郪,31,,60,structural
23576,U+90EB,郫,37,,60,structural
23577,U+90EC,郬,9,,60,structural
23578,U+90ED,郭,1,,60,structural
23579,U+90EE,郮,27,,60,structural
23580,U+90EF,郯,42,,60,structural
23581,U+90F0,郰,0,,60,structural
23582,U+90F1,郱,25,,60,structural
23583,U+90F2,郲,34,,60,structural
23584,U+90F3,郳,27,,60,structural
23585,U+90F4,郴,34,,60,structural
23586,U+90F5,郵,56,,60,structural
23587,U+90F6,郶,1,,60,structural
23588,U+90F7,郷,27,,60,structural
23589,U+90F8,郸,25,,60,structural
23590,U+90F9,郹,27,,60,structural
23591,U+90FA,郺,4,,60,structural
23592,U+90FB,郻,27,,60,structural
23593,U+90FC,郼,27,,60,structural
23594,U+90FD,都,24,,60,structural
23595,U+90FE,郾,31,,60,structural
23596,U+90FF,郿,27,,60,structural
23597,U+9100,鄀,36,,60,structural
23598,U+9101,鄁,27,,60,structural
23599,U+9102,鄂,21,,60,structural
23600,U+9103,鄃,26,,60,structural
23601,U+9104,鄄,59,,60,structural
23602,U+9105,鄅,27,,60,structural
23603,U+9106,鄆,27,,60,structural
23604,U+9107,鄇,46,,60,structural
23605,U+9108,鄈,56,,60,structural
23606,U+9109,鄉,13,,60,structural
23607,U+910A,鄊,0,,60,structural
23608,U+910B,鄋,51,,60,structural
23609,U+910C,鄌,59,,60,structural
23610,U+910D,鄍,58,,60,structural
23611,U+910E,鄎,27,,60,structural
23612,U+910F,鄏,27,,60,structural
23613,U+9110,鄐,11,,60,structural
23614,U+9111,鄑,56,,60,structural
23615,U+9112,鄒,27,,60,structural
23616,U+9113,鄓,27,,60,structural
23617,U+9114,鄔,42,,60,structural
23618,U+9115,鄕,27,,60,structural
23619,U+9116,鄖,54,,60,structural
23620,U+9117,鄗,27,,60,structural
23621,U+9118,鄘,38,,60,structural
23622,U+9119,鄙,1,,60,structural
23623,U+911A,鄚,24,,60,structural
23624,U+911B,鄛,24,,60,structural
23625,U+911C,鄜,27,,60,structural
23626,U+911D,鄝,46,,60,structural
23627,U+911E,鄞,1,,60,structural
23628,U+911F,鄟,27,,60,structural
23629,U+9120,鄠,56,,60,structural
23630,U+9121,鄡,34,,60,structural
23631,U+9122,鄢,42,,60,structural
23632,U+9123,鄣,24,,60,structural
23633,U+9124,鄤,24,,60,structural
23634,U+9125,鄥,22,,60,structural
23635,U+9126,鄦,42,,60,structural
23636,U+9127,鄧,27,,60,structural
23637,U+9128,鄨,53,,60,structural
23638,U+9129,鄩,1,,60,structural
23639,U+912A,鄪,10,,60,structural
23640,U+912B,鄫,58,,60,structural
23641,U+912C,鄬,27,,60,structural
23642,U+912D,鄭,58,,60,structural
23643,U+912E,鄮,32,,60,structural
23644,U+912F,鄯,25,,60,structural
23645,U+9130,鄰,27,,60,structural
23646,U+9131,鄱,11,,60,structural
23647,U+9132,鄲,21,,60,structural
23648,U+9133,鄳,27,,60,structural
23649,U+9134,鄴,56,,60,structural
23650,U+9135,鄵,34,,60,structural
23651,U+9136,鄶,26,,60,structural
23652,U+9137,鄷,27,,60,structural
23653,U+9138,鄸,4,,60,structural
23654,U+9139,鄹,0,,60,structural
23655,U+913A,鄺,38,,60,structural
23656,U+913B,鄻,49,,60,structural
23657,U+913C,鄼,49,,60,structural
23658,U+913D,鄽,38,,60,structural
23659,U+913E,鄾,27,,60,structural
23660,U+913F,鄿,21,,60,structural
23661,U+9140,酀,42,,60,structural
23662,U+9141,酁,13,,60,structural
23663,U+9142,酂,32,,60,structural
23664,U+9143,酃,27,,60,structural
23665,U+9144,酄,36,,60,structural
23666,U+9145,酅,47,,60,structural
23667,U+9146,酆,27,,60,structural
23668,U+9147,酇,32,,60,structural
23669,U+9148,酈,27,,60,structural
23670,U+9149,酉,27,,60,structural
23671,U+914A,酊,52,,60,structural
23672,U+914B,酋,58,,60,structural
23673,U+914C,酌,13,,60,structural
23674,U+914D,配,27,,60,structural
23675,U+914E,酎,27,,60,structural
23676,U+914F,酏,27,,60,structural
23677,U+9150,酐,27,,60,structural
23678,U+9151,酑,17,,60,structural
23679,U+9152,酒,12,,60,structural
23680,U+9153,酓,13,,60,structural
23681,U+9154,酔,27,,60,structural
23682,U+9155,酕,27,,60,structural
23683,U+9156,酖,27,,60,structural
23684,U+9157,酗,10,,60,structural
23685,U+9158,酘,27,,60,structural
23686,U+9159,酙,27,,60,structural
23687,U+915A,酚,58,,60,structural
23688,U+915B,酛,56,,60,structural
23689,U+915C,酜,49,,60,structural
23690,U+915D,酝,17,,60,structural
23691,U+915E,酞,13,,60,structural
23692,U+915F,酟,1,,60,structural
23693,U+9160,酠,52,,60,structural
23694,U+9161,酡,27,,60,structural
23695,U+9162,酢,10,,60,structural
23696,U+9163,酣,27,,60,structural
23697,U+9164,酤,1,,60,structural
23698,U+9165,酥,20,,60,structural
23699,U+9166,酦,51,,60,structural
23700,U+9167,酧,27,,60,structural
23701,U+9168,酨,27,,60,structural
23702,U+9169,酩,4,,60,structural
23703,U+916A,酪,1,,60,structural
23704,U+916B,酫,33,,60,structural
23705,U+916C,酬,27,,60,structural
23706,U+916D,酭,27,,60,structural
23707,U+916E,酮,1,,60,structural
23708,U+916F,酯,24,,60,structural
23709,U+9170,酰,27,,60,structural
23710,U+9171,酱,4,,60,structural
23711,U+9172,酲,33,,60,structural
23712,U+9173,酳,27,,60,structural
23713,U+9174,酴,26,,60,structural
23714,U+9175,酵,27,,60,structural
23715,U+9176,酶,27,,60,structural
23716,U+9177,酷,1,,60,structural
23717,U+9178,酸,16,,60,structural
23718,U+9179,酹,27,,60,structural
23719,U+917A,酺,57,,60,structural
23720,U+917B,酻,27,,60,structural
23721,U+917C,酼,27,,60,structural
23722,U+917D,酽,56,,60,structural
23723,U+917E,酾,56,,60,structural
23724,U+917F,酿,13,,60,structural
23725,U+9180,醀,51,,60,structural
23726,U+9181,醁,58,,60,structural
23727,U+9182,醂,34,,60,structural
23728,U+9183,醃,24,,60,structural
23729,U+9184,醄,27,,60,structural
23730,U+9185,醅,1,,60,structural
23731,U+9186,醆,27,,60,structural
23732,U+9187,醇,1,,60,structural
23733,U+9188,醈,42,,60,structural
23734,U+9189,醉,27,,60,structural
23735,U+918A,醊,51,,60,structural
23736,U+918B,醋,28,,60,structural
23737,U+918C,醌,24,,60,structural
23738,U+918D,醍,24,,60,structural
23739,U+918E,醎,21,,60,structural
23740,U+918F,醏,24,,60,structural
23741,U+9190,醐,57,,60,structural
23742,U+9191,醑,27,,60,structural
23743,U+9192,醒,24,,60,structural
23744,U+9193,醓,27,,60,structural
23745,U+9194,醔,42,,60,structural
23746,U+9195,醕,1,,60,structural
23747,U+9196,醖,24,,60,structural
23748,U+9197,醗,17,,60,structural
23749,U+9198,醘,9,,60,structural
23750,U+9199,醙,51,,60,structural
23751,U+919A,醚,27,,60,structural
23752,U+919B,醛,33,,60,structural
23753,U+919C,醜,27,,60,structural
23754,U+919D,醝,27,,60,structural
23755,U+919E,醞,27,,60,structural
23756,U+919F,醟,27,,60,structural
23757,U+91A0,醠,20,,60,structural
23758,U+91A1,醡,10,,60,structural
23759,U+91A2,醢,27,,60,structural
23760,U+91A3,醣,59,,60,structural
23761,U+91A4,醤,27,,60,structural
23762,U+91A5,醥,59,,60,structural
23763,U+91A6,醦,27,,60,structural
23764,U+91A7,醧,1,,60,structural
23765,U+91A8,醨,10,,60,structural
23766,U+91A9,醩,56,,60,structural
23767,U+91AA,醪,46,,60,structural
23768,U+91AB,醫,27,,60,structural
23769,U+91AC,醬,6,,60,structural
23770,U+91AD,醭,49,,60,structural
23771,U+91AE,醮,42,,60,structural
23772,U+91AF,醯,27,,60,structural
23773,U+91B0,醰,28,,60,structural
23774,U+91B1,醱,27,,60,structural
23775,U+91B2,醲,27,,60,structural
23776,U+91B3,醳,9,,60,structural
23777,U+91B4,醴,27,,60,structural
23778,U+91B5,醵,27,,60,structural
23779,U+91B6,醶,26,,60,structural
23780,U+91B7,醷,14,,60,structural
23781,U+91B8,醸,58,,60,structural
23782,U+91B9,醹,27,,60,structural
23783,U+91BA,醺,42,,60,structural
23784,U+91BB,醻,45,,60,structural
23785,U+91BC,醼,42,,60,structural
23786,U+91BD,醽,27,,60,structural
23787,U+91BE,醾,27,,60,structural
23788,U+91BF,醿,15,,60,structural
23789,U+91C0,釀,1,,60,structural
23790,U+91C1,釁,47,,60,structural
23791,U+91C2,釂,27,,60,structural
23792,U+91C3,釃,27,,60,structural
23793,U+91C4,釄,27,,60,structural
23794,U+91C5,釅,1,,60,structural
23795,U+91C6,釆,10,,60,structural
23796,U+91C7,采,34,,60,structural
23797,U+91C8,釈,27,,60,structural
23798,U+91C9,釉,11,,60,structural
23799,U+91CA,释,27,,60,structural
23800,U+91CB,釋,9,,60,structural
23801,U+91CC,里,56,,60,structural
23802,U+91CE,野,27,,60,structural
23803,U+91CF,量,56,,60,structural
23804,U+91D0,釐,27,,60,structural
23805,U+91D1,金,33,,60,structural
23806,U+91D3,釓,29,,60,structural
23807,U+91D4,釔,29,,60,structural
23808,U+91D5,釕,29,,60,structural
23809,U+91D6,釖,29,,60,structural
23810,U+91D7,釗,29,,60,structural
23811,U+91D8,釘,48,,60,structural
23812,U+91D9,釙,29,,60,structural
23813,U+91DA,釚,29,,60,structural
23814,U+91DB,釛,29,,60,structural
23815,U+91DC,釜,33,,60,structural
23816,U+91DD,針,29,,60,structural
23817,U+91DE,釞,29,,60,structural
23818,U+91DF,釟,29,,60,structural
23819,U+91E0,釠,29,,60,structural
23820,U+91E1,釡,29,,60,structural
23821,U+91E2,釢,29,,60,structural
23822,U+91E3,釣,29,,60,structural
23823,U+91E4,釤,29,,60,structural
23824,U+91E5,釥,29,,60,structural
23825,U+91E6,釦,29,,60,structural
23826,U+91E7,釧,29,,60,structural
23827,U+91E8,釨,29,,60,structural
23828,U+91E9,釩,29,,60,structural
23829,U+91EA,釪,29,,60,structural
23830,U+91EB,釫,48,,60,structural
23831,U+91EC,釬,29,,60,structural
23832,U+91ED,釭,29,,60,structural
23833,U+91EE,釮,3,,60,structural
23834,U+91EF,釯,29,,60,structural
23835,U+91F0,釰,29,,60,structural
23836,U+91F1,釱,29,,60,structural
23837,U+91F2,釲,29,,60,structural
23838,U+91F3,釳,29,,60,structural
23839,U+91F4,釴,29,,60,structural
23840,U+91F5,釵,39,,60,structural
23841,U+91F6,釶,29,,60,structural
23842,U+91F7,釷,29,,60,structural
23843,U+91F8,釸,4,,60,structural
23844,U+91F9,釹,29,,60,structural
23845,U+91FA,釺,37,,60,structural
23846,U+91FB,釻,13,,60,structural
23847,U+91FC,釼,29,,60,structural
23848,U+91FD,釽,29,,60,structural
23849,U+91FE,釾,29,,60,structural
23850,U+91FF,釿,7,,60,structural
23851,U+9200,鈀,29,,60,structural
23852,U+9201,鈁,29,,60,structural
23853,U+9202,鈂,29,,60,structural
23854,U+9203,鈃,48,,60,structural
23855,U+9204,鈄,29,,60,structural
23856,U+9205,鈅,29,,60,structural
23857,U+9206,鈆,16,,60,structural
23858,U+9207,鈇,49,,60,structural
23859,U+9208,鈈,48,,60,structural
23860,U+9209,鈉,29,,60,structural
23861,U+920A,鈊,29,,60,structural
23862,U+920B,鈋,29,,60,structural
23863,U+920C,鈌,29,,60,structural
23864,U+920D,鈍,29,,60,structural
23865,U+920E,鈎,29,,60,structural
23866,U+920F,鈏,29,,60,structural
23867,U+9210,鈐,13,,60,structural
23868,U+9211,鈑,29,,60,structural
23869,U+9212,鈒,29,,60,structural
23870,U+9213,鈓,29,,60,structural
23871,U+9214,鈔,10,,60,structural
23872,U+9215,鈕,48,,60,structural
23873,U+9216,鈖,58,,60,structural
23874,U+9217,鈗,29,,60,structural
23875,U+9218,鈘,29,,60,structural
23876,U+9219,鈙,29,,60,structural
23877,U+921A,鈚,29,,60,structural
23878,U+921B,鈛,29,,60,structural
23879,U+921C,鈜,29,,60,structural
23880,U+921D,鈝,29,,60,structural
23881,U+921E,鈞,29,,60,structural
23882,U+921F,鈟,29,,60,structural
23883,U+9220,鈠,29,,60,structural
23884,U+9221,鈡,59,,60,structural
23885,U+9222,鈢,34,,60,structural
23886,U+9223,鈣,48,,60,structural
23887,U+9224,鈤,24,,60,structural
23888,U+9225,鈥,42,,60,structural
23889,U+9226,鈦,29,,60,structural
23890,U+9227,鈧,29,,60,structural
23891,U+9228,鈨,48,,60,structural
23892,U+9229,鈩,29,,60,structural
23893,U+922A,鈪,29,,60,structural
23894,U+922B,鈫,29,,60,structural
23895,U+922C,鈬,29,,60,structural
23896,U+922D,鈭,29,,60,structural
23897,U+922E,鈮,29,,60,structural
23898,U+922F,鈯,29,,60,structural
23899,U+9230,鈰,29,,60,structural
23900,U+9231,鈱,29,,60,structural
23901,U+9232,鈲,29,,60,structural
23902,U+9233,鈳,52,,60,structural
23903,U+9234,鈴,13,,60,structural
23904,U+9235,鈵,48,,60,structural
23905,U+9236,鈶,29,,60,structural
23906,U+9237,鈷,29,,60,structural
23907,U+9238,鈸,39,,60,structural
23908,U+9239,鈹,29,,60,structural
23909,U+923A,鈺,29,,60,structural
23910,U+923B,鈻,29,,60,structural
23911,U+923C,鈼,29,,60,structural
23912,U+923D,鈽,29,,60,structural
23913,U+923E,鈾,29,,60,structural
23914,U+923F,鈿,29,,60,structural
23915,U+9240,鉀,29,,60,structural
23916,U+9241,鉁,46,,60,structural
23917,U+9242,鉂,29,,60,structural
23918,U+9243,鉃,29,,60,structural
23919,U+9244,鉄,49,,60,structural
23920,U+9245,鉅,29,,60,structural
23921,U+9246,鉆,29,,60,structural
23922,U+9247,鉇,29,,60,structural
23923,U+9248,鉈,29,,60,structural
23924,U+9249,鉉,29,,60,structural
23925,U+924A,鉊,29,,60,structural
23926,U+924B,鉋,29,,60,structural
23927,U+924C,鉌,29,,60,structural
23928,U+924D,鉍,10,,60,structural
23929,U+924E,鉎,29,,60,structural
23930,U+924F,鉏,48,,60,structural
23931,U+9250,鉐,29,,60,structural
23932,U+9251,鉑,29,,60,structural
23933,U+9252,鉒,29,,60,structural
23934,U+9253,鉓,29,,60,structural
23935,U+9254,鉔,29,,60,structural
23936,U+9255,鉕,29,,60,structural
23937,U+9256,鉖,29,,60,structural
23938,U+9257,鉗,29,,60,structural
23939,U+9258,鉘,10,,60,structural
23940,U+9259,鉙,47,,60,structural
23941,U+925A,鉚,29,,60,structural
23942,U+925B,鉛,29,,60,structural
23943,U+925C,鉜,29,,60,structural
23944,U+925D,鉝,29,,60,structural
23945,U+925E,鉞,29,,60,structural
23946,U+925F,鉟,48,,60,structural
23947,U+9260,鉠,29,,60,structural
23948,U+9261,鉡,43,,60,structural
23949,U+9262,鉢,34,,60,structural
23950,U+9263,鉣,9,,60,structural
23951,U+9264,鉤,29,,60,structural
23952,U+9265,鉥,34,,60,structural
23953,U+9266,鉦,48,,60,structural
23954,U+9267,鉧,29,,60,structural
23955,U+9268,鉨,29,,60,structural
23956,U+9269,鉩,29,,60,structural
23957,U+926A,鉪,48,,60,structural
23958,U+926B,鉫,29,,60,structural
23959,U+926C,鉬,29,,60,structural
23960,U+926D,鉭,48,,60,structural
23961,U+926E,鉮,29,,60,structural
23962,U+926F,鉯,29,,60,structural
23963,U+9270,鉰,29,,60,structural
23964,U+9271,鉱,29,,60,structural
23965,U+9272,鉲,48,,60,structural
23966,U+9273,鉳,29,,60,structural
23967,U+9274,鉴,29,,60,structural
23968,U+9275,鉵,29,,60,structural
23969,U+9276,鉶,48,,60,structural
23970,U+9277,鉷,28,,60,structural
23971,U+9278,鉸,29,,60,structural
23972,U+9279,鉹,4,,60,structural
23973,U+927A,鉺,29,,60,structural
23974,U+927B,鉻,29,,60,structural
23975,U+927C,鉼,48,,60,structural
23976,U+927D,鉽,29,,60,structural
23977,U+927E,鉾,29,,60,structural
23978,U+927F,鉿,26,,60,structural
23979,U+9280,銀,29,,60,structural
23980,U+9281,銁,24,,60,structural
23981,U+9282,銂,29,,60,structural
23982,U+9283,銃,29,,60,structural
23983,U+9284,銄,18,,60,structural
23984,U+9285,銅,29,,60,structural
23985,U+9286,銆,48,,60,structural
23986,U+9287,銇,29,,60,structural
23987,U+9288,銈,29,,60,structural
23988,U+9289,銉,29,,60,structural
23989,U+928A,銊,48,,60,structural
23990,U+928B,銋,46,,60,structural
23991,U+928C,銌,29,,60,structural
23992,U+928D,銍,29,,60,structural
23993,U+928E,銎,29,,60,structural
23994,U+928F,銏,29,,60,structural
23995,U+9290,銐,29,,60,structural
23996,U+9291,銑,29,,60,structural
23997,U+9292,銒,29,,60,structural
23998,U+9293,銓,33,,60,structural
23999,U+9294,銔,48,,60,structural
24000,U+9295,銕,29,,60,structural
24001,U+9296,銖,34,,60,structural
24002,U+9297,銗,29,,60,structural
24003,U+9298,銘,4,,60,structural
24004,U+9299,銙,48,,60,structural
24005,U+929A,銚,29,,60,structural
24006,U+929B,銛,29,,60,structural
24007,U+929C,銜,48,,60,structural
24008,U+929D,銝,34,,60,structural
24009,U+929E,銞,24,,60,structural
24010,U+929F,銟,29,,60,structural
24011,U+92A0,銠,29,,60,structural
24012,U+92A1,銡,29,,60,structural
24013,U+92A2,銢,29,,60,structural
24014,U+92A3,銣,29,,60,structural
24015,U+92A4,銤,29,,60,structural
24016,U+92A5,銥,35,,60,structural
24017,U+92A6,銦,29,,60,structural
24018,U+92A7,銧,48,,60,structural
24019,U+92A8,銨,31,,60,structural
24020,U+92A9,銩,9,,60,structural
24021,U+92AA,銪,29,,60,structural
24022,U+92AB,銫,29,,60,structural
24023,U+92AC,銬,48,,60,structural
24024,U+92AD,銭,29,,60,structural
24025,U+92AE,銮,29,,60,structural
24026,U+92AF,銯,29,,60,structural
24027,U+92B0,銰,29,,60,structural
24028,U+92B1,銱,29,,60,structural
24029,U+92B2,銲,24,,60,structural
24030,U+92B3,銳,47,,60,structural
24031,U+92B4,銴,7,,60,structural
24032,U+92B5,銵,29,,60,structural
24033,U+92B6,銶,48,,60,structural
24034,U+92B7,銷,29,,60,structural
24035,U+92B8,銸,29,,60,structural
24036,U+92B9,銹,29,,60,structural
24037,U+92BA,銺,29,,60,structural
24038,U+92BB,銻,29,,60,structural
24039,U+92BC,銼,9,,60,structural
24040,U+92BD,銽,29,,60,structural
24041,U+92BE,銾,12,,60,structural
24042,U+92BF,銿,29,,60,structural
24043,U+92C0,鋀,29,,60,structural
24044,U+92C1,鋁,29,,60,structural
24045,U+92C2,鋂,29,,60,structural
24046,U+92C3,鋃,29,,60,structural
24047,U+92C4,鋄,48,,60,structural
24048,U+92C5,鋅,29,,60,structural
24049,U+92C6,鋆,29,,60,structural
24050,U+92C7,鋇,7,,60,structural
24051,U+92C8,鋈,18,,60,structural
24052,U+92C9,鋉,34,,60,structural
24053,U+92CA,鋊,29,,60,structural
24054,U+92CB,鋋,10,,60,structural
24055,U+92CC,鋌,10,,60,structural
24056,U+92CD,鋍,29,,60,structural
24057,U+92CE,鋎,41,,60,structural
24058,U+92CF,鋏,29,,60,structural
24059,U+92D0,鋐,29,,60,structural
24060,U+92D1,鋑,16,,60,structural
24061,U+92D2,鋒,43,,60,structural
24062,U+92D3,鋓,29,,60,structural
24063,U+92D4,鋔,29,,60,structural
24064,U+92D5,鋕,29,,60,structural
24065,U+92D6,鋖,31,,60,structural
24066,U+92D7,鋗,29,,60,structural
24067,U+92D8,鋘,48,,60,structural
24068,U+92D9,鋙,48,,60,structural
24069,U+92DA,鋚,46,,60,structural
24070,U+92DB,鋛,59,,60,structural
24071,U+92DC,鋜,29,,60,structural
24072,U+92DD,鋝,29,,60,structural
24073,U+92DE,鋞,48,,60,structural
24074,U+92DF,鋟,29,,60,structural
24075,U+92E0,鋠,29,,60,structural
24076,U+92E1,鋡,13,,60,structural
24077,U+92E2,鋢,29,,60,structural
24078,U+92E3,鋣,29,,60,structural
24079,U+92E4,鋤,48,,60,structural
24080,U+92E5,鋥,29,,60,structural
24081,U+92E6,鋦,29,,60,structural
24082,U+92E7,鋧,29,,60,structural
24083,U+92E8,鋨,29,,60,structural
24084,U+92E9,鋩,29,,60,structural
24085,U+92EA,鋪,57,,60,structural
24086,U+92EB,鋫,29,,60,structural
24087,U+92EC,鋬,3,,60,structural
24088,U+92ED,鋭,47,,60,structural
24089,U+92EE,鋮,29,,60,structural
24090,U+92EF,鋯,29,,60,structural
24091,U+92F0,鋰,29,,60,structural
24092,U+92F1,鋱,29,,60,structural
24093,U+92F2,鋲,48,,60,structural
24094,U+92F3,鋳,43,,60,structural
24095,U+92F4,鋴,29,,60,structural
24096,U+92F5,鋵,29,,60,structural
24097,U+92F6,鋶,29,,60,structural
24098,U+92F7,鋷,0,,60,structural
24099,U+92F8,鋸,29,,60,structural
24100,U+92F9,鋹,29,,60,structural
24101,U+92FA,鋺,44,,60,structural
24102,U+92FB,鋻,29,,60,structural
24103,U+92FC,鋼,48,,60,structural
24104,U+92FD,鋽,24,,60,structural
24105,U+92FE,鋾,29,,60,structural
24106,U+92FF,鋿,29,,60,structural
24107,U+9300,錀,48,,60,structural
24108,U+9301,錁,24,,60,structural
24109,U+9302,錂,16,,60,structural
24110,U+9303,錃,12,,60,structural
24111,U+9304,錄,58,,60,structural
24112,U+9305,錅,29,,60,structural
24113,U+9306,錆,9,,60,structural
24114,U+9307,錇,29,,60,structural
24115,U+9308,錈,49,,60,structural
24116,U+9309,錉,24,,60,structural
24117,U+930A,錊,29,,60,structural
24118,U+930B,錋,40,,60,structural
24119,U+930C,錌,29,,60,structural
24120,U+930D,錍,37,,60,structural
24121,U+930E,錎,29,,60,structural
24122,U+930F,錏,48,,60,structural
24123,U+9310,錐,29,,60,structural
24124,U+9311,錑,29,,60,structural
24125,U+9312,錒,52,,60,structural
24126,U+9313,錓,29,,60,structural
24127,U+9314,錔,8,,60,structural
24128,U+9315,錕,24,,60,structural
24129,U+9316,錖,48,,60,structural
24130,U+9317,錗,31,,60,structural
24131,U+9318,錘,48,,60,structural
24132,U+9319,錙,29,,60,structural
24133,U+931A,錚,48,,60,structural
24134,U+931B,錛,29,,60,structural
24135,U+931C,錜,13,,60,structural
24136,U+931D,錝,29,,60,structural
24137,U+931E,錞,1,,60,structural
24138,U+931F,錟,42,,60,structural
24139,U+9320,錠,29,,60,structural
24140,U+9321,錡,52,,60,structural
24141,U+9322,錢,29,,60,structural
24142,U+9323,錣,29,,60,structural
24143,U+9324,錤,48,,60,structural
24144,U+9325,錥,29,,60,structural
24145,U+9326,錦,29,,60,structural
24146,U+9327,錧,29,,60,structural
24147,U+9328,錨,29,,60,structural
24148,U+9329,錩,24,,60,structural
24149,U+932A,錪,29,,60,structural
24150,U+932B,錫,24,,60,structural
24151,U+932C,錬,34,,60,structural
24152,U+932D,錭,29,,60,structural
24153,U+932E,錮,29,,60,structural
24154,U+932F,錯,28,,60,structural
24155,U+9330,錰,34,,60,structural
24156,U+9331,錱,29,,60,structural
24157,U+9332,録,58,,60,structural
24158,U+9333,錳,29,,60,structural
24159,U+9334,錴,29,,60,structural
24160,U+9335,錵,29,,60,structural
24161,U+9336,錶,29,,60,structural
24162,U+9337,錷,29,,60,structural
24163,U+9338,錸,34,,60,structural
24164,U+9339,錹,29,,60,structural
24165,U+933A,錺,29,,60,structural
24166,U+933B,錻,48,,60,structural
24167,U+933C,錼,29,,60,structural
24168,U+933D,錽,29,,60,structural
24169,U+933E,錾,7,,60,structural
24170,U+933F,錿,29,,60,structural
24171,U+9340,鍀,48,,60,structural
24172,U+9341,鍁,7,,60,structural
24173,U+9342,鍂,29,,60,structural
24174,U+9343,鍃,10,,60,structural
24175,U+9344,鍄,1,,60,structural
24176,U+9345,鍅,9,,60,structural
24177,U+9346,鍆,29,,60,structural
24178,U+9347,鍇,29,,60,structural
24179,U+9348,鍈,29,,60,structural
24180,U+9349,鍉,24,,60,structural
24181,U+934A,鍊,34,,60,structural
24182,U+934B,鍋,29,,60,structural
24183,U+934C,鍌,12,,60,structural
24184,U+934D,鍍,38,,60,structural
24185,U+934E,鍎,29,,60,structural
24186,U+934F,鍏,29,,60,structural
24187,U+9350,鍐,16,,60,structural
24188,U+9351,鍑,24,,60,structural
24189,U+9352,鍒,34,,60,structural
24190,U+9353,鍓,29,,60,structural
24191,U+9354,鍔,48,,60,structural
24192,U+9355,鍕,29,,60,structural
24193,U+9356,鍖,29,,60,structural
24194,U+9357,鍗,53,,60,structural
24195,U+9358,鍘,7,,60,structural
24196,U+9359,鍙,28,,60,structural
24197,U+935A,鍚,48,,60,structural
24198,U+935B,鍛,29,,60,structural
24199,U+935C,鍜,29,,60,structural
24200,U+935D,鍝,29,,60,structural
24201,U+935E,鍞,7,,60,structural
24202,U+935F,鍟,24,,60,structural
24203,U+9360,鍠,33,,60,structural
24204,U+9361,鍡,48,,60,structural
24205,U+9362,鍢,29,,60,structural
24206,U+9363,鍣,29,,60,structural
24207,U+9364,鍤,37,,60,structural
24208,U+9365,鍥,43,,60,structural
24209,U+9366,鍦,29,,60,structural
24210,U+9367,鍧,29,,60,structural
24211,U+9368,鍨,48,,60,structural
24212,U+9369,鍩,29,,60,structural
24213,U+936A,鍪,29,,60,structural
24214,U+936B,鍫,42,,60,structural
24215,U+936C,鍬,42,,60,structural
24216,U+936D,鍭,29,,60,structural
24217,U+936E,鍮,26,,60,structural
24218,U+936F,鍯,10,,60,structural
24219,U+9370,鍰,48,,60,structural
24220,U+9371,鍱,2,,60,structural
24221,U+9372,鍲,24,,60,structural
24222,U+9373,鍳,29,,60,structural
24223,U+9374,鍴,29,,60,structural
24224,U+9375,鍵,29,,60,structural
24225,U+9376,鍶,29,,60,structural
24226,U+9377,鍷,29,,60,structural
24227,U+9378,鍸,57,,60,structural
24228,U+9379,鍹,41,,60,structural
24229,U+937A,鍺,24,,60,structural
24230,U+937B,鍻,24,,60,structural
24231,U+937C,鍼,21,,60,structural
24232,U+937D,鍽,29,,60,structural
24233,U+937E,鍾,29,,60,structural
24234,U+937F,鍿,29,,60,structural
24235,U+9380,鎀,46,,60,structural
24236,U+9381,鎁,29,,60,structural
24237,U+9382,鎂,29,,60,structural
24238,U+9383,鎃,12,,60,structural
24239,U+9384,鎄,1,,60,structural
24240,U+9385,鎅,46,,60,structural
24241,U+9386,鎆,48,,60,structural
24242,U+9387,鎇,29,,60,structural
24243,U+9388,鎈,29,,60,structural
24244,U+9389,鎉,29,,60,structural
24245,U+938A,鎊,58,,60,structural
24246,U+938B,鎋,29,,60,structural
24247,U+938C,鎌,48,,60,structural
24248,U+938D,鎍,15,,60,structural
24249,U+938E,鎎,29,,60,structural
24250,U+938F,鎏,12,,60,structural
24251,U+9390,鎐,29,,60,structural
24252,U+9391,鎑,9,,60,structural
24253,U+9392,鎒,29,,60,structural
24254,U+9393,鎓,16,,60,structural
24255,U+9394,鎔,29,,60,structural
24256,U+9395,鎕,59,,60,structural
24257,U+9396,鎖,29,,60,structural
24258,U+9397,鎗,26,,60,structural
24259,U+9398,鎘,29,,60,structural
24260,U+9399,鎙,48,,60,structural
24261,U+939A,鎚,29,,60,structural
24262,U+939B,鎛,57,,60,structural
24263,U+939C,鎜,29,,60,structural
24264,U+939D,鎝,26,,60,structural
24265,U+939E,鎞,29,,60,structural
24266,U+939F,鎟,34,,60,structural
24267,U+93A0,鎠,48,,60,structural
24268,U+93A1,鎡,48,,60,structural
24269,U+93A2,鎢,42,,60,structural
24270,U+93A3,鎣,29,,60,structural
24271,U+93A4,鎤,48,,60,structural
24272,U+93A5,鎥,46,,60,structural
24273,U+93A6,鎦,29,,60,structural
24274,U+93A7,鎧,29,,60,structural
24275,U+93A8,鎨,29,,60,structural
24276,U+93A9,鎩,34,,60,structural
24277,U+93AA,鎪,29,,60,structural
24278,U+93AB,鎫,16,,60,structural
24279,U+93AC,鎬,29,,60,structural
24280,U+93AD,鎭,29,,60,structural
24281,U+93AE,鎮,48,,60,structural
24282,U+93AF,鎯,29,,60,structural
24283,U+93B0,鎰,48,,60,structural
24284,U+93B1,鎱,29,,60,structural
24285,U+93B2,鎲,29,,60,structural
24286,U+93B3,鎳,34,,60,structural
24287,U+93B4,鎴,29,,60,structural
24288,U+93B5,鎵,29,,60,structural
24289,U+93B6,鎶,52,,60,structural
24290,U+93B7,鎷,29,,60,structural
24291,U+93B8,鎸,29,,60,structural
24292,U+93B9,鎹,48,,60,structural
24293,U+93BA,鎺,48,,60,structural
24294,U+93BB,鎻,29,,60,structural
24295,U+93BC,鎼,29,,60,structural
24296,U+93BD,鎽,43,,60,structural
24297,U+93BE,鎾,24,,60,structural
24298,U+93BF,鎿,26,,60,structural
24299,U+93C0,鏀,29,,60,structural
24300,U+93C1,鏁,24,,60,structural
24301,U+93C2,鏂,29,,60,structural
24302,U+93C3,鏃,29,,60,structural
24303,U+93C4,鏄,29,,60,structural
24304,U+93C5,鏅,46,,60,structural
24305,U+93C6,鏆,7,,60,structural
24306,U+93C7,鏇,29,,60,structural
24307,U+93C8,鏈,29,,60,structural
24308,U+93C9,鏉,34,,60,structural
24309,U+93CA,鏊,29,,60,structural
24310,U+93CB,鏋,29,,60,structural
24311,U+93CC,鏌,24,,60,structural
24312,U+93CD,鏍,15,,60,structural
24313,U+93CE,鏎,48,,60,structural
24314,U+93CF,鏏,43,,60,structural
24315,U+93D0,鏐,46,,60,structural
24316,U+93D1,鏑,47,,60,structural
24317,U+93D2,鏒,29,,60,structural
24318,U+93D3,鏓,10,,60,structural
24319,U+93D4,鏔,48,,60,structural
24320,U+93D5,鏕,29,,60,structural
24321,U+93D6,鏖,29,,60,structural
24322,U+93D7,鏗,29,,60,structural
24323,U+93D8,鏘,29,,60,structural
24324,U+93D9,鏙,29,,60,structural
24325,U+93DA,鏚,48,,60,structural
24326,U+93DB,鏛,29,,60,structural
24327,U+93DC,鏜,29,,60,structural
24328,U+93DD,鏝,24,,60,structural
24329,U+93DE,鏞,29,,60,structural
24330,U+93DF,鏟,58,,60,structural
24331,U+93E0,鏠,43,,60,structural
24332,U+93E1,鏡,14,,60,structural
24333,U+93E2,鏢,59,,60,structural
24334,U+93E3,鏣,38,,60,structural
24335,U+93E4,鏤,29,,60,structural
24336,U+93E5,鏥,41,,60,structural
24337,U+93E6,鏦,46,,60,structural
24338,U+93E7,鏧,29,,60,structural
24339,U+93E8,鏨,7,,60,structural
24340,U+93E9,鏩,7,,60,structural
24341,U+93EA,鏪,48,,60,structural
24342,U+93EB,鏫,34,,60,structural
24343,U+93EC,鏬,29,,60,structural
24344,U+93ED,鏭,29,,60,structural
24345,U+93EE,鏮,38,,60,structural
24346,U+93EF,鏯,29,,60,structural
24347,U+93F0,鏰,40,,60,structural
24348,U+93F1,鏱,24,,60,structural
24349,U+93F2,鏲,29,,60,structural
24350,U+93F3,鏳,29,,60,structural
24351,U+93F4,鏴,29,,60,structural
24352,U+93F5,鏵,29,,60,structural
24353,U+93F6,鏶,34,,60,structural
24354,U+93F7,鏷,49,,60,structural
24355,U+93F8,鏸,29,,60,structural
24356,U+93F9,鏹,29,,60,structural
24357,U+93FA,鏺,29,,60,structural
24358,U+93FB,鏻,29,,60,structural
24359,U+93FC,鏼,23,,60,structural
24360,U+93FD,鏽,29,,60,structural
24361,U+93FE,鏾,28,,60,structural
24362,U+93FF,鏿,34,,60,structural
24363,U+9400,鐀,7,,60,structural
24364,U+9401,鐁,48,,60,structural
24365,U+9402,鐂,48,,60,structural
24366,U+9403,鐃,48,,60,structural
24367,U+9404,鐄,29,,60,structural
24368,U+9405,鐅,53,,60,structural
24369,U+9406,鐆,29,,60,structural
24370,U+9407,鐇,29,,60,structural
24371,U+9408,鐈,18,,60,structural
24372,U+9409,鐉,28,,60,structural
24373,U+940A,鐊,48,,60,structural
24374,U+940B,鐋,8,,60,structural
24375,U+940C,鐌,29,,60,structural
24376,U+940D,鐍,47,,60,structural
24377,U+940E,鐎,42,,60,structural
24378,U+940F,鐏,58,,60,structural
24379,U+9410,鐐,24,,60,structural
24380,U+9411,鐑,29,,60,structural
24381,U+9412,鐒,29,,60,structural
24382,U+9413,鐓,1,,60,structural
24383,U+9414,鐔,28,,60,structural
24384,U+9415,鐕,24,,60,structural
24385,U+9416,鐖,29,,60,structural
24386,U+9417,鐗,29,,60,structural
24387,U+9418,鐘,29,,60,structural
24388,U+9419,鐙,29,,60,structural
24389,U+941A,鐚,48,,60,structural
24390,U+941B,鐛,1,,60,structural
24391,U+941C,鐜,1,,60,structural
24392,U+941D,鐝,48,,60,structural
24393,U+941E,鐞,29,,60,structural
24394,U+941F,鐟,49,,60,structural
24395,U+9420,鐠,48,,60,structural
24396,U+9421,鐡,48,,60,structural
24397,U+9422,鐢,34,,60,structural
24398,U+9423,鐣,3,,60,structural
24399,U+9424,鐤,29,,60,structural
24400,U+9425,鐥,48,,60,structural
24401,U+9426,鐦,48,,60,structural
24402,U+9427,鐧,24,,60,structural
24403,U+9428,鐨,7,,60,structural
24404,U+9429,鐩,29,,60,structural
24405,U+942A,鐪,29,,60,structural
24406,U+942B,鐫,29,,60,structural
24407,U+942C,鐬,48,,60,structural
24408,U+942D,鐭,18,,60,structural
24409,U+942E,鐮,48,,60,structural
24410,U+942F,鐯,24,,60,structural
24411,U+9430,鐰,34,,60,structural
24412,U+9431,鐱,26,,60,structural
24413,U+9432,鐲,29,,60,structural
24414,U+9433,鐳,29,,60,structural
24415,U+9434,鐴,29,,60,structural
24416,U+9435,鐵,29,,60,structural
24417,U+9436,鐶,29,,60,structural
24418,U+9437,鐷,2,,60,structural
24419,U+9438,鐸,9,,60,structural
24420,U+9439,鐹,29,,60,structural
24421,U+943A,鐺,29,,60,structural
24422,U+943B,鐻,29,,60,structural
24423,U+943C,鐼,7,,60,structural
24424,U+943D,鐽,29,,60,structural
24425,U+943E,鐾,29,,60,structural
24426,U+943F,鐿,14,,60,structural
24427,U+9440,鑀,29,,60,structural
24428,U+9441,鑁,29,,60,structural
24429,U+9442,鑂,42,,60,structural
24430,U+9443,鑃,29,,60,structural
24431,U+9444,鑄,45,,60,structural
24432,U+9445,鑅,34,,60,structural
24433,U+9446,鑆,48,,60,structural
24434,U+9447,鑇,29,,60,structural
24435,U+9448,鑈,48,,60,structural
24436,U+9449,鑉,9,,60,structural
24437,U+944A,鑊,51,,60,structural
24438,U+944B,鑋,48,,60,structural
24439,U+944C,鑌,41,,60,structural
24440,U+944D,鑍,7,,60,structural
24441,U+944E,鑎,7,,60,structural
24442,U+944F,鑏,41,,60,structural
24443,U+9450,鑐,29,,60,structural
24444,U+9451,鑑,29,,60,structural
24445,U+9452,鑒,48,,60,structural
24446,U+9453,鑓,29,,60,structural
24447,U+9454,鑔,29,,60,structural
24448,U+9455,鑕,7,,60,structural
24449,U+9456,鑖,29,,60,structural
24450,U+9457,鑗,58,,60,structural
24451,U+9458,鑘,29,,60,structural
24452,U+9459,鑙,29,,60,structural
24453,U+945A,鑚,49,,60,structural
24454,U+945B,鑛,38,,60,structural
24455,U+945C,鑜,7,,60,structural
24456,U+945D,鑝,43,,60,structural
24457,U+945E,鑞,10,,60,structural
24458,U+945F,鑟,7,,60,structural
24459,U+9460,鑠,34,,60,structural
24460,U+9461,鑡,29,,60,structural
24461,U+9462,鑢,29,,60,structural
24462,U+9463,鑣,42,,60,structural
24463,U+9464,鑤,28,,60,structural
24464,U+9465,鑥,55,,60,structural
24465,U+9466,鑦,7,,60,structural
24466,U+9467,鑧,29,,60,structural
24467,U+9468,鑨,29,,60,structural
24468,U+9469,鑩,48,,60,structural
24469,U+946A,鑪,29,,60,structural
24470,U+946B,鑫,29,,60,structural
24471,U+946C,鑬,29,,60,structural
24472,U+946D,鑭,34,,60,structural
24473,U+946E,鑮,57,,60,structural
24474,U+946F,鑯,46,,60,structural
24475,U+9470,鑰,29,,60,structural
24476,U+9471,鑱,29,,60,structural
24477,U+9472,鑲,1,,60,structural
24478,U+9473,鑳,29,,60,structural
24479,U+9474,鑴,47,,60,structural
24480,U+9475,鑵,29,,60,structural
24481,U+9476,鑶,29,,60,structural
24482,U+9477,鑷,29,,60,structural
24483,U+9478,鑸,29,,60,structural
24484,U+9479,鑹,29,,60,structural
24485,U+947A,鑺,29,,60,structural
24486,U+947B,鑻,34,,60,structural
24487,U+947C,鑼,15,,60,structural
24488,U+947D,鑽,7,,60,structural
24489,U+947E,鑾,5,,60,structural
24490,U+947F,鑿,29,,60,structural
24491,U+9480,钀,29,,60,structural
24492,U+9481,钁,51,,60,structural
24493,U+9482,钂,29,,60,structural
24494,U+9483,钃,58,,60,structural
24495,U+9484,钄,34,,60,structural
24496,U+9485,钅,29,,60,structural
24497,U+9486,钆,29,,60,structural
24498,U+9487,钇,29,,60,structural
24499,U+9488,针,29,,60,structural
24500,U+9489,钉,48,,60,structural
24501,U+948A,钊,29,,60,structural
24502,U+948B,钋,29,,60,structural
24503,U+948C,钌,29,,60,structural
24504,U+948D,钍,29,,60,structural
24505,U+948E,钎,37,,60,structural
24506,U+948F,钏,29,,60,structural
24507,U+9490,钐,29,,60,structural
24508,U+9491,钑,29,,60,structural
24509,U+9492,钒,29,,60,structural
24510,U+9493,钓,29,,60,structural
24511,U+9494,钔,29,,60,structural
24512,U+9495,钕,29,,60,structural
24513,U+9496,钖,29,,60,structural
24514,U+9497,钗,39,,60,structural
24515,U+9498,钘,48,,60,structural
24516,U+9499,钙,48,,60,structural
24517,U+949A,钚,48,,60,structural
24518,U+949B,钛,29,,60,structural
24519,U+949C,钜,29,,60,structural
24520,U+949D,钝,29,,60,structural
24521,U+949E,钞,10,,60,structural
24522,U+949F,钟,59,,60,structural
24523,U+94A0,钠,29,,60,structural
24524,U+94A1,钡,7,,60,structural
24525,U+94A2,钢,29,,60,structural
24526,U+94A3,钣,29,,60,structural
24527,U+94A4,钤,13,,60,structural
24528,U+94A5,钥,29,,60,structural
24529,U+94A6,钦,29,,60,structural
24530,U+94A7,钧,29,,60,structural
24531,U+94A8,钨,48,,60,structural
24532,U+94A9,钩,29,,60,structural
24533,U+94AA,钪,29,,60,structural
24534,U+94AB,钫,29,,60,structural
24535,U+94AC,钬,42,,60,structural
24536,U+94AD,钭,29,,60,structural
24537,U+94AE,钮,48,,60,structural
24538,U+94AF,钯,29,,60,structural
24539,U+94B0,钰,29,,60,structural
24540,U+94B1,钱,48,,60,structural
24541,U+94B2,钲,48,,60,structural
24542,U+94B3,钳,29,,60,structural
24543,U+94B4,钴,29,,60,structural
24544,U+94B5,钵,34,,60,structural
24545,U+94B6,钶,52,,60,structural
24546,U+94B7,钷,29,,60,structural
24547,U+94B8,钸,29,,60,structural
24548,U+94B9,钹,39,,60,structural
24549,U+94BA,钺,29,,60,structural
24550,U+94BB,钻,29,,60,structural
24551,U+94BC,钼,29,,60,structural
24552,U+94BD,钽,48,,60,structural
24553,U+94BE,钾,29,,60,structural
24554,U+94BF,钿,29,,60,structural
24555,U+94C0,铀,29,,60,structural
24556,U+94C1,铁,49,,60,structural
24557,U+94C2,铂,29,,60,structural
24558,U+94C3,铃,13,,60,structural
24559,U+94C4,铄,29,,60,structural
24560,U+94C5,铅,47,,60,structural
24561,U+94C6,铆,29,,60,structural
24562,U+94C7,铇,29,,60,structural
24563,U+94C8,铈,29,,60,structural
24564,U+94C9,铉,29,,60,structural
24565,U+94CA,铊,29,,60,structural
24566,U+94CB,铋,10,,60,structural
24567,U+94CC,铌,29,,60,structural
24568,U+94CD,铍,29,,60,structural
24569,U+94CE,铎,29,,60,structural
24570,U+94CF,铏,48,,60,structural
24571,U+94D0,铐,48,,60,structural
24572,U+94D1,铑,29,,60,structural
24573,U+94D2,铒,29,,60,structural
24574,U+94D3,铓,29,,60,structural
24575,U+94D4,铔,48,,60,structural
24576,U+94D5,铕,29,,60,structural
24577,U+94D6,铖,29,,60,structural
24578,U+94D7,铗,49,,60,structural
24579,U+94D8,铘,29,,60,structural
24580,U+94D9,铙,48,,60,structural
24581,U+94DA,铚,29,,60,structural
24582,U+94DB,铛,29,,60,structural
24583,U+94DC,铜,29,,60,structural
24584,U+94DD,铝,29,,60,structural
24585,U+94DE,铞,29,,60,structural
24586,U+94DF,铟,29,,60,structural
24587,U+94E0,铠,29,,60,structural
24588,U+94E1,铡,7,,60,structural
24589,U+94E2,铢,34,,60,structural
24590,U+94E3,铣,29,,60,structural
24591,U+94E4,铤,10,,60,structural
24592,U+94E5,铥,9,,60,structural
24593,U+94E6,铦,29,,60,structural
24594,U+94E7,铧,29,,60,structural
24595,U+94E8,铨,33,,60,structural
24596,U+94E9,铩,34,,60,structural
24597,U+94EA,铪,26,,60,structural
24598,U+94EB,铫,29,,60,structural
24599,U+94EC,铬,29,,60,structural
24600,U+94ED,铭,4,,60,structural
24601,U+94EE,铮,48,,60,structural
24602,U+94EF,铯,29,,60,structural
24603,U+94F0,铰,29,,60,structural
24604,U+94F1,铱,35,,60,structural
24605,U+94F2,铲,58,,60,structural
24606,U+94F3,铳,29,,60,structural
24607,U+94F4,铴,12,,60,structural
24608,U+94F5,铵,31,,60,structural
24609,U+94F6,银,29,,60,structural
24610,U+94F7,铷,29,,60,structural
24611,U+94F8,铸,43,,60,structural
24612,U+94F9,铹,29,,60,structural
24613,U+94FA,铺,57,,60,structural
24614,U+94FB,铻,48,,60,structural
24615,U+94FC,铼,34,,60,structural
24616,U+94FD,铽,29,,60,structural
24617,U+94FE,链,29,,60,structural
24618,U+94FF,铿,29,,60,structural
24619,U+9500,销,29,,60,structural
24620,U+9501,锁,29,,60,structural
24621,U+9502,锂,29,,60,structural
24622,U+9503,锃,29,,60,structural
24623,U+9504,锄,48,,60,structural
24624,U+9505,锅,29,,60,structural
24625,U+9506,锆,29,,60,structural
24626,U+9507,锇,29,,60,structural
24627,U+9508,锈,29,,60,structural
24628,U+9509,锉,9,,60,structural
24629,U+950A,锊,29,,60,structural
24630,U+950B,锋,43,,60,structural
24631,U+950C,锌,29,,60,structural
24632,U+950D,锍,29,,60,structural
24633,U+950E,锎,29,,60,structural
24634,U+950F,锏,24,,60,structural
24635,U+9510,锐,47,,60,structural
24636,U+9511,锑,29,,60,structural
24637,U+9512,锒,29,,60,structural
24638,U+9513,锓,29,,60,structural
24639,U+9514,锔,29,,60,structural
24640,U+9515,锕,52,,60,structural
24641,U+9516,锖,9,,60,structural
24642,U+9517,锗,24,,60,structural
24643,U+9518,锘,29,,60,structural
24644,U+9519,错,28,,60,structural
24645,U+951A,锚,29,,60,structural
24646,U+951B,锛,29,,60,structural
24647,U+951C,锜,52,,60,structural
24648,U+951D,锝,48,,60,structural
24649,U+951E,锞,24,,60,structural
24650,U+951F,锟,24,,60,structural
24651,U+9520,锠,24,,60,structural
24652,U+9521,锡,24,,60,structural
24653,U+9522,锢,29,,60,structural
24654,U+9523,锣,4,,60,structural
24655,U+9524,锤,48,,60,structural
24656,U+9525,锥,29,,60,structural
24657,U+9526,锦,29,,60,structural
24658,U+9527,锧,7,,60,structural
24659,U+9528,锨,7,,60,structural
24660,U+9529,锩,49,,60,structural
24661,U+952A,锪,10,,60,structural
24662,U+952B,锫,29,,60,structural
24663,U+952C,锬,42,,60,structural
24664,U+952D,锭,29,,60,structural
24665,U+952E,键,29,,60,structural
24666,U+952F,锯,29,,60,structural
24667,U+9530,锰,29,,60,structural
24668,U+9531,锱,29,,60,structural
24669,U+9532,锲,43,,60,structural
24670,U+9533,锳,29,,60,structural
24671,U+9534,锴,29,,60,structural
24672,U+9535,锵,29,,60,structural
24673,U+9536,锶,29,,60,structural
24674,U+9537,锷,48,,60,structural
24675,U+9538,锸,37,,60,structural
24676,U+9539,锹,42,,60,structural
24677,U+953A,锺,29,,60,structural
24678,U+953B,锻,29,,60,structural
24679,U+953C,锼,29,,60,structural
24680,U+953D,锽,33,,60,structural
24681,U+953E,锾,48,,60,structural
24682,U+953F,锿,1,,60,structural
24683,U+9540,镀,38,,60,structural
24684,U+9541,镁,29,,60,structural
24685,U+9542,镂,31,,60,structural
24686,U+9543,镃,48,,60,structural
24687,U+9544,镄,7,,60,structural
24688,U+9545,镅,29,,60,structural
24689,U+9546,镆,24,,60,structural
24690,U+9547,镇,48,,60,structural
24691,U+9548,镈,57,,60,structural
24692,U+9549,镉,29,,60,structural
24693,U+954A,镊,0,,60,structural
24694,U+954B,镋,29,,60,structural
24695,U+954C,镌,29,,60,structural
24696,U+954D,镍,34,,60,structural
24697,U+954E,镎,26,,60,structural
24698,U+954F,镏,29,,60,structural
24699,U+9550,镐,29,,60,structural
24700,U+9551,镑,58,,60,structural
24701,U+9552,镒,48,,60,structural
24702,U+9553,镓,29,,60,structural
24703,U+9554,镔,48,,60,structural
24704,U+9555,镕,29,,60,structural
24705,U+9556,镖,59,,60,structural
24706,U+9557,镗,29,,60,structural
24707,U+9558,镘,24,,60,structural
24708,U+9559,镙,15,,60,structural
24709,U+955A,镚,40,,60,structural
24710,U+955B,镛,29,,60,structural
24711,U+955C,镜,14,,60,structural
24712,U+955D,镝,47,,60,structural
24713,U+955E,镞,29,,60,structural
24714,U+955F,镟,29,,60,structural
24715,U+9560,镠,46,,60,structural
24716,U+9561,镡,28,,60,structural
24717,U+9562,镢,48,,60,structural
24718,U+9563,镣,24,,60,structural
24719,U+9564,镤,49,,60,structural
24720,U+9565,镥,55,,60,structural
24721,U+9566,镦,1,,60,structural
24722,U+9567,镧,34,,60,structural
24723,U+9568,镨,48,,60,structural
24724,U+9569,镩,59,,60,structural
24725,U+956A,镪,29,,60,structural
24726,U+956B,镫,29,,60,structural
24727,U+956C,镬,51,,60,structural
24728,U+956D,镭,29,,60,structural
24729,U+956E,镮,29,,60,structural
24730,U+956F,镯,29,,60,structural
24731,U+9570,镰,48,,60,structural
24732,U+9571,镱,14,,60,structural
24733,U+9572,镲,29,,60,structural
24734,U+9573,镳,42,,60,structural
24735,U+9574,镴,10,,60,structural
24736,U+9575,镵,29,,60,structural
24737,U+9576,镶,1,,60,structural
24738,U+9577,長,56,,60,structural
24739,U+9579,镹,10,,60,structural
24740,U+957A,镺,18,,60,structural
24741,U+957B,镻,49,,60,structural
24742,U+957C,镼,27,,60,structural
24743,U+957D,镽,24,,60,structural
24744,U+957E,镾,53,,60,structural
24745,U+957F,长,27,,60,structural
24746,U+9581,閁,10,,60,structural
24747,U+9582,閂,56,,60,structural
24748,U+9583,閃,46,,60,structural
24749,U+9584,閄,46,,60,structural
24750,U+9585,閅,52,,60,structural
24751,U+9586,閆,56,,60,structural
24752,U+9587,閇,56,,60,structural
24753,U+9588,閈,27,,60,structural
24754,U+9589,閉,3,,60,structural
24755,U+958A,閊,11,,60,structural
24756,U+958B,開,56,,60,structural
24757,U+958C,閌,27,,60,structural
24758,U+958D,閍,27,,60,structural
24759,U+958E,閎,27,,60,structural
24760,U+958F,閏,33,,60,structural
24761,U+9590,閐,27,,60,structural
24762,U+9591,閑,34,,60,structural
24763,U+9592,閒,27,,60,structural
24764,U+9593,間,24,,60,structural
24765,U+9594,閔,27,,60,structural
24766,U+9595,閕,27,,60,structural
24767,U+9596,閖,12,,60,structural
24768,U+9597,閗,27,,60,structural
24769,U+9598,閘,11,,60,structural
24770,U+9599,閙,53,,60,structural
24771,U+959A,閚,27,,60,structural
24772,U+959B,閛,58,,60,structural
24773,U+959C,閜,52,,60,structural
24774,U+959D,閝,13,,60,structural
24775,U+959E,閞,27,,60,structural
24776,U+959F,閟,10,,60,structural
24777,U+95A0,閠,33,,60,structural
24778,U+95A1,閡,46,,60,structural
24779,U+95A2,関,25,,60,structural
24780,U+95A3,閣,1,,60,structural
24781,U+95A4,閤,26,,60,structural
24782,U+95A5,閥,46,,60,structural
24783,U+95A6,閦,46,,60,structural
24784,U+95A7,閧,28,,60,structural
24785,U+95A8,閨,9,,60,structural
24786,U+95A9,閩,30,,60,structural
24787,U+95AA,閪,56,,60,structural
24788,U+95AB,閫,34,,60,structural
24789,U+95AC,閬,13,,60,structural
24790,U+95AD,閭,1,,60,structural
24791,U+95AE,閮,10,,60,structural
24792,U+95AF,閯,10,,60,structural
24793,U+95B0,閰,27,,60,structural
24794,U+95B1,閱,47,,60,structural
24795,U+95B2,閲,47,,60,structural
24796,U+95B3,閳,27,,60,structural
24797,U+95B4,閴,32,,60,structural
24798,U+95B5,閵,51,,60,structural
24799,U+95B6,閶,24,,60,structural
24800,U+95B7,閷,34,,60,structural
24801,U+95B8,閸,56,,60,structural
24802,U+95B9,閹,24,,60,structural
24803,U+95BA,閺,24,,60,structural
24804,U+95BB,閻,27,,60,structural
24805,U+95BC,閼,46,,60,structural
24806,U+95BD,閽,24,,60,structural
24807,U+95BE,閾,21,,60,structural
24808,U+95BF,閿,51,,60,structural
24809,U+95C0,闀,28,,60,structural
24810,U+95C1,闁,27,,60,structural
24811,U+95C2,闂,49,,60,structural
24812,U+95C3,闃,27,,60,structural
24813,U+95C4,闄,59,,60,structural
24814,U+95C5,闅,27,,60,structural
24815,U+95C6,闆,1,,60,structural
24816,U+95C7,闇,14,,60,structural
24817,U+95C8,闈,27,,60,structural
24818,U+95C9,闉,59,,60,structural
24819,U+95CA,闊,12,,60,structural
24820,U+95CB,闋,56,,60,structural
24821,U+95CC,闌,34,,60,structural
24822,U+95CD,闍,24,,60,structural
24823,U+95CE,闎,12,,60,structural
24824,U+95CF,闏,27,,60,structural
24825,U+95D0,闐,25,,60,structural
24826,U+95D1,闑,34,,60,structural
24827,U+95D2,闒,27,,60,structural
24828,U+95D3,闓,11,,60,structural
24829,U+95D4,闔,9,,60,structural
24830,U+95D5,闕,25,,60,structural
24831,U+95D6,闖,50,,60,structural
24832,U+95D7,闗,27,,60,structural
24833,U+95D8,闘,27,,60,structural
24834,U+95D9,闙,1,,60,structural
24835,U+95DA,闚,49,,60,structural
24836,U+95DB,闛,9,,60,structural
24837,U+95DC,關,27,,60,structural
24838,U+95DD,闝,32,,60,structural
24839,U+95DE,闞,0,,60,structural
24840,U+95DF,闟,26,,60,structural
24841,U+95E0,闠,32,,60,structural
24842,U+95E1,闡,21,,60,structural
24843,U+95E2,闢,27,,60,structural
24844,U+95E3,闣,11,,60,structural
24845,U+95E4,闤,27,,60,structural
24846,U+95E5,闥,27,,60,structural
24847,U+95E6,闦,27,,60,structural
24848,U+95E7,闧,27,,60,structural
24849,U+95E8,门,27,,60,structural
24850,U+95E9,闩,56,,60,structural
24851,U+95EA,闪,46,,60,structural
24852,U+95EB,闫,56,,60,structural
24853,U+95EC,闬,27,,60,structural
24854,U+95ED,闭,3,,60,structural
24855,U+95EE,问,1,,60,structural
24856,U+95EF,闯,50,,60,structural
24857,U+95F0,闰,33,,60,structural
24858,U+95F1,闱,27,,60,structural
24859,U+95F2,闲,34,,60,structural
24860,U+95F3,闳,27,,60,structural
24861,U+95F4,间,24,,60,structural
24862,U+95F5,闵,27,,60,structural
24863,U+95F6,闶,27,,60,structural
24864,U+95F7,闷,27,,60,structural
24865,U+95F8,闸,11,,60,structural
24866,U+95F9,闹,53,,60,structural
24867,U+95FA,闺,9,,60,structural
24868,U+95FB,闻,0,,60,structural
24869,U+95FC,闼,20,,60,structural
24870,U+95FD,闽,30,,60,structural
24871,U+95FE,闾,1,,60,structural
24872,U+95FF,闿,11,,60,structural
24873,U+9600,阀,46,,60,structural
24874,U+9601,阁,1,,60,structural
24875,U+9602,阂,46,,60,structural
24876,U+9603,阃,34,,60,structural
24877,U+9604,阄,27,,60,structural
24878,U+9605,阅,47,,60,structural
24879,U+9606,阆,13,,60,structural
24880,U+9607,阇,24,,60,structural
24881,U+9608,阈,21,,60,structural
24882,U+9609,阉,24,,60,structural
24883,U+960A,阊,24,,60,structural
24884,U+960B,阋,27,,60,structural
24885,U+960C,阌,51,,60,structural
24886,U+960D,阍,24,,60,structural
24887,U+960E,阎,27,,60,structural
24888,U+960F,阏,46,,60,structural
24889,U+9610,阐,25,,60,structural
24890,U+9611,阑,34,,60,structural
24891,U+9612,阒,27,,60,structural
24892,U+9613,阓,32,,60,structural
24893,U+9614,阔,12,,60,structural
24894,U+9615,阕,56,,60,structural
24895,U+9616,阖,9,,60,structural
24896,U+9617,阗,25,,60,structural
24897,U+9618,阘,27,,60,structural
24898,U+9619,阙,25,,60,structural
24899,U+961A,阚,0,,60,structural
24900,U+961B,阛,27,,60,structural
24901,U+961C,阜,27,,60,structural
24902,U+961E,阞,27,,60,structural
24903,U+961F,队,46,,60,structural
24904,U+9620,阠,27,,60,structural
24905,U+9621,阡,37,,60,structural
24906,U+9622,阢,56,,60,structural
24907,U+9623,阣,27,,60,structural
24908,U+9624,阤,27,,60,structural
24909,U+9625,阥,12,,60,structural
24910,U+9626,阦,42,,60,structural
24911,U+9627,阧,27,,60,structural
24912,U+9628,阨,27,,60,structural
24913,U+9629,阩,10,,60,structural
24914,U+962A,阪,51,,60,structural
24915,U+962B,阫,56,,60,structural
24916,U+962C,阬,27,,60,structural
24917,U+962D,阭,27,,60,structural
24918,U+962E,阮,56,,60,structural
24919,U+962F,阯,27,,60,structural
24920,U+9630,阰,27,,60,structural
24921,U+9631,阱,17,,60,structural
24922,U+9632,防,27,,60,structural
24923,U+9633,阳,24,,60,structural
24924,U+9634,阴,27,,60,structural
24925,U+9635,阵,27,,60,structural
24926,U+9636,阶,46,,60,structural
24927,U+9637,阷,56,,60,structural
24928,U+9638,阸,13,,60,structural
24929,U+9639,阹,9,,60,structural
24930,U+963A,阺,13,,60,structural
24931,U+963B,阻,56,,60,structural
24932,U+963C,阼,10,,60,structural
24933,U+963D,阽,1,,60,structural
24934,U+963E,阾,13,,60,structural
24935,U+963F,阿,52,,60,structural
24936,U+9640,陀,27,,60,structural
24937,U+9641,陁,27,,60,structural
24938,U+9642,陂,27,,60,structural
24939,U+9643,陃,26,,60,structural
24940,U+9644,附,46,,60,structural
24941,U+9645,际,27,,60,structural
24942,U+9646,陆,43,,60,structural
24943,U+9647,陇,27,,60,structural
24944,U+9648,陈,56,,60,structural
24945,U+9649,陉,27,,60,structural
24946,U+964A,陊,4,,60,structural
24947,U+964B,陋,27,,60,structural
24948,U+964C,陌,56,,60,structural
24949,U+964D,降,27,,60,structural
24950,U+964E,陎,34,,60,structural
24951,U+964F,陏,27,,60,structural
24952,U+9650,限,27,,60,structural
24953,U+9651,陑,27,,60,structural
24954,U+9652,陒,27,,60,structural
24955,U+9653,陓,56,,60,structural
24956,U+9654,陔,46,,60,structural
24957,U+9655,陕,49,,60,structural
24958,U+9656,陖,16,,60,structural
24959,U+9657,陗,27,,60,structural
24960,U+9658,陘,56,,60,structural
24961,U+9659,陙,27,,60,structural
24962,U+965A,陚,56,,60,structural
24963,U+965B,陛,9,,60,structural
24964,U+965C,陜,46,,60,structural
24965,U+965D,陝,20,,60,structural
24966,U+965E,陞,27,,60,structural
24967,U+965F,陟,27,,60,structural
24968,U+9660,陠,57,,60,structural
24969,U+9661,陡,27,,60,structural
24970,U+9662,院,41,,60,structural
24971,U+9663,陣,27,,60,structural
24972,U+9664,除,26,,60,structural
24973,U+9665,陥,24,,60,structural
24974,U+9666,陦,43,,60,structural
24975,U+9667,陧,9,,60,structural
24976,U+9668,陨,54,,60,structural
24977,U+9669,险,26,,60,structural
24978,U+966A,陪,1,,60,structural
24979,U+966B,陫,27,,60,structural
24980,U+966C,陬,0,,60,structural
24981,U+966D,陭,52,,60,structural
24982,U+966E,陮,51,,60,structural
24983,U+966F,陯,26,,60,structural
24984,U+9670,陰,49,,60,structural
24985,U+9671,陱,27,,60,structural
24986,U+9672,陲,56,,60,structural
24987,U+9673,陳,34,,60,structural
24988,U+9674,陴,37,,60,structural
24989,U+9675,陵,16,,60,structural
24990,U+9676,陶,27,,60,structural
24991,U+9677,陷,27,,60,structural
24992,U+9678,陸,9,,60,structural
24993,U+9679,陹,24,,60,structural
24994,U+967A,険,26,,60,structural
24995,U+967B,陻,59,,60,structural
24996,U+967C,陼,24,,60,structural
24997,U+967D,陽,56,,60,structural
24998,U+967E,陾,20,,60,structural
24999,U+967F,陿,46,,60,structural
25000,U+9680,隀,27,,60,structural
25001,U+9681,隁,31,,60,structural
25002,U+9682,隂,46,,60,structural
25003,U+9683,隃,26,,60,structural
25004,U+9684,隄,24,,60,structural
25005,U+9685,隅,27,,60,structural
25006,U+9686,隆,27,,60,structural
25007,U+9687,隇,31,,60,structural
25008,U+9688,隈,56,,60,structural
25009,U+9689,隉,27,,60,structural
25010,U+968A,隊,58,,60,structural
25011,U+968B,隋,27,,60,structural
25012,U+968C,隌,14,,60,structural
25013,U+968D,隍,33,,60,structural
25014,U+968E,階,27,,60,structural
25015,U+968F,随,27,,60,structural
25016,U+9690,隐,27,,60,structural
25017,U+9691,隑,11,,60,structural
25018,U+9692,隒,25,,60,structural
25019,U+9693,隓,27,,60,structural
25020,U+9694,隔,27,,60,structural
25021,U+9695,隕,54,,60,structural
25022,U+9696,隖,42,,60,structural
25023,U+9697,隗,27,,60,structural
25024,U+9698,隘,25,,60,structural
25025,U+9699,隙,27,,60,structural
25026,U+969A,隚,9,,60,structural
25027,U+969B,際,6,,60,structural
25028,U+969C,障,24,,60,structural
25029,U+969D,隝,22,,60,structural
25030,U+969E,隞,27,,60,structural
25031,U+969F,隟,24,,60,structural
25032,U+96A0,隠,27,,60,structural
25033,U+96A1,隡,58,,60,structural
25034,U+96A2,隢,56,,60,structural
25035,U+96A3,隣,27,,60,structural
25036,U+96A4,隤,32,,60,structural
25037,U+96A5,隥,27,,60,structural
25038,U+96A6,隦,27,,60,structural
25039,U+96A7,隧,58,,60,structural
25040,U+96A8,隨,27,,60,structural
25041,U+96A9,隩,18,,60,structural
25042,U+96AA,險,26,,60,structural
25043,U+96AB,隫,32,,60,structural
25044,U+96AC,隬,53,,60,structural
25045,U+96AD,隭,27,,60,structural
25046,U+96AE,隮,27,,60,structural
25047,U+96AF,隯,45,,60,structural
25048,U+96B0,隰,24,,60,structural
25049,U+96B1,隱,27,,60,structural
25050,U+96B2,隲,10,,60,structural
25051,U+96B3,隳,27,,60,structural
25052,U+96B4,隴,27,,60,structural
25053,U+96B5,隵,27,,60,structural
25054,U+96B6,隶,27,,60,structural
25055,U+96B7,隷,27,,60,structural
25056,U+96B8,隸,34,,60,structural
25057,U+96B9,隹,51,,60,structural
25058,U+96BA,隺,51,,60,structural
25059,U+96BB,隻,51,,60,structural
25060,U+96BC,隼,51,,60,structural
25061,U+96BD,隽,10,,60,structural
25062,U+96BE,难,51,,60,structural
25063,U+96BF,隿,51,,60,structural
25064,U+96C0,雀,51,,60,structural
25065,U+96C1,雁,46,,60,structural
25066,U+96C2,雂,13,,60,structural
25067,U+96C3,雃,56,,60,structural
25068,U+96C4,雄,51,,60,structural
25069,U+96C5,雅,51,,60,structural
25070,U+96C6,集,34,,60,structural
25071,U+96C7,雇,13,,60,structural
25072,U+96C8,雈,51,,60,structural
25073,U+96C9,雉,51,,60,structural
25074,U+96CA,雊,1,,60,structural
25075,U+96CB,雋,51,,60,structural
25076,U+96CC,雌,51,,60,structural
25077,U+96CD,雍,51,,60,structural
25078,U+96CE,雎,56,,60,structural
25079,U+96CF,雏,51,,60,structural
25080,U+96D0,雐,51,,60,structural
25081,U+96D1,雑,34,,60,structural
25082,U+96D2,雒,1,,60,structural
25083,U+96D3,雓,26,,60,structural
25084,U+96D4,雔,51,,60,structural
25085,U+96D5,雕,51,,60,structural
25086,U+96D6,雖,30,,60,structural
25087,U+96D7,雗,46,,60,structural
25088,U+96D8,雘,39,,60,structural
25089,U+96D9,雙,51,,60,structural
25090,U+96DA,雚,36,,60,structural
25091,U+96DB,雛,51,,60,structural
25092,U+96DC,雜,34,,60,structural
25093,U+96DD,雝,51,,60,structural
25094,U+96DE,雞,51,,60,structural
25095,U+96DF,雟,27,,60,structural
25096,U+96E0,雠,5,,60,structural
25097,U+96E1,雡,46,,60,structural
25098,U+96E2,離,10,,60,structural
25099,U+96E3,難,49,,60,structural
25100,U+96E4,雤,51,,60,structural
25101,U+96E5,雥,51,,60,structural
25102,U+96E6,雦,51,,60,structural
25103,U+96E7,雧,34,,60,structural
25104,U+96E8,雨,56,,60,structural
25105,U+96E9,雩,56,,60,structural
25106,U+96EA,雪,27,,60,structural
25107,U+96EB,雫,56,,60,structural
25108,U+96EC,雬,34,,60,structural
25109,U+96ED,雭,51,,60,structural
25110,U+96EE,雮,27,,60,structural
25111,U+96EF,雯,27,,60,structural
25112,U+96F0,雰,58,,60,structural
25113,U+96F1,雱,27,,60,structural
25114,U+96F2,雲,17,,60,structural
25115,U+96F3,雳,27,,60,structural
25116,U+96F4,雴,27,,60,structural
25117,U+96F5,雵,20,,60,structural
25118,U+96F6,零,13,,60,structural
25119,U+96F7,雷,11,,60,structural
25120,U+96F8,雸,27,,60,structural
25121,U+96F9,雹,27,,60,structural
25122,U+96FA,雺,27,,60,structural
25123,U+96FB,電,24,,60,structural
25124,U+96FC,雼,27,,60,structural
25125,U+96FD,雽,10,,60,structural
25126,U+96FE,雾,27,,60,structural
25127,U+96FF,雿,27,,60,structural
25128,U+9700,需,27,,60,structural
25129,U+9701,霁,27,,60,structural
25130,U+9702,霂,34,,60,structural
25131,U+9703,霃,12,,60,structural
25132,U+9704,霄,27,,60,structural
25133,U+9705,霅,5,,60,structural
25134,U+9706,霆,10,,60,structural
25135,U+9707,震,27,,60,structural
25136,U+9708,霈,53,,60,structural
25137,U+9709,霉,27,,60,structural
25138,U+970A,霊,56,,60,structural
25139,U+970B,霋,31,,60,structural
25140,U+970C,霌,27,,60,structural
25141,U+970D,霍,51,,60,structural
25142,U+970E,霎,31,,60,structural
25143,U+970F,霏,27,,60,structural
25144,U+9710,霐,12,,60,structural
25145,U+9711,霑,12,,60,structural
25146,U+9712,霒,49,,60,structural
25147,U+9713,霓,27,,60,structural
25148,U+9714,霔,12,,60,structural
25149,U+9715,霕,10,,60,structural
25150,U+9716,霖,34,,60,structural
25151,U+9717,霗,13,,60,structural
25152,U+9718,霘,12,,60,structural
25153,U+9719,霙,36,,60,structural
25154,U+971A,霚,27,,60,structural
25155,U+971B,霛,27,,60,structural
25156,U+971C,霜,34,,60,structural
25157,U+971D,霝,27,,60,structural
25158,U+971E,霞,51,,60,structural
25159,U+971F,霟,28,,60,structural
25160,U+9720,霠,13,,60,structural
25161,U+9721,霡,40,,60,structural
25162,U+9722,霢,40,,60,structural
25163,U+9723,霣,54,,60,structural
25164,U+9724,霤,11,,60,structural
25165,U+9725,霥,56,,60,structural
25166,U+9726,霦,34,,60,structural
25167,U+9727,霧,27,,60,structural
25168,U+9728,霨,27,,60,structural
25169,U+9729,霩,1,,60,structural
25170,U+972A,霪,10,,60,structural
25171,U+972B,霫,27,,60,structural
25172,U+972C,霬,28,,60,structural
25173,U+972D,霭,24,,60,structural
25174,U+972E,霮,12,,60,structural
25175,U+972F,霯,27,,60,structural
25176,U+9730,霰,28,,60,structural
25177,U+9731,霱,47,,60,structural
25178,U+9732,露,1,,60,structural
25179,U+9733,霳,27,,60,structural
25180,U+9734,霴,17,,60,structural
25181,U+9735,霵,1,,60,structural
25182,U+9736,霶,58,,60,structural
25183,U+9737,霷,56,,60,structural
25184,U+9738,霸,27,,60,structural
25185,U+9739,霹,27,,60,structural
25186,U+973A,霺,27,,60,structural
25187,U+973B,霻,27,,60,structural
25188,U+973C,霼,17,,60,structural
25189,U+973D,霽,27,,60,structural
25190,U+973E,霾,27,,60,structural
25191,U+973F,霿,27,,60,structural
25192,U+9740,靀,36,,60,structural
25193,U+9741,靁,11,,60,structural
25194,U+9742,靂,20,,60,structural
25195,U+9743,靃,51,,60,structural
25196,U+9744,靄,24,,60,structural
25197,U+9745,靅,43,,60,structural
25198,U+9746,靆,17,,60,structural
25199,U+9747,靇,27,,60,structural
25200,U+9748,靈,46,,60,structural
25201,U+9749,靉,17,,60,structural
25202,U+974A,靊,27,,60,structural
25203,U+974B,靋,12,,60,structural
25204,U+974C,靌,33,,60,structural
25205,U+974D,靍,22,,60,structural
25206,U+974E,靎,22,,60,structural
25207,U+974F,靏,22,,60,structural
25208,U+9750,靐,11,,60,structural
25209,U+9751,靑,9,,60,structural
25210,U+9752,青,9,,60,structural
25211,U+9753,靓,9,,60,structural
25212,U+9754,靔,9,,60,structural
25213,U+9755,靕,56,,60,structural
25214,U+9756,靖,9,,60,structural
25215,U+9757,靗,56,,60,structural
25216,U+9758,靘,9,,60,structural
25217,U+9759,静,52,,60,structural
25218,U+975A,靚,9,,60,structural
25219,U+975B,靛,9,,60,structural
25220,U+975C,靜,52,,60,structural
25221,U+975D,靝,9,,60,structural
25222,U+975E,非,27,,60,structural
25223,U+975F,靟,27,,60,structural
25224,U+9760,靠,1,,60,structural
25225,U+9761,靡,27,,60,structural
25226,U+9762,面,56,,60,structural
25227,U+9763,靣,21,,60,structural
25228,U+9764,靤,27,,60,structural
25229,U+9765,靥,27,,60,structural
25230,U+9766,靦,27,,60,structural
25231,U+9767,靧,32,,60,structural
25232,U+9768,靨,17,,60,structural
25233,U+9769,革,27,,60,structural
25234,U+976A,靪,52,,60,structural
25235,U+976B,靫,39,,60,structural
25236,U+976C,靬,27,,60,structural
25237,U+976D,靭,10,,60,structural
25238,U+976E,靮,13,,60,structural
25239,U+976F,靯,9,,60,structural
25240,U+9770,靰,56,,60,structural
25241,U+9771,靱,10,,60,structural
25242,U+9772,靲,13,,60,structural
25243,U+9773,靳,27,,60,structural
25244,U+9774,靴,46,,60,structural
25245,U+9775,靵,56,,60,structural
25246,U+9776,靶,27,,60,structural
25247,U+9777,靷,27,,60,structural
25248,U+9778,靸,51,,60,structural
25249,U+9779,靹,46,,60,structural
25250,U+977A,靺,34,,60,structural
25251,U+977B,靻,56,,60,structural
25252,U+977C,靼,56,,60,structural
25253,U+977D,靽,43,,60,structural
25254,U+977E,靾,56,,60,structural
25255,U+977F,靿,27,,60,structural
25256,U+9780,鞀,1,,60,structural
25257,U+9781,鞁,27,,60,structural
25258,U+9782,鞂,20,,60,structural
25259,U+9783,鞃,27,,60,structural
25260,U+9784,鞄,27,,60,structural
25261,U+9785,鞅,20,,60,structural
25262,U+9786,鞆,26,,60,structural
25263,U+9787,鞇,20,,60,structural
25264,U+9788,鞈,26,,60,structural
25265,U+9789,鞉,27,,60,structural
25266,U+978A,鞊,1,,60,structural
25267,U+978B,鞋,9,,60,structural
25268,U+978C,鞌,31,,60,structural
25269,U+978D,鞍,31,,60,structural
25270,U+978E,鞎,27,,60,structural
25271,U+978F,鞏,13,,60,structural
25272,U+9790,鞐,27,,60,structural
25273,U+9791,鞑,20,,60,structural
25274,U+9792,鞒,18,,60,structural
25275,U+9793,鞓,33,,60,structural
25276,U+9794,鞔,27,,60,structural
25277,U+9795,鞕,56,,60,structural
25278,U+9796,鞖,31,,60,structural
25279,U+9797,鞗,46,,60,structural
25280,U+9798,鞘,27,,60,structural
25281,U+9799,鞙,1,,60,structural
25282,U+979A,鞚,27,,60,structural
25283,U+979B,鞛,1,,60,structural
25284,U+979C,鞜,8,,60,structural
25285,U+979D,鞝,1,,60,structural
25286,U+979E,鞞,37,,60,structural
25287,U+979F,鞟,1,,60,structural
25288,U+97A0,鞠,27,,60,structural
25289,U+97A1,鞡,3,,60,structural
25290,U+97A2,鞢,2,,60,structural
25291,U+97A3,鞣,34,,60,structural
25292,U+97A4,鞤,9,,60,structural
25293,U+97A5,鞥,26,,60,structural
25294,U+97A6,鞦,42,,60,structural
25295,U+97A7,鞧,58,,60,structural
25296,U+97A8,鞨,24,,60,structural
25297,U+97A9,鞩,27,,60,structural
25298,U+97AA,鞪,27,,60,structural
25299,U+97AB,鞫,5,,60,structural
25300,U+97AC,鞬,27,,60,structural
25301,U+97AD,鞭,26,,60,structural
25302,U+97AE,鞮,24,,60,structural
25303,U+97AF,鞯,36,,60,structural
25304,U+97B0,鞰,24,,60,structural
25305,U+97B1,鞱,27,,60,structural
25306,U+97B2,鞲,27,,60,structural
25307,U+97B3,鞳,26,,60,structural
25308,U+97B4,鞴,27,,60,structural
25309,U+97B5,鞵,27,,60,structural
25310,U+97B6,鞶,27,,60,structural
25311,U+97B7,鞷,27,,60,structural
25312,U+97B8,鞸,56,,60,structural
25313,U+97B9,鞹,1,,60,structural
25314,U+97BA,鞺,9,,60,structural
25315,U+97BB,鞻,31,,60,structural
25316,U+97BC,鞼,32,,60,structural
25317,U+97BD,鞽,18,,60,structural
25318,U+97BE,鞾,36,,60,structural
25319,U+97BF,鞿,46,,60,structural
25320,U+97C0,韀,38,,60,structural
25321,U+97C1,韁,56,,60,structural
25322,U+97C2,韂,5,,60,structural
25323,U+97C3,韃,27,,60,structural
25324,U+97C4,韄,51,,60,structural
25325,U+97C5,韅,24,,60,structural
25326,U+97C6,韆,59,,60,structural
25327,U+97C7,韇,32,,60,structural
25328,U+97C8,韈,13,,60,structural
25329,U+97C9,韉,38,,60,structural
25330,U+97CA,韊,34,,60,structural
25331,U+97CB,韋,59,,60,structural
25332,U+97CC,韌,10,,60,structural
25333,U+97CD,韍,39,,60,structural
25334,U+97CE,韎,34,,60,structural
25335,U+97CF,韏,49,,60,structural
25336,U+97D0,韐,26,,60,structural
25337,U+97D1,韑,56,,60,structural
25338,U+97D2,韒,27,,60,structural
25339,U+97D3,韓,27,,60,structural
25340,U+97D4,韔,27,,60,structural
25341,U+97D5,韕,1,,60,structural
25342,U+97D6,韖,34,,60,structural
25343,U+97D7,韗,27,,60,structural
25344,U+97D8,韘,2,,60,structural
25345,U+97D9,韙,24,,60,structural
25346,U+97DA,韚,27,,60,structural
25347,U+97DB,韛,27,,60,structural
25348,U+97DC,韜,27,,60,structural
25349,U+97DD,韝,27,,60,structural
25350,U+97DE,韞,24,,60,structural
25351,U+97DF,韟,37,,60,structural
25352,U+97E0,韠,56,,60,structural
25353,U+97E1,韡,36,,60,structural
25354,U+97E2,韢,27,,60,structural
25355,U+97E3,韣,27,,60,structural
25356,U+97E4,韤,13,,60,structural
25357,U+97E5,韥,32,,60,structural
25358,U+97E7,韧,10,,60,structural
25359,U+97E8,韨,39,,60,structural
25360,U+97E9,韩,27,,60,structural
25361,U+97EA,韪,24,,60,structural
25362,U+97EB,韫,24,,60,structural
25363,U+97EC,韬,27,,60,structural
25364,U+97ED,韭,56,,60,structural
25365,U+97EE,韮,36,,60,structural
25366,U+97EF,韯,27,,60,structural
25367,U+97F0,韰,27,,60,structural
25368,U+97F1,韱,46,,60,structural
25369,U+97F2,韲,58,,60,structural
25370,U+97F3,音,24,,60,structural
25371,U+97F4,韴,53,,60,structural
25372,U+97F5,韵,14,,60,structural
25373,U+97F6,韶,1,,60,structural
25374,U+97F7,韷,14,,60,structural
25375,U+97F8,韸,43,,60,structural
25376,U+97F9,韹,33,,60,structural
25377,U+97FA,韺,36,,60,structural
25378,U+97FB,韻,54,,60,structural
25379,U+97FC,韼,43,,60,structural
25380,U+97FD,韽,13,,60,structural
25381,U+97FE,韾,14,,60,structural
25382,U+97FF,響,14,,60,structural
25383,U+9800,頀,51,,60,structural
25384,U+9801,頁,19,,60,structural
25385,U+9802,頂,52,,60,structural
25386,U+9803,頃,19,,60,structural
25387,U+9804,頄,19,,60,structural
25388,U+9805,項,19,,60,structural
25389,U+9806,順,19,,60,structural
25390,U+9807,頇,19,,60,structural
25391,U+9808,須,19,,60,structural
25392,U+9809,頉,19,,60,structural
25393,U+980A,頊,33,,60,structural
25394,U+980B,頋,19,,60,structural
25395,U+980C,頌,16,,60,structural
25396,U+980D,頍,19,,60,structural
25397,U+980E,頎,19,,60,structural
25398,U+980F,頏,19,,60,structural
25399,U+9810,預,19,,60,structural
25400,U+9811,頑,56,,60,structural
25401,U+9812,頒,58,,60,structural
25402,U+9813,頓,19,,60,structural
25403,U+9814,頔,19,,60,structural
25404,U+9815,頕,19,,60,structural
25405,U+9816,頖,43,,60,structural
25406,U+9817,頗,19,,60,structural
25407,U+9818,領,13,,60,structural
25408,U+9819,頙,19,,60,structural
25409,U+981A,頚,9,,60,structural
25410,U+981B,頛,19,,60,structural
25411,U+981C,頜,26,,60,structural
25412,U+981D,頝,19,,60,structural
25413,U+981E,頞,31,,60,structural
25414,U+981F,頟,19,,60,structural
25415,U+9820,頠,19,,60,structural
25416,U+9821,頡,19,,60,structural
25417,U+9822,頢,19,,60,structural
25418,U+9823,頣,19,,60,structural
25419,U+9824,頤,19,,60,structural
25420,U+9825,頥,19,,60,structural
25421,U+9826,頦,19,,60,structural
25422,U+9827,頧,19,,60,structural
25423,U+9828,頨,19,,60,structural
25424,U+9829,頩,25,,60,structural
25425,U+982A,頪,19,,60,structural
25426,U+982B,頫,19,,60,structural
25427,U+982C,頬,49,,60,structural
25428,U+982D,頭,19,,60,structural
25429,U+982E,頮,19,,60,structural
25430,U+982F,頯,19,,60,structural
25431,U+9830,頰,19,,60,structural
25432,U+9831,頱,19,,60,structural
25433,U+9832,頲,10,,60,structural
25434,U+9833,頳,19,,60,structural
25435,U+9834,頴,19,,60,structural
25436,U+9835,頵,21,,60,structural
25437,U+9836,頶,19,,60,structural
25438,U+9837,頷,13,,60,structural
25439,U+9838,頸,19,,60,structural
25440,U+9839,頹,19,,60,structural
25441,U+983A,頺,19,,60,structural
25442,U+983B,頻,19,,60,structural
25443,U+983C,頼,19,,60,structural
25444,U+983D,頽,19,,60,structural
25445,U+983E,頾,19,,60,structural
25446,U+983F,頿,19,,60,structural
25447,U+9840,顀,19,,60,structural
25448,U+9841,顁,19,,60,structural
25449,U+9842,顂,19,,60,structural
25450,U+9843,顃,19,,60,structural
25451,U+9844,顄,58,,60,structural
25452,U+9845,顅,57,,60,structural
25453,U+9846,顆,19,,60,structural
25454,U+9847,顇,19,,60,structural
25455,U+9848,顈,19,,60,structural
25456,U+9849,顉,29,,60,structural
25457,U+984A,顊,19,,60,structural
25458,U+984B,顋,19,,60,structural
25459,U+984C,題,19,,60,structural
25460,U+984D,額,19,,60,structural
25461,U+984E,顎,21,,60,structural
25462,U+984F,顏,19,,60,structural
25463,U+9850,顐,19,,60,structural
25464,U+9851,顑,21,,60,structural
25465,U+9852,顒,19,,60,structural
25466,U+9853,顓,19,,60,structural
25467,U+9854,顔,58,,60,structural
25468,U+9855,顕,56,,60,structural
25469,U+9856,顖,10,,60,structural
25470,U+9857,顗,19,,60,structural
25471,U+9858,願,19,,60,structural
25472,U+9859,顙,19,,60,structural
25473,U+985A,顚,19,,60,structural
25474,U+985B,顛,25,,60,structural
25475,U+985C,顜,19,,60,structural
25476,U+985D,顝,19,,60,structural
25477,U+985E,類,19,,60,structural
25478,U+985F,顟,46,,60,structural
25479,U+9860,顠,59,,60,structural
25480,U+9861,顡,19,,60,structural
25481,U+9862,顢,19,,60,structural
25482,U+9863,顣,56,,60,structural
25483,U+9864,顤,56,,60,structural
25484,U+9865,顥,1,,60,structural
25485,U+9866,顦,42,,60,structural
25486,U+9867,顧,19,,60,structural
25487,U+9868,顨,56,,60,structural
25488,U+9869,顩,26,,60,structural
25489,U+986A,顪,19,,60,structural
25490,U+986B,顫,21,,60,structural
25491,U+986C,顬,19,,60,structural
25492,U+986D,顭,4,,60,structural
25493,U+986E,顮,41,,60,structural
25494,U+986F,顯,19,,60,structural
25495,U+9870,顰,37,,60,structural
25496,U+9871,顱,19,,60,structural
25497,U+9872,顲,19,,60,structural
25498,U+9873,顳,19,,60,structural
25499,U+9874,顴,19,,60,structural
25500,U+9875,页,19,,60,structural
25501,U+9876,顶,52,,60,structural
25502,U+9877,顷,19,,60,structural
25503,U+9878,顸,19,,60,structural
25504,U+9879,项,19,,60,structural
25505,U+987A,顺,19,,60,structural
25506,U+987B,须,19,,60,structural
25507,U+987C,顼,33,,60,structural
25508,U+987D,顽,56,,60,structural
25509,U+987E,顾,19,,60,structural
25510,U+987F,顿,19,,60,structural
25511,U+9880,颀,19,,60,structural
25512,U+9881,颁,58,,60,structural
25513,U+9882,颂,16,,60,structural
25514,U+9883,颃,19,,60,structural
25515,U+9884,预,19,,60,structural
25516,U+9885,颅,19,,60,structural
25517,U+9886,领,13,,60,structural
25518,U+9887,颇,19,,60,structural
25519,U+9888,颈,19,,60,structural
25520,U+9889,颉,19,,60,structural
25521,U+988A,颊,49,,60,structural
25522,U+988B,颋,10,,60,structural
25523,U+988C,颌,26,,60,structural
25524,U+988D,颍,19,,60,structural
25525,U+988E,颎,19,,60,structural
25526,U+988F,颏,19,,60,structural
25527,U+9890,颐,19,,60,structural
25528,U+9891,频,19,,60,structural
25529,U+9892,颒,19,,60,structural
25530,U+9893,颓,19,,60,structural
25531,U+9894,颔,13,,60,structural
25532,U+9895,颕,19,,60,structural
25533,U+9896,颖,19,,60,structural
25534,U+9897,颗,19,,60,structural
25535,U+9898,题,19,,60,structural
25536,U+9899,颙,19,,60,structural
25537,U+989A,颚,21,,60,structural
25538,U+989B,颛,19,,60,structural
25539,U+989C,颜,58,,60,structural
25540,U+989D,额,19,,60,structural
25541,U+989E,颞,0,,60,structural
25542,U+989F,颟,19,,60,structural
25543,U+98A0,颠,25,,60,structural
25544,U+98A1,颡,19,,60,structural
25545,U+98A2,颢,1,,60,structural
25546,U+98A3,颣,19,,60,structural
25547,U+98A4,颤,21,,60,structural
25548,U+98A5,颥,19,,60,structural
25549,U+98A6,颦,37,,60,structural
25550,U+98A7,颧,19,,60,structural
25551,U+98A8,風,30,,60,structural
25552,U+98A9,颩,27,,60,structural
25553,U+98AA,颪,56,,60,structural
25554,U+98AB,颫,49,,60,structural
25555,U+98AC,颬,27,,60,structural
25556,U+98AD,颭,1,,60,structural
25557,U+98AE,颮,27,,60,structural
25558,U+98AF,颯,27,,60,structural
25559,U+98B0,颰,39,,60,structural
25560,U+98B1,颱,1,,60,structural
25561,U+98B2,颲,27,,60,structural
25562,U+98B3,颳,27,,60,structural
25563,U+98B4,颴,27,,60,structural
25564,U+98B5,颵,27,,60,structural
25565,U+98B6,颶,25,,60,structural
25566,U+98B7,颷,42,,60,structural
25567,U+98B8,颸,11,,60,structural
25568,U+98B9,颹,27,,60,structural
25569,U+98BA,颺,56,,60,structural
25570,U+98BB,颻,27,,60,structural
25571,U+98BC,颼,51,,60,structural
25572,U+98BD,颽,11,,60,structural
25573,U+98BE,颾,39,,60,structural
25574,U+98BF,颿,50,,60,structural
25575,U+98C0,飀,11,,60,structural
25576,U+98C1,飁,27,,60,structural
25577,U+98C2,飂,46,,60,structural
25578,U+98C3,飃,59,,60,structural
25579,U+98C4,飄,59,,60,structural
25580,U+98C5,飅,56,,60,structural
25581,U+98C6,飆,27,,60,structural
25582,U+98C7,飇,27,,60,structural
25583,U+98C8,飈,42,,60,structural
25584,U+98C9,飉,24,,60,structural
25585,U+98CA,飊,42,,60,structural
25586,U+98CB,飋,10,,60,structural
25587,U+98CC,飌,36,,60,structural
25588,U+98CD,飍,27,,60,structural
25589,U+98CE,风,10,,60,structural
25590,U+98CF,飏,27,,60,structural
25591,U+98D0,飐,1,,60,structural
25592,U+98D1,飑,27,,60,structural
25593,U+98D2,飒,27,,60,structural
25594,U+98D3,飓,25,,60,structural
25595,U+98D4,飔,11,,60,structural
25596,U+98D5,飕,51,,60,structural
25597,U+98D6,飖,27,,60,structural
25598,U+98D7,飗,11,,60,structural
25599,U+98D8,飘,59,,60,structural
25600,U+98D9,飙,27,,60,structural
25601,U+98DA,飚,42,,60,structural
25602,U+98DB,飛,27,,60,structural
25603,U+98DC,飜,11,,60,structural
25604,U+98DD,飝,27,,60,structural
25605,U+98DE,飞,27,,60,structural
25606,U+98DF,食,13,,60,structural
25607,U+98E0,飠,13,,60,structural
25608,U+98E1,飡,6,,60,structural
25609,U+98E2,飢,27,,60,structural
25610,U+98E3,飣,52,,60,structural
25611,U+98E4,飤,46,,60,structural
25612,U+98E5,飥,10,,60,structural
25613,U+98E6,飦,27,,60,structural
25614,U+98E7,飧,4,,60,structural
25615,U+98E8,飨,27,,60,structural
25616,U+98E9,飩,10,,60,structural
25617,U+98EA,飪,10,,60,structural
25618,U+98EB,飫,18,,60,structural
25619,U+98EC,飬,49,,60,structural
25620,U+98ED,飭,27,,60,structural
25621,U+98EE,飮,6,,60,structural
25622,U+98EF,飯,51,,60,structural
25623,U+98F0,飰,56,,60,structural
25624,U+98F1,飱,27,,60,structural
25625,U+98F2,飲,6,,60,structural
25626,U+98F3,飳,9,,60,structural
25627,U+98F4,飴,1,,60,structural
25628,U+98F5,飵,10,,60,structural
25629,U+98F6,飶,10,,60,structural
25630,U+98F7,飷,56,,60,structural
25631,U+98F8,飸,21,,60,structural
25632,U+98F9,飹,27,,60,structural
25633,U+98FA,飺,27,,60,structural
25634,U+98FB,飻,46,,60,structural
25635,U+98FC,飼,27,,60,structural
25636,U+98FD,飽,27,,60,structural
25637,U+98FE,飾,53,,60,structural
25638,U+98FF,飿,27,,60,structural
25639,U+9900,餀,36,,60,structural
25640,U+9901,餁,46,,60,structural
25641,U+9902,餂,27,,60,structural
25642,U+9903,餃,27,,60,structural
25643,U+9904,餄,26,,60,structural
25644,U+9905,餅,25,,60,structural
25645,U+9906,餆,27,,60,structural
25646,U+9907,餇,1,,60,structural
25647,U+9908,餈,6,,60,structural
25648,U+9909,餉,18,,60,structural
25649,U+990A,養,27,,60,structural
25650,U+990B,餋,49,,60,structural
25651,U+990C,餌,0,,60,structural
25652,U+990D,餍,27,,60,structural
25653,U+990E,餎,1,,60,structural
25654,U+990F,餏,35,,60,structural
25655,U+9910,餐,27,,60,structural
25656,U+9911,餑,27,,60,structural
25657,U+9912,餒,31,,60,structural
25658,U+9913,餓,27,,60,structural
25659,U+9914,餔,57,,60,structural
25660,U+9915,餕,16,,60,structural
25661,U+9916,餖,27,,60,structural
25662,U+9917,餗,34,,60,structural
25663,U+9918,餘,26,,60,structural
25664,U+9919,餙,10,,60,structural
25665,U+991A,餚,10,,60,structural
25666,U+991B,餛,24,,60,structural
25667,U+991C,餜,24,,60,structural
25668,U+991D,餝,36,,60,structural
25669,U+991E,餞,27,,60,structural
25670,U+991F,餟,51,,60,structural
25671,U+9920,餠,10,,60,structural
25672,U+9921,餡,27,,60,structural
25673,U+9922,餢,1,,60,structural
25674,U+9923,餣,24,,60,structural
25675,U+9924,餤,42,,60,structural
25676,U+9925,餥,27,,60,structural
25677,U+9926,餦,27,,60,structural
25678,U+9927,餧,31,,60,structural
25679,U+9928,館,27,,60,structural
25680,U+9929,餩,46,,60,structural
25681,U+992A,餪,20,,60,structural
25682,U+992B,餫,27,,60,structural
25683,U+992C,餬,57,,60,structural
25684,U+992D,餭,33,,60,structural
25685,U+992E,餮,46,,60,structural
25686,U+992F,餯,27,,60,structural
25687,U+9930,餰,52,,60,structural
25688,U+9931,餱,46,,60,structural
25689,U+9932,餲,24,,60,structural
25690,U+9933,餳,56,,60,structural
25691,U+9934,餴,20,,60,structural
25692,U+9935,餵,56,,60,structural
25693,U+9936,餶,27,,60,structural
25694,U+9937,餷,2,,60,structural
25695,U+9938,餸,25,,60,structural
25696,U+9939,餹,59,,60,structural
25697,U+993A,餺,57,,60,structural
25698,U+993B,餻,42,,60,structural
25699,U+993C,餼,27,,60,structural
25700,U+993D,餽,27,,60,structural
25701,U+993E,餾,11,,60,structural
25702,U+993F,餿,51,,60,structural
25703,U+9940,饀,27,,60,structural
25704,U+9941,饁,9,,60,structural
25705,U+9942,饂,24,,60,structural
25706,U+9943,饃,24,,60,structural
25707,U+9944,饄,9,,60,structural
25708,U+9945,饅,24,,60,structural
25709,U+9946,饆,56,,60,structural
25710,U+9947,饇,1,,60,structural
25711,U+9948,饈,56,,60,structural
25712,U+9949,饉,1,,60,structural
25713,U+994A,饊,28,,60,structural
25714,U+994B,饋,32,,60,structural
25715,U+994C,饌,28,,60,structural
25716,U+994D,饍,25,,60,structural
25717,U+994E,饎,1,,60,structural
25718,U+994F,饏,0,,60,structural
25719,U+9950,饐,27,,60,structural
25720,U+9951,饑,46,,60,structural
25721,U+9952,饒,56,,60,structural
25722,U+9953,饓,34,,60,structural
25723,U+9954,饔,51,,60,structural
25724,U+9955,饕,21,,60,structural
25725,U+9956,饖,56,,60,structural
25726,U+9957,饗,13,,60,structural
25727,U+9958,饘,21,,60,structural
25728,U+9959,饙,32,,60,structural
25729,U+995A,饚,9,,60,structural
25730,U+995B,饛,36,,60,structural
25731,U+995C,饜,17,,60,structural
25732,U+995D,饝,27,,60,structural
25733,U+995E,饞,13,,60,structural
25734,U+995F,饟,1,,60,structural
25735,U+9960,饠,15,,60,structural
25736,U+9961,饡,32,,60,structural
25737,U+9962,饢,59,,60,structural
25738,U+9963,饣,27,,60,structural
25739,U+9964,饤,52,,60,structural
25740,U+9965,饥,27,,60,structural
25741,U+9966,饦,10,,60,structural
25742,U+9967,饧,27,,60,structural
25743,U+9968,饨,10,,60,structural
25744,U+9969,饩,27,,60,structural
25745,U+996A,饪,10,,60,structural
25746,U+996B,饫,18,,60,structural
25747,U+996C,饬,27,,60,structural
25748,U+996D,饭,51,,60,structural
25749,U+996E,饮,6,,60,structural
25750,U+996F,饯,56,,60,structural
25751,U+9970,饰,53,,60,structural
25752,U+9971,饱,27,,60,structural
25753,U+9972,饲,27,,60,structural
25754,U+9973,饳,27,,60,structural
25755,U+9974,饴,1,,60,structural
25756,U+9975,饵,0,,60,structural
25757,U+9976,饶,56,,60,structural
25758,U+9977,饷,18,,60,structural
25759,U+9978,饸,26,,60,structural
25760,U+9979,饹,1,,60,structural
25761,U+997A,饺,27,,60,structural
25762,U+997B,饻,35,,60,structural
25763,U+997C,饼,25,,60,structural
25764,U+997D,饽,27,,60,structural
25765,U+997E,饾,27,,60,structural
25766,U+997F,饿,27,,60,structural
25767,U+9980,馀,26,,60,structural
25768,U+9981,馁,31,,60,structural
25769,U+9982,馂,16,,60,structural
25770,U+9983,馃,24,,60,structural
25771,U+9984,馄,24,,60,structural
25772,U+9985,馅,27,,60,structural
25773,U+9986,馆,27,,60,structural
25774,U+9987,馇,2,,60,structural
25775,U+9988,馈,32,,60,structural
25776,U+9989,馉,27,,60,structural
25777,U+998A,馊,51,,60,structural
25778,U+998B,馋,27,,60,structural
25779,U+998C,馌,9,,60,structural
25780,U+998D,馍,24,,60,structural
25781,U+998E,馎,57,,60,structural
25782,U+998F,馏,11,,60,structural
25783,U+9990,馐,56,,60,structural
25784,U+9991,馑,1,,60,structural
25785,U+9992,馒,24,,60,structural
25786,U+9993,馓,28,,60,structural
25787,U+9994,馔,28,,60,structural
25788,U+9995,馕,59,,60,structural
25789,U+9996,首,25,,60,structural
25790,U+9997,馗,27,,60,structural
25791,U+9998,馘,21,,60,structural
25792,U+9999,香,24,,60,structural
25793,U+999A,馚,58,,60,structural
25794,U+999B,馛,39,,60,structural
25795,U+999C,馜,27,,60,structural
25796,U+999D,馝,10,,60,structural
25797,U+999E,馞,27,,60,structural
25798,U+999F,馟,27,,60,structural
25799,U+99A0,馠,13,,60,structural
25800,U+99A1,馡,27,,60,structural
25801,U+99A2,馢,27,,60,structural
25802,U+99A3,馣,24,,60,structural
25803,U+99A4,馤,24,,60,structural
25804,U+99A5,馥,24,,60,structural
25805,U+99A6,馦,25,,60,structural
25806,U+99A7,馧,27,,60,structural
25807,U+99A8,馨,27,,60,structural
25808,U+99A9,馩,32,,60,structural
25809,U+99AA,馪,41,,60,structural
25810,U+99AB,馫,27,,60,structural
25811,U+99AC,馬,42,,60,structural
25812,U+99AD,馭,50,,60,structural
25813,U+99AE,馮,50,,60,structural
25814,U+99AF,馯,50,,60,structural
25815,U+99B0,馰,50,,60,structural
25816,U+99B1,馱,50,,60,structural
25817,U+99B2,馲,50,,60,structural
25818,U+99B3,馳,50,,60,structural
25819,U+99B4,馴,50,,60,structural
25820,U+99B5,馵,50,,60,structural
25821,U+99B6,馶,50,,60,structural
25822,U+99B7,馷,53,,60,structural
25823,U+99B8,馸,50,,60,structural
25824,U+99B9,馹,50,,60,structural
25825,U+99BA,馺,50,,60,structural
25826,U+99BB,馻,50,,60,structural
25827,U+99BC,馼,50,,60,structural
25828,U+99BD,馽,59,,60,structural
25829,U+99BE,馾,50,,60,structural
25830,U+99BF,馿,50,,60,structural
25831,U+99C0,駀,50,,60,structural
25832,U+99C1,駁,50,,60,structural
25833,U+99C2,駂,50,,60,structural
25834,U+99C3,駃,50,,60,structural
25835,U+99C4,駄,50,,60,structural
25836,U+99C5,駅,50,,60,structural
25837,U+99C6,駆,50,,60,structural
25838,U+99C7,駇,50,,60,structural
25839,U+99C8,駈,50,,60,structural
25840,U+99C9,駉,50,,60,structural
25841,U+99CA,駊,50,,60,structural
25842,U+99CB,駋,50,,60,structural
25843,U+99CC,駌,44,,60,structural
25844,U+99CD,駍,50,,60,structural
25845,U+99CE,駎,50,,60,structural
25846,U+99CF,駏,50,,60,structural
25847,U+99D0,駐,50,,60,structural
25848,U+99D1,駑,50,,60,structural
25849,U+99D2,駒,50,,60,structural
25850,U+99D3,駓,50,,60,structural
25851,U+99D4,駔,50,,60,structural
25852,U+99D5,駕,50,,60,structural
25853,U+99D6,駖,13,,60,structural
25854,U+99D7,駗,46,,60,structural
25855,U+99D8,駘,50,,60,structural
25856,U+99D9,駙,50,,60,structural
25857,U+99DA,駚,50,,60,structural
25858,U+99DB,駛,50,,60,structural
25859,U+99DC,駜,10,,60,structural
25860,U+99DD,駝,50,,60,structural
25861,U+99DE,駞,50,,60,structural
25862,U+99DF,駟,50,,60,structural
25863,U+99E0,駠,50,,60,structural
25864,U+99E1,駡,50,,60,structural
25865,U+99E2,駢,25,,60,structural
25866,U+99E3,駣,50,,60,structural
25867,U+99E4,駤,50,,60,structural
25868,U+99E5,駥,50,,60,structural
25869,U+99E6,駦,49,,60,structural
25870,U+99E7,駧,50,,60,structural
25871,U+99E8,駨,24,,60,structural
25872,U+99E9,駩,33,,60,structural
25873,U+99EA,駪,50,,60,structural
25874,U+99EB,駫,56,,60,structural
25875,U+99EC,駬,50,,60,structural
25876,U+99ED,駭,50,,60,structural
25877,U+99EE,駮,50,,60,structural
25878,U+99EF,駯,50,,60,structural
25879,U+99F0,駰,50,,60,structural
25880,U+99F1,駱,50,,60,structural
25881,U+99F2,駲,50,,60,structural
25882,U+99F3,駳,50,,60,structural
25883,U+99F4,駴,50,,60,structural
25884,U+99F5,駵,50,,60,structural
25885,U+99F6,駶,50,,60,structural
25886,U+99F7,駷,50,,60,structural
25887,U+99F8,駸,50,,60,structural
25888,U+99F9,駹,50,,60,structural
25889,U+99FA,駺,50,,60,structural
25890,U+99FB,駻,50,,60,structural
25891,U+99FC,駼,26,,60,structural
25892,U+99FD,駽,50,,60,structural
25893,U+99FE,駾,47,,60,structural
25894,U+99FF,駿,16,,60,structural
25895,U+9A00,騀,50,,60,structural
25896,U+9A01,騁,50,,60,structural
25897,U+9A02,騂,50,,60,structural
25898,U+9A03,騃,50,,60,structural
25899,U+9A04,騄,58,,60,structural
25900,U+9A05,騅,50,,60,structural
25901,U+9A06,騆,50,,60,structural
25902,U+9A07,騇,50,,60,structural
25903,U+9A08,騈,50,,60,structural
25904,U+9A09,騉,50,,60,structural
25905,U+9A0A,騊,50,,60,structural
25906,U+9A0B,騋,50,,60,structural
25907,U+9A0C,騌,50,,60,structural
25908,U+9A0D,騍,24,,60,structural
25909,U+9A0E,騎,52,,60,structural
25910,U+9A0F,騏,25,,60,structural
25911,U+9A10,騐,13,,60,structural
25912,U+9A11,騑,50,,60,structural
25913,U+9A12,騒,50,,60,structural
25914,U+9A13,験,26,,60,structural
25915,U+9A14,騔,24,,60,structural
25916,U+9A15,騕,59,,60,structural
25917,U+9A16,騖,50,,60,structural
25918,U+9A17,騗,50,,60,structural
25919,U+9A18,騘,10,,60,structural
25920,U+9A19,騙,50,,60,structural
25921,U+9A1A,騚,25,,60,structural
25922,U+9A1B,騛,50,,60,structural
25923,U+9A1C,騜,33,,60,structural
25924,U+9A1D,騝,50,,60,structural
25925,U+9A1E,騞,43,,60,structural
25926,U+9A1F,騟,26,,60,structural
25927,U+9A20,騠,50,,60,structural
25928,U+9A21,騡,12,,60,structural
25929,U+9A22,騢,50,,60,structural
25930,U+9A23,騣,16,,60,structural
25931,U+9A24,騤,50,,60,structural
25932,U+9A25,騥,50,,60,structural
25933,U+9A26,騦,50,,60,structural
25934,U+9A27,騧,50,,60,structural
25935,U+9A28,騨,50,,60,structural
25936,U+9A29,騩,50,,60,structural
25937,U+9A2A,騪,50,,60,structural
25938,U+9A2B,騫,50,,60,structural
25939,U+9A2C,騬,50,,60,structural
25940,U+9A2D,騭,50,,60,structural
25941,U+9A2E,騮,50,,60,structural
25942,U+9A2F,騯,58,,60,structural
25943,U+9A30,騰,49,,60,structural
25944,U+9A31,騱,50,,60,structural
25945,U+9A32,騲,24,,60,structural
25946,U+9A33,騳,50,,60,structural
25947,U+9A34,騴,31,,60,structural
25948,U+9A35,騵,50,,60,structural
25949,U+9A36,騶,50,,60,structural
25950,U+9A37,騷,39,,60,structural
25951,U+9A38,騸,50,,60,structural
25952,U+9A39,騹,50,,60,structural
25953,U+9A3A,騺,13,,60,structural
25954,U+9A3B,騻,50,,60,structural
25955,U+9A3C,騼,50,,60,structural
25956,U+9A3D,騽,50,,60,structural
25957,U+9A3E,騾,15,,60,structural
25958,U+9A3F,騿,24,,60,structural
25959,U+9A40,驀,24,,60,structural
25960,U+9A41,驁,50,,60,structural
25961,U+9A42,驂,50,,60,structural
25962,U+9A43,驃,59,,60,structural
25963,U+9A44,驄,10,,60,structural
25964,U+9A45,驅,50,,60,structural
25965,U+9A46,驆,50,,60,structural
25966,U+9A47,驇,13,,60,structural
25967,U+9A48,驈,47,,60,structural
25968,U+9A49,驉,50,,60,structural
25969,U+9A4A,驊,50,,60,structural
25970,U+9A4B,驋,50,,60,structural
25971,U+9A4C,驌,50,,60,structural
25972,U+9A4D,驍,56,,60,structural
25973,U+9A4E,驎,50,,60,structural
25974,U+9A4F,驏,50,,60,structural
25975,U+9A50,驐,1,,60,structural
25976,U+9A51,驑,50,,60,structural
25977,U+9A52,驒,21,,60,structural
25978,U+9A53,驓,50,,60,structural
25979,U+9A54,驔,28,,60,structural
25980,U+9A55,驕,18,,60,structural
25981,U+9A56,驖,50,,60,structural
25982,U+9A57,驗,26,,60,structural
25983,U+9A58,驘,57,,60,structural
25984,U+9A59,驙,21,,60,structural
25985,U+9A5A,驚,36,,60,structural
25986,U+9A5B,驛,9,,60,structural
25987,U+9A5C,驜,50,,60,structural
25988,U+9A5D,驝,50,,60,structural
25989,U+9A5E,驞,41,,60,structural
25990,U+9A5F,驟,0,,60,structural
25991,U+9A60,驠,42,,60,structural
25992,U+9A61,驡,50,,60,structural
25993,U+9A62,驢,50,,60,structural
25994,U+9A63,驣,49,,60,structural
25995,U+9A64,驤,1,,60,structural
25996,U+9A65,驥,28,,60,structural
25997,U+9A66,驦,50,,60,structural
25998,U+9A67,驧,50,,60,structural
25999,U+9A68,驨,47,,60,structural
26000,U+9A69,驩,50,,60,structural
26001,U+9A6A,驪,50,,60,structural
26002,U+9A6B,驫,50,,60,structural
26003,U+9A6C,马,56,,60,structural
26004,U+9A6D,驭,50,,60,structural
26005,U+9A6E,驮,50,,60,structural
26006,U+9A6F,驯,50,,60,structural
26007,U+9A70,驰,50,,60,structural
26008,U+9A71,驱,50,,60,structural
26009,U+9A72,驲,50,,60,structural
26010,U+9A73,驳,50,,60,structural
26011,U+9A74,驴,50,,60,structural
26012,U+9A75,驵,50,,60,structural
26013,U+9A76,驶,50,,60,structural
26014,U+9A77,驷,50,,60,structural
26015,U+9A78,驸,50,,60,structural
26016,U+9A79,驹,50,,60,structural
26017,U+9A7A,驺,50,,60,structural
26018,U+9A7B,驻,50,,60,structural
26019,U+9A7C,驼,50,,60,structural
26020,U+9A7D,驽,50,,60,structural
26021,U+9A7E,驾,50,,60,structural
26022,U+9A7F,驿,50,,60,structural
26023,U+9A80,骀,50,,60,structural
26024,U+9A81,骁,56,,60,structural
26025,U+9A82,骂,50,,60,structural
26026,U+9A83,骃,50,,60,structural
26027,U+9A84,骄,18,,60,structural
26028,U+9A85,骅,50,,60,structural
26029,U+9A86,骆,50,,60,structural
26030,U+9A87,骇,50,,60,structural
26031,U+9A88,骈,25,,60,structural
26032,U+9A89,骉,50,,60,structural
26033,U+9A8A,骊,50,,60,structural
26034,U+9A8B,骋,50,,60,structural
26035,U+9A8C,验,26,,60,structural
26036,U+9A8D,骍,50,,60,structural
26037,U+9A8E,骎,50,,60,structural
26038,U+9A8F,骏,16,,60,structural
26039,U+9A90,骐,25,,60,structural
26040,U+9A91,骑,52,,60,structural
26041,U+9A92,骒,24,,60,structural
26042,U+9A93,骓,50,,60,structural
26043,U+9A94,骔,50,,60,structural
26044,U+9A95,骕,50,,60,structural
26045,U+9A96,骖,50,,60,structural
26046,U+9A97,骗,50,,60,structural
26047,U+9A98,骘,50,,60,structural
26048,U+9A99,骙,50,,60,structural
26049,U+9A9A,骚,39,,60,structural
26050,U+9A9B,骛,50,,60,structural
26051,U+9A9C,骜,50,,60,structural
26052,U+9A9D,骝,50,,60,structural
26053,U+9A9E,骞,50,,60,structural
26054,U+9A9F,骟,50,,60,structural
26055,U+9AA0,骠,59,,60,structural
26056,U+9AA1,骡,15,,60,structural
26057,U+9AA2,骢,10,,60,structural
26058,U+9AA3,骣,50,,60,structural
26059,U+9AA4,骤,0,,60,structural
26060,U+9AA5,骥,28,,60,structural
26061,U+9AA6,骦,50,,60,structural
26062,U+9AA7,骧,1,,60,structural
26063,U+9AA8,骨,27,,60,structural
26064,U+9AA9,骩,27,,60,structural
26065,U+9AAA,骪,13,,60,structural
26066,U+9AAB,骫,13,,60,structural
26067,U+9AAC,骬,17,,60,structural
26068,U+9AAD,骭,27,,60,structural
26069,U+9AAE,骮,27,,60,structural
26070,U+9AAF,骯,27,,60,structural
26071,U+9AB0,骰,27,,60,structural
26072,U+9AB1,骱,46,,60,structural
26073,U+9AB2,骲,27,,60,structural
26074,U+9AB3,骳,27,,60,structural
26075,U+9AB4,骴,27,,60,structural
26076,U+9AB5,骵,34,,60,structural
26077,U+9AB6,骶,13,,60,structural
26078,U+9AB7,骷,1,,60,structural
26079,U+9AB8,骸,46,,60,structural
26080,U+9AB9,骹,27,,60,structural
26081,U+9ABA,骺,1,,60,structural
26082,U+9ABB,骻,56,,60,structural
26083,U+9ABC,骼,1,,60,structural
26084,U+9ABD,骽,31,,60,structural
26085,U+9ABE,骾,56,,60,structural
26086,U+9ABF,骿,25,,60,structural
26087,U+9AC0,髀,37,,60,structural
26088,U+9AC1,髁,24,,60,structural
26089,U+9AC2,髂,1,,60,structural
26090,U+9AC3,髃,27,,60,structural
26091,U+9AC4,髄,27,,60,structural
26092,U+9AC5,髅,31,,60,structural
26093,U+9AC6,髆,57,,60,structural
26094,U+9AC7,髇,27,,60,structural
26095,U+9AC8,髈,58,,60,structural
26096,U+9AC9,髉,51,,60,structural
26097,U+9ACA,髊,27,,60,structural
26098,U+9ACB,髋,36,,60,structural
26099,U+9ACC,髌,25,,60,structural
26100,U+9ACD,髍,27,,60,structural
26101,U+9ACE,髎,46,,60,structural
26102,U+9ACF,髏,31,,60,structural
26103,U+9AD0,髐,56,,60,structural
26104,U+9AD1,髑,27,,60,structural
26105,U+9AD2,髒,36,,60,structural
26106,U+9AD3,髓,27,,60,structural
26107,U+9AD4,體,27,,60,structural
26108,U+9AD5,髕,41,,60,structural
26109,U+9AD6,髖,36,,60,structural
26110,U+9AD7,髗,11,,60,structural
26111,U+9AD8,高,1,,60,structural
26112,U+9AD9,髙,1,,60,structural
26113,U+9ADA,髚,27,,60,structural
26114,U+9ADB,髛,27,,60,structural
26115,U+9ADC,髜,24,,60,structural
26116,U+9ADD,髝,27,,60,structural
26117,U+9ADE,髞,34,,60,structural
26118,U+9ADF,髟,27,,60,structural
26119,U+9AE0,髠,27,,60,structural
26120,U+9AE1,髡,56,,60,structural
26121,U+9AE2,髢,27,,60,structural
26122,U+9AE3,髣,27,,60,structural
26123,U+9AE4,髤,34,,60,structural
26124,U+9AE5,髥,17,,60,structural
26125,U+9AE6,髦,27,,60,structural
26126,U+9AE7,髧,27,,60,structural
26127,U+9AE8,髨,56,,60,structural
26128,U+9AE9,髩,56,,60,structural
26129,U+9AEA,髪,51,,60,structural
26130,U+9AEB,髫,1,,60,structural
26131,U+9AEC,髬,56,,60,structural
26132,U+9AED,髭,27,,60,structural
26133,U+9AEE,髮,39,,60,structural
26134,U+9AEF,髯,27,,60,structural
26135,U+9AF0,髰,56,,60,structural
26136,U+9AF1,髱,27,,60,structural
26137,U+9AF2,髲,27,,60,structural
26138,U+9AF3,髳,27,,60,structural
26139,U+9AF4,髴,10,,60,structural
26140,U+9AF5,髵,27,,60,structural
26141,U+9AF6,髶,0,,60,structural
26142,U+9AF7,髷,27,,60,structural
26143,U+9AF8,髸,28,,60,structural
26144,U+9AF9,髹,34,,60,structural
26145,U+9AFA,髺,27,,60,structural
26146,U+9AFB,髻,1,,60,structural
26147,U+9AFC,髼,43,,60,structural
26148,U+9AFD,髽,9,,60,structural
26149,U+9AFE,髾,27,,60,structural
26150,U+9AFF,髿,10,,60,structural
26151,U+9B00,鬀,58,,60,structural
26152,U+9B01,鬁,20,,60,structural
26153,U+9B02,鬂,25,,60,structural
26154,U+9B03,鬃,27,,60,structural
26155,U+9B04,鬄,24,,60,structural
26156,U+9B05,鬅,40,,60,structural
26157,U+9B06,鬆,16,,60,structural
26158,U+9B07,鬇,52,,60,structural
26159,U+9B08,鬈,49,,60,structural
26160,U+9B09,鬉,16,,60,structural
26161,U+9B0A,鬊,24,,60,structural
26162,U+9B0B,鬋,25,,60,structural
26163,U+9B0C,鬌,27,,60,structural
26164,U+9B0D,鬍,57,,60,structural
26165,U+9B0E,鬎,34,,60,structural
26166,U+9B0F,鬏,42,,60,structural
26167,U+9B10,鬐,24,,60,structural
26168,U+9B11,鬑,25,,60,structural
26169,U+9B12,鬒,25,,60,structural
26170,U+9B13,鬓,25,,60,structural
26171,U+9B14,鬔,43,,60,structural
26172,U+9B15,鬕,24,,60,structural
26173,U+9B16,鬖,27,,60,structural
26174,U+9B17,鬗,53,,60,structural
26175,U+9B18,鬘,24,,60,structural
26176,U+9B19,鬙,58,,60,structural
26177,U+9B1A,鬚,19,,60,structural
26178,U+9B1B,鬛,10,,60,structural
26179,U+9B1C,鬜,27,,60,structural
26180,U+9B1D,鬝,24,,60,structural
26181,U+9B1E,鬞,27,,60,structural
26182,U+9B1F,鬟,27,,60,structural
26183,U+9B20,鬠,26,,60,structural
26184,U+9B21,鬡,41,,60,structural
26185,U+9B22,鬢,41,,60,structural
26186,U+9B23,鬣,10,,60,structural
26187,U+9B24,鬤,1,,60,structural
26188,U+9B26,鬦,27,,60,structural
26189,U+9B27,鬧,53,,60,structural
26190,U+9B28,鬨,28,,60,structural
26191,U+9B29,鬩,27,,60,structural
26192,U+9B2A,鬪,27,,60,structural
26193,U+9B2B,鬫,0,,60,structural
26194,U+9B2C,鬬,27,,60,structural
26195,U+9B2D,鬭,27,,60,structural
26196,U+9B2E,鬮,27,,60,structural
26197,U+9B2F,鬯,27,,60,structural
26198,U+9B30,鬰,34,,60,structural
26199,U+9B31,鬱,34,,60,structural
26200,U+9B32,鬲,59,,60,structural
26201,U+9B33,鬳,27,,60,structural
26202,U+9B34,鬴,57,,60,structural
26203,U+9B35,鬵,27,,60,structural
26204,U+9B36,鬶,49,,60,structural
26205,U+9B37,鬷,16,,60,structural
26206,U+9B38,鬸,11,,60,structural
26207,U+9B39,鬹,49,,60,structural
26208,U+9B3A,鬺,27,,60,structural
26209,U+9B3B,鬻,27,,60,structural
26210,U+9B3C,鬼,10,,60,structural
26211,U+9B3D,鬽,27,,60,structural
26212,U+9B3E,鬾,27,,60,structural
26213,U+9B3F,鬿,27,,60,structural
26214,U+9B40,魀,46,,60,structural
26215,U+9B41,魁,27,,60,structural
26216,U+9B42,魂,17,,60,structural
26217,U+9B43,魃,39,,60,structural
26218,U+9B44,魄,27,,60,structural
26219,U+9B45,魅,34,,60,structural
26220,U+9B46,魆,27,,60,structural
26221,U+9B47,魇,27,,60,structural
26222,U+9B48,魈,27,,60,structural
26223,U+9B49,魉,26,,60,structural
26224,U+9B4A,魊,21,,60,structural
26225,U+9B4B,魋,51,,60,structural
26226,U+9B4C,魌,25,,60,structural
26227,U+9B4D,魍,27,,60,structural
26228,U+9B4E,魎,53,,60,structural
26229,U+9B4F,魏,31,,60,structural
26230,U+9B50,魐,25,,60,structural
26231,U+9B51,魑,10,,60,structural
26232,U+9B52,魒,59,,60,structural
26233,U+9B53,魓,56,,60,structural
26234,U+9B54,魔,27,,60,structural
26235,U+9B55,魕,46,,60,structural
26236,U+9B56,魖,56,,60,structural
26237,U+9B57,魗,45,,60,structural
26238,U+9B58,魘,17,,60,structural
26239,U+9B59,魙,12,,60,structural
26240,U+9B5A,魚,42,,60,structural
26241,U+9B5B,魛,55,,60,structural
26242,U+9B5C,魜,55,,60,structural
26243,U+9B5D,魝,55,,60,structural
26244,U+9B5E,魞,55,,60,structural
26245,U+9B5F,魟,55,,60,structural
26246,U+9B60,魠,55,,60,structural
26247,U+9B61,魡,55,,60,structural
26248,U+9B62,魢,55,,60,structural
26249,U+9B63,魣,55,,60,structural
26250,U+9B64,魤,55,,60,structural
26251,U+9B65,魥,55,,60,structural
26252,U+9B66,魦,10,,60,structural
26253,U+9B67,魧,55,,60,structural
26254,U+9B68,魨,55,,60,structural
26255,U+9B69,魩,10,,60,structural
26256,U+9B6A,魪,46,,60,structural
26257,U+9B6B,魫,55,,60,structural
26258,U+9B6C,魬,55,,60,structural
26259,U+9B6D,魭,56,,60,structural
26260,U+9B6E,魮,55,,60,structural
26261,U+9B6F,魯,55,,60,structural
26262,U+9B70,魰,55,,60,structural
26263,U+9B71,魱,55,,60,structural
26264,U+9B72,魲,55,,60,structural
26265,U+9B73,魳,53,,60,structural
26266,U+9B74,魴,55,,60,structural
26267,U+9B75,魵,58,,60,structural
26268,U+9B76,魶,55,,60,structural
26269,U+9B77,魷,55,,60,structural
26270,U+9B78,魸,55,,60,structural
26271,U+9B79,魹,55,,60,structural
26272,U+9B7A,魺,52,,60,structural
26273,U+9B7B,魻,55,,60,structural
26274,U+9B7C,魼,9,,60,structural
26275,U+9B7D,魽,55,,60,structural
26276,U+9B7E,魾,55,,60,structural
26277,U+9B7F,魿,13,,60,structural
26278,U+9B80,鮀,55,,60,structural
26279,U+9B81,鮁,39,,60,structural
26280,U+9B82,鮂,55,,60,structural
26281,U+9B83,鮃,55,,60,structural
26282,U+9B84,鮄,10,,60,structural
26283,U+9B85,鮅,10,,60,structural
26284,U+9B86,鮆,55,,60,structural
26285,U+9B87,鮇,55,,60,structural
26286,U+9B88,鮈,55,,60,structural
26287,U+9B89,鮉,55,,60,structural
26288,U+9B8A,鮊,55,,60,structural
26289,U+9B8B,鮋,55,,60,structural
26290,U+9B8C,鮌,55,,60,structural
26291,U+9B8D,鮍,55,,60,structural
26292,U+9B8E,鮎,55,,60,structural
26293,U+9B8F,鮏,55,,60,structural
26294,U+9B90,鮐,55,,60,structural
26295,U+9B91,鮑,55,,60,structural
26296,U+9B92,鮒,55,,60,structural
26297,U+9B93,鮓,55,,60,structural
26298,U+9B94,鮔,55,,60,structural
26299,U+9B95,鮕,55,,60,structural
26300,U+9B96,鮖,55,,60,structural
26301,U+9B97,鮗,55,,60,structural
26302,U+9B98,鮘,55,,60,structural
26303,U+9B99,鮙,55,,60,structural
26304,U+9B9A,鮚,55,,60,structural
26305,U+9B9B,鮛,55,,60,structural
26306,U+9B9C,鮜,55,,60,structural
26307,U+9B9D,鮝,49,,60,structural
26308,U+9B9E,鮞,55,,60,structural
26309,U+9B9F,鮟,31,,60,structural
26310,U+9BA0,鮠,55,,60,structural
26311,U+9BA1,鮡,55,,60,structural
26312,U+9BA2,鮢,55,,60,structural
26313,U+9BA3,鮣,55,,60,structural
26314,U+9BA4,鮤,55,,60,structural
26315,U+9BA5,鮥,55,,60,structural
26316,U+9BA6,鮦,55,,60,structural
26317,U+9BA7,鮧,55,,60,structural
26318,U+9BA8,鮨,55,,60,structural
26319,U+9BA9,鮩,25,,60,structural
26320,U+9BAA,鮪,55,,60,structural
26321,U+9BAB,鮫,55,,60,structural
26322,U+9BAC,鮬,55,,60,structural
26323,U+9BAD,鮭,55,,60,structural
26324,U+9BAE,鮮,55,,60,structural
26325,U+9BAF,鮯,26,,60,structural
26326,U+9BB0,鮰,55,,60,structural
26327,U+9BB1,鮱,55,,60,structural
26328,U+9BB2,鮲,55,,60,structural
26329,U+9BB3,鮳,55,,60,structural
26330,U+9BB4,鮴,34,,60,structural
26331,U+9BB5,鮵,47,,60,structural
26332,U+9BB6,鮶,21,,60,structural
26333,U+9BB7,鮷,55,,60,structural
26334,U+9BB8,鮸,55,,60,structural
26335,U+9BB9,鮹,55,,60,structural
26336,U+9BBA,鮺,55,,60,structural
26337,U+9BBB,鮻,16,,60,structural
26338,U+9BBC,鮼,55,,60,structural
26339,U+9BBD,鮽,26,,60,structural
26340,U+9BBE,鮾,31,,60,structural
26341,U+9BBF,鮿,55,,60,structural
26342,U+9BC0,鯀,15,,60,structural
26343,U+9BC1,鯁,56,,60,structural
26344,U+9BC2,鯂,55,,60,structural
26345,U+9BC3,鯃,21,,60,structural
26346,U+9BC4,鯄,25,,60,structural
26347,U+9BC5,鯅,10,,60,structural
26348,U+9BC6,鯆,57,,60,structural
26349,U+9BC7,鯇,41,,60,structural
26350,U+9BC8,鯈,46,,60,structural
26351,U+9BC9,鯉,55,,60,structural
26352,U+9BCA,鯊,10,,60,structural
26353,U+9BCB,鯋,10,,60,structural
26354,U+9BCC,鯌,55,,60,structural
26355,U+9BCD,鯍,55,,60,structural
26356,U+9BCE,鯎,55,,60,structural
26357,U+9BCF,鯏,55,,60,structural
26358,U+9BD0,鯐,55,,60,structural
26359,U+9BD1,鯑,55,,60,structural
26360,U+9BD2,鯒,55,,60,structural
26361,U+9BD3,鯓,55,,60,structural
26362,U+9BD4,鯔,55,,60,structural
26363,U+9BD5,鯕,25,,60,structural
26364,U+9BD6,鯖,9,,60,structural
26365,U+9BD7,鯗,49,,60,structural
26366,U+9BD8,鯘,31,,60,structural
26367,U+9BD9,鯙,1,,60,structural
26368,U+9BDA,鯚,55,,60,structural
26369,U+9BDB,鯛,55,,60,structural
26370,U+9BDC,鯜,31,,60,structural
26371,U+9BDD,鯝,55,,60,structural
26372,U+9BDE,鯞,53,,60,structural
26373,U+9BDF,鯟,55,,60,structural
26374,U+9BE0,鯠,34,,60,structural
26375,U+9BE1,鯡,55,,60,structural
26376,U+9BE2,鯢,55,,60,structural
26377,U+9BE3,鯣,55,,60,structural
26378,U+9BE4,鯤,55,,60,structural
26379,U+9BE5,鯥,9,,60,structural
26380,U+9BE6,鯦,55,,60,structural
26381,U+9BE7,鯧,55,,60,structural
26382,U+9BE8,鯨,1,,60,structural
26383,U+9BE9,鯩,26,,60,structural
26384,U+9BEA,鯪,16,,60,structural
26385,U+9BEB,鯫,0,,60,structural
26386,U+9BEC,鯬,55,,60,structural
26387,U+9BED,鯭,55,,60,structural
26388,U+9BEE,鯮,55,,60,structural
26389,U+9BEF,鯯,55,,60,structural
26390,U+9BF0,鯰,13,,60,structural
26391,U+9BF1,鯱,55,,60,structural
26392,U+9BF2,鯲,55,,60,structural
26393,U+9BF3,鯳,55,,60,structural
26394,U+9BF4,鯴,30,,60,structural
26395,U+9BF5,鯵,55,,60,structural
26396,U+9BF6,鯶,55,,60,structural
26397,U+9BF7,鯷,55,,60,structural
26398,U+9BF8,鯸,55,,60,structural
26399,U+9BF9,鯹,55,,60,structural
26400,U+9BFA,鯺,55,,60,structural
26401,U+9BFB,鯻,55,,60,structural
26402,U+9BFC,鯼,16,,60,structural
26403,U+9BFD,鯽,55,,60,structural
26404,U+9BFE,鯾,26,,60,structural
26405,U+9BFF,鯿,55,,60,structural
26406,U+9C00,鰀,55,,60,structural
26407,U+9C01,鰁,12,,60,structural
26408,U+9C02,鰂,32,,60,structural
26409,U+9C03,鰃,56,,60,structural
26410,U+9C04,鰄,31,,60,structural
26411,U+9C05,鰅,55,,60,structural
26412,U+9C06,鰆,55,,60,structural
26413,U+9C07,鰇,55,,60,structural
26414,U+9C08,鰈,2,,60,structural
26415,U+9C09,鰉,33,,60,structural
26416,U+9C0A,鰊,55,,60,structural
26417,U+9C0B,鰋,55,,60,structural
26418,U+9C0C,鰌,58,,60,structural
26419,U+9C0D,鰍,42,,60,structural
26420,U+9C0E,鰎,55,,60,structural
26421,U+9C0F,鰏,55,,60,structural
26422,U+9C10,鰐,21,,60,structural
26423,U+9C11,鰑,56,,60,structural
26424,U+9C12,鰒,55,,60,structural
26425,U+9C13,鰓,55,,60,structural
26426,U+9C14,鰔,21,,60,structural
26427,U+9C15,鰕,55,,60,structural
26428,U+9C16,鰖,55,,60,structural
26429,U+9C17,鰗,57,,60,structural
26430,U+9C18,鰘,55,,60,structural
26431,U+9C19,鰙,36,,60,structural
26432,U+9C1A,鰚,41,,60,structural
26433,U+9C1B,鰛,55,,60,structural
26434,U+9C1C,鰜,25,,60,structural
26435,U+9C1D,鰝,55,,60,structural
26436,U+9C1E,鰞,55,,60,structural
26437,U+9C1F,鰟,58,,60,structural
26438,U+9C20,鰠,39,,60,structural
26439,U+9C21,鰡,55,,60,structural
26440,U+9C22,鰢,50,,60,structural
26441,U+9C23,鰣,55,,60,structural
26442,U+9C24,鰤,53,,60,structural
26443,U+9C25,鰥,55,,60,structural
26444,U+9C26,鰦,25,,60,structural
26445,U+9C27,鰧,49,,60,structural
26446,U+9C28,鰨,55,,60,structural
26447,U+9C29,鰩,55,,60,structural
26448,U+9C2A,鰪,9,,60,structural
26449,U+9C2B,鰫,55,,60,structural
26450,U+9C2C,鰬,55,,60,structural
26451,U+9C2D,鰭,55,,60,structural
26452,U+9C2E,鰮,55,,60,structural
26453,U+9C2F,鰯,55,,60,structural
26454,U+9C30,鰰,55,,60,structural
26455,U+9C31,鰱,55,,60,structural
26456,U+9C32,鰲,55,,60,structural
26457,U+9C33,鰳,55,,60,structural
26458,U+9C34,鰴,55,,60,structural
26459,U+9C35,鰵,55,,60,structural
26460,U+9C36,鰶,55,,60,structural
26461,U+9C37,鰷,46,,60,structural
26462,U+9C38,鰸,55,,60,structural
26463,U+9C39,鰹,55,,60,structural
26464,U+9C3A,鰺,55,,60,structural
26465,U+9C3B,鰻,55,,60,structural
26466,U+9C3C,鰼,55,,60,structural
26467,U+9C3D,鰽,55,,60,structural
26468,U+9C3E,鰾,59,,60,structural
26469,U+9C3F,鰿,32,,60,structural
26470,U+9C40,鱀,55,,60,structural
26471,U+9C41,鱁,55,,60,structural
26472,U+9C42,鱂,55,,60,structural
26473,U+9C43,鱃,55,,60,structural
26474,U+9C44,鱄,55,,60,structural
26475,U+9C45,鱅,55,,60,structural
26476,U+9C46,鱆,55,,60,structural
26477,U+9C47,鱇,38,,60,structural
26478,U+9C48,鱈,55,,60,structural
26479,U+9C49,鱉,53,,60,structural
26480,U+9C4A,鱊,47,,60,structural
26481,U+9C4B,鱋,55,,60,structural
26482,U+9C4C,鱌,55,,60,structural
26483,U+9C4D,鱍,55,,60,structural
26484,U+9C4E,鱎,18,,60,structural
26485,U+9C4F,鱏,28,,60,structural
26486,U+9C50,鱐,55,,60,structural
26487,U+9C51,鱑,55,,60,structural
26488,U+9C52,鱒,58,,60,structural
26489,U+9C53,鱓,21,,60,structural
26490,U+9C54,鱔,25,,60,structural
26491,U+9C55,鱕,55,,60,structural
26492,U+9C56,鱖,25,,60,structural
26493,U+9C57,鱗,55,,60,structural
26494,U+9C58,鱘,55,,60,structural
26495,U+9C59,鱙,56,,60,structural
26496,U+9C5A,鱚,55,,60,structural
26497,U+9C5B,鱛,55,,60,structural
26498,U+9C5C,鱜,55,,60,structural
26499,U+9C5D,鱝,32,,60,structural
26500,U+9C5E,鱞,55,,60,structural
26501,U+9C5F,鱟,55,,60,structural
26502,U+9C60,鱠,26,,60,structural
26503,U+9C61,鱡,32,,60,structural
26504,U+9C62,鱢,55,,60,structural
26505,U+9C63,鱣,21,,60,structural
26506,U+9C64,鱤,21,,60,structural
26507,U+9C65,鱥,55,,60,structural
26508,U+9C66,鱦,55,,60,structural
26509,U+9C67,鱧,55,,60,structural
26510,U+9C68,鱨,55,,60,structural
26511,U+9C69,鱩,55,,60,structural
26512,U+9C6A,鱪,55,,60,structural
26513,U+9C6B,鱫,55,,60,structural
26514,U+9C6C,鱬,55,,60,structural
26515,U+9C6D,鱭,55,,60,structural
26516,U+9C6E,鱮,25,,60,structural
26517,U+9C6F,鱯,51,,60,structural
26518,U+9C70,鱰,55,,60,structural
26519,U+9C71,鱱,36,,60,structural
26520,U+9C72,鱲,10,,60,structural
26521,U+9C73,鱳,55,,60,structural
26522,U+9C74,鱴,55,,60,structural
26523,U+9C75,鱵,21,,60,structural
26524,U+9C76,鱶,55,,60,structural
26525,U+9C77,鱷,21,,60,structural
26526,U+9C78,鱸,55,,60,structural
26527,U+9C79,鱹,55,,60,structural
26528,U+9C7A,鱺,55,,60,structural
26529,U+9C7B,鱻,55,,60,structural
26530,U+9C7C,鱼,56,,60,structural
26531,U+9C7D,鱽,55,,60,structural
26532,U+9C7E,鱾,55,,60,structural
26533,U+9C7F,鱿,55,,60,structural
26534,U+9C80,鲀,55,,60,structural
26535,U+9C81,鲁,55,,60,structural
26536,U+9C82,鲂,55,,60,structural
26537,U+9C83,鲃,55,,60,structural
26538,U+9C84,鲄,52,,60,structural
26539,U+9C85,鲅,39,,60,structural
26540,U+9C86,鲆,55,,60,structural
26541,U+9C87,鲇,55,,60,structural
26542,U+9C88,鲈,55,,60,structural
26543,U+9C89,鲉,55,,60,structural
26544,U+9C8A,鲊,55,,60,structural
26545,U+9C8B,鲋,55,,60,structural
26546,U+9C8C,鲌,55,,60,structural
26547,U+9C8D,鲍,55,,60,structural
26548,U+9C8E,鲎,55,,60,structural
26549,U+9C8F,鲏,55,,60,structural
26550,U+9C90,鲐,55,,60,structural
26551,U+9C91,鲑,55,,60,structural
26552,U+9C92,鲒,55,,60,structural
26553,U+9C93,鲓,55,,60,structural
26554,U+9C94,鲔,55,,60,structural
26555,U+9C95,鲕,55,,60,structural
26556,U+9C96,鲖,55,,60,structural
26557,U+9C97,鲗,32,,60,structural
26558,U+9C98,鲘,55,,60,structural
26559,U+9C99,鲙,49,,60,structural
26560,U+9C9A,鲚,55,,60,structural
26561,U+9C9B,鲛,55,,60,structural
26562,U+9C9C,鲜,55,,60,structural
26563,U+9C9D,鲝,55,,60,structural
26564,U+9C9E,鲞,49,,60,structural
26565,U+9C9F,鲟,55,,60,structural
26566,U+9CA0,鲠,56,,60,structural
26567,U+9CA1,鲡,55,,60,structural
26568,U+9CA2,鲢,55,,60,structural
26569,U+9CA3,鲣,55,,60,structural
26570,U+9CA4,鲤,55,,60,structural
26571,U+9CA5,鲥,55,,60,structural
26572,U+9CA6,鲦,55,,60,structural
26573,U+9CA7,鲧,15,,60,structural
26574,U+9CA8,鲨,10,,60,structural
26575,U+9CA9,鲩,41,,60,structural
26576,U+9CAA,鲪,21,,60,structural
26577,U+9CAB,鲫,55,,60,structural
26578,U+9CAC,鲬,55,,60,structural
26579,U+9CAD,鲭,9,,60,structural
26580,U+9CAE,鲮,16,,60,structural
26581,U+9CAF,鲯,25,,60,structural
26582,U+9CB0,鲰,0,,60,structural
26583,U+9CB1,鲱,55,,60,structural
26584,U+9CB2,鲲,55,,60,structural
26585,U+9CB3,鲳,55,,60,structural
26586,U+9CB4,鲴,55,,60,structural
26587,U+9CB5,鲵,55,,60,structural
26588,U+9CB6,鲶,13,,60,structural
26589,U+9CB7,鲷,55,,60,structural
26590,U+9CB8,鲸,1,,60,structural
26591,U+9CB9,鲹,55,,60,structural
26592,U+9CBA,鲺,30,,60,structural
26593,U+9CBB,鲻,55,,60,structural
26594,U+9CBC,鲼,32,,60,structural
26595,U+9CBD,鲽,2,,60,structural
26596,U+9CBE,鲾,55,,60,structural
26597,U+9CBF,鲿,55,,60,structural
26598,U+9CC0,鳀,55,,60,structural
26599,U+9CC1,鳁,55,,60,structural
26600,U+9CC2,鳂,56,,60,structural
26601,U+9CC3,鳃,55,,60,structural
26602,U+9CC4,鳄,21,,60,structural
26603,U+9CC5,鳅,42,,60,structural
26604,U+9CC6,鳆,55,,60,structural
26605,U+9CC7,鳇,33,,60,structural
26606,U+9CC8,鳈,12,,60,structural
26607,U+9CC9,鳉,55,,60,structural
26608,U+9CCA,鳊,55,,60,structural
26609,U+9CCB,鳋,39,,60,structural
26610,U+9CCC,鳌,55,,60,structural
26611,U+9CCD,鳍,55,,60,structural
26612,U+9CCE,鳎,55,,60,structural
26613,U+9CCF,鳏,55,,60,structural
26614,U+9CD0,鳐,55,,60,structural
26615,U+9CD1,鳑,58,,60,structural
26616,U+9CD2,鳒,25,,60,structural
26617,U+9CD3,鳓,55,,60,structural
26618,U+9CD4,鳔,59,,60,structural
26619,U+9CD5,鳕,55,,60,structural
26620,U+9CD6,鳖,53,,60,structural
26621,U+9CD7,鳗,55,,60,structural
26622,U+9CD8,鳘,55,,60,structural
26623,U+9CD9,鳙,55,,60,structural
26624,U+9CDA,鳚,55,,60,structural
26625,U+9CDB,鳛,55,,60,structural
26626,U+9CDC,鳜,25,,60,structural
26627,U+9CDD,鳝,25,,60,structural
26628,U+9CDE,鳞,55,,60,structural
26629,U+9CDF,鳟,58,,60,structural
26630,U+9CE0,鳠,51,,60,structural
26631,U+9CE1,鳡,21,,60,structural
26632,U+9CE2,鳢,55,,60,structural
26633,U+9CE3,鳣,21,,60,structural
26634,U+9CE4,鳤,55,,60,structural
26635,U+9CE5,鳥,42,,60,structural
26636,U+9CE6,鳦,22,,60,structural
26637,U+9CE7,鳧,22,,60,structural
26638,U+9CE8,鳨,22,,60,structural
26639,U+9CE9,鳩,22,,60,structural
26640,U+9CEA,鳪,22,,60,structural
26641,U+9CEB,鳫,22,,60,structural
26642,U+9CEC,鳬,27,,60,structural
26643,U+9CED,鳭,22,,60,structural
26644,U+9CEE,鳮,22,,60,structural
26645,U+9CEF,鳯,22,,60,structural
26646,U+9CF0,鳰,22,,60,structural
26647,U+9CF1,鳱,22,,60,structural
26648,U+9CF2,鳲,22,,60,structural
26649,U+9CF3,鳳,27,,60,structural
26650,U+9CF4,鳴,22,,60,structural
26651,U+9CF5,鳵,22,,60,structural
26652,U+9CF6,鳶,22,,60,structural
26653,U+9CF7,鳷,22,,60,structural
26654,U+9CF8,鳸,22,,60,structural
26655,U+9CF9,鳹,13,,60,structural
26656,U+9CFA,鳺,49,,60,structural
26657,U+9CFB,鳻,58,,60,structural
26658,U+9CFC,鳼,22,,60,structural
26659,U+9CFD,鳽,22,,60,structural
26660,U+9CFE,鳾,53,,60,structural
26661,U+9CFF,鳿,33,,60,structural
26662,U+9D00,鴀,22,,60,structural
26663,U+9D01,鴁,18,,60,structural
26664,U+9D02,鴂,22,,60,structural
26665,U+9D03,鴃,22,,60,structural
26666,U+9D04,鴄,22,,60,structural
26667,U+9D05,鴅,22,,60,structural
26668,U+9D06,鴆,22,,60,structural
26669,U+9D07,鴇,22,,60,structural
26670,U+9D08,鴈,27,,60,structural
26671,U+9D09,鴉,22,,60,structural
26672,U+9D0A,鴊,22,,60,structural
26673,U+9D0B,鴋,22,,60,structural
26674,U+9D0C,鴌,22,,60,structural
26675,U+9D0D,鴍,22,,60,structural
26676,U+9D0E,鴎,22,,60,structural
26677,U+9D0F,鴏,22,,60,structural
26678,U+9D10,鴐,22,,60,structural
26679,U+9D11,鴑,31,,60,structural
26680,U+9D12,鴒,13,,60,structural
26681,U+9D13,鴓,10,,60,structural
26682,U+9D14,鴔,22,,60,structural
26683,U+9D15,鴕,22,,60,structural
26684,U+9D16,鴖,22,,60,structural
26685,U+9D17,鴗,22,,60,structural
26686,U+9D18,鴘,22,,60,structural
26687,U+9D19,鴙,22,,60,structural
26688,U+9D1A,鴚,52,,60,structural
26689,U+9D1B,鴛,44,,60,structural
26690,U+9D1C,鴜,22,,60,structural
26691,U+9D1D,鴝,22,,60,structural
26692,U+9D1E,鴞,21,,60,structural
26693,U+9D1F,鴟,22,,60,structural
26694,U+9D20,鴠,56,,60,structural
26695,U+9D21,鴡,22,,60,structural
26696,U+9D22,鴢,22,,60,structural
26697,U+9D23,鴣,22,,60,structural
26698,U+9D24,鴤,22,,60,structural
26699,U+9D25,鴥,22,,60,structural
26700,U+9D26,鴦,22,,60,structural
26701,U+9D27,鴧,22,,60,structural
26702,U+9D28,鴨,22,,60,structural
26703,U+9D29,鴩,49,,60,structural
26704,U+9D2A,鴪,22,,60,structural
26705,U+9D2B,鴫,22,,60,structural
26706,U+9D2C,鴬,22,,60,structural
26707,U+9D2D,鴭,22,,60,structural
26708,U+9D2E,鴮,22,,60,structural
26709,U+9D2F,鴯,22,,60,structural
26710,U+9D30,鴰,22,,60,structural
26711,U+9D31,鴱,36,,60,structural
26712,U+9D32,鴲,22,,60,structural
26713,U+9D33,鴳,31,,60,structural
26714,U+9D34,鴴,22,,60,structural
26715,U+9D35,鴵,22,,60,structural
26716,U+9D36,鴶,22,,60,structural
26717,U+9D37,鴷,22,,60,structural
26718,U+9D38,鴸,34,,60,structural
26719,U+9D39,鴹,22,,60,structural
26720,U+9D3A,鴺,22,,60,structural
26721,U+9D3B,鴻,22,,60,structural
26722,U+9D3C,鴼,22,,60,structural
26723,U+9D3D,鴽,31,,60,structural
26724,U+9D3E,鴾,22,,60,structural
26725,U+9D3F,鴿,26,,60,structural
26726,U+9D40,鵀,46,,60,structural
26727,U+9D41,鵁,22,,60,structural
26728,U+9D42,鵂,34,,60,structural
26729,U+9D43,鵃,22,,60,structural
26730,U+9D44,鵄,22,,60,structural
26731,U+9D45,鵅,22,,60,structural
26732,U+9D46,鵆,52,,60,structural
26733,U+9D47,鵇,22,,60,structural
26734,U+9D48,鵈,22,,60,structural
26735,U+9D49,鵉,22,,60,structural
26736,U+9D4A,鵊,22,,60,structural
26737,U+9D4B,鵋,22,,60,structural
26738,U+9D4C,鵌,26,,60,structural
26739,U+9D4D,鵍,41,,60,structural
26740,U+9D4E,鵎,31,,60,structural
26741,U+9D4F,鵏,57,,60,structural
26742,U+9D50,鵐,22,,60,structural
26743,U+9D51,鵑,22,,60,structural
26744,U+9D52,鵒,22,,60,structural
26745,U+9D53,鵓,22,,60,structural
26746,U+9D54,鵔,16,,60,structural
26747,U+9D55,鵕,16,,60,structural
26748,U+9D56,鵖,22,,60,structural
26749,U+9D57,鵗,22,,60,structural
26750,U+9D58,鵘,21,,60,structural
26751,U+9D59,鵙,22,,60,structural
26752,U+9D5A,鵚,22,,60,structural
26753,U+9D5B,鵛,22,,60,structural
26754,U+9D5C,鵜,22,,60,structural
26755,U+9D5D,鵝,22,,60,structural
26756,U+9D5E,鵞,22,,60,structural
26757,U+9D5F,鵟,33,,60,structural
26758,U+9D60,鵠,22,,60,structural
26759,U+9D61,鵡,22,,60,structural
26760,U+9D62,鵢,22,,60,structural
26761,U+9D63,鵣,34,,60,structural
26762,U+9D64,鵤,22,,60,structural
26763,U+9D65,鵥,43,,60,structural
26764,U+9D66,鵦,58,,60,structural
26765,U+9D67,鵧,25,,60,structural
26766,U+9D68,鵨,22,,60,structural
26767,U+9D69,鵩,40,,60,structural
26768,U+9D6A,鵪,24,,60,structural
26769,U+9D6B,鵫,24,,60,structural
26770,U+9D6C,鵬,40,,60,structural
26771,U+9D6D,鵭,22,,60,structural
26772,U+9D6E,鵮,22,,60,structural
26773,U+9D6F,鵯,37,,60,structural
26774,U+9D70,鵰,22,,60,structural
26775,U+9D71,鵱,9,,60,structural
26776,U+9D72,鵲,28,,60,structural
26777,U+9D73,鵳,57,,60,structural
26778,U+9D74,鵴,22,,60,structural
26779,U+9D75,鵵,22,,60,structural
26780,U+9D76,鵶,22,,60,structural
26781,U+9D77,鵷,44,,60,structural
26782,U+9D78,鵸,52,,60,structural
26783,U+9D79,鵹,22,,60,structural
26784,U+9D7A,鵺,13,,60,structural
26785,U+9D7B,鵻,22,,60,structural
26786,U+9D7C,鵼,22,,60,structural
26787,U+9D7D,鵽,22,,60,structural
26788,U+9D7E,鵾,22,,60,structural
26789,U+9D7F,鵿,22,,60,structural
26790,U+9D80,鶀,25,,60,structural
26791,U+9D81,鶁,1,,60,structural
26792,U+9D82,鶂,22,,60,structural
26793,U+9D83,鶃,22,,60,structural
26794,U+9D84,鶄,9,,60,structural
26795,U+9D85,鶅,22,,60,structural
26796,U+9D86,鶆,34,,60,structural
26797,U+9D87,鶇,34,,60,structural
26798,U+9D88,鶈,31,,60,structural
26799,U+9D89,鶉,1,,60,structural
26800,U+9D8A,鶊,26,,60,structural
26801,U+9D8B,鶋,22,,60,structural
26802,U+9D8C,鶌,22,,60,structural
26803,U+9D8D,鶍,24,,60,structural
26804,U+9D8E,鶎,22,,60,structural
26805,U+9D8F,鶏,49,,60,structural
26806,U+9D90,鶐,34,,60,structural
26807,U+9D91,鶑,42,,60,structural
26808,U+9D92,鶒,34,,60,structural
26809,U+9D93,鶓,36,,60,structural
26810,U+9D94,鶔,34,,60,structural
26811,U+9D95,鶕,22,,60,structural
26812,U+9D96,鶖,42,,60,structural
26813,U+9D97,鶗,22,,60,structural
26814,U+9D98,鶘,57,,60,structural
26815,U+9D99,鶙,53,,60,structural
26816,U+9D9A,鶚,21,,60,structural
26817,U+9D9B,鶛,22,,60,structural
26818,U+9D9C,鶜,36,,60,structural
26819,U+9D9D,鶝,22,,60,structural
26820,U+9D9E,鶞,22,,60,structural
26821,U+9D9F,鶟,22,,60,structural
26822,U+9DA0,鶠,31,,60,structural
26823,U+9DA1,鶡,24,,60,structural
26824,U+9DA2,鶢,22,,60,structural
26825,U+9DA3,鶣,22,,60,structural
26826,U+9DA4,鶤,22,,60,structural
26827,U+9DA5,鶥,22,,60,structural
26828,U+9DA6,鶦,57,,60,structural
26829,U+9DA7,鶧,36,,60,structural
26830,U+9DA8,鶨,22,,60,structural
26831,U+9DA9,鶩,22,,60,structural
26832,U+9DAA,鶪,22,,60,structural
26833,U+9DAB,鶫,34,,60,structural
26834,U+9DAC,鶬,26,,60,structural
26835,U+9DAD,鶭,22,,60,structural
26836,U+9DAE,鶮,22,,60,structural
26837,U+9DAF,鶯,22,,60,structural
26838,U+9DB0,鶰,54,,60,structural
26839,U+9DB1,鶱,22,,60,structural
26840,U+9DB2,鶲,16,,60,structural
26841,U+9DB3,鶳,53,,60,structural
26842,U+9DB4,鶴,22,,60,structural
26843,U+9DB5,鶵,22,,60,structural
26844,U+9DB6,鶶,59,,60,structural
26845,U+9DB7,鶷,22,,60,structural
26846,U+9DB8,鶸,22,,60,structural
26847,U+9DB9,鶹,22,,60,structural
26848,U+9DBA,鶺,22,,60,structural
26849,U+9DBB,鶻,22,,60,structural
26850,U+9DBC,鶼,25,,60,structural
26851,U+9DBD,鶽,22,,60,structural
26852,U+9DBE,鶾,22,,60,structural
26853,U+9DBF,鶿,25,,60,structural
26854,U+9DC0,鷀,25,,60,structural
26855,U+9DC1,鷁,25,,60,structural
26856,U+9DC2,鷂,22,,60,structural
26857,U+9DC3,鷃,31,,60,structural
26858,U+9DC4,鷄,22,,60,structural
26859,U+9DC5,鷅,59,,60,structural
26860,U+9DC6,鷆,22,,60,structural
26861,U+9DC7,鷇,22,,60,structural
26862,U+9DC8,鷈,22,,60,structural
26863,U+9DC9,鷉,22,,60,structural
26864,U+9DCA,鷊,22,,60,structural
26865,U+9DCB,鷋,26,,60,structural
26866,U+9DCC,鷌,22,,60,structural
26867,U+9DCD,鷍,34,,60,structural
26868,U+9DCE,鷎,37,,60,structural
26869,U+9DCF,鷏,25,,60,structural
26870,U+9DD0,鷐,22,,60,structural
26871,U+9DD1,鷑,23,,60,structural
26872,U+9DD2,鷒,22,,60,structural
26873,U+9DD3,鷓,38,,60,structural
26874,U+9DD4,鷔,22,,60,structural
26875,U+9DD5,鷕,22,,60,structural
26876,U+9DD6,鷖,22,,60,structural
26877,U+9DD7,鷗,22,,60,structural
26878,U+9DD8,鷘,34,,60,structural
26879,U+9DD9,鷙,13,,60,structural
26880,U+9DDA,鷚,46,,60,structural
26881,U+9DDB,鷛,22,,60,structural
26882,U+9DDC,鷜,31,,60,structural
26883,U+9DDD,鷝,22,,60,structural
26884,U+9DDE,鷞,22,,60,structural
26885,U+9DDF,鷟,22,,60,structural
26886,U+9DE0,鷠,22,,60,structural
26887,U+9DE1,鷡,42,,60,structural
26888,U+9DE2,鷢,25,,60,structural
26889,U+9DE3,鷣,28,,60,structural
26890,U+9DE4,鷤,21,,60,structural
26891,U+9DE5,鷥,22,,60,structural
26892,U+9DE6,鷦,42,,60,structural
26893,U+9DE7,鷧,22,,60,structural
26894,U+9DE8,鷨,36,,60,structural
26895,U+9DE9,鷩,53,,60,structural
26896,U+9DEA,鷪,22,,60,structural
26897,U+9DEB,鷫,22,,60,structural
26898,U+9DEC,鷬,22,,60,structural
26899,U+9DED,鷭,22,,60,structural
26900,U+9DEE,鷮,18,,60,structural
26901,U+9DEF,鷯,22,,60,structural
26902,U+9DF0,鷰,22,,60,structural
26903,U+9DF1,鷱,22,,60,structural
26904,U+9DF2,鷲,1,,60,structural
26905,U+9DF3,鷳,22,,60,structural
26906,U+9DF4,鷴,34,,60,structural
26907,U+9DF5,鷵,24,,60,structural
26908,U+9DF6,鷶,32,,60,structural
26909,U+9DF7,鷷,58,,60,structural
26910,U+9DF8,鷸,47,,60,structural
26911,U+9DF9,鷹,38,,60,structural
26912,U+9DFA,鷺,22,,60,structural
26913,U+9DFB,鷻,1,,60,structural
26914,U+9DFC,鷼,22,,60,structural
26915,U+9DFD,鷽,22,,60,structural
26916,U+9DFE,鷾,14,,60,structural
26917,U+9DFF,鷿,22,,60,structural
26918,U+9E00,鸀,22,,60,structural
26919,U+9E01,鸁,57,,60,structural
26920,U+9E02,鸂,22,,60,structural
26921,U+9E03,鸃,22,,60,structural
26922,U+9E04,鸄,22,,60,structural
26923,U+9E05,鸅,9,,60,structural
26924,U+9E06,鸆,21,,60,structural
26925,U+9E07,鸇,21,,60,structural
26926,U+9E08,鸈,22,,60,structural
26927,U+9E09,鸉,2,,60,structural
26928,U+9E0A,鸊,22,,60,structural
26929,U+9E0B,鸋,41,,60,structural
26930,U+9E0C,鸌,51,,60,structural
26931,U+9E0D,鸍,53,,60,structural
26932,U+9E0E,鸎,22,,60,structural
26933,U+9E0F,鸏,36,,60,structural
26934,U+9E10,鸐,22,,60,structural
26935,U+9E11,鸑,22,,60,structural
26936,U+9E12,鸒,25,,60,structural
26937,U+9E13,鸓,22,,60,structural
26938,U+9E14,鸔,28,,60,structural
26939,U+9E15,鸕,22,,60,structural
26940,U+9E16,鸖,22,,60,structural
26941,U+9E17,鸗,22,,60,structural
26942,U+9E18,鸘,34,,60,structural
26943,U+9E19,鸙,22,,60,structural
26944,U+9E1A,鸚,31,,60,structural
26945,U+9E1B,鸛,36,,60,structural
26946,U+9E1C,鸜,22,,60,structural
26947,U+9E1D,鸝,22,,60,structural
26948,U+9E1E,鸞,5,,60,structural
26949,U+9E1F,鸟,56,,60,structural
26950,U+9E20,鸠,22,,60,structural
26951,U+9E21,鸡,22,,60,structural
26952,U+9E22,鸢,22,,60,structural
26953,U+9E23,鸣,22,,60,structural
26954,U+9E24,鸤,22,,60,structural
26955,U+9E25,鸥,22,,60,structural
26956,U+9E26,鸦,22,,60,structural
26957,U+9E27,鸧,22,,60,structural
26958,U+9E28,鸨,22,,60,structural
26959,U+9E29,鸩,22,,60,structural
26960,U+9E2A,鸪,22,,60,structural
26961,U+9E2B,鸫,22,,60,structural
26962,U+9E2C,鸬,22,,60,structural
26963,U+9E2D,鸭,22,,60,structural
26964,U+9E2E,鸮,21,,60,structural
26965,U+9E2F,鸯,22,,60,structural
26966,U+9E30,鸰,13,,60,structural
26967,U+9E31,鸱,22,,60,structural
26968,U+9E32,鸲,22,,60,structural
26969,U+9E33,鸳,44,,60,structural
26970,U+9E34,鸴,22,,60,structural
26971,U+9E35,鸵,22,,60,structural
26972,U+9E36,鸶,22,,60,structural
26973,U+9E37,鸷,13,,60,structural
26974,U+9E38,鸸,22,,60,structural
26975,U+9E39,鸹,22,,60,structural
26976,U+9E3A,鸺,34,,60,structural
26977,U+9E3B,鸻,22,,60,structural
26978,U+9E3C,鸼,22,,60,structural
26979,U+9E3D,鸽,26,,60,structural
26980,U+9E3E,鸾,22,,60,structural
26981,U+9E3F,鸿,22,,60,structural
26982,U+9E40,鹀,22,,60,structural
26983,U+9E41,鹁,22,,60,structural
26984,U+9E42,鹂,22,,60,structural
26985,U+9E43,鹃,22,,60,structural
26986,U+9E44,鹄,22,,60,structural
26987,U+9E45,鹅,22,,60,structural
26988,U+9E46,鹆,22,,60,structural
26989,U+9E47,鹇,34,,60,structural
26990,U+9E48,鹈,22,,60,structural
26991,U+9E49,鹉,22,,60,structural
26992,U+9E4A,鹊,28,,60,structural
26993,U+9E4B,鹋,36,,60,structural
26994,U+9E4C,鹌,24,,60,structural
26995,U+9E4D,鹍,22,,60,structural
26996,U+9E4E,鹎,37,,60,structural
26997,U+9E4F,鹏,40,,60,structural
26998,U+9E50,鹐,22,,60,structural
26999,U+9E51,鹑,1,,60,structural
27000,U+9E52,鹒,26,,60,structural
27001,U+9E53,鹓,44,,60,structural
27002,U+9E54,鹔,22,,60,structural
27003,U+9E55,鹕,57,,60,structural
27004,U+9E56,鹖,24,,60,structural
27005,U+9E57,鹗,21,,60,structural
27006,U+9E58,鹘,22,,60,structural
27007,U+9E59,鹙,42,,60,structural
27008,U+9E5A,鹚,25,,60,structural
27009,U+9E5B,鹛,22,,60,structural
27010,U+9E5C,鹜,22,,60,structural
27011,U+9E5D,鹝,22,,60,structural
27012,U+9E5E,鹞,22,,60,structural
27013,U+9E5F,鹟,16,,60,structural
27014,U+9E60,鹠,22,,60,structural
27015,U+9E61,鹡,22,,60,structural
27016,U+9E62,鹢,25,,60,structural
27017,U+9E63,鹣,25,,60,structural
27018,U+9E64,鹤,22,,60,structural
27019,U+9E65,鹥,22,,60,structural
27020,U+9E66,鹦,31,,60,structural
27021,U+9E67,鹧,38,,60,structural
27022,U+9E68,鹨,46,,60,structural
27023,U+9E69,鹩,22,,60,structural
27024,U+9E6A,鹪,42,,60,structural
27025,U+9E6B,鹫,1,,60,structural
27026,U+9E6C,鹬,47,,60,structural
27027,U+9E6D,鹭,22,,60,structural
27028,U+9E6E,鹮,22,,60,structural
27029,U+9E6F,鹯,21,,60,structural
27030,U+9E70,鹰,38,,60,structural
27031,U+9E71,鹱,51,,60,structural
27032,U+9E72,鹲,36,,60,structural
27033,U+9E73,鹳,36,,60,structural
27034,U+9E74,鹴,34,,60,structural
27035,U+9E75,鹵,27,,60,structural
27036,U+9E76,鹶,13,,60,structural
27037,U+9E77,鹷,13,,60,structural
27038,U+9E78,鹸,26,,60,structural
27039,U+9E79,鹹,21,,60,structural
27040,U+9E7A,鹺,27,,60,structural
27041,U+9E7B,鹻,25,,60,structural
27042,U+9E7C,鹼,26,,60,structural
27043,U+9E7D,鹽,27,,60,structural
27044,U+9E7E,鹾,27,,60,structural
27045,U+9E7F,鹿,38,,60,structural
27046,U+9E80,麀,27,,60,structural
27047,U+9E81,麁,27,,60,structural
27048,U+9E82,麂,27,,60,structural
27049,U+9E83,麃,42,,60,structural
27050,U+9E84,麄,58,,60,structural
27051,U+9E85,麅,27,,60,structural
27052,U+9E86,麆,56,,60,structural
27053,U+9E87,麇,20,,60,structural
27054,U+9E88,麈,9,,60,structural
27055,U+9E89,麉,27,,60,structural
27056,U+9E8A,麊,27,,60,structural
27057,U+9E8B,麋,27,,60,structural
27058,U+9E8C,麌,21,,60,structural
27059,U+9E8D,麍,27,,60,structural
27060,U+9E8E,麎,27,,60,structural
27061,U+9E8F,麏,21,,60,structural
27062,U+9E90,麐,1,,60,structural
27063,U+9E91,麑,27,,60,structural
27064,U+9E92,麒,25,,60,structural
27065,U+9E93,麓,34,,60,structural
27066,U+9E94,麔,1,,60,structural
27067,U+9E95,麕,20,,60,structural
27068,U+9E96,麖,1,,60,structural
27069,U+9E97,麗,27,,60,structural
27070,U+9E98,麘,27,,60,structural
27071,U+9E99,麙,21,,60,structural
27072,U+9E9A,麚,51,,60,structural
27073,U+9E9B,麛,0,,60,structural
27074,U+9E9C,麜,59,,60,structural
27075,U+9E9D,麝,27,,60,structural
27076,U+9E9E,麞,24,,60,structural
27077,U+9E9F,麟,27,,60,structural
27078,U+9EA0,麠,56,,60,structural
27079,U+9EA1,麡,27,,60,structural
27080,U+9EA2,麢,27,,60,structural
27081,U+9EA3,麣,1,,60,structural
27082,U+9EA4,麤,27,,60,structural
27083,U+9EA5,麥,34,,60,structural
27084,U+9EA6,麦,9,,60,structural
27085,U+9EA7,麧,27,,60,structural
27086,U+9EA8,麨,10,,60,structural
27087,U+9EA9,麩,49,,60,structural
27088,U+9EAA,麪,56,,60,structural
27089,U+9EAB,麫,56,,60,structural
27090,U+9EAC,麬,27,,60,structural
27091,U+9EAD,麭,27,,60,structural
27092,U+9EAE,麮,9,,60,structural
27093,U+9EAF,麯,27,,60,structural
27094,U+9EB0,麰,27,,60,structural
27095,U+9EB1,麱,57,,60,structural
27096,U+9EB2,麲,27,,60,structural
27097,U+9EB3,麳,34,,60,structural
27098,U+9EB4,麴,27,,60,structural
27099,U+9EB5,麵,27,,60,structural
27100,U+9EB6,麶,10,,60,structural
27101,U+9EB7,麷,27,,60,structural
27102,U+9EB8,麸,49,,60,structural
27103,U+9EB9,麹,27,,60,structural
27104,U+9EBA,麺,27,,60,structural
27105,U+9EBB,麻,38,,60,structural
27106,U+9EBC,麼,27,,60,structural
27107,U+9EBD,麽,10,,60,structural
27108,U+9EBE,麾,27,,60,structural
27109,U+9EBF,麿,1,,60,structural
27110,U+9EC0,黀,0,,60,structural
27111,U+9EC1,黁,27,,60,structural
27112,U+9EC2,黂,32,,60,structural
27113,U+9EC3,黃,25,,60,structural
27114,U+9EC4,黄,28,,60,structural
27115,U+9EC5,黅,13,,60,structural
27116,U+9EC6,黆,27,,60,structural
27117,U+9EC7,黇,1,,60,structural
27118,U+9EC8,黈,9,,60,structural
27119,U+9EC9,黉,27,,60,structural
27120,U+9ECA,黊,9,,60,structural
27121,U+9ECB,黋,56,,60,structural
27122,U+9ECC,黌,27,,60,structural
27123,U+9ECD,黍,58,,60,structural
27124,U+9ECE,黎,58,,60,structural
27125,U+9ECF,黏,1,,60,structural
27126,U+9ED0,黐,10,,60,structural
27127,U+9ED1,黑,42,,60,structural
27128,U+9ED2,黒,42,,60,structural
27129,U+9ED3,黓,27,,60,structural
27130,U+9ED4,黔,13,,60,structural
27131,U+9ED5,黕,27,,60,structural
27132,U+9ED6,黖,27,,60,structural
27133,U+9ED7,黗,10,,60,structural
27134,U+9ED8,默,27,,60,structural
27135,U+9ED9,黙,42,,60,structural
27136,U+9EDA,黚,27,,60,structural
27137,U+9EDB,黛,46,,60,structural
27138,U+9EDC,黜,27,,60,structural
27139,U+9EDD,黝,27,,60,structural
27140,U+9EDE,點,1,,60,structural
27141,U+9EDF,黟,4,,60,structural
27142,U+9EE0,黠,1,,60,structural
27143,U+9EE1,黡,27,,60,structural
27144,U+9EE2,黢,16,,60,structural
27145,U+9EE3,黣,27,,60,structural
27146,U+9EE4,黤,24,,60,structural
27147,U+9EE5,黥,1,,60,structural
27148,U+9EE6,黦,44,,60,structural
27149,U+9EE7,黧,27,,60,structural
27150,U+9EE8,黨,27,,60,structural
27151,U+9EE9,黩,20,,60,structural
27152,U+9EEA,黪,20,,60,structural
27153,U+9EEB,黫,59,,60,structural
27154,U+9EEC,黬,21,,60,structural
27155,U+9EED,黭,26,,60,structural
27156,U+9EEE,黮,27,,60,structural
27157,U+9EEF,黯,14,,60,structural
27158,U+9EF0,黰,25,,60,structural
27159,U+9EF1,黱,49,,60,structural
27160,U+9EF2,黲,27,,60,structural
27161,U+9EF3,黳,27,,60,structural
27162,U+9EF4,黴,27,,60,structural
27163,U+9EF5,黵,5,,60,structural
27164,U+9EF6,黶,17,,60,structural
27165,U+9EF7,黷,32,,60,structural
27166,U+9EF8,黸,11,,60,structural
27167,U+9EF9,黹,53,,60,structural
27168,U+9EFA,黺,58,,60,structural
27169,U+9EFB,黻,39,,60,structural
27170,U+9EFC,黼,57,,60,structural
27171,U+9EFD,黽,27,,60,structural
27172,U+9EFE,黾,1,,60,structural
27173,U+9EFF,黿,56,,60,structural
27174,U+9F00,鼀,9,,60,structural
27175,U+9F01,鼁,9,,60,structural
27176,U+9F02,鼂,56,,60,structural
27177,U+9F03,鼃,9,,60,structural
27178,U+9F04,鼄,34,,60,structural
27179,U+9F05,鼅,1,,60,structural
27180,U+9F06,鼆,58,,60,structural
27181,U+9F07,鼇,27,,60,structural
27182,U+9F08,鼈,53,,60,structural
27183,U+9F09,鼉,21,,60,structural
27184,U+9F0A,鼊,27,,60,structural
27185,U+9F0B,鼋,56,,60,structural
27186,U+9F0C,鼌,56,,60,structural
27187,U+9F0D,鼍,21,,60,structural
27188,U+9F0E,鼎,27,,60,structural
27189,U+9F0F,鼏,27,,60,structural
27190,U+9F10,鼐,10,,60,structural
27191,U+9F11,鼑,27,,60,structural
27192,U+9F12,鼒,3,,60,structural
27193,U+9F13,鼓,27,,60,structural
27194,U+9F14,鼔,27,,60,structural
27195,U+9F15,鼕,27,,60,structural
27196,U+9F16,鼖,27,,60,structural
27197,U+9F17,鼗,27,,60,structural
27198,U+9F18,鼘,27,,60,structural
27199,U+9F19,鼙,37,,60,structural
27200,U+9F1A,鼚,27,,60,structural
27201,U+9F1B,鼛,1,,60,structural
27202,U+9F1C,鼜,39,,60,structural
27203,U+9F1D,鼝,12,,60,structural
27204,U+9F1E,鼞,9,,60,structural
27205,U+9F1F,鼟,27,,60,structural
27206,U+9F20,鼠,27,,60,structural
27207,U+9F22,鼢,58,,60,structural
27208,U+9F23,鼣,27,,60,structural
27209,U+9F24,鼤,27,,60,structural
27210,U+9F25,鼥,39,,60,structural
27211,U+9F26,鼦,1,,60,structural
27212,U+9F27,鼧,27,,60,structural
27213,U+9F28,鼨,27,,60,structural
27214,U+9F29,鼩,1,,60,structural
27215,U+9F2A,鼪,27,,60,structural
27216,U+9F2B,鼫,27,,60,structural
27217,U+9F2C,鼬,11,,60,structural
27218,U+9F2D,鼭,9,,60,structural
27219,U+9F2E,鼮,10,,60,structural
27220,U+9F2F,鼯,21,,60,structural
27221,U+9F30,鼰,32,,60,structural
27222,U+9F31,鼱,9,,60,structural
27223,U+9F32,鼲,27,,60,structural
27224,U+9F33,鼳,27,,60,structural
27225,U+9F34,鼴,31,,60,structural
27226,U+9F35,鼵,27,,60,structural
27227,U+9F36,鼶,27,,60,structural
27228,U+9F37,鼷,27,,60,structural
27229,U+9F38,鼸,25,,60,structural
27230,U+9F39,鼹,31,,60,structural
27231,U+9F3A,鼺,11,,60,structural
27232,U+9F3B,鼻,56,,60,structural
27233,U+9F3C,鼼,27,,60,structural
27234,U+9F3D,鼽,27,,60,structural
27235,U+9F3E,鼾,27,,60,structural
27236,U+9F3F,鼿,56,,60,structural
27237,U+9F40,齀,27,,60,structural
27238,U+9F41,齁,1,,60,structural
27239,U+9F42,齂,27,,60,structural
27240,U+9F43,齃,24,,60,structural
27241,U+9F44,齄,2,,60,structural
27242,U+9F45,齅,27,,60,structural
27243,U+9F46,齆,27,,60,structural
27244,U+9F47,齇,56,,60,structural
27245,U+9F48,齈,27,,60,structural
27246,U+9F49,齉,59,,60,structural
27247,U+9F4A,齊,43,,60,structural
27248,U+9F4B,齋,27,,60,structural
27249,U+9F4C,齌,42,,60,structural
27250,U+9F4D,齍,27,,60,structural
27251,U+9F4E,齎,32,,60,structural
27252,U+9F4F,齏,27,,60,structural
27253,U+9F50,齐,10,,60,structural
27254,U+9F51,齑,27,,60,structural
27255,U+9F52,齒,27,,60,structural
27256,U+9F53,齓,27,,60,structural
27257,U+9F54,齔,27,,60,structural
27258,U+9F55,齕,27,,60,structural
27259,U+9F56,齖,27,,60,structural
27260,U+9F57,齗,27,,60,structural
27261,U+9F58,齘,46,,60,structural
27262,U+9F59,齙,27,,60,structural
27263,U+9F5A,齚,10,,60,structural
27264,U+9F5B,齛,56,,60,structural
27265,U+9F5C,齜,27,,60,structural
27266,U+9F5D,齝,1,,60,structural
27267,U+9F5E,齞,47,,60,structural
27268,U+9F5F,齟,56,,60,structural
27269,U+9F60,齠,1,,60,structural
27270,U+9F61,齡,13,,60,structural
27271,U+9F62,齢,13,,60,structural
27272,U+9F63,齣,1,,60,structural
27273,U+9F64,齤,49,,60,structural
27274,U+9F65,齥,27,,60,structural
27275,U+9F66,齦,27,,60,structural
27276,U+9F67,齧,43,,60,structural
27277,U+9F68,齨,27,,60,structural
27278,U+9F69,齩,27,,60,structural
27279,U+9F6A,齪,17,,60,structural
27280,U+9F6B,齫,34,,60,structural
27281,U+9F6C,齬,21,,60,structural
27282,U+9F6D,齭,27,,60,structural
27283,U+9F6E,齮,52,,60,structural
27284,U+9F6F,齯,27,,60,structural
27285,U+9F70,齰,28,,60,structural
27286,U+9F71,齱,0,,60,structural
27287,U+9F72,齲,27,,60,structural
27288,U+9F73,齳,27,,60,structural
27289,U+9F74,齴,58,,60,structural
27290,U+9F75,齵,27,,60,structural
27291,U+9F76,齶,21,,60,structural
27292,U+9F77,齷,27,,60,structural
27293,U+9F78,齸,25,,60,structural
27294,U+9F79,齹,27,,60,structural
27295,U+9F7A,齺,27,,60,structural
27296,U+9F7B,齻,25,,60,structural
27297,U+9F7C,齼,34,,60,structural
27298,U+9F7D,齽,34,,60,structural
27299,U+9F7E,齾,27,,60,structural
27300,U+9F7F,齿,27,,60,structural
27301,U+9F80,龀,27,,60,structural
27302,U+9F81,龁,27,,60,structural
27303,U+9F82,龂,27,,60,structural
27304,U+9F83,龃,56,,60,structural
27305,U+9F84,龄,13,,60,structural
27306,U+9F85,龅,27,,60,structural
27307,U+9F86,龆,1,,60,structural
27308,U+9F87,龇,27,,60,structural
27309,U+9F88,龈,27,,60,structural
27310,U+9F89,龉,21,,60,structural
27311,U+9F8A,龊,17,,60,structural
27312,U+9F8B,龋,27,,60,structural
27313,U+9F8C,龌,27,,60,structural
27314,U+9F8E,龎,27,,60,structural
27315,U+9F8F,龏,27,,60,structural
27316,U+9F90,龐,38,,60,structural
27317,U+9F91,龑,56,,60,structural
27318,U+9F92,龒,27,,60,structural
27319,U+9F93,龓,27,,60,structural
27320,U+9F94,龔,28,,60,structural
27321,U+9F95,龕,26,,60,structural
27322,U+9F96,龖,27,,60,structural
27323,U+9F97,龗,27,,60,structural
27324,U+9F98,龘,27,,60,structural
27325,U+9F99,龙,10,,60,structural
27326,U+9F9A,龚,28,,60,structural
27327,U+9F9B,龛,26,,60,structural
27328,U+9F9C,龜,27,,60,structural
27329,U+9F9D,龝,20,,60,structural
27330,U+9F9E,龞,53,,60,structural
27331,U+9F9F,龟,24,,60,structural
27332,U+9FA0,龠,26,,60,structural
27333,U+9FA1,龡,6,,60,structural
27334,U+9FA2,龢,20,,60,structural
27335,U+9FA3,龣,58,,60,structural
27336,U+9FA4,龤,27,,60,structural
27337,U+9FA5,龥,19,,60,structural
27338,U+9FA6,龦,42,,60,structural
27339,U+9FA7,龧,24,,60,structural
27340,U+9FA8,龨,51,,60,structural
27341,U+9FA9,龩,36,,60,structural
27342,U+9FAA,龪,46,,60,structural
27343,U+9FAB,龫,27,,60,structural
27344,U+9FAC,龬,29,,60,structural
27345,U+9FAD,龭,28,,60,structural
27346,U+9FAE,龮,28,,60,structural
27347,U+9FAF,龯,29,,60,structural
27348,U+9FB1,龱,10,,60,structural
27349,U+9FB2,龲,29,,60,structural
27350,U+9FB3,龳,9,,60,structural
27351,U+9FB7,龷,28,,60,structural
27352,U+9FB8,龸,27,,60,structural
27353,U+9FB9,龹,49,,60,structural
27354,U+9FBA,龺,24,,60,structural
27355,U+9FBB,龻,5,,60,structural
27356,U+9FBC,龼,9,,60,structural
27357,U+9FBD,龽,55,,60,structural
27358,U+9FBE,龾,27,,60,structural
27359,U+9FBF,龿,9,,60,structural
27360,U+9FC0,鿀,36,,60,structural
27361,U+9FC1,鿁,28,,60,structural
27362,U+9FC2,鿂,22,,60,structural
27363,U+9FC3,鿃,20,,60,structural
27364,U+9FC4,鿄,10,,60,structural
27365,U+9FC5,鿅,13,,60,structural
27366,U+9FC6,鿆,51,,60,structural
27367,U+9FC7,鿇,26,,60,structural
27368,U+9FC8,鿈,27,,60,structural
27369,U+9FC9,鿉,56,,60,structural
27370,U+9FCA,鿊,12,,60,structural
27371,U+9FCB,鿋,35,,60,structural
27372,U+9FCC,鿌,8,,60,structural
27373,U+9FCD,鿍,9,,60,structural
27374,U+9FCE,鿎,20,,60,structural
27375,U+9FCF,鿏,29,,60,structural
27376,U+9FD0,鿐,12,,60,structural
27377,U+9FD1,鿑,33,,60,structural
27378,U+9FD2,鿒,19,,60,structural
27379,U+9FD3,鿓,19,,60,structural
27380,U+9FD4,鿔,52,,60,structural
27381,U+9FD5,鿕,55,,60,structural
27382,U+9FD6,鿖,26,,60,structural
27383,U+9FD7,鿗,26,,60,structural
27384,U+9FD8,鿘,26,,60,structural
27385,U+9FD9,鿙,26,,60,structural
27386,U+9FDA,鿚,26,,60,structural
27387,U+9FDB,鿛,53,,60,structural
27388,U+9FDC,鿜,53,,60,structural
27389,U+9FDD,鿝,53,,60,structural
27390,U+9FDE,鿞,53,,60,structural
27391,U+9FDF,鿟,20,,60,structural
27392,U+9FE0,鿠,53,,60,structural
27393,U+9FE1,鿡,53,,60,structural
27394,U+9FE2,鿢,26,,60,structural
27395,U+9FE3,鿣,1,,60,structural
27396,U+9FE4,鿤,34,,60,structural
27397,U+9FE5,鿥,53,,60,structural
27398,U+9FE6,鿦,36,,60,structural
27399,U+9FE7,鿧,53,,60,structural
27400,U+9FE8,鿨,53,,60,structural
27401,U+9FE9,鿩,53,,60,structural
27402,U+9FEA,鿪,42,,60,structural
27403,U+9FEB,鿫,18,,60,structural
27404,U+9FEC,鿬,11,,60,structural
27405,U+9FED,鿭,29,,60,structural
27406,U+9FEE,鿮,38,,60,structural
27407,U+9FEF,鿯,46,,60,structural
